experiment_id,run_id,timestep,time_minutes,worker_id,worker_role,heart_rate,skin_temperature,spo2,accelerometer_magnitude,approximate_location,activity_level,simulated_event_type,is_critical_event,risk_score,generated_alert,recommendation,effective_threshold,communication_latency_ms,processing_latency_ms,total_latency_ms,packet_loss,energy_consumption_mj,computational_load,local_processing_ratio,external_transmission_ratio,privacy_exposure_score,security_risk_score,transparency_score,explainability_available,unauthorized_access_probability,unauthorized_access,data_tampering_probability,data_tampered,attack_propagation_risk,dete4cpes_overhead_ms,applied_dest_effects
EXP_20260511_163907_fcada4,1,0,0.0,1,nurse,83.354,37.013,97.435,1.493,Pharmacy-R13,0.548,none,False,0.0756,False,none,0.65,54.574,12.729,67.302,False,0.22475,0.66667,0.35,0.65,0.65,0.48,0.18,False,0.075,False,0.055,False,0.52,8.0,Encryption: encrypted payloads; latency +8 ms; energy +0.045 mJ
EXP_20260511_163907_fcada4,1,0,0.0,2,porter,94.985,36.728,97.307,1.453,Pharmacy-R07,0.632,none,False,0.1145,False,none,0.65,47.979,16.477,64.456,False,0.22475,0.66667,0.35,0.65,0.65,0.48,0.18,False,0.075,False,0.055,False,0.52,8.0,Encryption: encrypted payloads; latency +8 ms; energy +0.045 mJ
EXP_20260511_163907_fcada4,1,0,0.0,3,technician,92.945,37.088,95.196,1.894,Surgery-R07,0.82,none,False,0.2462,False,none,0.65,45.476,14.563,60.039,False,0.22475,0.66667,0.35,0.65,0.65,0.48,0.18,False,0.075,False,0.055,False,0.52,8.0,Encryption: encrypted payloads; latency +8 ms; energy +0.045 mJ
EXP_20260511_163907_fcada4,1,0,0.0,4,porter,105.735,37.007,95.672,1.616,Surgery-R01,0.643,none,False,0.2441,False,none,0.65,44.755,14.034,58.788,False,0.22475,0.66667,0.35,0.65,0.65,0.48,0.18,False,0.075,False,0.055,False,0.52,8.0,Encryption: encrypted payloads; latency +8 ms; energy +0.045 mJ
EXP_20260511_163907_fcada4,1,0,0.0,5,technician,90.607,37.385,95.964,0.738,Laboratory-R03,0.325,none,False,0.1098,False,none,0.65,56.425,13.114,69.538,False,0.22475,0.66667,0.35,0.65,0.65,0.48,0.18,False,0.075,False,0.055,False,0.52,8.0,Encryption: encrypted payloads; latency +8 ms; energy +0.045 mJ
EXP_20260511_163907_fcada4,1,0,0.0,6,porter,92.736,36.692,95.463,1.257,Emergency-R04,0.562,none,False,0.181,False,none,0.65,63.722,13.408,77.13,False,0.22475,0.66667,0.35,0.65,0.65,0.48,0.18,False,0.075,False,0.055,False,0.52,8.0,Encryption: encrypted payloads; latency +8 ms; energy +0.045 mJ
EXP_20260511_163907_fcada4,1,0,0.0,7,porter,105.234,37.109,93.833,0.844,Radiology-R13,0.471,high_fatigue,True,0.2007,False,none,0.65,65.347,14.475,79.821,False,0.22475,0.66667,0.35,0.65,0.65,0.48,0.18,False,0.075,False,0.055,False,0.52,8.0,Encryption: encrypted payloads; latency +8 ms; energy +0.045 mJ
EXP_20260511_163907_fcada4,1,0,0.0,8,porter,96.99,36.866,96.551,1.186,Emergency-R01,0.6,none,False,0.1863,False,none,0.65,46.926,14.064,60.989,False,0.22475,0.66667,0.35,0.65,0.65,0.48,0.18,False,0.075,False,0.055,False,0.52,8.0,Encryption: encrypted payloads; latency +8 ms; energy +0.045 mJ
EXP_20260511_163907_fcada4,1,0,0.0,9,technician,102.952,37.053,98.933,1.13,Ward-A-R07,0.602,none,False,0.1433,False,none,0.65,53.795,15.743,69.538,False,0.22475,0.66667,0.35,0.65,0.65,0.48,0.18,False,0.075,False,0.055,True,0.52,8.0,Encryption: encrypted payloads; latency +8 ms; energy +0.045 mJ
EXP_20260511_163907_fcada4,1,0,0.0,10,nurse,75.677,37.918,98.646,0.681,ICU-R01,0.606,none,False,0.2271,False,none,0.65,57.789,15.76,73.55,False,0.22475,0.66667,0.35,0.65,0.65,0.48,0.18,False,0.075,False,0.055,True,0.52,8.0,Encryption: encrypted payloads; latency +8 ms; energy +0.045 mJ
EXP_20260511_163907_fcada4,1,0,0.0,11,cleaning_staff,91.274,36.658,94.872,1.205,Emergency-R06,0.416,none,False,0.1799,False,none,0.65,35.167,14.056,49.223,False,0.22475,0.66667,0.35,0.65,0.65,0.48,0.18,False,0.075,False,0.055,False,0.52,8.0,Encryption: encrypted payloads; latency +8 ms; energy +0.045 mJ
EXP_20260511_163907_fcada4,1,0,0.0,12,technician,91.939,37.072,96.586,1.95,Radiology-R04,0.534,none,False,0.135,False,none,0.65,66.1,15.678,81.779,False,0.22475,0.66667,0.35,0.65,0.65,0.48,0.18,False,0.075,False,0.055,False,0.52,8.0,Encryption: encrypted payloads; latency +8 ms; energy +0.045 mJ
EXP_20260511_163907_fcada4,1,0,0.0,13,physician,91.638,36.689,96.477,1.64,ICU-R05,0.518,none,False,0.1762,False,none,0.65,61.959,16.302,78.261,False,0.22475,0.66667,0.35,0.65,0.65,0.48,0.18,False,0.075,False,0.055,False,0.52,8.0,Encryption: encrypted payloads; latency +8 ms; energy +0.045 mJ
EXP_20260511_163907_fcada4,1,0,0.0,14,technician,99.092,36.893,95.794,0.96,Radiology-R15,0.623,none,False,0.1307,False,none,0.65,47.59,15.424,63.014,False,0.22475,0.66667,0.35,0.65,0.65,0.48,0.18,False,0.075,False,0.055,False,0.52,8.0,Encryption: encrypted payloads; latency +8 ms; energy +0.045 mJ
EXP_20260511_163907_fcada4,1,0,0.0,15,physician,86.318,37.036,95.416,0.615,ICU-R12,0.555,none,False,0.1613,False,none,0.65,50.971,15.537,66.508,False,0.22475,0.66667,0.35,0.65,0.65,0.48,0.18,False,0.075,False,0.055,False,0.52,8.0,Encryption: encrypted payloads; latency +8 ms; energy +0.045 mJ
EXP_20260511_163907_fcada4,1,0,0.0,16,physician,87.213,36.949,95.068,1.48,Radiology-R08,0.42,none,False,0.0955,False,none,0.65,54.48,14.55,69.03,False,0.22475,0.66667,0.35,0.65,0.65,0.48,0.18,False,0.075,False,0.055,False,0.52,8.0,Encryption: encrypted payloads; latency +8 ms; energy +0.045 mJ
EXP_20260511_163907_fcada4,1,0,0.0,17,porter,93.631,36.801,94.787,1.009,Surgery-R05,0.474,none,False,0.1947,False,none,0.65,62.435,10.793,73.228,False,0.22475,0.66667,0.35,0.65,0.65,0.48,0.18,False,0.075,False,0.055,False,0.52,8.0,Encryption: encrypted payloads; latency +8 ms; energy +0.045 mJ
EXP_20260511_163907_fcada4,1,0,0.0,18,physician,105.259,36.86,95.002,1.336,Radiology-R01,0.527,none,False,0.1661,False,none,0.65,59.894,14.909,74.802,False,0.22475,0.66667,0.35,0.65,0.65,0.48,0.18,False,0.075,False,0.055,False,0.52,8.0,Encryption: encrypted payloads; latency +8 ms; energy +0.045 mJ
EXP_20260511_163907_fcada4,1,0,0.0,19,nurse,93.074,37.266,95.234,1.545,Surgery-R05,0.49,none,False,0.2167,False,none,0.65,54.263,15.842,70.105,False,0.22475,0.66667,0.35,0.65,0.65,0.48,0.18,False,0.075,False,0.055,False,0.52,8.0,Encryption: encrypted payloads; latency +8 ms; energy +0.045 mJ
EXP_20260511_163907_fcada4,1,0,0.0,20,technician,94.745,37.148,92.222,0.176,Surgery-R13,0.192,high_fatigue,True,0.2554,False,none,0.65,55.147,14.984,70.131,False,0.22475,0.66667,0.35,0.65,0.65,0.48,0.18,False,0.075,False,0.055,False,0.52,8.0,Encryption: encrypted payloads; latency +8 ms; energy +0.045 mJ
EXP_20260511_163907_fcada4,1,1,1.0,1,nurse,72.672,36.913,97.692,0.303,Pharmacy-R13,0.127,none,False,0.0389,False,none,0.65,58.843,11.138,69.981,False,0.22475,0.66667,0.35,0.65,0.65,0.48,0.18,False,0.075,True,0.055,False,0.52,8.0,Encryption: encrypted payloads; latency +8 ms; energy +0.045 mJ
EXP_20260511_163907_fcada4,1,1,1.0,2,porter,93.856,36.717,97.209,1.273,Pharmacy-R07,0.617,none,False,0.1059,False,none,0.65,66.265,14.137,80.402,False,0.22475,0.66667,0.35,0.65,0.65,0.48,0.18,False,0.075,False,0.055,False,0.52,8.0,Encryption: encrypted payloads; latency +8 ms; energy +0.045 mJ
EXP_20260511_163907_fcada4,1,1,1.0,3,technician,91.733,37.118,95.542,1.612,Ward-A-R03,0.754,none,False,0.1434,False,none,0.65,64.31,15.428,79.738,False,0.22475,0.66667,0.35,0.65,0.65,0.48,0.18,False,0.075,False,0.055,False,0.52,8.0,Encryption: encrypted payloads; latency +8 ms; energy +0.045 mJ
EXP_20260511_163907_fcada4,1,1,1.0,4,porter,96.924,36.865,95.707,0.337,Surgery-R02,0.296,none,False,0.1719,False,none,0.65,58.482,16.038,74.52,False,0.22475,0.66667,0.35,0.65,0.65,0.48,0.18,False,0.075,False,0.055,False,0.52,8.0,Encryption: encrypted payloads; latency +8 ms; energy +0.045 mJ
EXP_20260511_163907_fcada4,1,1,1.0,5,technician,97.204,37.545,95.855,1.056,Emergency-R09,0.585,none,False,0.2399,False,none,0.65,60.346,15.661,76.007,False,0.22475,0.66667,0.35,0.65,0.65,0.48,0.18,False,0.075,False,0.055,False,0.52,8.0,Encryption: encrypted payloads; latency +8 ms; energy +0.045 mJ
EXP_20260511_163907_fcada4,1,1,1.0,6,porter,97.771,36.793,95.381,2.018,Emergency-R01,0.747,none,False,0.2543,False,none,0.65,53.015,16.59,69.606,False,0.22475,0.66667,0.35,0.65,0.65,0.48,0.18,False,0.075,False,0.055,False,0.52,8.0,Encryption: encrypted payloads; latency +8 ms; energy +0.045 mJ
EXP_20260511_163907_fcada4,1,1,1.0,7,porter,96.166,37.286,94.273,0.814,Radiology-R12,0.391,none,False,0.1672,False,none,0.65,43.212,16.382,59.594,False,0.22475,0.66667,0.35,0.65,0.65,0.48,0.18,False,0.075,False,0.055,True,0.52,8.0,Encryption: encrypted payloads; latency +8 ms; energy +0.045 mJ
EXP_20260511_163907_fcada4,1,1,1.0,8,porter,96.418,36.89,96.914,1.044,Pharmacy-R12,0.547,none,False,0.1105,False,none,0.65,57.766,13.903,71.669,False,0.22475,0.66667,0.35,0.65,0.65,0.48,0.18,False,0.075,False,0.055,False,0.52,8.0,Encryption: encrypted payloads; latency +8 ms; energy +0.045 mJ
EXP_20260511_163907_fcada4,1,1,1.0,9,technician,80.537,36.802,97.533,1.092,Ward-A-R13,0.206,none,False,0.0444,False,none,0.65,57.681,15.207,72.888,False,0.22475,0.66667,0.35,0.65,0.65,0.48,0.18,False,0.075,False,0.055,False,0.52,8.0,Encryption: encrypted payloads; latency +8 ms; energy +0.045 mJ
EXP_20260511_163907_fcada4,1,1,1.0,10,nurse,101.358,37.204,96.801,1.971,Pharmacy-R13,0.778,none,False,0.2004,False,none,0.65,53.243,13.022,66.266,False,0.22475,0.66667,0.35,0.65,0.65,0.48,0.18,False,0.075,False,0.055,False,0.52,8.0,Encryption: encrypted payloads; latency +8 ms; energy +0.045 mJ
EXP_20260511_163907_fcada4,1,1,1.0,11,cleaning_staff,91.546,36.691,94.969,1.208,Emergency-R11,0.425,none,False,0.1791,False,none,0.65,57.204,13.001,70.204,False,0.22475,0.66667,0.35,0.65,0.65,0.48,0.18,False,0.075,True,0.055,False,0.52,8.0,Encryption: encrypted payloads; latency +8 ms; energy +0.045 mJ
EXP_20260511_163907_fcada4,1,1,1.0,12,technician,87.887,36.984,96.741,1.455,Radiology-R07,0.32,none,False,0.0666,False,none,0.65,53.35,12.447,65.797,False,0.22475,0.66667,0.35,0.65,0.65,0.48,0.18,False,0.075,False,0.055,False,0.52,8.0,Encryption: encrypted payloads; latency +8 ms; energy +0.045 mJ
EXP_20260511_163907_fcada4,1,1,1.0,13,physician,91.013,36.696,96.767,1.814,Ward-B-R12,0.494,none,False,0.1134,False,none,0.65,51.535,15.831,67.366,False,0.22475,0.66667,0.35,0.65,0.65,0.48,0.18,False,0.075,False,0.055,False,0.52,8.0,Encryption: encrypted payloads; latency +8 ms; energy +0.045 mJ
EXP_20260511_163907_fcada4,1,1,1.0,14,technician,100.848,36.963,95.894,1.356,Radiology-R15,0.689,none,False,0.1393,False,none,0.65,47.426,13.187,60.612,False,0.22475,0.66667,0.35,0.65,0.65,0.48,0.18,False,0.075,False,0.055,False,0.52,8.0,Encryption: encrypted payloads; latency +8 ms; energy +0.045 mJ
EXP_20260511_163907_fcada4,1,1,1.0,15,physician,86.686,37.084,95.264,1.48,ICU-R01,0.568,none,False,0.1768,False,none,0.65,50.743,17.525,68.268,False,0.22475,0.66667,0.35,0.65,0.65,0.48,0.18,False,0.075,False,0.055,False,0.52,8.0,Encryption: encrypted payloads; latency +8 ms; energy +0.045 mJ
EXP_20260511_163907_fcada4,1,1,1.0,16,physician,82.439,36.868,94.871,1.435,Radiology-R09,0.199,none,False,0.0738,False,none,0.65,46.793,16.198,62.991,False,0.22475,0.66667,0.35,0.65,0.65,0.48,0.18,False,0.075,False,0.055,False,0.52,8.0,Encryption: encrypted payloads; latency +8 ms; energy +0.045 mJ
EXP_20260511_163907_fcada4,1,1,1.0,17,porter,96.444,36.837,94.505,1.303,Surgery-R14,0.584,none,False,0.2196,False,none,0.65,70.483,15.975,86.457,False,0.22475,0.66667,0.35,0.65,0.65,0.48,0.18,False,0.075,False,0.055,False,0.52,8.0,Encryption: encrypted payloads; latency +8 ms; energy +0.045 mJ
EXP_20260511_163907_fcada4,1,1,1.0,18,physician,108.541,37.509,92.874,1.471,Radiology-R14,0.349,high_fatigue,True,0.2693,False,none,0.65,51.518,13.372,64.891,False,0.22475,0.66667,0.35,0.65,0.65,0.48,0.18,False,0.075,False,0.055,False,0.52,8.0,Encryption: encrypted payloads; latency +8 ms; energy +0.045 mJ
EXP_20260511_163907_fcada4,1,1,1.0,19,nurse,95.245,37.277,95.222,1.467,Surgery-R14,0.535,none,False,0.2242,False,none,0.65,60.701,13.798,74.499,False,0.22475,0.66667,0.35,0.65,0.65,0.48,0.18,False,0.075,False,0.055,False,0.52,8.0,Encryption: encrypted payloads; latency +8 ms; energy +0.045 mJ
EXP_20260511_163907_fcada4,1,1,1.0,20,technician,94.336,36.856,94.63,1.318,Surgery-R03,0.31,none,False,0.1896,False,none,0.65,37.686,12.873,50.559,False,0.22475,0.66667,0.35,0.65,0.65,0.48,0.18,False,0.075,True,0.055,False,0.52,8.0,Encryption: encrypted payloads; latency +8 ms; energy +0.045 mJ
EXP_20260511_163907_fcada4,1,2,2.0,1,nurse,74.395,36.921,97.538,1.26,Pharmacy-R01,0.175,none,False,0.0422,False,none,0.65,48.415,14.773,63.188,False,0.22475,0.66667,0.35,0.65,0.65,0.48,0.18,False,0.075,False,0.055,False,0.52,8.0,Encryption: encrypted payloads; latency +8 ms; energy +0.045 mJ
EXP_20260511_163907_fcada4,1,2,2.0,2,porter,93.251,36.698,96.948,1.405,Pharmacy-R08,0.566,none,False,0.1004,False,none,0.65,54.931,12.954,67.885,False,0.22475,0.66667,0.35,0.65,0.65,0.48,0.18,False,0.075,False,0.055,False,0.52,8.0,Encryption: encrypted payloads; latency +8 ms; energy +0.045 mJ
EXP_20260511_163907_fcada4,1,2,2.0,3,technician,64.171,37.856,99.471,1.092,Pharmacy-R05,0.742,none,False,0.1609,False,none,0.65,57.925,11.56,69.485,False,0.22475,0.66667,0.35,0.65,0.65,0.48,0.18,False,0.075,False,0.055,True,0.52,8.0,Encryption: encrypted payloads; latency +8 ms; energy +0.045 mJ
EXP_20260511_163907_fcada4,1,2,2.0,4,porter,103.856,36.973,95.549,1.601,Surgery-R03,0.499,none,False,0.2285,False,none,0.65,53.306,17.072,70.378,False,0.22475,0.66667,0.35,0.65,0.65,0.48,0.18,False,0.075,False,0.055,False,0.52,8.0,Encryption: encrypted payloads; latency +8 ms; energy +0.045 mJ
EXP_20260511_163907_fcada4,1,2,2.0,5,technician,96.804,37.509,95.912,1.627,Pharmacy-R01,0.56,none,False,0.1765,False,none,0.65,41.431,18.164,59.595,False,0.22475,0.66667,0.35,0.65,0.65,0.48,0.18,False,0.075,False,0.055,False,0.52,8.0,Encryption: encrypted payloads; latency +8 ms; energy +0.045 mJ
EXP_20260511_163907_fcada4,1,2,2.0,6,porter,100.785,36.842,95.265,1.824,Emergency-R12,0.83,none,False,0.2616,False,none,0.65,45.279,16.588,61.867,False,0.22475,0.66667,0.35,0.65,0.65,0.48,0.18,False,0.075,True,0.055,False,0.52,8.0,Encryption: encrypted payloads; latency +8 ms; energy +0.045 mJ
EXP_20260511_163907_fcada4,1,2,2.0,7,porter,110.582,37.574,96.617,0.762,Radiology-R08,0.601,none,False,0.2195,False,none,0.65,59.79,16.791,76.581,False,0.22475,0.66667,0.35,0.65,0.65,0.48,0.18,False,0.075,False,0.055,True,0.52,8.0,Encryption: encrypted payloads; latency +8 ms; energy +0.045 mJ
EXP_20260511_163907_fcada4,1,2,2.0,8,porter,100.745,36.981,96.62,1.689,Emergency-R14,0.705,none,False,0.226,False,none,0.65,54.083,13.544,67.627,False,0.22475,0.66667,0.35,0.65,0.65,0.48,0.18,False,0.075,False,0.055,False,0.52,8.0,Encryption: encrypted payloads; latency +8 ms; energy +0.045 mJ
EXP_20260511_163907_fcada4,1,2,2.0,9,technician,84.638,36.804,97.688,1.206,Ward-A-R08,0.346,none,False,0.0542,False,none,0.65,58.246,14.858,73.104,False,0.22475,0.66667,0.35,0.65,0.65,0.48,0.18,False,0.075,False,0.055,False,0.52,8.0,Encryption: encrypted payloads; latency +8 ms; energy +0.045 mJ
EXP_20260511_163907_fcada4,1,2,2.0,10,nurse,97.653,37.168,97.0,1.947,Pharmacy-R11,0.679,none,False,0.1749,False,none,0.65,48.545,14.128,62.673,False,0.22475,0.66667,0.35,0.65,0.65,0.48,0.18,False,0.075,False,0.055,False,0.52,8.0,Encryption: encrypted payloads; latency +8 ms; energy +0.045 mJ
EXP_20260511_163907_fcada4,1,2,2.0,11,cleaning_staff,91.103,36.667,94.919,1.838,Emergency-R13,0.389,none,False,0.2043,False,none,0.65,50.042,16.617,66.659,False,0.22475,0.66667,0.35,0.65,0.65,0.48,0.18,False,0.075,False,0.055,False,0.52,8.0,Encryption: encrypted payloads; latency +8 ms; energy +0.045 mJ
EXP_20260511_163907_fcada4,1,2,2.0,12,technician,93.308,37.083,96.314,1.36,Radiology-R03,0.528,none,False,0.1053,False,none,0.65,55.233,12.116,67.348,False,0.22475,0.66667,0.35,0.65,0.65,0.48,0.18,False,0.075,False,0.055,False,0.52,8.0,Encryption: encrypted payloads; latency +8 ms; energy +0.045 mJ
EXP_20260511_163907_fcada4,1,2,2.0,13,physician,89.417,36.644,96.645,1.139,ICU-R02,0.395,none,False,0.144,False,none,0.65,40.031,14.744,54.775,False,0.22475,0.66667,0.35,0.65,0.65,0.48,0.18,False,0.075,False,0.055,False,0.52,8.0,Encryption: encrypted payloads; latency +8 ms; energy +0.045 mJ
EXP_20260511_163907_fcada4,1,2,2.0,14,technician,99.893,36.92,95.828,1.151,Radiology-R07,0.649,none,False,0.1347,False,none,0.65,42.068,14.877,56.945,False,0.22475,0.66667,0.35,0.65,0.65,0.48,0.18,False,0.075,False,0.055,False,0.52,8.0,Encryption: encrypted payloads; latency +8 ms; energy +0.045 mJ
EXP_20260511_163907_fcada4,1,2,2.0,15,physician,88.065,37.089,95.065,1.224,ICU-R02,0.608,none,False,0.1849,False,none,0.65,54.52,14.349,68.87,False,0.22475,0.66667,0.35,0.65,0.65,0.48,0.18,False,0.075,False,0.055,False,0.52,8.0,Encryption: encrypted payloads; latency +8 ms; energy +0.045 mJ
EXP_20260511_163907_fcada4,1,2,2.0,16,physician,89.221,37.001,95.0,0.904,Radiology-R03,0.497,none,False,0.105,False,none,0.65,67.19,14.164,81.355,False,0.22475,0.66667,0.35,0.65,0.65,0.48,0.18,False,0.075,False,0.055,False,0.52,8.0,Encryption: encrypted payloads; latency +8 ms; energy +0.045 mJ
EXP_20260511_163907_fcada4,1,2,2.0,17,porter,96.359,36.866,94.695,1.219,Surgery-R13,0.577,none,False,0.2142,False,none,0.65,56.306,18.095,74.4,False,0.22475,0.66667,0.35,0.65,0.65,0.48,0.18,False,0.075,False,0.055,False,0.52,8.0,Encryption: encrypted payloads; latency +8 ms; energy +0.045 mJ
EXP_20260511_163907_fcada4,1,2,2.0,18,physician,108.161,36.967,95.185,1.117,Radiology-R14,0.653,none,False,0.1812,False,none,0.65,65.302,8.939,74.241,False,0.22475,0.66667,0.35,0.65,0.65,0.48,0.18,False,0.075,False,0.055,False,0.52,8.0,Encryption: encrypted payloads; latency +8 ms; energy +0.045 mJ
EXP_20260511_163907_fcada4,1,2,2.0,19,nurse,81.967,37.112,95.26,0.049,Surgery-R10,0.05,none,False,0.1319,False,none,0.65,51.828,18.034,69.862,False,0.22475,0.66667,0.35,0.65,0.65,0.48,0.18,False,0.075,False,0.055,False,0.52,8.0,Encryption: encrypted payloads; latency +8 ms; energy +0.045 mJ
EXP_20260511_163907_fcada4,1,2,2.0,20,technician,92.542,36.827,94.64,0.889,Surgery-R12,0.247,none,False,0.1784,False,none,0.65,53.438,12.801,66.238,False,0.22475,0.66667,0.35,0.65,0.65,0.48,0.18,False,0.075,False,0.055,False,0.52,8.0,Encryption: encrypted payloads; latency +8 ms; energy +0.045 mJ
EXP_20260511_163907_fcada4,1,3,3.0,1,nurse,78.253,37.017,97.5,0.881,Pharmacy-R02,0.331,none,False,0.0547,False,none,0.65,61.585,15.462,77.047,False,0.22475,0.66667,0.35,0.65,0.65,0.48,0.18,False,0.075,True,0.055,False,0.52,8.0,Encryption: encrypted payloads; latency +8 ms; energy +0.045 mJ
EXP_20260511_163907_fcada4,1,3,3.0,2,porter,98.666,36.825,97.191,1.606,Pharmacy-R06,0.763,none,False,0.1471,False,none,0.65,58.522,16.448,74.969,False,0.22475,0.66667,0.35,0.65,0.65,0.48,0.18,False,0.075,False,0.055,False,0.52,8.0,Encryption: encrypted payloads; latency +8 ms; energy +0.045 mJ
EXP_20260511_163907_fcada4,1,3,3.0,3,technician,89.026,37.047,95.329,1.341,Ward-A-R07,0.621,none,False,0.109,False,none,0.65,61.75,13.799,75.548,False,0.22475,0.66667,0.35,0.65,0.65,0.48,0.18,False,0.075,False,0.055,False,0.52,8.0,Encryption: encrypted payloads; latency +8 ms; energy +0.045 mJ
EXP_20260511_163907_fcada4,1,3,3.0,4,porter,100.075,36.921,95.575,0.764,Surgery-R14,0.361,none,False,0.1913,False,none,0.65,58.979,10.44,69.418,False,0.22475,0.66667,0.35,0.65,0.65,0.48,0.18,False,0.075,False,0.055,False,0.52,8.0,Encryption: encrypted payloads; latency +8 ms; energy +0.045 mJ
EXP_20260511_163907_fcada4,1,3,3.0,5,technician,94.498,37.451,95.814,1.618,Emergency-R14,0.457,none,False,0.2273,False,none,0.65,55.689,16.155,71.844,False,0.22475,0.66667,0.35,0.65,0.65,0.48,0.18,False,0.075,False,0.055,False,0.52,8.0,Encryption: encrypted payloads; latency +8 ms; energy +0.045 mJ
EXP_20260511_163907_fcada4,1,3,3.0,6,porter,99.557,36.822,95.11,1.929,Emergency-R05,0.784,none,False,0.2644,False,none,0.65,59.2,19.69,78.89,False,0.22475,0.66667,0.35,0.65,0.65,0.48,0.18,False,0.075,False,0.055,False,0.52,8.0,Encryption: encrypted payloads; latency +8 ms; energy +0.045 mJ
EXP_20260511_163907_fcada4,1,3,3.0,7,porter,107.655,37.996,96.186,1.538,Radiology-R13,0.748,none,False,0.2667,False,none,0.65,52.048,12.656,64.704,False,0.22475,0.66667,0.35,0.65,0.65,0.48,0.18,False,0.075,False,0.055,True,0.52,8.0,Encryption: encrypted payloads; latency +8 ms; energy +0.045 mJ
EXP_20260511_163907_fcada4,1,3,3.0,8,porter,98.331,36.945,96.811,1.003,Emergency-R05,0.636,none,False,0.1938,False,none,0.65,57.65,15.021,72.671,False,0.22475,0.66667,0.35,0.65,0.65,0.48,0.18,False,0.075,False,0.055,False,0.52,8.0,Encryption: encrypted payloads; latency +8 ms; energy +0.045 mJ
EXP_20260511_163907_fcada4,1,3,3.0,9,technician,81.842,36.786,97.719,0.377,Ward-A-R15,0.226,none,False,0.0458,False,none,0.65,57.143,17.958,75.101,False,0.22475,0.66667,0.35,0.65,0.65,0.48,0.18,False,0.075,False,0.055,False,0.52,8.0,Encryption: encrypted payloads; latency +8 ms; energy +0.045 mJ
EXP_20260511_163907_fcada4,1,3,3.0,10,nurse,102.667,37.222,96.806,2.181,Pharmacy-R05,0.81,none,False,0.2226,False,none,0.65,44.853,17.775,62.628,False,0.22475,0.66667,0.35,0.65,0.65,0.48,0.18,False,0.075,False,0.055,False,0.52,8.0,Encryption: encrypted payloads; latency +8 ms; energy +0.045 mJ
EXP_20260511_163907_fcada4,1,3,3.0,11,cleaning_staff,87.677,36.622,95.067,0.852,Emergency-R12,0.246,none,False,0.1499,False,none,0.65,47.791,14.328,62.119,False,0.22475,0.66667,0.35,0.65,0.65,0.48,0.18,False,0.075,True,0.055,False,0.52,8.0,Encryption: encrypted payloads; latency +8 ms; energy +0.045 mJ
EXP_20260511_163907_fcada4,1,3,3.0,12,technician,95.315,37.603,94.35,0.916,Radiology-R09,0.253,high_fatigue,True,0.1818,False,none,0.65,55.998,10.161,66.159,False,0.22475,0.66667,0.35,0.65,0.65,0.48,0.18,False,0.075,False,0.055,False,0.52,8.0,Encryption: encrypted payloads; latency +8 ms; energy +0.045 mJ
EXP_20260511_163907_fcada4,1,3,3.0,13,physician,90.056,36.689,96.471,1.191,ICU-R04,0.4,none,False,0.1467,False,none,0.65,57.172,16.196,73.368,False,0.22475,0.66667,0.35,0.65,0.65,0.48,0.18,False,0.075,False,0.055,False,0.52,8.0,Encryption: encrypted payloads; latency +8 ms; energy +0.045 mJ
EXP_20260511_163907_fcada4,1,3,3.0,14,technician,96.7,36.881,95.674,1.857,Radiology-R04,0.536,none,False,0.148,False,none,0.65,47.819,13.977,61.795,False,0.22475,0.66667,0.35,0.65,0.65,0.48,0.18,False,0.075,False,0.055,False,0.52,8.0,Encryption: encrypted payloads; latency +8 ms; energy +0.045 mJ
EXP_20260511_163907_fcada4,1,3,3.0,15,physician,81.958,36.976,95.335,0.374,ICU-R12,0.344,none,False,0.1403,False,none,0.65,56.889,16.509,73.398,False,0.22475,0.66667,0.35,0.65,0.65,0.48,0.18,False,0.075,False,0.055,False,0.52,8.0,Encryption: encrypted payloads; latency +8 ms; energy +0.045 mJ
EXP_20260511_163907_fcada4,1,3,3.0,16,physician,91.062,37.019,94.91,1.402,Radiology-R02,0.565,none,False,0.1205,False,none,0.65,63.76,18.721,82.481,False,0.22475,0.66667,0.35,0.65,0.65,0.48,0.18,False,0.075,True,0.055,False,0.52,8.0,Encryption: encrypted payloads; latency +8 ms; energy +0.045 mJ
EXP_20260511_163907_fcada4,1,3,3.0,17,porter,92.824,36.752,94.71,1.763,Surgery-R08,0.452,none,False,0.2154,False,none,0.65,50.495,19.363,69.859,False,0.22475,0.66667,0.35,0.65,0.65,0.48,0.18,False,0.075,False,0.055,False,0.52,8.0,Encryption: encrypted payloads; latency +8 ms; energy +0.045 mJ
EXP_20260511_163907_fcada4,1,3,3.0,18,physician,109.151,36.946,94.718,1.359,Ward-A-R10,0.689,none,False,0.1987,False,none,0.65,46.137,15.622,61.759,False,0.22475,0.66667,0.35,0.65,0.65,0.48,0.18,False,0.075,False,0.055,False,0.52,8.0,Encryption: encrypted payloads; latency +8 ms; energy +0.045 mJ
EXP_20260511_163907_fcada4,1,3,3.0,19,nurse,89.392,37.189,95.326,1.255,Surgery-R13,0.327,none,False,0.173,False,none,0.65,46.227,15.454,61.681,False,0.22475,0.66667,0.35,0.65,0.65,0.48,0.18,False,0.075,False,0.055,False,0.52,8.0,Encryption: encrypted payloads; latency +8 ms; energy +0.045 mJ
EXP_20260511_163907_fcada4,1,3,3.0,20,technician,96.452,36.949,94.728,1.293,Surgery-R15,0.37,none,False,0.1993,False,none,0.65,51.452,11.185,62.637,False,0.22475,0.66667,0.35,0.65,0.65,0.48,0.18,False,0.075,False,0.055,False,0.52,8.0,Encryption: encrypted payloads; latency +8 ms; energy +0.045 mJ
EXP_20260511_163907_fcada4,1,4,4.0,1,nurse,72.377,36.898,97.595,0.99,Pharmacy-R15,0.05,none,False,0.0335,False,none,0.65,55.392,14.995,70.387,False,0.22475,0.66667,0.35,0.65,0.65,0.48,0.18,False,0.075,False,0.055,False,0.52,8.0,Encryption: encrypted payloads; latency +8 ms; energy +0.045 mJ
EXP_20260511_163907_fcada4,1,4,4.0,2,porter,95.955,36.755,97.112,1.49,Pharmacy-R06,0.636,none,False,0.1208,False,none,0.65,67.996,13.553,81.549,False,0.22475,0.66667,0.35,0.65,0.65,0.48,0.18,False,0.075,False,0.055,False,0.52,8.0,Encryption: encrypted payloads; latency +8 ms; energy +0.045 mJ
EXP_20260511_163907_fcada4,1,4,4.0,3,technician,115.046,37.207,93.294,4.642,Ward-A-R14,0.998,fall,True,0.4761,False,none,0.65,71.728,14.011,85.739,False,0.22475,0.66667,0.35,0.65,0.65,0.48,0.18,False,0.075,False,0.055,False,0.52,8.0,Encryption: encrypted payloads; latency +8 ms; energy +0.045 mJ
EXP_20260511_163907_fcada4,1,4,4.0,4,porter,103.963,36.981,95.349,1.596,Surgery-R14,0.518,none,False,0.2348,False,none,0.65,39.025,9.839,48.863,False,0.22475,0.66667,0.35,0.65,0.65,0.48,0.18,False,0.075,False,0.055,False,0.52,8.0,Encryption: encrypted payloads; latency +8 ms; energy +0.045 mJ
EXP_20260511_163907_fcada4,1,4,4.0,5,technician,97.825,37.474,95.895,0.459,Emergency-R11,0.606,none,False,0.2361,False,none,0.65,70.39,17.181,87.571,False,0.22475,0.66667,0.35,0.65,0.65,0.48,0.18,False,0.075,False,0.055,False,0.52,8.0,Encryption: encrypted payloads; latency +8 ms; energy +0.045 mJ
EXP_20260511_163907_fcada4,1,4,4.0,6,porter,94.592,36.795,95.384,1.439,Emergency-R05,0.6,none,False,0.195,False,none,0.65,54.71,16.553,71.263,False,0.22475,0.66667,0.35,0.65,0.65,0.48,0.18,False,0.075,False,0.055,False,0.52,8.0,Encryption: encrypted payloads; latency +8 ms; energy +0.045 mJ
EXP_20260511_163907_fcada4,1,4,4.0,7,porter,99.192,36.815,96.777,2.114,Radiology-R03,0.62,none,False,0.1717,False,none,0.65,59.212,15.454,74.666,False,0.22475,0.66667,0.35,0.65,0.65,0.48,0.18,False,0.075,False,0.055,False,0.52,8.0,Encryption: encrypted payloads; latency +8 ms; energy +0.045 mJ
EXP_20260511_163907_fcada4,1,4,4.0,8,porter,102.437,37.009,96.39,1.654,Emergency-R07,0.774,none,False,0.2356,False,none,0.65,59.429,14.292,73.721,False,0.22475,0.66667,0.35,0.65,0.65,0.48,0.18,False,0.075,False,0.055,False,0.52,8.0,Encryption: encrypted payloads; latency +8 ms; energy +0.045 mJ
EXP_20260511_163907_fcada4,1,4,4.0,9,technician,89.321,36.886,97.685,0.671,Radiology-R14,0.504,none,False,0.0812,False,none,0.65,63.377,11.589,74.966,False,0.22475,0.66667,0.35,0.65,0.65,0.48,0.18,False,0.075,False,0.055,False,0.52,8.0,Encryption: encrypted payloads; latency +8 ms; energy +0.045 mJ
EXP_20260511_163907_fcada4,1,4,4.0,10,nurse,100.471,37.191,96.944,1.856,Pharmacy-R07,0.737,none,False,0.1857,False,none,0.65,54.383,12.627,67.01,False,0.22475,0.66667,0.35,0.65,0.65,0.48,0.18,False,0.075,False,0.055,False,0.52,8.0,Encryption: encrypted payloads; latency +8 ms; energy +0.045 mJ
EXP_20260511_163907_fcada4,1,4,4.0,11,cleaning_staff,89.148,36.624,94.951,0.702,Emergency-R07,0.275,none,False,0.1602,False,none,0.65,60.521,17.165,77.686,False,0.22475,0.66667,0.35,0.65,0.65,0.48,0.18,False,0.075,False,0.055,False,0.52,8.0,Encryption: encrypted payloads; latency +8 ms; energy +0.045 mJ
EXP_20260511_163907_fcada4,1,4,4.0,12,technician,92.128,37.09,96.551,1.102,Radiology-R12,0.47,none,False,0.0975,False,none,0.65,52.349,17.536,69.885,False,0.22475,0.66667,0.35,0.65,0.65,0.48,0.18,False,0.075,False,0.055,False,0.52,8.0,Encryption: encrypted payloads; latency +8 ms; energy +0.045 mJ
EXP_20260511_163907_fcada4,1,4,4.0,13,physician,99.143,36.805,96.294,1.969,ICU-R04,0.733,none,False,0.2401,False,none,0.65,66.909,16.642,83.552,False,0.22475,0.66667,0.35,0.65,0.65,0.48,0.18,False,0.075,False,0.055,False,0.52,8.0,Encryption: encrypted payloads; latency +8 ms; energy +0.045 mJ
EXP_20260511_163907_fcada4,1,4,4.0,14,technician,99.89,36.933,95.549,1.386,Radiology-R15,0.625,none,False,0.1398,False,none,0.65,32.055,15.521,47.576,False,0.22475,0.66667,0.35,0.65,0.65,0.48,0.18,False,0.075,False,0.055,False,0.52,8.0,Encryption: encrypted payloads; latency +8 ms; energy +0.045 mJ
EXP_20260511_163907_fcada4,1,4,4.0,15,physician,90.671,37.174,95.335,1.458,ICU-R07,0.655,none,False,0.2028,False,none,0.65,53.096,17.734,70.83,False,0.22475,0.66667,0.35,0.65,0.65,0.48,0.18,False,0.075,False,0.055,False,0.52,8.0,Encryption: encrypted payloads; latency +8 ms; energy +0.045 mJ
EXP_20260511_163907_fcada4,1,4,4.0,16,physician,97.837,37.113,94.855,1.685,Radiology-R09,0.765,none,False,0.1877,False,none,0.65,63.608,11.946,75.554,False,0.22475,0.66667,0.35,0.65,0.65,0.48,0.18,False,0.075,False,0.055,False,0.52,8.0,Encryption: encrypted payloads; latency +8 ms; energy +0.045 mJ
EXP_20260511_163907_fcada4,1,4,4.0,17,porter,96.557,36.777,94.677,1.796,Ward-A-R02,0.576,none,False,0.1708,False,none,0.65,52.575,15.029,67.604,False,0.22475,0.66667,0.35,0.65,0.65,0.48,0.18,False,0.075,False,0.055,False,0.52,8.0,Encryption: encrypted payloads; latency +8 ms; energy +0.045 mJ
EXP_20260511_163907_fcada4,1,4,4.0,18,physician,109.343,36.929,95.087,1.267,Radiology-R15,0.676,none,False,0.1895,False,none,0.65,55.519,12.592,68.111,False,0.22475,0.66667,0.35,0.65,0.65,0.48,0.18,False,0.075,False,0.055,False,0.52,8.0,Encryption: encrypted payloads; latency +8 ms; energy +0.045 mJ
EXP_20260511_163907_fcada4,1,4,4.0,19,nurse,87.981,37.182,95.18,1.298,Surgery-R04,0.297,none,False,0.1686,False,none,0.65,59.69,15.065,74.754,False,0.22475,0.66667,0.35,0.65,0.65,0.48,0.18,False,0.075,False,0.055,False,0.52,8.0,Encryption: encrypted payloads; latency +8 ms; energy +0.045 mJ
EXP_20260511_163907_fcada4,1,4,4.0,20,technician,97.455,36.911,94.523,1.502,Surgery-R08,0.433,none,False,0.2189,False,none,0.65,53.179,14.332,67.51,False,0.22475,0.66667,0.35,0.65,0.65,0.48,0.18,False,0.075,False,0.055,False,0.52,8.0,Encryption: encrypted payloads; latency +8 ms; energy +0.045 mJ
EXP_20260511_163907_fcada4,1,5,5.0,1,nurse,75.074,36.955,97.215,1.2,Pharmacy-R07,0.148,none,False,0.0404,False,none,0.65,63.552,16.298,79.85,False,0.22475,0.66667,0.35,0.65,0.65,0.48,0.18,False,0.075,False,0.055,False,0.52,8.0,Encryption: encrypted payloads; latency +8 ms; energy +0.045 mJ
EXP_20260511_163907_fcada4,1,5,5.0,2,porter,94.826,36.786,97.046,1.938,Pharmacy-R09,0.578,none,False,0.1413,False,none,0.65,53.807,15.591,69.398,False,0.22475,0.66667,0.35,0.65,0.65,0.48,0.18,False,0.075,False,0.055,False,0.52,8.0,Encryption: encrypted payloads; latency +8 ms; energy +0.045 mJ
EXP_20260511_163907_fcada4,1,5,5.0,3,technician,89.365,37.037,95.139,1.248,Ward-A-R04,0.621,none,False,0.1141,False,none,0.65,54.534,12.506,67.04,False,0.22475,0.66667,0.35,0.65,0.65,0.48,0.18,False,0.075,False,0.055,False,0.52,8.0,Encryption: encrypted payloads; latency +8 ms; energy +0.045 mJ
EXP_20260511_163907_fcada4,1,5,5.0,4,porter,102.334,36.989,95.305,0.768,Surgery-R13,0.41,none,False,0.2097,False,none,0.65,58.432,14.859,73.291,False,0.22475,0.66667,0.35,0.65,0.65,0.48,0.18,False,0.075,False,0.055,False,0.52,8.0,Encryption: encrypted payloads; latency +8 ms; energy +0.045 mJ
EXP_20260511_163907_fcada4,1,5,5.0,5,technician,87.769,37.355,96.062,0.972,Emergency-R06,0.192,none,False,0.1565,False,none,0.65,36.945,12.027,48.972,False,0.22475,0.66667,0.35,0.65,0.65,0.48,0.18,False,0.075,False,0.055,False,0.52,8.0,Encryption: encrypted payloads; latency +8 ms; energy +0.045 mJ
EXP_20260511_163907_fcada4,1,5,5.0,6,porter,97.077,36.831,95.232,1.255,Emergency-R12,0.646,none,False,0.2086,False,none,0.65,47.159,11.956,59.116,False,0.22475,0.66667,0.35,0.65,0.65,0.48,0.18,False,0.075,False,0.055,False,0.52,8.0,Encryption: encrypted payloads; latency +8 ms; energy +0.045 mJ
EXP_20260511_163907_fcada4,1,5,5.0,7,porter,102.337,36.844,96.304,1.813,Radiology-R02,0.734,none,False,0.1719,False,none,0.65,56.329,11.246,67.575,False,0.22475,0.66667,0.35,0.65,0.65,0.48,0.18,False,0.075,False,0.055,False,0.52,8.0,Encryption: encrypted payloads; latency +8 ms; energy +0.045 mJ
EXP_20260511_163907_fcada4,1,5,5.0,8,porter,97.609,36.951,96.772,1.608,Emergency-R04,0.572,none,False,0.2,False,none,0.65,36.946,12.36,49.306,False,0.22475,0.66667,0.35,0.65,0.65,0.48,0.18,False,0.075,True,0.055,False,0.52,8.0,Encryption: encrypted payloads; latency +8 ms; energy +0.045 mJ
EXP_20260511_163907_fcada4,1,5,5.0,9,technician,86.879,36.893,97.445,1.195,Ward-A-R03,0.412,none,False,0.0658,False,none,0.65,43.931,16.097,60.028,False,0.22475,0.66667,0.35,0.65,0.65,0.48,0.18,False,0.075,False,0.055,False,0.52,8.0,Encryption: encrypted payloads; latency +8 ms; energy +0.045 mJ
EXP_20260511_163907_fcada4,1,5,5.0,10,nurse,99.984,37.17,96.683,1.525,Pharmacy-R08,0.699,none,False,0.158,False,none,0.65,59.99,15.577,75.567,False,0.22475,0.66667,0.35,0.65,0.65,0.48,0.18,False,0.075,False,0.055,False,0.52,8.0,Encryption: encrypted payloads; latency +8 ms; energy +0.045 mJ
EXP_20260511_163907_fcada4,1,5,5.0,11,cleaning_staff,94.882,36.686,94.765,1.355,Emergency-R04,0.475,none,False,0.1999,False,none,0.65,57.492,14.621,72.113,False,0.22475,0.66667,0.35,0.65,0.65,0.48,0.18,False,0.075,False,0.055,False,0.52,8.0,Encryption: encrypted payloads; latency +8 ms; energy +0.045 mJ
EXP_20260511_163907_fcada4,1,5,5.0,12,technician,93.641,37.061,96.592,1.481,Radiology-R02,0.511,none,False,0.1085,False,none,0.65,53.455,17.257,70.712,False,0.22475,0.66667,0.35,0.65,0.65,0.48,0.18,False,0.075,False,0.055,False,0.52,8.0,Encryption: encrypted payloads; latency +8 ms; energy +0.045 mJ
EXP_20260511_163907_fcada4,1,5,5.0,13,physician,94.202,36.744,96.497,1.157,ICU-R09,0.542,none,False,0.1719,False,none,0.65,44.644,15.62,60.265,False,0.22475,0.66667,0.35,0.65,0.65,0.48,0.18,False,0.075,False,0.055,False,0.52,8.0,Encryption: encrypted payloads; latency +8 ms; energy +0.045 mJ
EXP_20260511_163907_fcada4,1,5,5.0,14,technician,105.675,37.003,95.57,1.144,Radiology-R04,0.821,none,False,0.1745,False,none,0.65,57.595,16.85,74.444,False,0.22475,0.66667,0.35,0.65,0.65,0.48,0.18,False,0.075,False,0.055,False,0.52,8.0,Encryption: encrypted payloads; latency +8 ms; energy +0.045 mJ
EXP_20260511_163907_fcada4,1,5,5.0,15,physician,85.007,37.049,95.092,0.384,ICU-R13,0.412,none,False,0.1556,False,none,0.65,60.55,13.475,74.025,False,0.22475,0.66667,0.35,0.65,0.65,0.48,0.18,False,0.075,False,0.055,False,0.52,8.0,Encryption: encrypted payloads; latency +8 ms; energy +0.045 mJ
EXP_20260511_163907_fcada4,1,5,5.0,16,physician,93.377,37.052,94.787,1.509,Radiology-R05,0.624,none,False,0.1461,False,none,0.65,55.453,16.629,72.083,False,0.22475,0.66667,0.35,0.65,0.65,0.48,0.18,False,0.075,False,0.055,False,0.52,8.0,Encryption: encrypted payloads; latency +8 ms; energy +0.045 mJ
EXP_20260511_163907_fcada4,1,5,5.0,17,porter,95.756,36.809,94.896,1.082,Surgery-R15,0.54,none,False,0.2045,False,none,0.65,49.503,16.586,66.088,False,0.22475,0.66667,0.35,0.65,0.65,0.48,0.18,False,0.075,False,0.055,False,0.52,8.0,Encryption: encrypted payloads; latency +8 ms; energy +0.045 mJ
EXP_20260511_163907_fcada4,1,5,5.0,18,physician,104.524,36.93,95.197,1.124,Radiology-R11,0.508,none,False,0.1573,False,none,0.65,47.454,13.54,60.994,False,0.22475,0.66667,0.35,0.65,0.65,0.48,0.18,False,0.075,False,0.055,False,0.52,8.0,Encryption: encrypted payloads; latency +8 ms; energy +0.045 mJ
EXP_20260511_163907_fcada4,1,5,5.0,19,nurse,88.418,37.222,95.124,1.052,Surgery-R13,0.309,none,False,0.1762,False,none,0.65,52.089,17.039,69.128,False,0.22475,0.66667,0.35,0.65,0.65,0.48,0.18,False,0.075,False,0.055,False,0.52,8.0,Encryption: encrypted payloads; latency +8 ms; energy +0.045 mJ
EXP_20260511_163907_fcada4,1,5,5.0,20,technician,92.298,36.914,94.673,0.964,Surgery-R13,0.206,none,False,0.1738,False,none,0.65,47.833,11.616,59.449,False,0.22475,0.66667,0.35,0.65,0.65,0.48,0.18,False,0.075,False,0.055,False,0.52,8.0,Encryption: encrypted payloads; latency +8 ms; energy +0.045 mJ
EXP_20260511_163907_fcada4,1,6,6.0,1,nurse,79.375,37.034,97.33,0.422,Emergency-R09,0.321,none,False,0.1256,False,none,0.65,54.515,15.685,70.2,False,0.22475,0.66667,0.35,0.65,0.65,0.48,0.18,False,0.075,False,0.055,False,0.52,8.0,Encryption: encrypted payloads; latency +8 ms; energy +0.045 mJ
EXP_20260511_163907_fcada4,1,6,6.0,2,porter,96.234,36.813,96.942,1.53,Pharmacy-R06,0.641,none,False,0.1247,False,none,0.65,39.909,13.876,53.785,False,0.22475,0.66667,0.35,0.65,0.65,0.48,0.18,False,0.075,False,0.055,False,0.52,8.0,Encryption: encrypted payloads; latency +8 ms; energy +0.045 mJ
EXP_20260511_163907_fcada4,1,6,6.0,3,technician,94.964,37.102,95.177,1.948,Ward-A-R15,0.82,none,False,0.189,False,none,0.65,48.663,13.048,61.711,False,0.22475,0.66667,0.35,0.65,0.65,0.48,0.18,False,0.075,False,0.055,False,0.52,8.0,Encryption: encrypted payloads; latency +8 ms; energy +0.045 mJ
EXP_20260511_163907_fcada4,1,6,6.0,4,porter,106.579,37.053,95.451,1.429,Surgery-R07,0.576,none,False,0.2402,False,none,0.65,67.526,16.558,84.084,False,0.22475,0.66667,0.35,0.65,0.65,0.48,0.18,False,0.075,False,0.055,False,0.52,8.0,Encryption: encrypted payloads; latency +8 ms; energy +0.045 mJ
EXP_20260511_163907_fcada4,1,6,6.0,5,technician,88.191,38.209,97.259,0.0,Emergency-R07,0.301,none,False,0.2444,False,none,0.65,57.55,13.416,70.966,False,0.22475,0.66667,0.35,0.65,0.65,0.48,0.18,False,0.075,True,0.055,True,0.52,8.0,Encryption: encrypted payloads; latency +8 ms; energy +0.045 mJ
EXP_20260511_163907_fcada4,1,6,6.0,6,porter,95.008,36.804,95.217,1.841,Emergency-R06,0.537,none,False,0.222,False,none,0.65,57.585,12.411,69.996,False,0.22475,0.66667,0.35,0.65,0.65,0.48,0.18,False,0.075,False,0.055,False,0.52,8.0,Encryption: encrypted payloads; latency +8 ms; energy +0.045 mJ
EXP_20260511_163907_fcada4,1,6,6.0,7,porter,93.364,36.757,96.309,1.366,Radiology-R09,0.352,none,False,0.0855,False,none,0.65,52.046,12.673,64.718,False,0.22475,0.66667,0.35,0.65,0.65,0.48,0.18,False,0.075,False,0.055,False,0.52,8.0,Encryption: encrypted payloads; latency +8 ms; energy +0.045 mJ
EXP_20260511_163907_fcada4,1,6,6.0,8,porter,95.792,36.891,96.504,1.403,Pharmacy-R04,0.476,none,False,0.1034,False,none,0.65,43.292,13.691,56.983,False,0.22475,0.66667,0.35,0.65,0.65,0.48,0.18,False,0.075,False,0.055,False,0.52,8.0,Encryption: encrypted payloads; latency +8 ms; energy +0.045 mJ
EXP_20260511_163907_fcada4,1,6,6.0,9,technician,88.651,36.868,97.622,1.211,Ward-A-R03,0.467,none,False,0.0761,False,none,0.65,49.457,17.181,66.637,False,0.22475,0.66667,0.35,0.65,0.65,0.48,0.18,False,0.075,False,0.055,False,0.52,8.0,Encryption: encrypted payloads; latency +8 ms; energy +0.045 mJ
EXP_20260511_163907_fcada4,1,6,6.0,10,nurse,97.389,37.116,96.665,1.851,Pharmacy-R14,0.619,none,False,0.1588,False,none,0.65,64.732,12.766,77.497,False,0.22475,0.66667,0.35,0.65,0.65,0.48,0.18,False,0.075,False,0.055,False,0.52,8.0,Encryption: encrypted payloads; latency +8 ms; energy +0.045 mJ
EXP_20260511_163907_fcada4,1,6,6.0,11,cleaning_staff,93.856,36.695,94.926,0.626,Emergency-R10,0.472,none,False,0.192,False,none,0.65,46.405,14.99,61.394,False,0.22475,0.66667,0.35,0.65,0.65,0.48,0.18,False,0.075,False,0.055,False,0.52,8.0,Encryption: encrypted payloads; latency +8 ms; energy +0.045 mJ
EXP_20260511_163907_fcada4,1,6,6.0,12,technician,86.079,36.992,96.466,0.771,Radiology-R06,0.233,none,False,0.0503,False,none,0.65,56.151,15.231,71.382,False,0.22475,0.66667,0.35,0.65,0.65,0.48,0.18,False,0.075,False,0.055,False,0.52,8.0,Encryption: encrypted payloads; latency +8 ms; energy +0.045 mJ
EXP_20260511_163907_fcada4,1,6,6.0,13,physician,95.109,36.754,96.365,0.967,ICU-R05,0.574,none,False,0.1775,False,none,0.65,49.825,13.939,63.764,False,0.22475,0.66667,0.35,0.65,0.65,0.48,0.18,False,0.075,False,0.055,False,0.52,8.0,Encryption: encrypted payloads; latency +8 ms; energy +0.045 mJ
EXP_20260511_163907_fcada4,1,6,6.0,14,technician,97.729,36.964,95.598,1.222,Emergency-R07,0.507,none,False,0.1923,False,none,0.65,68.301,14.862,83.163,False,0.22475,0.66667,0.35,0.65,0.65,0.48,0.18,False,0.075,False,0.055,False,0.52,8.0,Encryption: encrypted payloads; latency +8 ms; energy +0.045 mJ
EXP_20260511_163907_fcada4,1,6,6.0,15,physician,84.706,37.041,95.081,1.007,ICU-R01,0.388,none,False,0.1534,False,none,0.65,60.063,15.584,75.647,False,0.22475,0.66667,0.35,0.65,0.65,0.48,0.18,False,0.075,False,0.055,False,0.52,8.0,Encryption: encrypted payloads; latency +8 ms; energy +0.045 mJ
EXP_20260511_163907_fcada4,1,6,6.0,16,physician,91.101,37.011,94.742,1.094,Radiology-R12,0.478,none,False,0.1177,False,none,0.65,64.681,16.051,80.733,False,0.22475,0.66667,0.35,0.65,0.65,0.48,0.18,False,0.075,False,0.055,False,0.52,8.0,Encryption: encrypted payloads; latency +8 ms; energy +0.045 mJ
EXP_20260511_163907_fcada4,1,6,6.0,17,porter,101.929,36.939,94.605,1.917,Surgery-R09,0.776,none,False,0.2842,False,none,0.65,59.513,14.66,74.173,False,0.22475,0.66667,0.35,0.65,0.65,0.48,0.18,False,0.075,False,0.055,False,0.52,8.0,Encryption: encrypted payloads; latency +8 ms; energy +0.045 mJ
EXP_20260511_163907_fcada4,1,6,6.0,18,physician,101.173,36.877,95.098,1.398,Radiology-R07,0.406,none,False,0.1402,False,none,0.65,60.976,13.875,74.851,False,0.22475,0.66667,0.35,0.65,0.65,0.48,0.18,False,0.075,False,0.055,False,0.52,8.0,Encryption: encrypted payloads; latency +8 ms; energy +0.045 mJ
EXP_20260511_163907_fcada4,1,6,6.0,19,nurse,89.613,37.225,95.46,1.126,Surgery-R02,0.316,none,False,0.1731,False,none,0.65,60.984,16.334,77.317,False,0.22475,0.66667,0.35,0.65,0.65,0.48,0.18,False,0.075,False,0.055,False,0.52,8.0,Encryption: encrypted payloads; latency +8 ms; energy +0.045 mJ
EXP_20260511_163907_fcada4,1,6,6.0,20,technician,101.098,37.011,94.323,2.264,Surgery-R13,0.506,none,False,0.2924,False,none,0.65,46.957,15.559,62.516,False,0.22475,0.66667,0.35,0.65,0.65,0.48,0.18,False,0.075,False,0.055,False,0.52,8.0,Encryption: encrypted payloads; latency +8 ms; energy +0.045 mJ
EXP_20260511_163907_fcada4,1,7,7.0,1,nurse,75.96,36.998,97.386,1.178,Pharmacy-R04,0.178,none,False,0.0425,False,none,0.65,53.608,14.731,68.339,False,0.22475,0.66667,0.35,0.65,0.65,0.48,0.18,False,0.075,False,0.055,False,0.52,8.0,Encryption: encrypted payloads; latency +8 ms; energy +0.045 mJ
EXP_20260511_163907_fcada4,1,7,7.0,2,porter,92.173,36.751,96.86,0.887,Pharmacy-R06,0.431,none,False,0.0867,False,none,0.65,54.938,15.19,70.128,False,0.22475,0.66667,0.35,0.65,0.65,0.48,0.18,False,0.075,False,0.055,False,0.52,8.0,Encryption: encrypted payloads; latency +8 ms; energy +0.045 mJ
EXP_20260511_163907_fcada4,1,7,7.0,3,technician,86.865,38.266,91.534,1.241,Laboratory-R14,0.724,none,False,0.3136,False,none,0.65,57.753,14.241,71.994,False,0.22475,0.66667,0.35,0.65,0.65,0.48,0.18,False,0.075,False,0.055,True,0.52,8.0,Encryption: encrypted payloads; latency +8 ms; energy +0.045 mJ
EXP_20260511_163907_fcada4,1,7,7.0,4,porter,106.704,37.045,95.42,1.514,Surgery-R15,0.533,none,False,0.2432,False,none,0.65,56.56,14.888,71.449,False,0.22475,0.66667,0.35,0.65,0.65,0.48,0.18,False,0.075,False,0.055,False,0.52,8.0,Encryption: encrypted payloads; latency +8 ms; energy +0.045 mJ
EXP_20260511_163907_fcada4,1,7,7.0,5,technician,94.675,37.51,95.773,1.253,Emergency-R15,0.466,none,False,0.2209,False,none,0.65,74.403,14.097,88.5,False,0.22475,0.66667,0.35,0.65,0.65,0.48,0.18,False,0.075,False,0.055,False,0.52,8.0,Encryption: encrypted payloads; latency +8 ms; energy +0.045 mJ
EXP_20260511_163907_fcada4,1,7,7.0,6,porter,101.649,36.892,94.99,1.855,Emergency-R04,0.769,none,False,0.2692,False,none,0.65,49.944,14.071,64.015,False,0.22475,0.66667,0.35,0.65,0.65,0.48,0.18,False,0.075,False,0.055,False,0.52,8.0,Encryption: encrypted payloads; latency +8 ms; energy +0.045 mJ
EXP_20260511_163907_fcada4,1,7,7.0,7,porter,98.152,36.785,96.402,1.66,Radiology-R02,0.563,none,False,0.1347,False,none,0.65,61.12,17.402,78.522,False,0.22475,0.66667,0.35,0.65,0.65,0.48,0.18,False,0.075,False,0.055,False,0.52,8.0,Encryption: encrypted payloads; latency +8 ms; energy +0.045 mJ
EXP_20260511_163907_fcada4,1,7,7.0,8,porter,103.567,36.97,96.395,2.052,Emergency-R09,0.736,none,False,0.262,False,none,0.65,47.079,14.903,61.983,False,0.22475,0.66667,0.35,0.65,0.65,0.48,0.18,False,0.075,False,0.055,False,0.52,8.0,Encryption: encrypted payloads; latency +8 ms; energy +0.045 mJ
EXP_20260511_163907_fcada4,1,7,7.0,9,technician,88.19,36.944,97.63,1.402,Ward-A-R14,0.455,none,False,0.0737,False,none,0.65,55.839,15.898,71.737,False,0.22475,0.66667,0.35,0.65,0.65,0.48,0.18,False,0.075,False,0.055,False,0.52,8.0,Encryption: encrypted payloads; latency +8 ms; energy +0.045 mJ
EXP_20260511_163907_fcada4,1,7,7.0,10,nurse,96.641,37.142,96.58,1.059,Pharmacy-R12,0.581,none,False,0.1268,False,none,0.65,53.979,14.982,68.96,False,0.22475,0.66667,0.35,0.65,0.65,0.48,0.18,False,0.075,False,0.055,False,0.52,8.0,Encryption: encrypted payloads; latency +8 ms; energy +0.045 mJ
EXP_20260511_163907_fcada4,1,7,7.0,11,cleaning_staff,95.061,36.743,94.807,1.206,Emergency-R09,0.514,none,False,0.2023,False,none,0.65,66.033,14.823,80.856,False,0.22475,0.66667,0.35,0.65,0.65,0.48,0.18,False,0.075,False,0.055,False,0.52,8.0,Encryption: encrypted payloads; latency +8 ms; energy +0.045 mJ
EXP_20260511_163907_fcada4,1,7,7.0,12,technician,91.885,37.064,96.472,0.643,Radiology-R15,0.416,none,False,0.0905,False,none,0.65,57.574,15.355,72.929,False,0.22475,0.66667,0.35,0.65,0.65,0.48,0.18,False,0.075,False,0.055,False,0.52,8.0,Encryption: encrypted payloads; latency +8 ms; energy +0.045 mJ
EXP_20260511_163907_fcada4,1,7,7.0,13,physician,89.928,36.671,96.308,0.619,ICU-R02,0.336,none,False,0.1417,False,none,0.65,53.26,16.685,69.945,False,0.22475,0.66667,0.35,0.65,0.65,0.48,0.18,False,0.075,False,0.055,False,0.52,8.0,Encryption: encrypted payloads; latency +8 ms; energy +0.045 mJ
EXP_20260511_163907_fcada4,1,7,7.0,14,technician,96.414,36.915,95.913,0.666,Radiology-R03,0.461,none,False,0.1066,False,none,0.65,61.101,15.464,76.565,False,0.22475,0.66667,0.35,0.65,0.65,0.48,0.18,False,0.075,False,0.055,False,0.52,8.0,Encryption: encrypted payloads; latency +8 ms; energy +0.045 mJ
EXP_20260511_163907_fcada4,1,7,7.0,15,physician,90.045,37.135,95.036,1.645,ICU-R03,0.612,none,False,0.2132,False,none,0.65,60.568,15.633,76.2,False,0.22475,0.66667,0.35,0.65,0.65,0.48,0.18,False,0.075,False,0.055,False,0.52,8.0,Encryption: encrypted payloads; latency +8 ms; energy +0.045 mJ
EXP_20260511_163907_fcada4,1,7,7.0,16,physician,92.764,36.99,94.599,1.756,Radiology-R05,0.565,none,False,0.1553,False,none,0.65,39.827,15.354,55.181,False,0.22475,0.66667,0.35,0.65,0.65,0.48,0.18,False,0.075,False,0.055,False,0.52,8.0,Encryption: encrypted payloads; latency +8 ms; energy +0.045 mJ
EXP_20260511_163907_fcada4,1,7,7.0,17,porter,98.52,36.868,94.464,1.704,Ward-B-R11,0.607,none,False,0.1795,False,none,0.65,52.287,13.3,65.587,False,0.22475,0.66667,0.35,0.65,0.65,0.48,0.18,False,0.075,True,0.055,False,0.52,8.0,Encryption: encrypted payloads; latency +8 ms; energy +0.045 mJ
EXP_20260511_163907_fcada4,1,7,7.0,18,physician,105.632,36.864,95.02,1.201,Radiology-R14,0.546,none,False,0.1683,False,none,0.65,55.807,15.358,71.165,False,0.22475,0.66667,0.35,0.65,0.65,0.48,0.18,False,0.075,False,0.055,False,0.52,8.0,Encryption: encrypted payloads; latency +8 ms; energy +0.045 mJ
EXP_20260511_163907_fcada4,1,7,7.0,19,nurse,92.838,37.253,95.191,1.448,Surgery-R08,0.442,none,False,0.206,False,none,0.65,59.056,10.033,69.089,False,0.22475,0.66667,0.35,0.65,0.65,0.48,0.18,False,0.075,False,0.055,False,0.52,8.0,Encryption: encrypted payloads; latency +8 ms; energy +0.045 mJ
EXP_20260511_163907_fcada4,1,7,7.0,20,technician,100.972,38.073,93.774,0.0,Surgery-R09,0.101,none,False,0.3195,False,none,0.65,51.768,16.899,68.667,False,0.22475,0.66667,0.35,0.65,0.65,0.48,0.18,False,0.075,False,0.055,True,0.52,8.0,Encryption: encrypted payloads; latency +8 ms; energy +0.045 mJ
EXP_20260511_163907_fcada4,1,8,8.0,1,nurse,94.776,38.203,97.1,0.674,Pharmacy-R01,0.296,heat_stress,True,0.1979,False,none,0.65,46.219,17.219,63.437,False,0.22475,0.66667,0.35,0.65,0.65,0.48,0.18,False,0.075,False,0.055,False,0.52,8.0,Encryption: encrypted payloads; latency +8 ms; energy +0.045 mJ
EXP_20260511_163907_fcada4,1,8,8.0,2,porter,103.958,36.923,97.052,1.517,Pharmacy-R15,0.878,none,False,0.169,False,none,0.65,48.634,14.57,63.205,False,0.22475,0.66667,0.35,0.65,0.65,0.48,0.18,False,0.075,False,0.055,False,0.52,8.0,Encryption: encrypted payloads; latency +8 ms; energy +0.045 mJ
EXP_20260511_163907_fcada4,1,8,8.0,3,technician,92.072,37.104,95.086,0.676,Ward-A-R08,0.666,none,False,0.1346,False,none,0.65,62.023,13.572,75.595,False,0.22475,0.66667,0.35,0.65,0.65,0.48,0.18,False,0.075,False,0.055,False,0.52,8.0,Encryption: encrypted payloads; latency +8 ms; energy +0.045 mJ
EXP_20260511_163907_fcada4,1,8,8.0,4,porter,107.598,37.021,95.391,1.745,Surgery-R06,0.567,none,False,0.2621,False,none,0.65,46.421,15.977,62.399,False,0.22475,0.66667,0.35,0.65,0.65,0.48,0.18,False,0.075,False,0.055,False,0.52,8.0,Encryption: encrypted payloads; latency +8 ms; energy +0.045 mJ
EXP_20260511_163907_fcada4,1,8,8.0,5,technician,97.271,37.482,95.568,1.511,Emergency-R08,0.575,none,False,0.2478,False,none,0.65,36.722,11.394,48.117,False,0.22475,0.66667,0.35,0.65,0.65,0.48,0.18,False,0.075,False,0.055,False,0.52,8.0,Encryption: encrypted payloads; latency +8 ms; energy +0.045 mJ
EXP_20260511_163907_fcada4,1,8,8.0,6,porter,102.199,36.907,95.042,2.137,Emergency-R06,0.8,none,False,0.2903,False,none,0.65,68.099,19.014,87.113,False,0.22475,0.66667,0.35,0.65,0.65,0.48,0.18,False,0.075,False,0.055,False,0.52,8.0,Encryption: encrypted payloads; latency +8 ms; energy +0.045 mJ
EXP_20260511_163907_fcada4,1,8,8.0,7,porter,98.391,36.845,96.209,2.037,Radiology-R08,0.569,none,False,0.1602,False,none,0.65,48.036,15.353,63.389,False,0.22475,0.66667,0.35,0.65,0.65,0.48,0.18,False,0.075,False,0.055,False,0.52,8.0,Encryption: encrypted payloads; latency +8 ms; energy +0.045 mJ
EXP_20260511_163907_fcada4,1,8,8.0,8,porter,100.687,36.965,96.594,1.552,Emergency-R03,0.648,none,False,0.2131,False,none,0.65,52.035,13.994,66.029,False,0.22475,0.66667,0.35,0.65,0.65,0.48,0.18,False,0.075,False,0.055,False,0.52,8.0,Encryption: encrypted payloads; latency +8 ms; energy +0.045 mJ
EXP_20260511_163907_fcada4,1,8,8.0,9,technician,84.464,36.871,97.581,0.823,ICU-R11,0.295,none,False,0.1206,False,none,0.65,45.195,13.252,58.446,False,0.22475,0.66667,0.35,0.65,0.65,0.48,0.18,False,0.075,False,0.055,False,0.52,8.0,Encryption: encrypted payloads; latency +8 ms; energy +0.045 mJ
EXP_20260511_163907_fcada4,1,8,8.0,10,nurse,103.764,37.226,96.613,2.032,Pharmacy-R04,0.852,none,False,0.2203,False,none,0.65,48.439,16.324,64.763,False,0.22475,0.66667,0.35,0.65,0.65,0.48,0.18,False,0.075,False,0.055,False,0.52,8.0,Encryption: encrypted payloads; latency +8 ms; energy +0.045 mJ
EXP_20260511_163907_fcada4,1,8,8.0,11,cleaning_staff,114.706,38.072,94.57,1.169,Emergency-R03,0.602,heat_stress,True,0.3858,False,none,0.65,55.682,13.276,68.958,False,0.22475,0.66667,0.35,0.65,0.65,0.48,0.18,False,0.075,False,0.055,False,0.52,8.0,Encryption: encrypted payloads; latency +8 ms; energy +0.045 mJ
EXP_20260511_163907_fcada4,1,8,8.0,12,technician,100.143,37.196,96.42,1.635,Radiology-R08,0.76,none,False,0.1723,False,none,0.65,63.769,17.843,81.613,False,0.22475,0.66667,0.35,0.65,0.65,0.48,0.18,False,0.075,False,0.055,False,0.52,8.0,Encryption: encrypted payloads; latency +8 ms; energy +0.045 mJ
EXP_20260511_163907_fcada4,1,8,8.0,13,physician,95.486,36.82,96.323,1.316,Radiology-R09,0.574,none,False,0.1089,False,none,0.65,55.788,14.37,70.157,False,0.22475,0.66667,0.35,0.65,0.65,0.48,0.18,False,0.075,False,0.055,False,0.52,8.0,Encryption: encrypted payloads; latency +8 ms; energy +0.045 mJ
EXP_20260511_163907_fcada4,1,8,8.0,14,technician,98.951,36.955,95.714,0.675,Radiology-R04,0.51,none,False,0.1242,False,none,0.65,64.886,14.45,79.336,False,0.22475,0.66667,0.35,0.65,0.65,0.48,0.18,False,0.075,False,0.055,False,0.52,8.0,Encryption: encrypted payloads; latency +8 ms; energy +0.045 mJ
EXP_20260511_163907_fcada4,1,8,8.0,15,physician,109.045,35.712,96.912,0.0,ICU-R03,0.378,none,False,0.2152,False,none,0.65,53.136,14.176,67.312,False,0.22475,0.66667,0.35,0.65,0.65,0.48,0.18,False,0.075,False,0.055,True,0.52,8.0,Encryption: encrypted payloads; latency +8 ms; energy +0.045 mJ
EXP_20260511_163907_fcada4,1,8,8.0,16,physician,89.768,37.012,94.539,0.503,Radiology-R09,0.437,none,False,0.115,False,none,0.65,58.572,17.067,75.639,False,0.22475,0.66667,0.35,0.65,0.65,0.48,0.18,False,0.075,False,0.055,False,0.52,8.0,Encryption: encrypted payloads; latency +8 ms; energy +0.045 mJ
EXP_20260511_163907_fcada4,1,8,8.0,17,porter,96.475,36.853,94.946,1.592,Surgery-R13,0.587,none,False,0.2216,False,none,0.65,57.163,12.872,70.036,False,0.22475,0.66667,0.35,0.65,0.65,0.48,0.18,False,0.075,False,0.055,False,0.52,8.0,Encryption: encrypted payloads; latency +8 ms; energy +0.045 mJ
EXP_20260511_163907_fcada4,1,8,8.0,18,physician,111.762,36.999,95.002,1.31,Radiology-R13,0.747,none,False,0.2055,False,none,0.65,66.981,19.117,86.099,False,0.22475,0.66667,0.35,0.65,0.65,0.48,0.18,False,0.075,False,0.055,False,0.52,8.0,Encryption: encrypted payloads; latency +8 ms; energy +0.045 mJ
EXP_20260511_163907_fcada4,1,8,8.0,19,nurse,94.6,37.321,95.119,0.718,Laboratory-R12,0.52,none,False,0.153,False,none,0.65,66.991,13.005,79.996,False,0.22475,0.66667,0.35,0.65,0.65,0.48,0.18,False,0.075,False,0.055,False,0.52,8.0,Encryption: encrypted payloads; latency +8 ms; energy +0.045 mJ
EXP_20260511_163907_fcada4,1,8,8.0,20,technician,96.904,36.924,94.5,1.355,Surgery-R04,0.344,none,False,0.2047,False,none,0.65,40.846,13.258,54.103,False,0.22475,0.66667,0.35,0.65,0.65,0.48,0.18,False,0.075,False,0.055,False,0.52,8.0,Encryption: encrypted payloads; latency +8 ms; energy +0.045 mJ
EXP_20260511_163907_fcada4,1,9,9.0,1,nurse,75.626,36.989,97.311,0.52,Pharmacy-R06,0.117,none,False,0.0382,False,none,0.65,49.166,14.689,63.854,False,0.22475,0.66667,0.35,0.65,0.65,0.48,0.18,False,0.075,False,0.055,False,0.52,8.0,Encryption: encrypted payloads; latency +8 ms; energy +0.045 mJ
EXP_20260511_163907_fcada4,1,9,9.0,2,porter,103.095,36.903,96.8,2.166,Pharmacy-R04,0.827,none,False,0.2039,False,none,0.65,54.997,14.487,69.484,False,0.22475,0.66667,0.35,0.65,0.65,0.48,0.18,False,0.075,False,0.055,False,0.52,8.0,Encryption: encrypted payloads; latency +8 ms; energy +0.045 mJ
EXP_20260511_163907_fcada4,1,9,9.0,3,technician,92.76,37.102,94.812,1.639,Ward-A-R05,0.646,none,False,0.1577,False,none,0.65,51.013,15.7,66.712,False,0.22475,0.66667,0.35,0.65,0.65,0.48,0.18,False,0.075,False,0.055,False,0.52,8.0,Encryption: encrypted payloads; latency +8 ms; energy +0.045 mJ
EXP_20260511_163907_fcada4,1,9,9.0,4,porter,103.162,37.009,95.363,1.032,Surgery-R08,0.403,none,False,0.2117,False,none,0.65,55.541,13.871,69.412,False,0.22475,0.66667,0.35,0.65,0.65,0.48,0.18,False,0.075,False,0.055,False,0.52,8.0,Encryption: encrypted payloads; latency +8 ms; energy +0.045 mJ
EXP_20260511_163907_fcada4,1,9,9.0,5,technician,94.487,37.465,95.614,1.34,Emergency-R04,0.429,none,False,0.2174,False,none,0.65,63.665,11.287,74.952,False,0.22475,0.66667,0.35,0.65,0.65,0.48,0.18,False,0.075,False,0.055,False,0.52,8.0,Encryption: encrypted payloads; latency +8 ms; energy +0.045 mJ
EXP_20260511_163907_fcada4,1,9,9.0,6,porter,109.378,37.598,92.542,1.272,Emergency-R12,0.797,high_fatigue,True,0.3855,False,none,0.65,48.804,17.172,65.976,False,0.22475,0.66667,0.35,0.65,0.65,0.48,0.18,False,0.075,False,0.055,False,0.52,8.0,Encryption: encrypted payloads; latency +8 ms; energy +0.045 mJ
EXP_20260511_163907_fcada4,1,9,9.0,7,porter,97.74,36.833,96.295,1.509,Emergency-R12,0.55,none,False,0.1925,False,none,0.65,46.578,15.124,61.702,False,0.22475,0.66667,0.35,0.65,0.65,0.48,0.18,False,0.075,False,0.055,False,0.52,8.0,Encryption: encrypted payloads; latency +8 ms; energy +0.045 mJ
EXP_20260511_163907_fcada4,1,9,9.0,8,porter,98.307,36.917,96.551,1.393,Emergency-R09,0.533,none,False,0.1865,False,none,0.65,54.344,12.196,66.54,False,0.22475,0.66667,0.35,0.65,0.65,0.48,0.18,False,0.075,False,0.055,False,0.52,8.0,Encryption: encrypted payloads; latency +8 ms; energy +0.045 mJ
EXP_20260511_163907_fcada4,1,9,9.0,9,technician,85.684,36.85,97.579,1.127,Ward-A-R15,0.339,none,False,0.0562,False,none,0.65,48.876,16.839,65.716,False,0.22475,0.66667,0.35,0.65,0.65,0.48,0.18,False,0.075,False,0.055,False,0.52,8.0,Encryption: encrypted payloads; latency +8 ms; energy +0.045 mJ
EXP_20260511_163907_fcada4,1,9,9.0,10,nurse,102.936,37.244,96.722,1.571,Pharmacy-R08,0.818,none,False,0.1871,False,none,0.65,64.332,16.3,80.632,False,0.22475,0.66667,0.35,0.65,0.65,0.48,0.18,False,0.075,False,0.055,False,0.52,8.0,Encryption: encrypted payloads; latency +8 ms; energy +0.045 mJ
EXP_20260511_163907_fcada4,1,9,9.0,11,cleaning_staff,89.734,36.686,94.746,0.438,Emergency-R05,0.301,none,False,0.1692,False,none,0.65,69.721,15.953,85.675,False,0.22475,0.66667,0.35,0.65,0.65,0.48,0.18,False,0.075,False,0.055,False,0.52,8.0,Encryption: encrypted payloads; latency +8 ms; energy +0.045 mJ
EXP_20260511_163907_fcada4,1,9,9.0,12,technician,94.894,37.128,96.329,1.127,Radiology-R12,0.475,none,False,0.1116,False,none,0.65,50.411,14.989,65.4,False,0.22475,0.66667,0.35,0.65,0.65,0.48,0.18,False,0.075,False,0.055,False,0.52,8.0,Encryption: encrypted payloads; latency +8 ms; energy +0.045 mJ
EXP_20260511_163907_fcada4,1,9,9.0,13,physician,92.773,36.781,96.318,1.021,ICU-R04,0.459,none,False,0.1608,False,none,0.65,64.503,14.285,78.788,False,0.22475,0.66667,0.35,0.65,0.65,0.48,0.18,False,0.075,False,0.055,False,0.52,8.0,Encryption: encrypted payloads; latency +8 ms; energy +0.045 mJ
EXP_20260511_163907_fcada4,1,9,9.0,14,technician,97.44,36.947,95.607,1.13,Pharmacy-R10,0.458,none,False,0.1176,False,none,0.65,40.375,13.531,53.907,False,0.22475,0.66667,0.35,0.65,0.65,0.48,0.18,False,0.075,False,0.055,False,0.52,8.0,Encryption: encrypted payloads; latency +8 ms; energy +0.045 mJ
EXP_20260511_163907_fcada4,1,9,9.0,15,physician,87.413,37.11,94.82,1.037,ICU-R08,0.431,none,False,0.1781,False,none,0.65,43.374,14.818,58.192,False,0.22475,0.66667,0.35,0.65,0.65,0.48,0.18,False,0.075,False,0.055,False,0.52,8.0,Encryption: encrypted payloads; latency +8 ms; energy +0.045 mJ
EXP_20260511_163907_fcada4,1,9,9.0,16,physician,96.249,37.178,94.532,2.292,Radiology-R09,0.71,none,False,0.2309,False,none,0.65,47.734,15.261,62.996,False,0.22475,0.66667,0.35,0.65,0.65,0.48,0.18,False,0.075,False,0.055,False,0.52,8.0,Encryption: encrypted payloads; latency +8 ms; energy +0.045 mJ
EXP_20260511_163907_fcada4,1,9,9.0,17,porter,97.345,36.853,94.751,1.325,Surgery-R14,0.572,none,False,0.2161,False,none,0.65,50.733,17.662,68.395,False,0.22475,0.66667,0.35,0.65,0.65,0.48,0.18,False,0.075,False,0.055,False,0.52,8.0,Encryption: encrypted payloads; latency +8 ms; energy +0.045 mJ
EXP_20260511_163907_fcada4,1,9,9.0,18,physician,108.648,36.957,95.027,1.16,Emergency-R03,0.611,none,False,0.2539,False,none,0.65,60.763,12.285,73.048,False,0.22475,0.66667,0.35,0.65,0.65,0.48,0.18,False,0.075,False,0.055,False,0.52,8.0,Encryption: encrypted payloads; latency +8 ms; energy +0.045 mJ
EXP_20260511_163907_fcada4,1,9,9.0,19,nurse,97.909,37.292,94.93,1.461,Surgery-R09,0.618,none,False,0.248,False,none,0.65,56.636,13.137,69.773,False,0.22475,0.66667,0.35,0.65,0.65,0.48,0.18,False,0.075,False,0.055,False,0.52,8.0,Encryption: encrypted payloads; latency +8 ms; energy +0.045 mJ
EXP_20260511_163907_fcada4,1,9,9.0,20,technician,99.629,37.018,94.336,1.486,Surgery-R03,0.404,none,False,0.2302,False,none,0.65,52.522,14.612,67.134,False,0.22475,0.66667,0.35,0.65,0.65,0.48,0.18,False,0.075,False,0.055,False,0.52,8.0,Encryption: encrypted payloads; latency +8 ms; energy +0.045 mJ
EXP_20260511_163907_fcada4,1,10,10.0,1,nurse,75.219,36.968,97.469,0.541,Pharmacy-R03,0.122,none,False,0.0386,False,none,0.65,62.168,13.726,75.894,False,0.22475,0.66667,0.35,0.65,0.65,0.48,0.18,False,0.075,False,0.055,False,0.52,8.0,Encryption: encrypted payloads; latency +8 ms; energy +0.045 mJ
EXP_20260511_163907_fcada4,1,10,10.0,2,porter,100.278,36.849,96.806,1.961,Pharmacy-R10,0.695,none,False,0.1711,False,none,0.65,37.82,18.462,56.282,False,0.22475,0.66667,0.35,0.65,0.65,0.48,0.18,False,0.075,False,0.055,False,0.52,8.0,Encryption: encrypted payloads; latency +8 ms; energy +0.045 mJ
EXP_20260511_163907_fcada4,1,10,10.0,3,technician,96.78,37.17,94.841,1.475,Ward-A-R14,0.818,none,False,0.1796,False,none,0.65,62.106,13.308,75.414,False,0.22475,0.66667,0.35,0.65,0.65,0.48,0.18,False,0.075,False,0.055,False,0.52,8.0,Encryption: encrypted payloads; latency +8 ms; energy +0.045 mJ
EXP_20260511_163907_fcada4,1,10,10.0,4,porter,109.659,37.047,94.98,1.884,Surgery-R10,0.628,none,False,0.2954,False,none,0.65,68.841,14.536,83.377,False,0.22475,0.66667,0.35,0.65,0.65,0.48,0.18,False,0.075,False,0.055,False,0.52,8.0,Encryption: encrypted payloads; latency +8 ms; energy +0.045 mJ
EXP_20260511_163907_fcada4,1,10,10.0,5,technician,100.018,37.561,95.567,1.676,Emergency-R09,0.65,none,False,0.2811,False,none,0.65,53.075,15.862,68.937,False,0.22475,0.66667,0.35,0.65,0.65,0.48,0.18,False,0.075,False,0.055,False,0.52,8.0,Encryption: encrypted payloads; latency +8 ms; energy +0.045 mJ
EXP_20260511_163907_fcada4,1,10,10.0,6,porter,99.533,36.888,92.913,2.325,Emergency-R06,0.689,none,False,0.3368,False,none,0.65,66.979,16.856,83.835,False,0.22475,0.66667,0.35,0.65,0.65,0.48,0.18,False,0.075,False,0.055,True,0.52,8.0,Encryption: encrypted payloads; latency +8 ms; energy +0.045 mJ
EXP_20260511_163907_fcada4,1,10,10.0,7,porter,97.144,36.865,96.296,1.263,Radiology-R04,0.477,none,False,0.1082,False,none,0.65,57.774,15.221,72.995,False,0.22475,0.66667,0.35,0.65,0.65,0.48,0.18,False,0.075,False,0.055,False,0.52,8.0,Encryption: encrypted payloads; latency +8 ms; energy +0.045 mJ
EXP_20260511_163907_fcada4,1,10,10.0,8,porter,110.703,38.63,90.995,1.898,Emergency-R14,0.69,none,False,0.5481,False,none,0.65,46.02,17.298,63.318,False,0.22475,0.66667,0.35,0.65,0.65,0.48,0.18,False,0.075,False,0.055,True,0.52,8.0,Encryption: encrypted payloads; latency +8 ms; energy +0.045 mJ
EXP_20260511_163907_fcada4,1,10,10.0,9,technician,81.322,36.834,97.966,1.183,Ward-A-R07,0.157,none,False,0.041,False,none,0.65,56.649,16.914,73.564,False,0.22475,0.66667,0.35,0.65,0.65,0.48,0.18,False,0.075,False,0.055,False,0.52,8.0,Encryption: encrypted payloads; latency +8 ms; energy +0.045 mJ
EXP_20260511_163907_fcada4,1,10,10.0,10,nurse,94.078,37.11,96.752,0.793,Pharmacy-R03,0.447,none,False,0.105,False,none,0.65,61.586,14.6,76.186,False,0.22475,0.66667,0.35,0.65,0.65,0.48,0.18,False,0.075,False,0.055,False,0.52,8.0,Encryption: encrypted payloads; latency +8 ms; energy +0.045 mJ
EXP_20260511_163907_fcada4,1,10,10.0,11,cleaning_staff,88.825,36.658,94.852,1.054,Emergency-R03,0.237,none,False,0.1588,False,none,0.65,55.124,13.816,68.94,False,0.22475,0.66667,0.35,0.65,0.65,0.48,0.18,False,0.075,False,0.055,False,0.52,8.0,Encryption: encrypted payloads; latency +8 ms; energy +0.045 mJ
EXP_20260511_163907_fcada4,1,10,10.0,12,technician,93.604,37.133,96.558,1.424,Radiology-R05,0.449,none,False,0.1071,False,none,0.65,55.094,13.851,68.945,False,0.22475,0.66667,0.35,0.65,0.65,0.48,0.18,False,0.075,False,0.055,False,0.52,8.0,Encryption: encrypted payloads; latency +8 ms; energy +0.045 mJ
EXP_20260511_163907_fcada4,1,10,10.0,13,physician,92.431,36.799,96.349,1.604,ICU-R09,0.428,none,False,0.1705,False,none,0.65,57.752,16.518,74.27,False,0.22475,0.66667,0.35,0.65,0.65,0.48,0.18,False,0.075,False,0.055,False,0.52,8.0,Encryption: encrypted payloads; latency +8 ms; energy +0.045 mJ
EXP_20260511_163907_fcada4,1,10,10.0,14,technician,94.852,36.874,95.766,1.313,Radiology-R13,0.347,none,False,0.0964,False,none,0.65,51.969,13.858,65.827,False,0.22475,0.66667,0.35,0.65,0.65,0.48,0.18,False,0.075,True,0.055,False,0.52,8.0,Encryption: encrypted payloads; latency +8 ms; energy +0.045 mJ
EXP_20260511_163907_fcada4,1,10,10.0,15,physician,85.731,37.13,95.148,0.746,ICU-R01,0.343,none,False,0.1595,False,none,0.65,70.31,18.826,89.136,False,0.22475,0.66667,0.35,0.65,0.65,0.48,0.18,False,0.075,False,0.055,False,0.52,8.0,Encryption: encrypted payloads; latency +8 ms; energy +0.045 mJ
EXP_20260511_163907_fcada4,1,10,10.0,16,physician,88.494,37.031,94.791,0.932,Radiology-R03,0.367,none,False,0.101,False,none,0.65,56.754,17.231,73.985,False,0.22475,0.66667,0.35,0.65,0.65,0.48,0.18,False,0.075,False,0.055,False,0.52,8.0,Encryption: encrypted payloads; latency +8 ms; energy +0.045 mJ
EXP_20260511_163907_fcada4,1,10,10.0,17,porter,99.514,36.858,94.588,1.599,Surgery-R04,0.657,none,False,0.2469,False,none,0.65,57.184,15.913,73.097,False,0.22475,0.66667,0.35,0.65,0.65,0.48,0.18,False,0.075,False,0.055,False,0.52,8.0,Encryption: encrypted payloads; latency +8 ms; energy +0.045 mJ
EXP_20260511_163907_fcada4,1,10,10.0,18,physician,108.877,36.986,94.9,1.232,Radiology-R04,0.632,none,False,0.1893,False,none,0.65,46.701,18.744,65.445,False,0.22475,0.66667,0.35,0.65,0.65,0.48,0.18,False,0.075,False,0.055,False,0.52,8.0,Encryption: encrypted payloads; latency +8 ms; energy +0.045 mJ
EXP_20260511_163907_fcada4,1,10,10.0,19,nurse,102.691,37.394,94.95,1.659,Surgery-R02,0.799,none,False,0.2999,False,none,0.65,69.914,15.637,85.551,False,0.22475,0.66667,0.35,0.65,0.65,0.48,0.18,False,0.075,False,0.055,False,0.52,8.0,Encryption: encrypted payloads; latency +8 ms; energy +0.045 mJ
EXP_20260511_163907_fcada4,1,10,10.0,20,technician,97.851,36.957,94.18,0.723,Surgery-R07,0.294,none,False,0.2125,False,none,0.65,60.138,13.048,73.186,False,0.22475,0.66667,0.35,0.65,0.65,0.48,0.18,False,0.075,False,0.055,False,0.52,8.0,Encryption: encrypted payloads; latency +8 ms; energy +0.045 mJ
EXP_20260511_163907_fcada4,1,11,11.0,1,nurse,75.373,37.009,97.453,0.309,Pharmacy-R15,0.089,none,False,0.037,False,none,0.65,41.61,15.56,57.17,False,0.22475,0.66667,0.35,0.65,0.65,0.48,0.18,False,0.075,False,0.055,False,0.52,8.0,Encryption: encrypted payloads; latency +8 ms; energy +0.045 mJ
EXP_20260511_163907_fcada4,1,11,11.0,2,porter,96.167,36.841,96.614,1.041,ICU-R08,0.51,none,False,0.1769,False,none,0.65,44.804,12.439,57.242,False,0.22475,0.66667,0.35,0.65,0.65,0.48,0.18,False,0.075,False,0.055,False,0.52,8.0,Encryption: encrypted payloads; latency +8 ms; energy +0.045 mJ
EXP_20260511_163907_fcada4,1,11,11.0,3,technician,109.762,36.802,94.962,1.25,Ward-A-R07,0.835,none,False,0.2053,False,none,0.65,64.536,15.441,79.977,False,0.22475,0.66667,0.35,0.65,0.65,0.48,0.18,False,0.075,False,0.055,True,0.52,8.0,Encryption: encrypted payloads; latency +8 ms; energy +0.045 mJ
EXP_20260511_163907_fcada4,1,11,11.0,4,porter,103.619,36.996,95.451,1.521,Surgery-R09,0.364,none,False,0.2154,False,none,0.65,67.116,15.31,82.426,False,0.22475,0.66667,0.35,0.65,0.65,0.48,0.18,False,0.075,False,0.055,False,0.52,8.0,Encryption: encrypted payloads; latency +8 ms; energy +0.045 mJ
EXP_20260511_163907_fcada4,1,11,11.0,5,technician,92.268,37.401,95.795,1.103,ICU-R15,0.348,none,False,0.1932,False,none,0.65,51.822,16.618,68.44,False,0.22475,0.66667,0.35,0.65,0.65,0.48,0.18,False,0.075,False,0.055,False,0.52,8.0,Encryption: encrypted payloads; latency +8 ms; energy +0.045 mJ
EXP_20260511_163907_fcada4,1,11,11.0,6,porter,104.219,36.974,94.872,1.431,Emergency-R09,0.801,none,False,0.2566,False,none,0.65,62.679,11.99,74.668,False,0.22475,0.66667,0.35,0.65,0.65,0.48,0.18,False,0.075,False,0.055,False,0.52,8.0,Encryption: encrypted payloads; latency +8 ms; energy +0.045 mJ
EXP_20260511_163907_fcada4,1,11,11.0,7,porter,98.838,36.88,96.133,1.448,Radiology-R10,0.527,none,False,0.1211,False,none,0.65,46.963,15.59,62.553,False,0.22475,0.66667,0.35,0.65,0.65,0.48,0.18,False,0.075,False,0.055,False,0.52,8.0,Encryption: encrypted payloads; latency +8 ms; energy +0.045 mJ
EXP_20260511_163907_fcada4,1,11,11.0,8,porter,101.379,37.044,96.363,1.409,Ward-B-R02,0.659,none,False,0.1412,False,none,0.65,46.644,14.001,60.645,False,0.22475,0.66667,0.35,0.65,0.65,0.48,0.18,False,0.075,False,0.055,False,0.52,8.0,Encryption: encrypted payloads; latency +8 ms; energy +0.045 mJ
EXP_20260511_163907_fcada4,1,11,11.0,9,technician,90.832,36.925,97.601,1.052,Ward-A-R11,0.486,none,False,0.0856,False,none,0.65,47.472,15.908,63.38,False,0.22475,0.66667,0.35,0.65,0.65,0.48,0.18,False,0.075,False,0.055,False,0.52,8.0,Encryption: encrypted payloads; latency +8 ms; energy +0.045 mJ
EXP_20260511_163907_fcada4,1,11,11.0,10,nurse,107.286,37.393,94.221,1.531,Pharmacy-R05,0.625,high_fatigue,True,0.2443,False,none,0.65,59.577,13.788,73.365,False,0.22475,0.66667,0.35,0.65,0.65,0.48,0.18,False,0.075,False,0.055,False,0.52,8.0,Encryption: encrypted payloads; latency +8 ms; energy +0.045 mJ
EXP_20260511_163907_fcada4,1,11,11.0,11,cleaning_staff,92.221,36.713,94.742,1.141,Emergency-R13,0.364,none,False,0.1829,False,none,0.65,42.85,16.62,59.47,False,0.22475,0.66667,0.35,0.65,0.65,0.48,0.18,False,0.075,False,0.055,False,0.52,8.0,Encryption: encrypted payloads; latency +8 ms; energy +0.045 mJ
EXP_20260511_163907_fcada4,1,11,11.0,12,technician,96.307,37.153,96.306,1.412,ICU-R12,0.565,none,False,0.1962,False,none,0.65,56.15,12.642,68.792,False,0.22475,0.66667,0.35,0.65,0.65,0.48,0.18,False,0.075,True,0.055,False,0.52,8.0,Encryption: encrypted payloads; latency +8 ms; energy +0.045 mJ
EXP_20260511_163907_fcada4,1,11,11.0,13,physician,93.115,36.765,96.128,1.455,ICU-R10,0.424,none,False,0.1631,False,none,0.65,57.121,15.641,72.761,False,0.22475,0.66667,0.35,0.65,0.65,0.48,0.18,False,0.075,False,0.055,False,0.52,8.0,Encryption: encrypted payloads; latency +8 ms; energy +0.045 mJ
EXP_20260511_163907_fcada4,1,11,11.0,14,technician,96.184,36.69,96.7,1.168,Radiology-R07,0.439,none,False,0.102,False,none,0.65,37.626,12.236,49.863,False,0.22475,0.66667,0.35,0.65,0.65,0.48,0.18,False,0.075,False,0.055,True,0.52,8.0,Encryption: encrypted payloads; latency +8 ms; energy +0.045 mJ
EXP_20260511_163907_fcada4,1,11,11.0,15,physician,84.846,37.109,94.884,0.515,ICU-R01,0.298,none,False,0.1582,False,none,0.65,47.98,18.557,66.537,False,0.22475,0.66667,0.35,0.65,0.65,0.48,0.18,False,0.075,True,0.055,False,0.52,8.0,Encryption: encrypted payloads; latency +8 ms; energy +0.045 mJ
EXP_20260511_163907_fcada4,1,11,11.0,16,physician,91.279,37.04,94.534,1.409,Radiology-R12,0.48,none,False,0.1269,False,none,0.65,49.335,12.992,62.327,False,0.22475,0.66667,0.35,0.65,0.65,0.48,0.18,False,0.075,False,0.055,False,0.52,8.0,Encryption: encrypted payloads; latency +8 ms; energy +0.045 mJ
EXP_20260511_163907_fcada4,1,11,11.0,17,porter,91.265,36.784,94.665,0.929,Surgery-R15,0.34,none,False,0.1796,False,none,0.65,45.719,18.142,63.861,False,0.22475,0.66667,0.35,0.65,0.65,0.48,0.18,False,0.075,False,0.055,False,0.52,8.0,Encryption: encrypted payloads; latency +8 ms; energy +0.045 mJ
EXP_20260511_163907_fcada4,1,11,11.0,18,physician,119.477,36.178,100.0,0.913,Radiology-R06,0.577,none,False,0.1977,False,none,0.65,63.255,14.569,77.825,False,0.22475,0.66667,0.35,0.65,0.65,0.48,0.18,False,0.075,False,0.055,True,0.52,8.0,Encryption: encrypted payloads; latency +8 ms; energy +0.045 mJ
EXP_20260511_163907_fcada4,1,11,11.0,19,nurse,95.321,37.268,95.207,1.945,Surgery-R06,0.498,none,False,0.2522,False,none,0.65,45.466,14.232,59.698,False,0.22475,0.66667,0.35,0.65,0.65,0.48,0.18,False,0.075,False,0.055,False,0.52,8.0,Encryption: encrypted payloads; latency +8 ms; energy +0.045 mJ
EXP_20260511_163907_fcada4,1,11,11.0,20,technician,105.174,37.072,94.318,1.455,Surgery-R15,0.605,none,False,0.2682,False,none,0.65,51.394,18.682,70.075,False,0.22475,0.66667,0.35,0.65,0.65,0.48,0.18,False,0.075,False,0.055,False,0.52,8.0,Encryption: encrypted payloads; latency +8 ms; energy +0.045 mJ
EXP_20260511_163907_fcada4,1,12,12.0,1,nurse,82.806,37.082,97.127,0.847,Pharmacy-R08,0.374,none,False,0.0638,False,none,0.65,44.399,18.928,63.327,False,0.22475,0.66667,0.35,0.65,0.65,0.48,0.18,False,0.075,False,0.055,False,0.52,8.0,Encryption: encrypted payloads; latency +8 ms; energy +0.045 mJ
EXP_20260511_163907_fcada4,1,12,12.0,2,porter,95.546,36.788,96.726,1.772,Pharmacy-R15,0.462,none,False,0.1252,False,none,0.65,60.586,14.837,75.423,False,0.22475,0.66667,0.35,0.65,0.65,0.48,0.18,False,0.075,False,0.055,False,0.52,8.0,Encryption: encrypted payloads; latency +8 ms; energy +0.045 mJ
EXP_20260511_163907_fcada4,1,12,12.0,3,technician,98.045,37.244,94.972,2.1,Ward-A-R08,0.815,none,False,0.2279,False,none,0.65,56.416,14.236,70.652,False,0.22475,0.66667,0.35,0.65,0.65,0.48,0.18,False,0.075,False,0.055,False,0.52,8.0,Encryption: encrypted payloads; latency +8 ms; energy +0.045 mJ
EXP_20260511_163907_fcada4,1,12,12.0,4,porter,111.852,37.164,95.092,1.524,Surgery-R09,0.66,none,False,0.2906,False,none,0.65,60.787,14.438,75.224,False,0.22475,0.66667,0.35,0.65,0.65,0.48,0.18,False,0.075,False,0.055,False,0.52,8.0,Encryption: encrypted payloads; latency +8 ms; energy +0.045 mJ
EXP_20260511_163907_fcada4,1,12,12.0,5,technician,96.936,37.468,95.67,0.997,Emergency-R11,0.523,none,False,0.2319,False,none,0.65,54.673,14.68,69.353,False,0.22475,0.66667,0.35,0.65,0.65,0.48,0.18,False,0.075,False,0.055,False,0.52,8.0,Encryption: encrypted payloads; latency +8 ms; energy +0.045 mJ
EXP_20260511_163907_fcada4,1,12,12.0,6,porter,103.239,36.958,94.59,1.367,Emergency-R06,0.746,none,False,0.254,False,none,0.65,45.111,14.426,59.538,False,0.22475,0.66667,0.35,0.65,0.65,0.48,0.18,False,0.075,False,0.055,False,0.52,8.0,Encryption: encrypted payloads; latency +8 ms; energy +0.045 mJ
EXP_20260511_163907_fcada4,1,12,12.0,7,porter,101.248,36.907,96.117,1.645,Radiology-R10,0.613,none,False,0.1487,False,none,0.65,57.116,14.267,71.384,False,0.22475,0.66667,0.35,0.65,0.65,0.48,0.18,False,0.075,False,0.055,False,0.52,8.0,Encryption: encrypted payloads; latency +8 ms; energy +0.045 mJ
EXP_20260511_163907_fcada4,1,12,12.0,8,porter,96.946,37.685,96.578,1.131,Emergency-R02,0.856,none,False,0.2673,False,none,0.65,63.115,15.962,79.077,False,0.22475,0.66667,0.35,0.65,0.65,0.48,0.18,False,0.075,False,0.055,True,0.52,8.0,Encryption: encrypted payloads; latency +8 ms; energy +0.045 mJ
EXP_20260511_163907_fcada4,1,12,12.0,9,technician,92.857,36.951,97.466,1.992,Ward-A-R04,0.56,none,False,0.1363,False,none,0.65,61.98,13.583,75.563,False,0.22475,0.66667,0.35,0.65,0.65,0.48,0.18,False,0.075,False,0.055,False,0.52,8.0,Encryption: encrypted payloads; latency +8 ms; energy +0.045 mJ
EXP_20260511_163907_fcada4,1,12,12.0,10,nurse,101.411,37.179,96.759,1.743,Pharmacy-R15,0.734,none,False,0.1806,False,none,0.65,58.172,13.201,71.373,False,0.22475,0.66667,0.35,0.65,0.65,0.48,0.18,False,0.075,False,0.055,False,0.52,8.0,Encryption: encrypted payloads; latency +8 ms; energy +0.045 mJ
EXP_20260511_163907_fcada4,1,12,12.0,11,cleaning_staff,92.997,36.712,94.697,1.664,Emergency-R06,0.379,none,False,0.2048,False,none,0.65,51.131,19.636,70.767,False,0.22475,0.66667,0.35,0.65,0.65,0.48,0.18,False,0.075,False,0.055,False,0.52,8.0,Encryption: encrypted payloads; latency +8 ms; energy +0.045 mJ
EXP_20260511_163907_fcada4,1,12,12.0,12,technician,99.796,37.164,96.419,1.581,Radiology-R15,0.669,none,False,0.1582,False,none,0.65,49.576,15.066,64.642,False,0.22475,0.66667,0.35,0.65,0.65,0.48,0.18,False,0.075,True,0.055,False,0.52,8.0,Encryption: encrypted payloads; latency +8 ms; energy +0.045 mJ
EXP_20260511_163907_fcada4,1,12,12.0,13,physician,96.107,36.811,96.189,1.822,ICU-R07,0.569,none,False,0.2079,False,none,0.65,48.633,14.893,63.525,False,0.22475,0.66667,0.35,0.65,0.65,0.48,0.18,False,0.075,False,0.055,False,0.52,8.0,Encryption: encrypted payloads; latency +8 ms; energy +0.045 mJ
EXP_20260511_163907_fcada4,1,12,12.0,14,technician,103.698,37.048,95.486,1.774,Radiology-R11,0.683,none,False,0.1878,False,none,0.65,53.591,11.688,65.28,False,0.22475,0.66667,0.35,0.65,0.65,0.48,0.18,False,0.075,False,0.055,False,0.52,8.0,Encryption: encrypted payloads; latency +8 ms; energy +0.045 mJ
EXP_20260511_163907_fcada4,1,12,12.0,15,physician,90.067,37.154,94.996,1.023,ICU-R13,0.471,none,False,0.1904,False,none,0.65,56.113,16.238,72.351,False,0.22475,0.66667,0.35,0.65,0.65,0.48,0.18,False,0.075,False,0.055,False,0.52,8.0,Encryption: encrypted payloads; latency +8 ms; energy +0.045 mJ
EXP_20260511_163907_fcada4,1,12,12.0,16,physician,93.521,37.054,94.688,1.262,Radiology-R09,0.531,none,False,0.1356,False,none,0.65,58.218,12.599,70.817,False,0.22475,0.66667,0.35,0.65,0.65,0.48,0.18,False,0.075,False,0.055,False,0.52,8.0,Encryption: encrypted payloads; latency +8 ms; energy +0.045 mJ
EXP_20260511_163907_fcada4,1,12,12.0,17,porter,97.674,36.866,94.38,1.548,Emergency-R05,0.579,none,False,0.2365,False,none,0.65,60.587,15.923,76.51,False,0.22475,0.66667,0.35,0.65,0.65,0.48,0.18,False,0.075,False,0.055,False,0.52,8.0,Encryption: encrypted payloads; latency +8 ms; energy +0.045 mJ
EXP_20260511_163907_fcada4,1,12,12.0,18,physician,106.568,36.92,95.049,1.038,Radiology-R04,0.528,none,False,0.1699,False,none,0.65,61.447,17.366,78.812,False,0.22475,0.66667,0.35,0.65,0.65,0.48,0.18,False,0.075,False,0.055,False,0.52,8.0,Encryption: encrypted payloads; latency +8 ms; energy +0.045 mJ
EXP_20260511_163907_fcada4,1,12,12.0,19,nurse,91.012,37.233,95.074,1.011,Surgery-R01,0.351,none,False,0.1909,False,none,0.65,59.879,14.516,74.395,False,0.22475,0.66667,0.35,0.65,0.65,0.48,0.18,False,0.075,False,0.055,False,0.52,8.0,Encryption: encrypted payloads; latency +8 ms; energy +0.045 mJ
EXP_20260511_163907_fcada4,1,12,12.0,20,technician,100.636,37.026,94.147,1.405,Surgery-R04,0.424,none,False,0.2355,False,none,0.65,59.26,16.193,75.452,False,0.22475,0.66667,0.35,0.65,0.65,0.48,0.18,False,0.075,False,0.055,False,0.52,8.0,Encryption: encrypted payloads; latency +8 ms; energy +0.045 mJ
EXP_20260511_163907_fcada4,1,13,13.0,1,nurse,81.892,37.096,97.235,1.003,Pharmacy-R02,0.308,none,False,0.0604,False,none,0.65,61.311,13.908,75.218,False,0.22475,0.66667,0.35,0.65,0.65,0.48,0.18,False,0.075,False,0.055,False,0.52,8.0,Encryption: encrypted payloads; latency +8 ms; energy +0.045 mJ
EXP_20260511_163907_fcada4,1,13,13.0,2,porter,108.032,37.681,94.386,1.497,Pharmacy-R05,0.789,high_fatigue,True,0.2788,False,none,0.65,49.885,14.444,64.329,False,0.22475,0.66667,0.35,0.65,0.65,0.48,0.18,False,0.075,True,0.055,False,0.52,8.0,Encryption: encrypted payloads; latency +8 ms; energy +0.045 mJ
EXP_20260511_163907_fcada4,1,13,13.0,3,technician,94.416,37.162,94.909,1.335,Ward-A-R08,0.681,none,False,0.154,False,none,0.65,58.124,16.649,74.774,False,0.22475,0.66667,0.35,0.65,0.65,0.48,0.18,False,0.075,False,0.055,False,0.52,8.0,Encryption: encrypted payloads; latency +8 ms; energy +0.045 mJ
EXP_20260511_163907_fcada4,1,13,13.0,4,porter,109.976,37.096,95.175,1.713,Surgery-R07,0.598,none,False,0.2833,False,none,0.65,48.209,11.028,59.238,False,0.22475,0.66667,0.35,0.65,0.65,0.48,0.18,False,0.075,False,0.055,False,0.52,8.0,Encryption: encrypted payloads; latency +8 ms; energy +0.045 mJ
EXP_20260511_163907_fcada4,1,13,13.0,5,technician,89.959,37.444,95.725,0.591,Emergency-R15,0.236,none,False,0.1826,False,none,0.65,51.757,16.244,68.001,False,0.22475,0.66667,0.35,0.65,0.65,0.48,0.18,False,0.075,False,0.055,False,0.52,8.0,Encryption: encrypted payloads; latency +8 ms; energy +0.045 mJ
EXP_20260511_163907_fcada4,1,13,13.0,6,porter,100.745,36.965,94.781,0.916,Emergency-R08,0.647,none,False,0.2332,False,none,0.65,58.109,15.118,73.227,False,0.22475,0.66667,0.35,0.65,0.65,0.48,0.18,False,0.075,False,0.055,False,0.52,8.0,Encryption: encrypted payloads; latency +8 ms; energy +0.045 mJ
EXP_20260511_163907_fcada4,1,13,13.0,7,porter,102.267,36.889,96.082,1.59,Radiology-R08,0.619,none,False,0.1493,False,none,0.65,55.198,16.718,71.915,False,0.22475,0.66667,0.35,0.65,0.65,0.48,0.18,False,0.075,False,0.055,False,0.52,8.0,Encryption: encrypted payloads; latency +8 ms; energy +0.045 mJ
EXP_20260511_163907_fcada4,1,13,13.0,8,porter,102.158,37.032,96.449,1.45,Emergency-R08,0.656,none,False,0.2155,False,none,0.65,47.96,17.662,65.622,False,0.22475,0.66667,0.35,0.65,0.65,0.48,0.18,False,0.075,False,0.055,False,0.52,8.0,Encryption: encrypted payloads; latency +8 ms; energy +0.045 mJ
EXP_20260511_163907_fcada4,1,13,13.0,9,technician,90.308,36.951,97.245,1.198,Emergency-R10,0.464,none,False,0.152,False,none,0.65,56.388,16.533,72.921,False,0.22475,0.66667,0.35,0.65,0.65,0.48,0.18,False,0.075,False,0.055,False,0.52,8.0,Encryption: encrypted payloads; latency +8 ms; energy +0.045 mJ
EXP_20260511_163907_fcada4,1,13,13.0,10,nurse,101.587,37.217,96.66,1.363,Ward-A-R14,0.764,none,False,0.1647,False,none,0.65,52.435,12.432,64.867,False,0.22475,0.66667,0.35,0.65,0.65,0.48,0.18,False,0.075,False,0.055,False,0.52,8.0,Encryption: encrypted payloads; latency +8 ms; energy +0.045 mJ
EXP_20260511_163907_fcada4,1,13,13.0,11,cleaning_staff,87.346,36.673,94.874,0.482,Emergency-R14,0.179,none,False,0.1487,False,none,0.65,47.489,15.603,63.092,False,0.22475,0.66667,0.35,0.65,0.65,0.48,0.18,False,0.075,False,0.055,False,0.52,8.0,Encryption: encrypted payloads; latency +8 ms; energy +0.045 mJ
EXP_20260511_163907_fcada4,1,13,13.0,12,technician,96.196,37.147,96.464,0.898,Radiology-R14,0.533,none,False,0.1222,False,none,0.65,56.149,13.348,69.497,False,0.22475,0.66667,0.35,0.65,0.65,0.48,0.18,False,0.075,False,0.055,False,0.52,8.0,Encryption: encrypted payloads; latency +8 ms; energy +0.045 mJ
EXP_20260511_163907_fcada4,1,13,13.0,13,physician,89.023,36.727,96.144,0.161,ICU-R01,0.296,none,False,0.1356,False,none,0.65,50.608,11.755,62.363,False,0.22475,0.66667,0.35,0.65,0.65,0.48,0.18,False,0.075,False,0.055,False,0.52,8.0,Encryption: encrypted payloads; latency +8 ms; energy +0.045 mJ
EXP_20260511_163907_fcada4,1,13,13.0,14,technician,102.105,38.081,95.254,1.922,Radiology-R01,0.341,heat_stress,True,0.2686,False,none,0.65,53.747,15.59,69.337,False,0.22475,0.66667,0.35,0.65,0.65,0.48,0.18,False,0.075,False,0.055,False,0.52,8.0,Encryption: encrypted payloads; latency +8 ms; energy +0.045 mJ
EXP_20260511_163907_fcada4,1,13,13.0,15,physician,90.326,37.195,94.886,0.856,ICU-R08,0.444,none,False,0.196,False,none,0.65,44.226,15.503,59.729,False,0.22475,0.66667,0.35,0.65,0.65,0.48,0.18,False,0.075,False,0.055,False,0.52,8.0,Encryption: encrypted payloads; latency +8 ms; energy +0.045 mJ
EXP_20260511_163907_fcada4,1,13,13.0,16,physician,93.526,37.091,94.68,1.461,Radiology-R04,0.537,none,False,0.1436,False,none,0.65,48.997,17.416,66.413,False,0.22475,0.66667,0.35,0.65,0.65,0.48,0.18,False,0.075,False,0.055,False,0.52,8.0,Encryption: encrypted payloads; latency +8 ms; energy +0.045 mJ
EXP_20260511_163907_fcada4,1,13,13.0,17,porter,96.719,36.903,94.611,1.355,Surgery-R09,0.556,none,False,0.2162,False,none,0.65,63.606,13.542,77.148,False,0.22475,0.66667,0.35,0.65,0.65,0.48,0.18,False,0.075,False,0.055,False,0.52,8.0,Encryption: encrypted payloads; latency +8 ms; energy +0.045 mJ
EXP_20260511_163907_fcada4,1,13,13.0,18,physician,112.39,37.018,94.837,2.084,Radiology-R12,0.739,none,False,0.2569,False,none,0.65,50.756,15.269,66.025,False,0.22475,0.66667,0.35,0.65,0.65,0.48,0.18,False,0.075,False,0.055,False,0.52,8.0,Encryption: encrypted payloads; latency +8 ms; energy +0.045 mJ
EXP_20260511_163907_fcada4,1,13,13.0,19,nurse,91.927,37.264,95.146,1.22,Radiology-R13,0.355,none,False,0.1256,False,none,0.65,52.84,12.552,65.392,False,0.22475,0.66667,0.35,0.65,0.65,0.48,0.18,False,0.075,False,0.055,False,0.52,8.0,Encryption: encrypted payloads; latency +8 ms; energy +0.045 mJ
EXP_20260511_163907_fcada4,1,13,13.0,20,technician,103.316,37.039,94.14,0.98,Ward-A-R11,0.511,none,False,0.1824,False,none,0.65,63.793,15.306,79.1,False,0.22475,0.66667,0.35,0.65,0.65,0.48,0.18,False,0.075,False,0.055,False,0.52,8.0,Encryption: encrypted payloads; latency +8 ms; energy +0.045 mJ
EXP_20260511_163907_fcada4,1,14,14.0,1,nurse,80.264,37.067,97.122,1.72,Pharmacy-R03,0.232,none,False,0.073,False,none,0.65,65.03,18.246,83.276,False,0.22475,0.66667,0.35,0.65,0.65,0.48,0.18,False,0.075,False,0.055,False,0.52,8.0,Encryption: encrypted payloads; latency +8 ms; energy +0.045 mJ
EXP_20260511_163907_fcada4,1,14,14.0,2,porter,102.053,36.918,96.569,2.08,Pharmacy-R14,0.676,none,False,0.184,False,none,0.65,43.36,16.069,59.43,False,0.22475,0.66667,0.35,0.65,0.65,0.48,0.18,False,0.075,False,0.055,False,0.52,8.0,Encryption: encrypted payloads; latency +8 ms; energy +0.045 mJ
EXP_20260511_163907_fcada4,1,14,14.0,3,technician,96.095,37.235,94.865,1.178,Ward-A-R09,0.732,none,False,0.1717,False,none,0.65,73.291,14.984,88.275,False,0.22475,0.66667,0.35,0.65,0.65,0.48,0.18,False,0.075,False,0.055,False,0.52,8.0,Encryption: encrypted payloads; latency +8 ms; energy +0.045 mJ
EXP_20260511_163907_fcada4,1,14,14.0,4,porter,118.4,38.727,94.649,0.793,Surgery-R01,0.483,heat_stress,True,0.4496,False,none,0.65,51.367,14.025,65.392,False,0.22475,0.66667,0.35,0.65,0.65,0.48,0.18,False,0.075,False,0.055,False,0.52,8.0,Encryption: encrypted payloads; latency +8 ms; energy +0.045 mJ
EXP_20260511_163907_fcada4,1,14,14.0,5,technician,97.568,37.522,95.838,1.551,Emergency-R01,0.543,none,False,0.2463,False,none,0.65,57.151,14.612,71.763,False,0.22475,0.66667,0.35,0.65,0.65,0.48,0.18,False,0.075,False,0.055,False,0.52,8.0,Encryption: encrypted payloads; latency +8 ms; energy +0.045 mJ
EXP_20260511_163907_fcada4,1,14,14.0,6,porter,101.473,36.991,94.589,1.421,Emergency-R04,0.641,none,False,0.2415,False,none,0.65,52.535,14.956,67.491,False,0.22475,0.66667,0.35,0.65,0.65,0.48,0.18,False,0.075,False,0.055,False,0.52,8.0,Encryption: encrypted payloads; latency +8 ms; energy +0.045 mJ
EXP_20260511_163907_fcada4,1,14,14.0,7,porter,104.462,36.902,95.977,1.584,Surgery-R14,0.694,none,False,0.2328,False,none,0.65,49.577,15.901,65.478,False,0.22475,0.66667,0.35,0.65,0.65,0.48,0.18,False,0.075,False,0.055,False,0.52,8.0,Encryption: encrypted payloads; latency +8 ms; energy +0.045 mJ
EXP_20260511_163907_fcada4,1,14,14.0,8,porter,104.406,37.073,96.184,1.572,Emergency-R03,0.716,none,False,0.2395,False,none,0.65,61.906,14.86,76.766,False,0.22475,0.66667,0.35,0.65,0.65,0.48,0.18,False,0.075,False,0.055,False,0.52,8.0,Encryption: encrypted payloads; latency +8 ms; energy +0.045 mJ
EXP_20260511_163907_fcada4,1,14,14.0,9,technician,90.988,36.948,97.305,1.049,Ward-B-R09,0.461,none,False,0.0844,False,none,0.65,49.831,15.513,65.345,False,0.22475,0.66667,0.35,0.65,0.65,0.48,0.18,False,0.075,True,0.055,False,0.52,8.0,Encryption: encrypted payloads; latency +8 ms; energy +0.045 mJ
EXP_20260511_163907_fcada4,1,14,14.0,10,nurse,100.06,37.196,96.551,1.934,Pharmacy-R15,0.682,none,False,0.1858,False,none,0.65,55.129,15.203,70.333,False,0.22475,0.66667,0.35,0.65,0.65,0.48,0.18,False,0.075,True,0.055,False,0.52,8.0,Encryption: encrypted payloads; latency +8 ms; energy +0.045 mJ
EXP_20260511_163907_fcada4,1,14,14.0,11,cleaning_staff,94.97,36.73,94.656,1.174,Emergency-R09,0.421,none,False,0.1991,False,none,0.65,56.455,14.008,70.463,False,0.22475,0.66667,0.35,0.65,0.65,0.48,0.18,False,0.075,False,0.055,False,0.52,8.0,Encryption: encrypted payloads; latency +8 ms; energy +0.045 mJ
EXP_20260511_163907_fcada4,1,14,14.0,12,technician,96.123,37.152,96.316,1.095,Pharmacy-R01,0.539,none,False,0.1228,False,none,0.65,45.047,14.349,59.396,False,0.22475,0.66667,0.35,0.65,0.65,0.48,0.18,False,0.075,False,0.055,False,0.52,8.0,Encryption: encrypted payloads; latency +8 ms; energy +0.045 mJ
EXP_20260511_163907_fcada4,1,14,14.0,13,physician,90.411,36.74,96.447,0.717,ICU-R08,0.329,none,False,0.143,False,none,0.65,48.638,15.62,64.258,False,0.22475,0.66667,0.35,0.65,0.65,0.48,0.18,False,0.075,False,0.055,False,0.52,8.0,Encryption: encrypted payloads; latency +8 ms; energy +0.045 mJ
EXP_20260511_163907_fcada4,1,14,14.0,14,technician,93.792,36.891,95.563,0.781,Radiology-R15,0.284,none,False,0.093,False,none,0.65,58.775,19.043,77.818,False,0.22475,0.66667,0.35,0.65,0.65,0.48,0.18,False,0.075,False,0.055,False,0.52,8.0,Encryption: encrypted payloads; latency +8 ms; energy +0.045 mJ
EXP_20260511_163907_fcada4,1,14,14.0,15,physician,93.797,37.289,94.545,1.622,ICU-R03,0.581,none,False,0.2496,False,none,0.65,58.246,19.04,77.286,False,0.22475,0.66667,0.35,0.65,0.65,0.48,0.18,False,0.075,False,0.055,False,0.52,8.0,Encryption: encrypted payloads; latency +8 ms; energy +0.045 mJ
EXP_20260511_163907_fcada4,1,14,14.0,16,physician,106.003,37.464,100.0,0.936,Radiology-R09,0.458,none,False,0.1824,False,none,0.65,60.131,17.56,77.691,False,0.22475,0.66667,0.35,0.65,0.65,0.48,0.18,False,0.075,False,0.055,True,0.52,8.0,Encryption: encrypted payloads; latency +8 ms; energy +0.045 mJ
EXP_20260511_163907_fcada4,1,14,14.0,17,porter,98.56,36.864,94.62,2.634,Surgery-R06,0.628,none,False,0.3071,False,none,0.65,62.939,17.616,80.555,False,0.22475,0.66667,0.35,0.65,0.65,0.48,0.18,False,0.075,False,0.055,False,0.52,8.0,Encryption: encrypted payloads; latency +8 ms; energy +0.045 mJ
EXP_20260511_163907_fcada4,1,14,14.0,18,physician,110.317,37.004,94.965,1.588,Radiology-R13,0.654,none,False,0.207,False,none,0.65,46.731,15.244,61.975,False,0.22475,0.66667,0.35,0.65,0.65,0.48,0.18,False,0.075,False,0.055,False,0.52,8.0,Encryption: encrypted payloads; latency +8 ms; energy +0.045 mJ
EXP_20260511_163907_fcada4,1,14,14.0,19,nurse,94.592,37.348,94.94,1.409,Surgery-R04,0.461,none,False,0.2263,False,none,0.65,49.376,17.822,67.198,False,0.22475,0.66667,0.35,0.65,0.65,0.48,0.18,False,0.075,False,0.055,False,0.52,8.0,Encryption: encrypted payloads; latency +8 ms; energy +0.045 mJ
EXP_20260511_163907_fcada4,1,14,14.0,20,technician,100.415,37.05,94.128,1.543,Surgery-R11,0.402,none,False,0.2447,False,none,0.65,58.441,12.635,71.076,False,0.22475,0.66667,0.35,0.65,0.65,0.48,0.18,False,0.075,False,0.055,False,0.52,8.0,Encryption: encrypted payloads; latency +8 ms; energy +0.045 mJ
EXP_20260511_163907_fcada4,1,15,15.0,1,nurse,84.784,37.167,97.004,1.316,Pharmacy-R04,0.42,none,False,0.0749,False,none,0.65,35.386,18.185,53.571,False,0.22475,0.66667,0.35,0.65,0.65,0.48,0.18,False,0.075,False,0.055,False,0.52,8.0,Encryption: encrypted payloads; latency +8 ms; energy +0.045 mJ
EXP_20260511_163907_fcada4,1,15,15.0,2,porter,100.519,36.904,96.362,1.384,Pharmacy-R08,0.608,none,False,0.1299,False,none,0.65,56.298,18.155,74.453,False,0.22475,0.66667,0.35,0.65,0.65,0.48,0.18,False,0.075,False,0.055,False,0.52,8.0,Encryption: encrypted payloads; latency +8 ms; energy +0.045 mJ
EXP_20260511_163907_fcada4,1,15,15.0,3,technician,106.503,39.441,92.648,1.151,Ward-A-R04,0.655,heat_stress,True,0.4625,False,none,0.65,56.003,14.743,70.746,False,0.22475,0.66667,0.35,0.65,0.65,0.48,0.18,False,0.075,False,0.055,True,0.52,8.0,Encryption: encrypted payloads; latency +8 ms; energy +0.045 mJ
EXP_20260511_163907_fcada4,1,15,15.0,4,porter,104.964,37.076,95.053,1.185,Surgery-R03,0.401,none,False,0.2319,False,none,0.65,59.476,12.416,71.892,False,0.22475,0.66667,0.35,0.65,0.65,0.48,0.18,False,0.075,False,0.055,False,0.52,8.0,Encryption: encrypted payloads; latency +8 ms; energy +0.045 mJ
EXP_20260511_163907_fcada4,1,15,15.0,5,technician,98.427,37.539,95.608,1.615,Emergency-R09,0.58,none,False,0.2634,False,none,0.65,64.674,15.517,80.191,False,0.22475,0.66667,0.35,0.65,0.65,0.48,0.18,False,0.075,False,0.055,False,0.52,8.0,Encryption: encrypted payloads; latency +8 ms; energy +0.045 mJ
EXP_20260511_163907_fcada4,1,15,15.0,6,porter,95.905,36.884,94.671,1.3,Emergency-R02,0.396,none,False,0.2005,False,none,0.65,47.482,13.904,61.386,False,0.22475,0.66667,0.35,0.65,0.65,0.48,0.18,False,0.075,False,0.055,False,0.52,8.0,Encryption: encrypted payloads; latency +8 ms; energy +0.045 mJ
EXP_20260511_163907_fcada4,1,15,15.0,7,porter,103.008,36.913,95.754,1.601,Radiology-R14,0.613,none,False,0.1584,False,none,0.65,54.602,12.527,67.13,False,0.22475,0.66667,0.35,0.65,0.65,0.48,0.18,False,0.075,False,0.055,False,0.52,8.0,Encryption: encrypted payloads; latency +8 ms; energy +0.045 mJ
EXP_20260511_163907_fcada4,1,15,15.0,8,porter,105.275,37.094,96.164,0.872,Emergency-R05,0.769,none,False,0.2373,False,none,0.65,58.2,14.039,72.239,False,0.22475,0.66667,0.35,0.65,0.65,0.48,0.18,False,0.075,False,0.055,False,0.52,8.0,Encryption: encrypted payloads; latency +8 ms; energy +0.045 mJ
EXP_20260511_163907_fcada4,1,15,15.0,9,technician,91.989,36.985,97.498,0.657,Ward-A-R04,0.467,none,False,0.0885,False,none,0.65,57.702,12.267,69.969,False,0.22475,0.66667,0.35,0.65,0.65,0.48,0.18,False,0.075,False,0.055,False,0.52,8.0,Encryption: encrypted payloads; latency +8 ms; energy +0.045 mJ
EXP_20260511_163907_fcada4,1,15,15.0,10,nurse,99.811,37.189,96.836,1.238,Pharmacy-R13,0.637,none,False,0.1467,False,none,0.65,55.256,16.293,71.549,False,0.22475,0.66667,0.35,0.65,0.65,0.48,0.18,False,0.075,False,0.055,False,0.52,8.0,Encryption: encrypted payloads; latency +8 ms; energy +0.045 mJ
EXP_20260511_163907_fcada4,1,15,15.0,11,cleaning_staff,92.724,36.714,94.767,0.841,Emergency-R01,0.365,none,False,0.1842,False,none,0.65,44.326,15.141,59.467,False,0.22475,0.66667,0.35,0.65,0.65,0.48,0.18,False,0.075,False,0.055,False,0.52,8.0,Encryption: encrypted payloads; latency +8 ms; energy +0.045 mJ
EXP_20260511_163907_fcada4,1,15,15.0,12,technician,94.744,37.107,96.359,0.747,Radiology-R09,0.472,none,False,0.1089,False,none,0.65,62.483,12.875,75.358,False,0.22475,0.66667,0.35,0.65,0.65,0.48,0.18,False,0.075,False,0.055,False,0.52,8.0,Encryption: encrypted payloads; latency +8 ms; energy +0.045 mJ
EXP_20260511_163907_fcada4,1,15,15.0,13,physician,86.986,36.692,96.228,0.887,Ward-A-R11,0.207,none,False,0.0518,False,none,0.65,55.754,15.612,71.366,False,0.22475,0.66667,0.35,0.65,0.65,0.48,0.18,False,0.075,False,0.055,False,0.52,8.0,Encryption: encrypted payloads; latency +8 ms; energy +0.045 mJ
EXP_20260511_163907_fcada4,1,15,15.0,14,technician,107.582,37.072,95.481,1.557,Radiology-R04,0.832,none,False,0.201,False,none,0.65,50.764,14.17,64.934,False,0.22475,0.66667,0.35,0.65,0.65,0.48,0.18,False,0.075,False,0.055,False,0.52,8.0,Encryption: encrypted payloads; latency +8 ms; energy +0.045 mJ
EXP_20260511_163907_fcada4,1,15,15.0,15,physician,89.371,37.249,94.804,1.225,ICU-R01,0.384,none,False,0.1952,False,none,0.65,57.762,15.231,72.993,False,0.22475,0.66667,0.35,0.65,0.65,0.48,0.18,False,0.075,False,0.055,False,0.52,8.0,Encryption: encrypted payloads; latency +8 ms; energy +0.045 mJ
EXP_20260511_163907_fcada4,1,15,15.0,16,physician,93.424,37.074,94.858,1.411,Radiology-R07,0.541,none,False,0.1345,False,none,0.65,69.776,15.447,85.223,False,0.22475,0.66667,0.35,0.65,0.65,0.48,0.18,False,0.075,False,0.055,False,0.52,8.0,Encryption: encrypted payloads; latency +8 ms; energy +0.045 mJ
EXP_20260511_163907_fcada4,1,15,15.0,17,porter,96.124,36.83,94.426,0.582,Surgery-R04,0.506,none,False,0.2149,False,none,0.65,62.076,12.784,74.859,False,0.22475,0.66667,0.35,0.65,0.65,0.48,0.18,False,0.075,False,0.055,False,0.52,8.0,Encryption: encrypted payloads; latency +8 ms; energy +0.045 mJ
EXP_20260511_163907_fcada4,1,15,15.0,18,physician,110.457,37.043,94.765,1.427,Radiology-R10,0.655,none,False,0.2057,False,none,0.65,54.423,16.371,70.794,False,0.22475,0.66667,0.35,0.65,0.65,0.48,0.18,False,0.075,False,0.055,False,0.52,8.0,Encryption: encrypted payloads; latency +8 ms; energy +0.045 mJ
EXP_20260511_163907_fcada4,1,15,15.0,19,nurse,95.493,37.352,94.79,1.208,Surgery-R15,0.473,none,False,0.2339,False,none,0.65,50.067,18.388,68.455,False,0.22475,0.66667,0.35,0.65,0.65,0.48,0.18,False,0.075,False,0.055,False,0.52,8.0,Encryption: encrypted payloads; latency +8 ms; energy +0.045 mJ
EXP_20260511_163907_fcada4,1,15,15.0,20,technician,99.504,37.031,94.072,1.258,Surgery-R12,0.366,none,False,0.2292,False,none,0.65,40.878,9.412,50.29,False,0.22475,0.66667,0.35,0.65,0.65,0.48,0.18,False,0.075,False,0.055,False,0.52,8.0,Encryption: encrypted payloads; latency +8 ms; energy +0.045 mJ
EXP_20260511_163907_fcada4,1,16,16.0,1,nurse,80.353,37.073,97.018,0.624,Pharmacy-R05,0.215,none,False,0.0518,False,none,0.65,68.689,12.286,80.975,False,0.22475,0.66667,0.35,0.65,0.65,0.48,0.18,False,0.075,False,0.055,False,0.52,8.0,Encryption: encrypted payloads; latency +8 ms; energy +0.045 mJ
EXP_20260511_163907_fcada4,1,16,16.0,2,porter,101.671,36.95,96.465,1.752,Pharmacy-R01,0.653,none,False,0.1599,False,none,0.65,57.131,15.692,72.823,False,0.22475,0.66667,0.35,0.65,0.65,0.48,0.18,False,0.075,False,0.055,False,0.52,8.0,Encryption: encrypted payloads; latency +8 ms; energy +0.045 mJ
EXP_20260511_163907_fcada4,1,16,16.0,3,technician,101.888,37.334,94.661,1.954,Ward-A-R02,0.905,none,False,0.2549,False,none,0.65,51.883,15.097,66.98,False,0.22475,0.66667,0.35,0.65,0.65,0.48,0.18,False,0.075,False,0.055,False,0.52,8.0,Encryption: encrypted payloads; latency +8 ms; energy +0.045 mJ
EXP_20260511_163907_fcada4,1,16,16.0,4,porter,107.315,37.132,94.909,1.384,Surgery-R13,0.451,none,False,0.2528,False,none,0.65,57.621,16.314,73.935,False,0.22475,0.66667,0.35,0.65,0.65,0.48,0.18,False,0.075,False,0.055,False,0.52,8.0,Encryption: encrypted payloads; latency +8 ms; energy +0.045 mJ
EXP_20260511_163907_fcada4,1,16,16.0,5,technician,95.149,37.526,95.822,1.297,Emergency-R02,0.415,none,False,0.2194,False,none,0.65,60.159,17.394,77.553,False,0.22475,0.66667,0.35,0.65,0.65,0.48,0.18,False,0.075,False,0.055,False,0.52,8.0,Encryption: encrypted payloads; latency +8 ms; energy +0.045 mJ
EXP_20260511_163907_fcada4,1,16,16.0,6,porter,103.49,37.647,100.0,1.793,Emergency-R10,0.615,none,False,0.2963,False,none,0.65,47.678,14.716,62.394,False,0.22475,0.66667,0.35,0.65,0.65,0.48,0.18,False,0.075,False,0.055,True,0.52,8.0,Encryption: encrypted payloads; latency +8 ms; energy +0.045 mJ
EXP_20260511_163907_fcada4,1,16,16.0,7,porter,104.574,36.919,95.76,1.265,Radiology-R04,0.665,none,False,0.1547,False,none,0.65,58.206,13.856,72.062,False,0.22475,0.66667,0.35,0.65,0.65,0.48,0.18,False,0.075,False,0.055,False,0.52,8.0,Encryption: encrypted payloads; latency +8 ms; energy +0.045 mJ
EXP_20260511_163907_fcada4,1,16,16.0,8,porter,108.567,37.133,96.148,1.549,Emergency-R03,0.846,none,False,0.2681,False,none,0.65,57.06,15.654,72.714,False,0.22475,0.66667,0.35,0.65,0.65,0.48,0.18,False,0.075,False,0.055,False,0.52,8.0,Encryption: encrypted payloads; latency +8 ms; energy +0.045 mJ
EXP_20260511_163907_fcada4,1,16,16.0,9,technician,89.99,36.975,97.247,1.123,Ward-A-R12,0.412,none,False,0.0772,False,none,0.65,60.236,17.409,77.644,False,0.22475,0.66667,0.35,0.65,0.65,0.48,0.18,False,0.075,False,0.055,False,0.52,8.0,Encryption: encrypted payloads; latency +8 ms; energy +0.045 mJ
EXP_20260511_163907_fcada4,1,16,16.0,10,nurse,105.607,37.284,96.589,1.61,Pharmacy-R05,0.915,none,False,0.2099,False,none,0.65,66.267,12.609,78.876,False,0.22475,0.66667,0.35,0.65,0.65,0.48,0.18,False,0.075,False,0.055,False,0.52,8.0,Encryption: encrypted payloads; latency +8 ms; energy +0.045 mJ
EXP_20260511_163907_fcada4,1,16,16.0,11,cleaning_staff,92.924,36.707,94.606,0.905,Emergency-R02,0.397,none,False,0.1911,False,none,0.65,50.957,13.314,64.27,False,0.22475,0.66667,0.35,0.65,0.65,0.48,0.18,False,0.075,False,0.055,False,0.52,8.0,Encryption: encrypted payloads; latency +8 ms; energy +0.045 mJ
EXP_20260511_163907_fcada4,1,16,16.0,12,technician,96.564,37.195,96.249,1.623,Radiology-R07,0.538,none,False,0.1427,False,none,0.65,41.199,15.644,56.844,False,0.22475,0.66667,0.35,0.65,0.65,0.48,0.18,False,0.075,False,0.055,False,0.52,8.0,Encryption: encrypted payloads; latency +8 ms; energy +0.045 mJ
EXP_20260511_163907_fcada4,1,16,16.0,13,physician,81.022,36.696,95.161,1.485,ICU-R10,0.369,none,False,0.1518,False,none,0.65,62.649,9.309,71.957,False,0.22475,0.66667,0.35,0.65,0.65,0.48,0.18,False,0.075,True,0.055,True,0.52,8.0,Encryption: encrypted payloads; latency +8 ms; energy +0.045 mJ
EXP_20260511_163907_fcada4,1,16,16.0,14,technician,99.224,36.964,95.592,0.918,Radiology-R12,0.497,none,False,0.1273,False,none,0.65,37.774,16.6,54.374,False,0.22475,0.66667,0.35,0.65,0.65,0.48,0.18,False,0.075,False,0.055,False,0.52,8.0,Encryption: encrypted payloads; latency +8 ms; energy +0.045 mJ
EXP_20260511_163907_fcada4,1,16,16.0,15,physician,92.606,37.256,94.582,1.167,ICU-R13,0.476,none,False,0.2197,False,none,0.65,45.858,15.301,61.159,False,0.22475,0.66667,0.35,0.65,0.65,0.48,0.18,False,0.075,False,0.055,False,0.52,8.0,Encryption: encrypted payloads; latency +8 ms; energy +0.045 mJ
EXP_20260511_163907_fcada4,1,16,16.0,16,physician,87.465,37.018,94.853,1.644,Radiology-R10,0.317,none,False,0.1067,False,none,0.65,57.133,17.211,74.345,False,0.22475,0.66667,0.35,0.65,0.65,0.48,0.18,False,0.075,False,0.055,False,0.52,8.0,Encryption: encrypted payloads; latency +8 ms; energy +0.045 mJ
EXP_20260511_163907_fcada4,1,16,16.0,17,porter,94.028,36.862,94.649,1.527,Surgery-R08,0.444,none,False,0.2056,False,none,0.65,53.804,14.657,68.461,False,0.22475,0.66667,0.35,0.65,0.65,0.48,0.18,False,0.075,False,0.055,False,0.52,8.0,Encryption: encrypted payloads; latency +8 ms; energy +0.045 mJ
EXP_20260511_163907_fcada4,1,16,16.0,18,physician,107.509,36.99,94.895,1.747,Radiology-R07,0.54,none,False,0.2003,False,none,0.65,55.795,8.579,64.374,False,0.22475,0.66667,0.35,0.65,0.65,0.48,0.18,False,0.075,False,0.055,False,0.52,8.0,Encryption: encrypted payloads; latency +8 ms; energy +0.045 mJ
EXP_20260511_163907_fcada4,1,16,16.0,19,nurse,94.13,37.328,95.039,1.581,Surgery-R15,0.423,none,False,0.2287,False,none,0.65,58.97,13.876,72.846,False,0.22475,0.66667,0.35,0.65,0.65,0.48,0.18,False,0.075,False,0.055,False,0.52,8.0,Encryption: encrypted payloads; latency +8 ms; energy +0.045 mJ
EXP_20260511_163907_fcada4,1,16,16.0,20,technician,106.02,37.112,94.082,1.225,Surgery-R06,0.604,none,False,0.2771,False,none,0.65,55.382,14.505,69.887,False,0.22475,0.66667,0.35,0.65,0.65,0.48,0.18,False,0.075,False,0.055,False,0.52,8.0,Encryption: encrypted payloads; latency +8 ms; energy +0.045 mJ
EXP_20260511_163907_fcada4,1,17,17.0,1,nurse,75.731,37.074,97.081,0.524,Pharmacy-R08,0.05,none,False,0.0403,False,none,0.65,53.736,10.905,64.641,False,0.22475,0.66667,0.35,0.65,0.65,0.48,0.18,False,0.075,False,0.055,False,0.52,8.0,Encryption: encrypted payloads; latency +8 ms; energy +0.045 mJ
EXP_20260511_163907_fcada4,1,17,17.0,2,porter,100.531,36.89,96.355,0.895,Pharmacy-R12,0.593,none,False,0.1288,False,none,0.65,57.2,14.714,71.913,False,0.22475,0.66667,0.35,0.65,0.65,0.48,0.18,False,0.075,False,0.055,False,0.52,8.0,Encryption: encrypted payloads; latency +8 ms; energy +0.045 mJ
EXP_20260511_163907_fcada4,1,17,17.0,3,technician,99.567,37.293,94.576,1.959,Ward-A-R14,0.816,none,False,0.2387,False,none,0.65,53.823,13.742,67.565,False,0.22475,0.66667,0.35,0.65,0.65,0.48,0.18,False,0.075,False,0.055,False,0.52,8.0,Encryption: encrypted payloads; latency +8 ms; energy +0.045 mJ
EXP_20260511_163907_fcada4,1,17,17.0,4,porter,103.538,37.061,95.071,1.224,Surgery-R09,0.295,none,False,0.2175,False,none,0.65,53.039,15.161,68.2,False,0.22475,0.66667,0.35,0.65,0.65,0.48,0.18,False,0.075,True,0.055,False,0.52,8.0,Encryption: encrypted payloads; latency +8 ms; energy +0.045 mJ
EXP_20260511_163907_fcada4,1,17,17.0,5,technician,92.113,37.477,95.83,0.688,Emergency-R08,0.314,none,False,0.1964,False,none,0.65,57.876,14.102,71.978,False,0.22475,0.66667,0.35,0.65,0.65,0.48,0.18,False,0.075,True,0.055,False,0.52,8.0,Encryption: encrypted payloads; latency +8 ms; energy +0.045 mJ
EXP_20260511_163907_fcada4,1,17,17.0,6,porter,109.158,37.092,94.306,1.714,Emergency-R10,0.858,none,False,0.3194,False,none,0.65,48.861,15.416,64.278,False,0.22475,0.66667,0.35,0.65,0.65,0.48,0.18,False,0.075,False,0.055,False,0.52,8.0,Encryption: encrypted payloads; latency +8 ms; energy +0.045 mJ
EXP_20260511_163907_fcada4,1,17,17.0,7,porter,83.468,37.814,96.704,0.0,Radiology-R11,0.321,none,False,0.1276,False,none,0.65,51.596,15.514,67.11,False,0.22475,0.66667,0.35,0.65,0.65,0.48,0.18,False,0.075,False,0.055,True,0.52,8.0,Encryption: encrypted payloads; latency +8 ms; energy +0.045 mJ
EXP_20260511_163907_fcada4,1,17,17.0,8,porter,104.538,37.11,96.22,1.884,Emergency-R09,0.697,none,False,0.2622,False,none,0.65,64.68,16.913,81.594,False,0.22475,0.66667,0.35,0.65,0.65,0.48,0.18,False,0.075,False,0.055,False,0.52,8.0,Encryption: encrypted payloads; latency +8 ms; energy +0.045 mJ
EXP_20260511_163907_fcada4,1,17,17.0,9,technician,87.714,36.934,97.26,1.611,Ward-A-R08,0.285,none,False,0.0735,False,none,0.65,48.071,13.286,61.358,False,0.22475,0.66667,0.35,0.65,0.65,0.48,0.18,False,0.075,False,0.055,False,0.52,8.0,Encryption: encrypted payloads; latency +8 ms; energy +0.045 mJ
EXP_20260511_163907_fcada4,1,17,17.0,10,nurse,107.111,37.302,96.601,2.4,Pharmacy-R01,0.92,none,False,0.2682,False,none,0.65,55.08,14.96,70.041,False,0.22475,0.66667,0.35,0.65,0.65,0.48,0.18,False,0.075,False,0.055,False,0.52,8.0,Encryption: encrypted payloads; latency +8 ms; energy +0.045 mJ
EXP_20260511_163907_fcada4,1,17,17.0,11,cleaning_staff,94.616,36.76,94.684,0.912,Emergency-R08,0.458,none,False,0.1997,False,none,0.65,52.424,14.444,66.868,False,0.22475,0.66667,0.35,0.65,0.65,0.48,0.18,False,0.075,False,0.055,False,0.52,8.0,Encryption: encrypted payloads; latency +8 ms; energy +0.045 mJ
EXP_20260511_163907_fcada4,1,17,17.0,12,technician,98.494,37.187,96.218,0.514,Radiology-R12,0.613,none,False,0.14,False,none,0.65,50.001,18.601,68.602,False,0.22475,0.66667,0.35,0.65,0.65,0.48,0.18,False,0.075,True,0.055,False,0.52,8.0,Encryption: encrypted payloads; latency +8 ms; energy +0.045 mJ
EXP_20260511_163907_fcada4,1,17,17.0,13,physician,95.775,36.793,96.29,1.42,ICU-R06,0.516,none,False,0.1772,False,none,0.65,50.282,16.361,66.643,False,0.22475,0.66667,0.35,0.65,0.65,0.48,0.18,False,0.075,False,0.055,False,0.52,8.0,Encryption: encrypted payloads; latency +8 ms; energy +0.045 mJ
EXP_20260511_163907_fcada4,1,17,17.0,14,technician,97.294,36.935,95.689,1.116,Radiology-R15,0.429,none,False,0.113,False,none,0.65,42.488,16.362,58.85,False,0.22475,0.66667,0.35,0.65,0.65,0.48,0.18,False,0.075,False,0.055,False,0.52,8.0,Encryption: encrypted payloads; latency +8 ms; energy +0.045 mJ
EXP_20260511_163907_fcada4,1,17,17.0,15,physician,89.11,37.208,94.502,1.611,ICU-R01,0.313,none,False,0.2065,False,none,0.65,49.486,13.947,63.433,False,0.22475,0.66667,0.35,0.65,0.65,0.48,0.18,False,0.075,False,0.055,False,0.52,8.0,Encryption: encrypted payloads; latency +8 ms; energy +0.045 mJ
EXP_20260511_163907_fcada4,1,17,17.0,16,physician,92.231,37.03,94.803,1.225,Ward-B-R06,0.474,none,False,0.1219,False,none,0.65,63.811,11.497,75.308,False,0.22475,0.66667,0.35,0.65,0.65,0.48,0.18,False,0.075,False,0.055,False,0.52,8.0,Encryption: encrypted payloads; latency +8 ms; energy +0.045 mJ
EXP_20260511_163907_fcada4,1,17,17.0,17,porter,98.092,36.833,94.279,1.135,Surgery-R01,0.564,none,False,0.2299,False,none,0.65,47.625,15.638,63.264,False,0.22475,0.66667,0.35,0.65,0.65,0.48,0.18,False,0.075,False,0.055,False,0.52,8.0,Encryption: encrypted payloads; latency +8 ms; energy +0.045 mJ
EXP_20260511_163907_fcada4,1,17,17.0,18,physician,116.983,35.357,97.854,0.792,Radiology-R09,0.714,none,False,0.1981,False,none,0.65,47.313,14.209,61.522,False,0.22475,0.66667,0.35,0.65,0.65,0.48,0.18,False,0.075,False,0.055,True,0.52,8.0,Encryption: encrypted payloads; latency +8 ms; energy +0.045 mJ
EXP_20260511_163907_fcada4,1,17,17.0,19,nurse,94.382,37.307,95.08,1.112,Surgery-R01,0.377,none,False,0.2119,False,none,0.65,56.26,13.523,69.783,False,0.22475,0.66667,0.35,0.65,0.65,0.48,0.18,False,0.075,False,0.055,False,0.52,8.0,Encryption: encrypted payloads; latency +8 ms; energy +0.045 mJ
EXP_20260511_163907_fcada4,1,17,17.0,20,technician,121.507,38.13,93.666,1.338,Surgery-R04,0.341,heat_stress,True,0.42,False,none,0.65,59.774,12.906,72.68,False,0.22475,0.66667,0.35,0.65,0.65,0.48,0.18,False,0.075,False,0.055,False,0.52,8.0,Encryption: encrypted payloads; latency +8 ms; energy +0.045 mJ
EXP_20260511_163907_fcada4,1,18,18.0,1,nurse,77.884,37.063,97.105,1.273,Pharmacy-R06,0.093,none,False,0.0424,False,none,0.65,52.661,14.33,66.991,False,0.22475,0.66667,0.35,0.65,0.65,0.48,0.18,False,0.075,False,0.055,False,0.52,8.0,Encryption: encrypted payloads; latency +8 ms; energy +0.045 mJ
EXP_20260511_163907_fcada4,1,18,18.0,2,porter,106.494,37.033,96.32,2.258,Pharmacy-R14,0.785,none,False,0.2226,False,none,0.65,44.319,17.763,62.082,False,0.22475,0.66667,0.35,0.65,0.65,0.48,0.18,False,0.075,False,0.055,False,0.52,8.0,Encryption: encrypted payloads; latency +8 ms; energy +0.045 mJ
EXP_20260511_163907_fcada4,1,18,18.0,3,technician,101.815,37.305,94.546,1.915,Ward-A-R04,0.873,none,False,0.2499,False,none,0.65,51.384,13.637,65.021,False,0.22475,0.66667,0.35,0.65,0.65,0.48,0.18,False,0.075,False,0.055,False,0.52,8.0,Encryption: encrypted payloads; latency +8 ms; energy +0.045 mJ
EXP_20260511_163907_fcada4,1,18,18.0,4,porter,107.687,37.139,94.865,0.249,Surgery-R08,0.465,none,False,0.2569,False,none,0.65,55.717,14.893,70.61,False,0.22475,0.66667,0.35,0.65,0.65,0.48,0.18,False,0.075,False,0.055,False,0.52,8.0,Encryption: encrypted payloads; latency +8 ms; energy +0.045 mJ
EXP_20260511_163907_fcada4,1,18,18.0,5,technician,98.087,37.552,95.544,0.993,Emergency-R15,0.537,none,False,0.248,False,none,0.65,43.858,13.403,57.261,False,0.22475,0.66667,0.35,0.65,0.65,0.48,0.18,False,0.075,False,0.055,False,0.52,8.0,Encryption: encrypted payloads; latency +8 ms; energy +0.045 mJ
EXP_20260511_163907_fcada4,1,18,18.0,6,porter,101.649,36.997,94.595,1.694,Emergency-R10,0.535,none,False,0.2522,False,none,0.65,54.19,13.468,67.658,False,0.22475,0.66667,0.35,0.65,0.65,0.48,0.18,False,0.075,False,0.055,False,0.52,8.0,Encryption: encrypted payloads; latency +8 ms; energy +0.045 mJ
EXP_20260511_163907_fcada4,1,18,18.0,7,porter,104.449,36.926,95.944,1.38,Radiology-R04,0.561,none,False,0.1425,False,none,0.65,61.722,15.823,77.545,False,0.22475,0.66667,0.35,0.65,0.65,0.48,0.18,False,0.075,False,0.055,False,0.52,8.0,Encryption: encrypted payloads; latency +8 ms; energy +0.045 mJ
EXP_20260511_163907_fcada4,1,18,18.0,8,porter,106.265,37.114,96.003,2.104,Emergency-R08,0.732,none,False,0.2856,False,none,0.65,51.873,14.33,66.203,False,0.22475,0.66667,0.35,0.65,0.65,0.48,0.18,False,0.075,False,0.055,False,0.52,8.0,Encryption: encrypted payloads; latency +8 ms; energy +0.045 mJ
EXP_20260511_163907_fcada4,1,18,18.0,9,technician,87.165,36.962,97.396,0.832,Ward-A-R03,0.274,none,False,0.0572,False,none,0.65,59.999,16.568,76.568,False,0.22475,0.66667,0.35,0.65,0.65,0.48,0.18,False,0.075,True,0.055,False,0.52,8.0,Encryption: encrypted payloads; latency +8 ms; energy +0.045 mJ
EXP_20260511_163907_fcada4,1,18,18.0,10,nurse,104.746,37.278,96.656,1.043,Pharmacy-R08,0.804,none,False,0.1848,False,none,0.65,58.637,13.717,72.354,False,0.22475,0.66667,0.35,0.65,0.65,0.48,0.18,False,0.075,False,0.055,False,0.52,8.0,Encryption: encrypted payloads; latency +8 ms; energy +0.045 mJ
EXP_20260511_163907_fcada4,1,18,18.0,11,cleaning_staff,90.808,36.706,94.622,0.945,Emergency-R10,0.309,none,False,0.1768,False,none,0.65,50.11,15.081,65.191,False,0.22475,0.66667,0.35,0.65,0.65,0.48,0.18,False,0.075,False,0.055,False,0.52,8.0,Encryption: encrypted payloads; latency +8 ms; energy +0.045 mJ
EXP_20260511_163907_fcada4,1,18,18.0,12,technician,95.104,37.133,96.251,1.658,Radiology-R09,0.467,none,False,0.1288,False,none,0.65,61.982,11.825,73.807,False,0.22475,0.66667,0.35,0.65,0.65,0.48,0.18,False,0.075,False,0.055,False,0.52,8.0,Encryption: encrypted payloads; latency +8 ms; energy +0.045 mJ
EXP_20260511_163907_fcada4,1,18,18.0,13,physician,96.289,36.824,96.047,1.653,ICU-R13,0.528,none,False,0.1949,False,none,0.65,39.673,17.017,56.69,False,0.22475,0.66667,0.35,0.65,0.65,0.48,0.18,False,0.075,False,0.055,False,0.52,8.0,Encryption: encrypted payloads; latency +8 ms; energy +0.045 mJ
EXP_20260511_163907_fcada4,1,18,18.0,14,technician,101.395,37.018,95.479,1.207,Radiology-R08,0.606,none,False,0.1474,False,none,0.65,58.763,15.559,74.322,False,0.22475,0.66667,0.35,0.65,0.65,0.48,0.18,False,0.075,False,0.055,False,0.52,8.0,Encryption: encrypted payloads; latency +8 ms; energy +0.045 mJ
EXP_20260511_163907_fcada4,1,18,18.0,15,physician,97.023,36.659,91.581,2.27,ICU-R06,0.39,none,False,0.3356,False,none,0.65,56.519,16.039,72.559,False,0.22475,0.66667,0.35,0.65,0.65,0.48,0.18,False,0.075,False,0.055,True,0.52,8.0,Encryption: encrypted payloads; latency +8 ms; energy +0.045 mJ
EXP_20260511_163907_fcada4,1,18,18.0,16,physician,97.158,37.137,94.718,2.188,Radiology-R08,0.67,none,False,0.2164,False,none,0.65,59.635,16.318,75.954,False,0.22475,0.66667,0.35,0.65,0.65,0.48,0.18,False,0.075,False,0.055,False,0.52,8.0,Encryption: encrypted payloads; latency +8 ms; energy +0.045 mJ
EXP_20260511_163907_fcada4,1,18,18.0,17,porter,92.403,36.765,94.557,1.131,Emergency-R01,0.331,none,False,0.1858,False,none,0.65,71.881,15.575,87.456,False,0.22475,0.66667,0.35,0.65,0.65,0.48,0.18,False,0.075,False,0.055,False,0.52,8.0,Encryption: encrypted payloads; latency +8 ms; energy +0.045 mJ
EXP_20260511_163907_fcada4,1,18,18.0,18,physician,110.987,37.006,94.884,2.079,Ward-B-R05,0.619,none,False,0.2408,False,none,0.65,57.205,14.639,71.844,False,0.22475,0.66667,0.35,0.65,0.65,0.48,0.18,False,0.075,False,0.055,False,0.52,8.0,Encryption: encrypted payloads; latency +8 ms; energy +0.045 mJ
EXP_20260511_163907_fcada4,1,18,18.0,19,nurse,91.945,37.293,94.865,1.519,Surgery-R13,0.292,none,False,0.2086,False,none,0.65,49.084,14.685,63.769,False,0.22475,0.66667,0.35,0.65,0.65,0.48,0.18,False,0.075,False,0.055,False,0.52,8.0,Encryption: encrypted payloads; latency +8 ms; energy +0.045 mJ
EXP_20260511_163907_fcada4,1,18,18.0,20,technician,100.037,37.077,94.129,0.923,Surgery-R13,0.351,none,False,0.233,False,none,0.65,70.217,15.414,85.632,False,0.22475,0.66667,0.35,0.65,0.65,0.48,0.18,False,0.075,False,0.055,False,0.52,8.0,Encryption: encrypted payloads; latency +8 ms; energy +0.045 mJ
EXP_20260511_163907_fcada4,1,19,19.0,1,nurse,78.948,37.086,97.014,0.794,Pharmacy-R05,0.124,none,False,0.0466,False,none,0.65,65.501,17.855,83.356,False,0.22475,0.66667,0.35,0.65,0.65,0.48,0.18,False,0.075,False,0.055,False,0.52,8.0,Encryption: encrypted payloads; latency +8 ms; energy +0.045 mJ
EXP_20260511_163907_fcada4,1,19,19.0,2,porter,99.908,36.935,96.63,1.228,Pharmacy-R04,0.54,none,False,0.1228,False,none,0.65,49.072,17.151,66.223,False,0.22475,0.66667,0.35,0.65,0.65,0.48,0.18,False,0.075,False,0.055,False,0.52,8.0,Encryption: encrypted payloads; latency +8 ms; energy +0.045 mJ
EXP_20260511_163907_fcada4,1,19,19.0,3,technician,101.942,37.301,94.514,1.688,Ward-A-R07,0.851,none,False,0.2347,False,none,0.65,43.018,16.354,59.372,False,0.22475,0.66667,0.35,0.65,0.65,0.48,0.18,False,0.075,False,0.055,False,0.52,8.0,Encryption: encrypted payloads; latency +8 ms; energy +0.045 mJ
EXP_20260511_163907_fcada4,1,19,19.0,4,porter,107.504,37.069,95.156,1.54,Surgery-R15,0.422,none,False,0.2486,False,none,0.65,63.244,16.231,79.475,False,0.22475,0.66667,0.35,0.65,0.65,0.48,0.18,False,0.075,False,0.055,False,0.52,8.0,Encryption: encrypted payloads; latency +8 ms; energy +0.045 mJ
EXP_20260511_163907_fcada4,1,19,19.0,5,technician,94.815,37.544,95.489,1.168,Emergency-R01,0.376,none,False,0.2252,False,none,0.65,63.85,14.648,78.498,False,0.22475,0.66667,0.35,0.65,0.65,0.48,0.18,False,0.075,False,0.055,False,0.52,8.0,Encryption: encrypted payloads; latency +8 ms; energy +0.045 mJ
EXP_20260511_163907_fcada4,1,19,19.0,6,porter,105.615,37.076,94.461,1.642,Emergency-R04,0.725,none,False,0.2871,False,none,0.65,55.428,13.059,68.487,False,0.22475,0.66667,0.35,0.65,0.65,0.48,0.18,False,0.075,False,0.055,False,0.52,8.0,Encryption: encrypted payloads; latency +8 ms; energy +0.045 mJ
EXP_20260511_163907_fcada4,1,19,19.0,7,porter,101.003,36.883,96.085,0.988,Radiology-R13,0.447,none,False,0.1204,False,none,0.65,60.165,12.85,73.014,False,0.22475,0.66667,0.35,0.65,0.65,0.48,0.18,False,0.075,False,0.055,False,0.52,8.0,Encryption: encrypted payloads; latency +8 ms; energy +0.045 mJ
EXP_20260511_163907_fcada4,1,19,19.0,8,porter,107.085,37.152,96.069,2.17,Emergency-R07,0.76,none,False,0.2983,False,none,0.65,57.853,16.573,74.427,False,0.22475,0.66667,0.35,0.65,0.65,0.48,0.18,False,0.075,False,0.055,False,0.52,8.0,Encryption: encrypted payloads; latency +8 ms; energy +0.045 mJ
EXP_20260511_163907_fcada4,1,19,19.0,9,technician,93.416,37.07,97.257,1.098,Ward-A-R09,0.475,none,False,0.1008,False,none,0.65,50.069,10.091,60.16,False,0.22475,0.66667,0.35,0.65,0.65,0.48,0.18,False,0.075,False,0.055,False,0.52,8.0,Encryption: encrypted payloads; latency +8 ms; energy +0.045 mJ
EXP_20260511_163907_fcada4,1,19,19.0,10,nurse,117.929,38.245,96.089,1.697,Ward-A-R11,0.627,heat_stress,True,0.3295,False,none,0.65,56.293,15.142,71.436,False,0.22475,0.66667,0.35,0.65,0.65,0.48,0.18,False,0.075,True,0.055,False,0.52,8.0,Encryption: encrypted payloads; latency +8 ms; energy +0.045 mJ
EXP_20260511_163907_fcada4,1,19,19.0,11,cleaning_staff,93.9,36.732,94.587,1.2,Emergency-R02,0.433,none,False,0.1977,False,none,0.65,62.197,13.188,75.385,False,0.22475,0.66667,0.35,0.65,0.65,0.48,0.18,False,0.075,False,0.055,False,0.52,8.0,Encryption: encrypted payloads; latency +8 ms; energy +0.045 mJ
EXP_20260511_163907_fcada4,1,19,19.0,12,technician,95.477,37.163,96.22,0.771,Radiology-R07,0.475,none,False,0.117,False,none,0.65,60.581,12.491,73.072,False,0.22475,0.66667,0.35,0.65,0.65,0.48,0.18,False,0.075,False,0.055,False,0.52,8.0,Encryption: encrypted payloads; latency +8 ms; energy +0.045 mJ
EXP_20260511_163907_fcada4,1,19,19.0,13,physician,87.175,36.703,96.371,1.093,ICU-R05,0.2,none,False,0.1221,False,none,0.65,69.062,12.79,81.852,False,0.22475,0.66667,0.35,0.65,0.65,0.48,0.18,False,0.075,False,0.055,False,0.52,8.0,Encryption: encrypted payloads; latency +8 ms; energy +0.045 mJ
EXP_20260511_163907_fcada4,1,19,19.0,14,technician,99.63,36.983,95.595,1.526,Pharmacy-R04,0.517,none,False,0.1382,False,none,0.65,44.954,15.695,60.649,False,0.22475,0.66667,0.35,0.65,0.65,0.48,0.18,False,0.075,False,0.055,False,0.52,8.0,Encryption: encrypted payloads; latency +8 ms; energy +0.045 mJ
EXP_20260511_163907_fcada4,1,19,19.0,15,physician,92.609,37.25,94.459,1.328,ICU-R09,0.389,none,False,0.2161,False,none,0.65,52.951,14.635,67.586,False,0.22475,0.66667,0.35,0.65,0.65,0.48,0.18,False,0.075,True,0.055,False,0.52,8.0,Encryption: encrypted payloads; latency +8 ms; energy +0.045 mJ
EXP_20260511_163907_fcada4,1,19,19.0,16,physician,91.425,37.072,94.72,0.946,Laboratory-R02,0.432,none,False,0.122,False,none,0.65,56.963,12.815,69.778,False,0.22475,0.66667,0.35,0.65,0.65,0.48,0.18,False,0.075,True,0.055,False,0.52,8.0,Encryption: encrypted payloads; latency +8 ms; energy +0.045 mJ
EXP_20260511_163907_fcada4,1,19,19.0,17,porter,99.086,36.905,94.53,1.739,Surgery-R12,0.583,none,False,0.2506,False,none,0.65,53.035,15.557,68.592,False,0.22475,0.66667,0.35,0.65,0.65,0.48,0.18,False,0.075,False,0.055,False,0.52,8.0,Encryption: encrypted payloads; latency +8 ms; energy +0.045 mJ
EXP_20260511_163907_fcada4,1,19,19.0,18,physician,104.833,37.005,96.557,3.179,Radiology-R14,0.431,none,False,0.2482,False,none,0.65,50.235,14.586,64.821,False,0.22475,0.66667,0.35,0.65,0.65,0.48,0.18,False,0.075,False,0.055,True,0.52,8.0,Encryption: encrypted payloads; latency +8 ms; energy +0.045 mJ
EXP_20260511_163907_fcada4,1,19,19.0,19,nurse,97.667,37.41,94.842,0.62,Surgery-R15,0.514,none,False,0.2489,False,none,0.65,39.733,14.783,54.515,False,0.22475,0.66667,0.35,0.65,0.65,0.48,0.18,False,0.075,False,0.055,False,0.52,8.0,Encryption: encrypted payloads; latency +8 ms; energy +0.045 mJ
EXP_20260511_163907_fcada4,1,19,19.0,20,technician,102.076,37.076,94.07,1.545,Surgery-R06,0.421,none,False,0.256,False,none,0.65,64.737,11.614,76.351,False,0.22475,0.66667,0.35,0.65,0.65,0.48,0.18,False,0.075,False,0.055,False,0.52,8.0,Encryption: encrypted payloads; latency +8 ms; energy +0.045 mJ
EXP_20260511_163907_fcada4,1,20,20.0,1,nurse,82.398,37.152,96.893,0.44,Laboratory-R14,0.246,none,False,0.0613,False,none,0.65,55.759,14.271,70.03,False,0.22475,0.66667,0.35,0.65,0.65,0.48,0.18,False,0.075,False,0.055,False,0.52,8.0,Encryption: encrypted payloads; latency +8 ms; energy +0.045 mJ
EXP_20260511_163907_fcada4,1,20,20.0,2,porter,107.832,37.043,96.176,1.714,Pharmacy-R12,0.81,none,False,0.1952,False,none,0.65,58.789,13.784,72.573,False,0.22475,0.66667,0.35,0.65,0.65,0.48,0.18,False,0.075,False,0.055,False,0.52,8.0,Encryption: encrypted payloads; latency +8 ms; energy +0.045 mJ
EXP_20260511_163907_fcada4,1,20,20.0,3,technician,99.911,37.298,94.757,1.727,Ward-A-R05,0.754,none,False,0.2168,False,none,0.65,41.829,13.008,54.836,False,0.22475,0.66667,0.35,0.65,0.65,0.48,0.18,False,0.075,False,0.055,False,0.52,8.0,Encryption: encrypted payloads; latency +8 ms; energy +0.045 mJ
EXP_20260511_163907_fcada4,1,20,20.0,4,porter,108.27,37.133,95.328,1.134,Surgery-R13,0.444,none,False,0.2457,False,none,0.65,50.806,15.998,66.803,False,0.22475,0.66667,0.35,0.65,0.65,0.48,0.18,False,0.075,False,0.055,False,0.52,8.0,Encryption: encrypted payloads; latency +8 ms; energy +0.045 mJ
EXP_20260511_163907_fcada4,1,20,20.0,5,technician,88.581,38.326,97.343,1.255,Emergency-R11,0.338,none,False,0.2594,False,none,0.65,58.763,14.784,73.547,False,0.22475,0.66667,0.35,0.65,0.65,0.48,0.18,False,0.075,False,0.055,True,0.52,8.0,Encryption: encrypted payloads; latency +8 ms; energy +0.045 mJ
EXP_20260511_163907_fcada4,1,20,20.0,6,porter,105.184,37.058,94.241,2.636,Emergency-R02,0.669,none,False,0.3492,False,none,0.65,45.016,14.885,59.901,False,0.22475,0.66667,0.35,0.65,0.65,0.48,0.18,False,0.075,False,0.055,False,0.52,8.0,Encryption: encrypted payloads; latency +8 ms; energy +0.045 mJ
EXP_20260511_163907_fcada4,1,20,20.0,7,porter,98.94,36.865,96.071,1.265,Radiology-R15,0.348,none,False,0.1058,False,none,0.65,60.929,11.798,72.727,False,0.22475,0.66667,0.35,0.65,0.65,0.48,0.18,False,0.075,False,0.055,False,0.52,8.0,Encryption: encrypted payloads; latency +8 ms; energy +0.045 mJ
EXP_20260511_163907_fcada4,1,20,20.0,8,porter,104.444,37.126,96.277,1.621,Emergency-R05,0.648,none,False,0.243,False,none,0.65,48.917,19.622,68.54,False,0.22475,0.66667,0.35,0.65,0.65,0.48,0.18,False,0.075,False,0.055,False,0.52,8.0,Encryption: encrypted payloads; latency +8 ms; energy +0.045 mJ
EXP_20260511_163907_fcada4,1,20,20.0,9,technician,89.83,37.003,97.122,1.768,Ward-A-R09,0.323,none,False,0.0944,False,none,0.65,65.33,19.877,85.207,False,0.22475,0.66667,0.35,0.65,0.65,0.48,0.18,False,0.075,False,0.055,False,0.52,8.0,Encryption: encrypted payloads; latency +8 ms; energy +0.045 mJ
EXP_20260511_163907_fcada4,1,20,20.0,10,nurse,102.744,37.238,96.492,1.611,Pharmacy-R10,0.707,none,False,0.1805,False,none,0.65,51.558,12.976,64.533,False,0.22475,0.66667,0.35,0.65,0.65,0.48,0.18,False,0.075,False,0.055,False,0.52,8.0,Encryption: encrypted payloads; latency +8 ms; energy +0.045 mJ
EXP_20260511_163907_fcada4,1,20,20.0,11,cleaning_staff,97.723,36.781,94.705,1.739,Emergency-R09,0.549,none,False,0.2389,False,none,0.65,53.707,13.86,67.567,False,0.22475,0.66667,0.35,0.65,0.65,0.48,0.18,False,0.075,False,0.055,False,0.52,8.0,Encryption: encrypted payloads; latency +8 ms; energy +0.045 mJ
EXP_20260511_163907_fcada4,1,20,20.0,12,technician,97.959,37.189,96.067,1.797,Emergency-R09,0.578,none,False,0.2313,False,none,0.65,70.837,16.342,87.179,False,0.22475,0.66667,0.35,0.65,0.65,0.48,0.18,False,0.075,False,0.055,False,0.52,8.0,Encryption: encrypted payloads; latency +8 ms; energy +0.045 mJ
EXP_20260511_163907_fcada4,1,20,20.0,13,physician,95.674,36.815,96.119,1.17,Radiology-R02,0.498,none,False,0.1043,False,none,0.65,40.577,14.018,54.595,False,0.22475,0.66667,0.35,0.65,0.65,0.48,0.18,False,0.075,False,0.055,False,0.52,8.0,Encryption: encrypted payloads; latency +8 ms; energy +0.045 mJ
EXP_20260511_163907_fcada4,1,20,20.0,14,technician,97.072,36.93,95.603,1.187,Radiology-R03,0.403,none,False,0.1125,False,none,0.65,49.535,14.241,63.775,False,0.22475,0.66667,0.35,0.65,0.65,0.48,0.18,False,0.075,False,0.055,False,0.52,8.0,Encryption: encrypted payloads; latency +8 ms; energy +0.045 mJ
EXP_20260511_163907_fcada4,1,20,20.0,15,physician,96.81,37.367,94.529,1.873,ICU-R09,0.539,none,False,0.2817,False,none,0.65,64.284,14.25,78.534,False,0.22475,0.66667,0.35,0.65,0.65,0.48,0.18,False,0.075,False,0.055,False,0.52,8.0,Encryption: encrypted payloads; latency +8 ms; energy +0.045 mJ
EXP_20260511_163907_fcada4,1,20,20.0,16,physician,93.067,37.113,94.771,1.653,Laboratory-R09,0.486,none,False,0.1506,False,none,0.65,59.561,17.449,77.011,False,0.22475,0.66667,0.35,0.65,0.65,0.48,0.18,False,0.075,False,0.055,False,0.52,8.0,Encryption: encrypted payloads; latency +8 ms; energy +0.045 mJ
EXP_20260511_163907_fcada4,1,20,20.0,17,porter,105.935,36.984,94.356,1.757,Ward-B-R15,0.805,none,False,0.2268,False,none,0.65,50.524,14.076,64.599,False,0.22475,0.66667,0.35,0.65,0.65,0.48,0.18,False,0.075,False,0.055,False,0.52,8.0,Encryption: encrypted payloads; latency +8 ms; energy +0.045 mJ
EXP_20260511_163907_fcada4,1,20,20.0,18,physician,111.082,36.871,96.999,3.041,Radiology-R03,0.575,none,False,0.272,False,none,0.65,62.33,17.174,79.503,False,0.22475,0.66667,0.35,0.65,0.65,0.48,0.18,False,0.075,False,0.055,True,0.52,8.0,Encryption: encrypted payloads; latency +8 ms; energy +0.045 mJ
EXP_20260511_163907_fcada4,1,20,20.0,19,nurse,97.438,37.38,94.787,1.346,Surgery-R07,0.489,none,False,0.2449,False,none,0.65,48.777,15.207,63.984,False,0.22475,0.66667,0.35,0.65,0.65,0.48,0.18,False,0.075,False,0.055,False,0.52,8.0,Encryption: encrypted payloads; latency +8 ms; energy +0.045 mJ
EXP_20260511_163907_fcada4,1,20,20.0,20,technician,106.495,37.502,92.706,1.061,Surgery-R08,0.202,high_fatigue,True,0.3204,False,none,0.65,45.624,15.983,61.607,False,0.22475,0.66667,0.35,0.65,0.65,0.48,0.18,False,0.075,False,0.055,False,0.52,8.0,Encryption: encrypted payloads; latency +8 ms; energy +0.045 mJ
EXP_20260511_163907_fcada4,1,21,21.0,1,nurse,97.139,38.629,96.533,0.731,Pharmacy-R10,0.262,heat_stress,True,0.2436,False,none,0.65,43.831,11.153,54.985,False,0.22475,0.66667,0.35,0.65,0.65,0.48,0.18,False,0.075,False,0.055,False,0.52,8.0,Encryption: encrypted payloads; latency +8 ms; energy +0.045 mJ
EXP_20260511_163907_fcada4,1,21,21.0,2,porter,103.464,36.928,96.421,1.739,Pharmacy-R02,0.583,none,False,0.1608,False,none,0.65,54.046,11.903,65.949,False,0.22475,0.66667,0.35,0.65,0.65,0.48,0.18,False,0.075,False,0.055,False,0.52,8.0,Encryption: encrypted payloads; latency +8 ms; energy +0.045 mJ
EXP_20260511_163907_fcada4,1,21,21.0,3,technician,98.161,37.288,94.766,1.062,Ward-B-R06,0.659,none,False,0.1815,False,none,0.65,56.668,14.4,71.069,False,0.22475,0.66667,0.35,0.65,0.65,0.48,0.18,False,0.075,False,0.055,False,0.52,8.0,Encryption: encrypted payloads; latency +8 ms; energy +0.045 mJ
EXP_20260511_163907_fcada4,1,21,21.0,4,porter,112.853,37.179,94.87,1.467,Emergency-R05,0.643,none,False,0.2963,False,none,0.65,54.047,14.477,68.525,False,0.22475,0.66667,0.35,0.65,0.65,0.48,0.18,False,0.075,False,0.055,False,0.52,8.0,Encryption: encrypted payloads; latency +8 ms; energy +0.045 mJ
EXP_20260511_163907_fcada4,1,21,21.0,5,technician,96.845,37.567,95.6,1.09,Emergency-R11,0.48,none,False,0.2394,False,none,0.65,57.491,15.25,72.741,False,0.22475,0.66667,0.35,0.65,0.65,0.48,0.18,False,0.075,False,0.055,False,0.52,8.0,Encryption: encrypted payloads; latency +8 ms; energy +0.045 mJ
EXP_20260511_163907_fcada4,1,21,21.0,6,porter,96.574,36.33,97.83,0.647,Emergency-R03,0.771,none,False,0.1967,False,none,0.65,58.988,14.894,73.882,False,0.22475,0.66667,0.35,0.65,0.65,0.48,0.18,False,0.075,False,0.055,True,0.52,8.0,Encryption: encrypted payloads; latency +8 ms; energy +0.045 mJ
EXP_20260511_163907_fcada4,1,21,21.0,7,porter,103.759,36.987,95.858,1.305,Radiology-R09,0.551,none,False,0.1413,False,none,0.65,50.55,18.039,68.589,False,0.22475,0.66667,0.35,0.65,0.65,0.48,0.18,False,0.075,False,0.055,False,0.52,8.0,Encryption: encrypted payloads; latency +8 ms; energy +0.045 mJ
EXP_20260511_163907_fcada4,1,21,21.0,8,porter,105.971,37.125,96.143,1.469,Emergency-R06,0.71,none,False,0.2431,False,none,0.65,72.765,16.353,89.118,False,0.22475,0.66667,0.35,0.65,0.65,0.48,0.18,False,0.075,False,0.055,False,0.52,8.0,Encryption: encrypted payloads; latency +8 ms; energy +0.045 mJ
EXP_20260511_163907_fcada4,1,21,21.0,9,technician,95.42,37.074,96.953,1.102,Ward-A-R15,0.499,none,False,0.1103,False,none,0.65,54.929,13.726,68.655,False,0.22475,0.66667,0.35,0.65,0.65,0.48,0.18,False,0.075,False,0.055,False,0.52,8.0,Encryption: encrypted payloads; latency +8 ms; energy +0.045 mJ
EXP_20260511_163907_fcada4,1,21,21.0,10,nurse,101.215,37.226,96.539,1.929,Pharmacy-R15,0.665,none,False,0.1912,False,none,0.65,58.53,12.873,71.403,False,0.22475,0.66667,0.35,0.65,0.65,0.48,0.18,False,0.075,False,0.055,False,0.52,8.0,Encryption: encrypted payloads; latency +8 ms; energy +0.045 mJ
EXP_20260511_163907_fcada4,1,21,21.0,11,cleaning_staff,89.559,36.685,94.386,1.244,Emergency-R04,0.225,none,False,0.172,False,none,0.65,44.106,12.597,56.704,False,0.22475,0.66667,0.35,0.65,0.65,0.48,0.18,False,0.075,False,0.055,False,0.52,8.0,Encryption: encrypted payloads; latency +8 ms; energy +0.045 mJ
EXP_20260511_163907_fcada4,1,21,21.0,12,technician,92.0,37.154,96.217,1.339,Radiology-R07,0.33,none,False,0.0932,False,none,0.65,53.02,16.782,69.802,False,0.22475,0.66667,0.35,0.65,0.65,0.48,0.18,False,0.075,False,0.055,False,0.52,8.0,Encryption: encrypted payloads; latency +8 ms; energy +0.045 mJ
EXP_20260511_163907_fcada4,1,21,21.0,13,physician,97.726,36.824,96.045,1.448,ICU-R09,0.585,none,False,0.191,False,none,0.65,53.602,14.253,67.855,False,0.22475,0.66667,0.35,0.65,0.65,0.48,0.18,False,0.075,False,0.055,False,0.52,8.0,Encryption: encrypted payloads; latency +8 ms; energy +0.045 mJ
EXP_20260511_163907_fcada4,1,21,21.0,14,technician,83.734,37.662,97.097,2.13,Laboratory-R03,0.553,none,False,0.1767,False,none,0.65,71.688,14.227,85.915,False,0.22475,0.66667,0.35,0.65,0.65,0.48,0.18,False,0.075,False,0.055,True,0.52,8.0,Encryption: encrypted payloads; latency +8 ms; energy +0.045 mJ
EXP_20260511_163907_fcada4,1,21,21.0,15,physician,95.452,37.302,94.428,1.31,ICU-R01,0.465,none,False,0.2374,False,none,0.65,39.023,15.511,54.534,False,0.22475,0.66667,0.35,0.65,0.65,0.48,0.18,False,0.075,False,0.055,False,0.52,8.0,Encryption: encrypted payloads; latency +8 ms; energy +0.045 mJ
EXP_20260511_163907_fcada4,1,21,21.0,16,physician,92.411,37.077,94.526,1.559,Radiology-R15,0.484,none,False,0.1446,False,none,0.65,53.308,14.391,67.7,False,0.22475,0.66667,0.35,0.65,0.65,0.48,0.18,False,0.075,False,0.055,False,0.52,8.0,Encryption: encrypted payloads; latency +8 ms; energy +0.045 mJ
EXP_20260511_163907_fcada4,1,21,21.0,17,porter,105.332,36.968,94.446,1.166,Surgery-R08,0.814,none,False,0.2701,False,none,0.65,56.281,16.14,72.42,False,0.22475,0.66667,0.35,0.65,0.65,0.48,0.18,False,0.075,False,0.055,False,0.52,8.0,Encryption: encrypted payloads; latency +8 ms; energy +0.045 mJ
EXP_20260511_163907_fcada4,1,21,21.0,18,physician,111.06,37.006,94.659,2.103,Radiology-R04,0.574,none,False,0.245,False,none,0.65,49.558,14.873,64.431,False,0.22475,0.66667,0.35,0.65,0.65,0.48,0.18,False,0.075,False,0.055,False,0.52,8.0,Encryption: encrypted payloads; latency +8 ms; energy +0.045 mJ
EXP_20260511_163907_fcada4,1,21,21.0,19,nurse,90.863,37.261,94.907,0.751,Surgery-R07,0.202,none,False,0.1866,False,none,0.65,53.859,14.358,68.217,False,0.22475,0.66667,0.35,0.65,0.65,0.48,0.18,False,0.075,False,0.055,False,0.52,8.0,Encryption: encrypted payloads; latency +8 ms; energy +0.045 mJ
EXP_20260511_163907_fcada4,1,21,21.0,20,technician,100.571,37.028,94.15,1.425,Surgery-R03,0.351,none,False,0.2314,False,none,0.65,54.155,13.251,67.406,False,0.22475,0.66667,0.35,0.65,0.65,0.48,0.18,False,0.075,False,0.055,False,0.52,8.0,Encryption: encrypted payloads; latency +8 ms; energy +0.045 mJ
EXP_20260511_163907_fcada4,1,22,22.0,1,nurse,80.025,37.137,96.989,0.574,Pharmacy-R10,0.124,none,False,0.0513,False,none,0.65,55.633,17.77,73.403,False,0.22475,0.66667,0.35,0.65,0.65,0.48,0.18,False,0.075,False,0.055,False,0.52,8.0,Encryption: encrypted payloads; latency +8 ms; energy +0.045 mJ
EXP_20260511_163907_fcada4,1,22,22.0,2,porter,105.383,37.021,96.242,1.857,Pharmacy-R07,0.692,none,False,0.1851,False,none,0.65,55.782,14.487,70.269,False,0.22475,0.66667,0.35,0.65,0.65,0.48,0.18,False,0.075,False,0.055,False,0.52,8.0,Encryption: encrypted payloads; latency +8 ms; energy +0.045 mJ
EXP_20260511_163907_fcada4,1,22,22.0,3,technician,98.261,37.299,94.616,1.101,Ward-A-R03,0.688,none,False,0.1886,False,none,0.65,65.512,13.81,79.322,False,0.22475,0.66667,0.35,0.65,0.65,0.48,0.18,False,0.075,False,0.055,False,0.52,8.0,Encryption: encrypted payloads; latency +8 ms; energy +0.045 mJ
EXP_20260511_163907_fcada4,1,22,22.0,4,porter,110.116,37.174,94.919,1.234,Surgery-R05,0.516,none,False,0.2713,False,none,0.65,55.799,15.754,71.553,False,0.22475,0.66667,0.35,0.65,0.65,0.48,0.18,False,0.075,False,0.055,False,0.52,8.0,Encryption: encrypted payloads; latency +8 ms; energy +0.045 mJ
EXP_20260511_163907_fcada4,1,22,22.0,5,technician,94.961,37.53,95.731,1.148,Emergency-R04,0.38,none,False,0.2189,False,none,0.65,58.688,14.555,73.242,False,0.22475,0.66667,0.35,0.65,0.65,0.48,0.18,False,0.075,False,0.055,False,0.52,8.0,Encryption: encrypted payloads; latency +8 ms; energy +0.045 mJ
EXP_20260511_163907_fcada4,1,22,22.0,6,porter,108.585,37.059,94.405,2.299,Emergency-R13,0.756,none,False,0.3423,False,none,0.65,57.955,14.948,72.903,False,0.22475,0.66667,0.35,0.65,0.65,0.48,0.18,False,0.075,False,0.055,False,0.52,8.0,Encryption: encrypted payloads; latency +8 ms; energy +0.045 mJ
EXP_20260511_163907_fcada4,1,22,22.0,7,porter,103.773,36.976,95.616,1.781,Radiology-R04,0.505,none,False,0.1686,False,none,0.65,56.596,13.365,69.961,False,0.22475,0.66667,0.35,0.65,0.65,0.48,0.18,False,0.075,False,0.055,False,0.52,8.0,Encryption: encrypted payloads; latency +8 ms; energy +0.045 mJ
EXP_20260511_163907_fcada4,1,22,22.0,8,porter,102.759,37.038,96.093,1.726,Emergency-R11,0.534,none,False,0.2275,False,none,0.65,65.472,18.322,83.794,False,0.22475,0.66667,0.35,0.65,0.65,0.48,0.18,False,0.075,False,0.055,False,0.52,8.0,Encryption: encrypted payloads; latency +8 ms; energy +0.045 mJ
EXP_20260511_163907_fcada4,1,22,22.0,9,technician,92.327,37.076,96.878,0.949,Ward-A-R09,0.387,none,False,0.0911,False,none,0.65,51.676,13.929,65.605,False,0.22475,0.66667,0.35,0.65,0.65,0.48,0.18,False,0.075,False,0.055,False,0.52,8.0,Encryption: encrypted payloads; latency +8 ms; energy +0.045 mJ
EXP_20260511_163907_fcada4,1,22,22.0,10,nurse,103.282,37.269,96.238,2.073,Pharmacy-R11,0.722,none,False,0.2161,False,none,0.65,44.802,13.112,57.914,False,0.22475,0.66667,0.35,0.65,0.65,0.48,0.18,False,0.075,False,0.055,False,0.52,8.0,Encryption: encrypted payloads; latency +8 ms; energy +0.045 mJ
EXP_20260511_163907_fcada4,1,22,22.0,11,cleaning_staff,91.76,36.719,94.63,0.674,Emergency-R14,0.288,none,False,0.1786,False,none,0.65,58.764,17.912,76.676,False,0.22475,0.66667,0.35,0.65,0.65,0.48,0.18,False,0.075,False,0.055,False,0.52,8.0,Encryption: encrypted payloads; latency +8 ms; energy +0.045 mJ
EXP_20260511_163907_fcada4,1,22,22.0,12,technician,99.079,37.189,96.296,1.731,ICU-R08,0.591,none,False,0.2321,False,none,0.65,51.512,12.916,64.428,False,0.22475,0.66667,0.35,0.65,0.65,0.48,0.18,False,0.075,False,0.055,False,0.52,8.0,Encryption: encrypted payloads; latency +8 ms; energy +0.045 mJ
EXP_20260511_163907_fcada4,1,22,22.0,13,physician,82.55,37.239,100.0,3.291,ICU-R03,0.54,none,False,0.2815,False,none,0.65,58.288,16.255,74.543,False,0.22475,0.66667,0.35,0.65,0.65,0.48,0.18,False,0.075,False,0.055,True,0.52,8.0,Encryption: encrypted payloads; latency +8 ms; energy +0.045 mJ
EXP_20260511_163907_fcada4,1,22,22.0,14,technician,98.888,36.945,95.625,1.407,Radiology-R14,0.471,none,False,0.1239,False,none,0.65,53.674,16.243,69.917,False,0.22475,0.66667,0.35,0.65,0.65,0.48,0.18,False,0.075,False,0.055,False,0.52,8.0,Encryption: encrypted payloads; latency +8 ms; energy +0.045 mJ
EXP_20260511_163907_fcada4,1,22,22.0,15,physician,92.497,37.311,94.442,1.111,ICU-R05,0.367,none,False,0.2202,False,none,0.65,50.513,12.795,63.309,False,0.22475,0.66667,0.35,0.65,0.65,0.48,0.18,False,0.075,False,0.055,False,0.52,8.0,Encryption: encrypted payloads; latency +8 ms; energy +0.045 mJ
EXP_20260511_163907_fcada4,1,22,22.0,16,physician,88.413,37.024,94.928,0.659,Ward-B-R01,0.297,none,False,0.0918,False,none,0.65,34.319,16.729,51.049,False,0.22475,0.66667,0.35,0.65,0.65,0.48,0.18,False,0.075,False,0.055,False,0.52,8.0,Encryption: encrypted payloads; latency +8 ms; energy +0.045 mJ
EXP_20260511_163907_fcada4,1,22,22.0,17,porter,102.753,36.969,94.319,1.544,Surgery-R15,0.712,none,False,0.2657,False,none,0.65,57.345,17.639,74.984,False,0.22475,0.66667,0.35,0.65,0.65,0.48,0.18,False,0.075,False,0.055,False,0.52,8.0,Encryption: encrypted payloads; latency +8 ms; energy +0.045 mJ
EXP_20260511_163907_fcada4,1,22,22.0,18,physician,111.64,37.071,94.859,1.918,Radiology-R05,0.602,none,False,0.2382,False,none,0.65,67.405,15.463,82.869,False,0.22475,0.66667,0.35,0.65,0.65,0.48,0.18,False,0.075,False,0.055,False,0.52,8.0,Encryption: encrypted payloads; latency +8 ms; energy +0.045 mJ
EXP_20260511_163907_fcada4,1,22,22.0,19,nurse,116.862,37.427,93.952,4.285,Surgery-R07,0.568,fall,True,0.5269,False,none,0.65,61.082,16.222,77.304,False,0.22475,0.66667,0.35,0.65,0.65,0.48,0.18,False,0.075,False,0.055,False,0.52,8.0,Encryption: encrypted payloads; latency +8 ms; energy +0.045 mJ
EXP_20260511_163907_fcada4,1,22,22.0,20,technician,100.706,37.041,94.099,0.738,Surgery-R01,0.387,none,False,0.2354,False,none,0.65,53.977,16.124,70.101,False,0.22475,0.66667,0.35,0.65,0.65,0.48,0.18,False,0.075,False,0.055,False,0.52,8.0,Encryption: encrypted payloads; latency +8 ms; energy +0.045 mJ
EXP_20260511_163907_fcada4,1,23,23.0,1,nurse,81.251,37.129,97.028,0.846,Pharmacy-R11,0.191,none,False,0.0553,False,none,0.65,56.644,15.702,72.347,False,0.22475,0.66667,0.35,0.65,0.65,0.48,0.18,False,0.075,False,0.055,False,0.52,8.0,Encryption: encrypted payloads; latency +8 ms; energy +0.045 mJ
EXP_20260511_163907_fcada4,1,23,23.0,2,porter,115.632,36.996,89.414,1.143,Pharmacy-R14,0.84,none,False,0.3629,False,none,0.65,56.561,13.426,69.988,False,0.22475,0.66667,0.35,0.65,0.65,0.48,0.18,False,0.075,False,0.055,True,0.52,8.0,Encryption: encrypted payloads; latency +8 ms; energy +0.045 mJ
EXP_20260511_163907_fcada4,1,23,23.0,3,technician,96.938,37.317,94.573,1.615,Emergency-R14,0.602,none,False,0.2642,False,none,0.65,64.495,10.108,74.603,False,0.22475,0.66667,0.35,0.65,0.65,0.48,0.18,False,0.075,False,0.055,False,0.52,8.0,Encryption: encrypted payloads; latency +8 ms; energy +0.045 mJ
EXP_20260511_163907_fcada4,1,23,23.0,4,porter,108.876,37.1,95.188,1.604,Surgery-R07,0.45,none,False,0.2618,False,none,0.65,53.154,16.908,70.062,False,0.22475,0.66667,0.35,0.65,0.65,0.48,0.18,False,0.075,False,0.055,False,0.52,8.0,Encryption: encrypted payloads; latency +8 ms; energy +0.045 mJ
EXP_20260511_163907_fcada4,1,23,23.0,5,technician,98.321,37.492,95.403,1.224,Emergency-R03,0.453,none,False,0.2409,False,none,0.65,53.633,16.056,69.69,False,0.22475,0.66667,0.35,0.65,0.65,0.48,0.18,False,0.075,False,0.055,False,0.52,8.0,Encryption: encrypted payloads; latency +8 ms; energy +0.045 mJ
EXP_20260511_163907_fcada4,1,23,23.0,6,porter,104.828,37.029,94.428,1.389,Emergency-R04,0.613,none,False,0.2572,False,none,0.65,65.061,13.39,78.45,False,0.22475,0.66667,0.35,0.65,0.65,0.48,0.18,False,0.075,True,0.055,False,0.52,8.0,Encryption: encrypted payloads; latency +8 ms; energy +0.045 mJ
EXP_20260511_163907_fcada4,1,23,23.0,7,porter,108.666,36.793,98.621,1.432,Radiology-R12,0.75,none,False,0.1719,False,none,0.65,59.617,15.631,75.248,False,0.22475,0.66667,0.35,0.65,0.65,0.48,0.18,False,0.075,False,0.055,True,0.52,8.0,Encryption: encrypted payloads; latency +8 ms; energy +0.045 mJ
EXP_20260511_163907_fcada4,1,23,23.0,8,porter,106.362,37.151,96.195,1.654,Emergency-R10,0.668,none,False,0.2559,False,none,0.65,54.551,14.189,68.74,False,0.22475,0.66667,0.35,0.65,0.65,0.48,0.18,False,0.075,False,0.055,False,0.52,8.0,Encryption: encrypted payloads; latency +8 ms; energy +0.045 mJ
EXP_20260511_163907_fcada4,1,23,23.0,9,technician,93.591,37.079,96.974,1.457,Ward-A-R05,0.421,none,False,0.1021,False,none,0.65,35.701,18.167,53.868,False,0.22475,0.66667,0.35,0.65,0.65,0.48,0.18,False,0.075,False,0.055,False,0.52,8.0,Encryption: encrypted payloads; latency +8 ms; energy +0.045 mJ
EXP_20260511_163907_fcada4,1,23,23.0,10,nurse,103.497,37.264,96.421,1.545,Pharmacy-R12,0.703,none,False,0.1812,False,none,0.65,58.84,14.299,73.139,False,0.22475,0.66667,0.35,0.65,0.65,0.48,0.18,False,0.075,False,0.055,False,0.52,8.0,Encryption: encrypted payloads; latency +8 ms; energy +0.045 mJ
EXP_20260511_163907_fcada4,1,23,23.0,11,cleaning_staff,91.824,36.713,94.463,1.149,Emergency-R05,0.306,none,False,0.1842,False,none,0.65,53.127,15.905,69.032,False,0.22475,0.66667,0.35,0.65,0.65,0.48,0.18,False,0.075,False,0.055,False,0.52,8.0,Encryption: encrypted payloads; latency +8 ms; energy +0.045 mJ
EXP_20260511_163907_fcada4,1,23,23.0,12,technician,94.206,37.154,96.135,0.834,Radiology-R02,0.426,none,False,0.1081,False,none,0.65,62.255,15.646,77.901,False,0.22475,0.66667,0.35,0.65,0.65,0.48,0.18,False,0.075,False,0.055,False,0.52,8.0,Encryption: encrypted payloads; latency +8 ms; energy +0.045 mJ
EXP_20260511_163907_fcada4,1,23,23.0,13,physician,94.102,36.746,96.427,1.17,ICU-R02,0.417,none,False,0.1628,False,none,0.65,54.92,16.424,71.343,False,0.22475,0.66667,0.35,0.65,0.65,0.48,0.18,False,0.075,False,0.055,False,0.52,8.0,Encryption: encrypted payloads; latency +8 ms; energy +0.045 mJ
EXP_20260511_163907_fcada4,1,23,23.0,14,technician,98.018,36.936,95.387,1.186,Radiology-R12,0.426,none,False,0.1229,False,none,0.65,75.178,15.96,91.138,False,0.22475,0.66667,0.35,0.65,0.65,0.48,0.18,False,0.075,False,0.055,False,0.52,8.0,Encryption: encrypted payloads; latency +8 ms; energy +0.045 mJ
EXP_20260511_163907_fcada4,1,23,23.0,15,physician,92.09,37.273,94.42,0.875,ICU-R02,0.316,none,False,0.2121,False,none,0.65,70.265,16.047,86.312,False,0.22475,0.66667,0.35,0.65,0.65,0.48,0.18,False,0.075,False,0.055,False,0.52,8.0,Encryption: encrypted payloads; latency +8 ms; energy +0.045 mJ
EXP_20260511_163907_fcada4,1,23,23.0,16,physician,99.028,38.245,98.933,0.657,Radiology-R05,0.359,none,False,0.2218,False,none,0.65,68.623,14.113,82.736,False,0.22475,0.66667,0.35,0.65,0.65,0.48,0.18,False,0.075,False,0.055,True,0.52,8.0,Encryption: encrypted payloads; latency +8 ms; energy +0.045 mJ
EXP_20260511_163907_fcada4,1,23,23.0,17,porter,96.656,36.879,94.467,0.862,Surgery-R07,0.469,none,False,0.2133,False,none,0.65,67.828,15.72,83.548,False,0.22475,0.66667,0.35,0.65,0.65,0.48,0.18,False,0.075,True,0.055,False,0.52,8.0,Encryption: encrypted payloads; latency +8 ms; energy +0.045 mJ
EXP_20260511_163907_fcada4,1,23,23.0,18,physician,115.78,37.084,94.661,1.524,Radiology-R13,0.715,none,False,0.2422,False,none,0.65,60.466,13.612,74.078,False,0.22475,0.66667,0.35,0.65,0.65,0.48,0.18,False,0.075,False,0.055,False,0.52,8.0,Encryption: encrypted payloads; latency +8 ms; energy +0.045 mJ
EXP_20260511_163907_fcada4,1,23,23.0,19,nurse,92.683,37.373,94.839,1.503,Surgery-R05,0.271,none,False,0.2168,False,none,0.65,60.985,14.512,75.497,False,0.22475,0.66667,0.35,0.65,0.65,0.48,0.18,False,0.075,False,0.055,False,0.52,8.0,Encryption: encrypted payloads; latency +8 ms; energy +0.045 mJ
EXP_20260511_163907_fcada4,1,23,23.0,20,technician,103.061,37.072,93.917,1.236,Surgery-R15,0.439,none,False,0.255,False,none,0.65,52.598,13.535,66.132,False,0.22475,0.66667,0.35,0.65,0.65,0.48,0.18,False,0.075,False,0.055,False,0.52,8.0,Encryption: encrypted payloads; latency +8 ms; energy +0.045 mJ
EXP_20260511_163907_fcada4,1,24,24.0,1,nurse,81.345,37.167,97.133,1.49,Pharmacy-R09,0.193,none,False,0.0647,False,none,0.65,46.358,12.331,58.689,False,0.22475,0.66667,0.35,0.65,0.65,0.48,0.18,False,0.075,False,0.055,False,0.52,8.0,Encryption: encrypted payloads; latency +8 ms; energy +0.045 mJ
EXP_20260511_163907_fcada4,1,24,24.0,2,porter,109.106,37.129,96.069,1.721,Pharmacy-R04,0.829,none,False,0.2096,False,none,0.65,44.063,15.511,59.574,False,0.22475,0.66667,0.35,0.65,0.65,0.48,0.18,False,0.075,False,0.055,False,0.52,8.0,Encryption: encrypted payloads; latency +8 ms; energy +0.045 mJ
EXP_20260511_163907_fcada4,1,24,24.0,3,technician,100.049,37.353,94.19,2.313,Ward-A-R14,0.716,none,False,0.2712,False,none,0.65,64.104,13.895,77.999,False,0.22475,0.66667,0.35,0.65,0.65,0.48,0.18,False,0.075,False,0.055,False,0.52,8.0,Encryption: encrypted payloads; latency +8 ms; energy +0.045 mJ
EXP_20260511_163907_fcada4,1,24,24.0,4,porter,106.793,37.124,94.97,1.427,Surgery-R13,0.396,none,False,0.2466,False,none,0.65,56.054,13.567,69.621,False,0.22475,0.66667,0.35,0.65,0.65,0.48,0.18,False,0.075,False,0.055,False,0.52,8.0,Encryption: encrypted payloads; latency +8 ms; energy +0.045 mJ
EXP_20260511_163907_fcada4,1,24,24.0,5,technician,95.396,37.531,95.694,1.844,Emergency-R01,0.337,none,False,0.247,False,none,0.65,52.506,16.641,69.147,False,0.22475,0.66667,0.35,0.65,0.65,0.48,0.18,False,0.075,False,0.055,False,0.52,8.0,Encryption: encrypted payloads; latency +8 ms; energy +0.045 mJ
EXP_20260511_163907_fcada4,1,24,24.0,6,porter,76.034,34.652,98.913,2.588,Emergency-R12,0.715,none,False,0.2264,False,none,0.65,61.643,14.202,75.844,False,0.22475,0.66667,0.35,0.65,0.65,0.48,0.18,False,0.075,True,0.055,True,0.52,8.0,Encryption: encrypted payloads; latency +8 ms; energy +0.045 mJ
EXP_20260511_163907_fcada4,1,24,24.0,7,porter,105.422,36.997,95.602,2.01,Radiology-R04,0.535,none,False,0.1917,False,none,0.65,68.889,12.21,81.099,False,0.22475,0.66667,0.35,0.65,0.65,0.48,0.18,False,0.075,False,0.055,False,0.52,8.0,Encryption: encrypted payloads; latency +8 ms; energy +0.045 mJ
EXP_20260511_163907_fcada4,1,24,24.0,8,porter,106.242,37.129,96.035,1.405,Emergency-R03,0.673,none,False,0.2377,False,none,0.65,64.97,16.32,81.29,False,0.22475,0.66667,0.35,0.65,0.65,0.48,0.18,False,0.075,False,0.055,False,0.52,8.0,Encryption: encrypted payloads; latency +8 ms; energy +0.045 mJ
EXP_20260511_163907_fcada4,1,24,24.0,9,technician,92.516,37.03,96.942,1.09,Ward-A-R06,0.336,none,False,0.084,False,none,0.65,53.902,14.727,68.629,False,0.22475,0.66667,0.35,0.65,0.65,0.48,0.18,False,0.075,False,0.055,False,0.52,8.0,Encryption: encrypted payloads; latency +8 ms; energy +0.045 mJ
EXP_20260511_163907_fcada4,1,24,24.0,10,nurse,99.317,37.261,96.462,1.241,Pharmacy-R06,0.567,none,False,0.1467,False,none,0.65,46.071,17.515,63.586,False,0.22475,0.66667,0.35,0.65,0.65,0.48,0.18,False,0.075,False,0.055,False,0.52,8.0,Encryption: encrypted payloads; latency +8 ms; energy +0.045 mJ
EXP_20260511_163907_fcada4,1,24,24.0,11,cleaning_staff,96.001,36.754,94.546,0.925,Emergency-R08,0.44,none,False,0.207,False,none,0.65,60.743,11.541,72.284,False,0.22475,0.66667,0.35,0.65,0.65,0.48,0.18,False,0.075,False,0.055,False,0.52,8.0,Encryption: encrypted payloads; latency +8 ms; energy +0.045 mJ
EXP_20260511_163907_fcada4,1,24,24.0,12,technician,95.458,37.142,96.378,1.071,Pharmacy-R06,0.466,none,False,0.1143,False,none,0.65,55.459,13.286,68.744,False,0.22475,0.66667,0.35,0.65,0.65,0.48,0.18,False,0.075,True,0.055,False,0.52,8.0,Encryption: encrypted payloads; latency +8 ms; energy +0.045 mJ
EXP_20260511_163907_fcada4,1,24,24.0,13,physician,90.707,36.752,96.411,1.29,ICU-R12,0.297,none,False,0.1419,False,none,0.65,54.16,13.678,67.838,False,0.22475,0.66667,0.35,0.65,0.65,0.48,0.18,False,0.075,False,0.055,False,0.52,8.0,Encryption: encrypted payloads; latency +8 ms; energy +0.045 mJ
EXP_20260511_163907_fcada4,1,24,24.0,14,technician,101.924,37.026,95.697,1.812,Radiology-R13,0.552,none,False,0.1674,False,none,0.65,70.507,14.717,85.224,False,0.22475,0.66667,0.35,0.65,0.65,0.48,0.18,False,0.075,False,0.055,False,0.52,8.0,Encryption: encrypted payloads; latency +8 ms; energy +0.045 mJ
EXP_20260511_163907_fcada4,1,24,24.0,15,physician,98.834,37.356,94.369,1.121,ICU-R06,0.556,none,False,0.2628,False,none,0.65,58.102,16.974,75.077,False,0.22475,0.66667,0.35,0.65,0.65,0.48,0.18,False,0.075,False,0.055,False,0.52,8.0,Encryption: encrypted payloads; latency +8 ms; energy +0.045 mJ
EXP_20260511_163907_fcada4,1,24,24.0,16,physician,97.471,37.195,94.249,1.129,Radiology-R11,0.66,none,False,0.1831,False,none,0.65,71.454,13.906,85.36,False,0.22475,0.66667,0.35,0.65,0.65,0.48,0.18,False,0.075,False,0.055,False,0.52,8.0,Encryption: encrypted payloads; latency +8 ms; energy +0.045 mJ
EXP_20260511_163907_fcada4,1,24,24.0,17,porter,96.047,36.903,94.34,1.316,Surgery-R08,0.432,none,False,0.2116,False,none,0.65,53.481,14.18,67.661,False,0.22475,0.66667,0.35,0.65,0.65,0.48,0.18,False,0.075,False,0.055,False,0.52,8.0,Encryption: encrypted payloads; latency +8 ms; energy +0.045 mJ
EXP_20260511_163907_fcada4,1,24,24.0,18,physician,111.681,37.072,94.476,1.587,Radiology-R09,0.591,none,False,0.2259,False,none,0.65,61.356,14.449,75.805,False,0.22475,0.66667,0.35,0.65,0.65,0.48,0.18,False,0.075,True,0.055,False,0.52,8.0,Encryption: encrypted payloads; latency +8 ms; energy +0.045 mJ
EXP_20260511_163907_fcada4,1,24,24.0,19,nurse,95.593,37.387,94.608,1.003,Surgery-R05,0.362,none,False,0.2342,False,none,0.65,56.456,16.335,72.791,False,0.22475,0.66667,0.35,0.65,0.65,0.48,0.18,False,0.075,False,0.055,False,0.52,8.0,Encryption: encrypted payloads; latency +8 ms; energy +0.045 mJ
EXP_20260511_163907_fcada4,1,24,24.0,20,technician,131.665,37.24,93.03,3.078,Surgery-R15,0.875,fall,True,0.5361,False,none,0.65,60.152,15.054,75.207,False,0.22475,0.66667,0.35,0.65,0.65,0.48,0.18,False,0.075,False,0.055,False,0.52,8.0,Encryption: encrypted payloads; latency +8 ms; energy +0.045 mJ
EXP_20260511_163907_fcada4,1,25,25.0,1,nurse,78.282,37.117,96.991,1.395,Emergency-R05,0.05,none,False,0.1143,False,none,0.65,59.853,16.602,76.455,False,0.22475,0.66667,0.35,0.65,0.65,0.48,0.18,False,0.075,False,0.055,False,0.52,8.0,Encryption: encrypted payloads; latency +8 ms; energy +0.045 mJ
EXP_20260511_163907_fcada4,1,25,25.0,2,porter,114.92,37.164,96.134,1.782,Pharmacy-R02,1.0,none,False,0.2502,False,none,0.65,68.332,14.629,82.961,False,0.22475,0.66667,0.35,0.65,0.65,0.48,0.18,False,0.075,False,0.055,False,0.52,8.0,Encryption: encrypted payloads; latency +8 ms; energy +0.045 mJ
EXP_20260511_163907_fcada4,1,25,25.0,3,technician,100.899,37.363,94.49,1.908,Ward-A-R05,0.735,none,False,0.2432,False,none,0.65,53.029,16.878,69.907,False,0.22475,0.66667,0.35,0.65,0.65,0.48,0.18,False,0.075,False,0.055,False,0.52,8.0,Encryption: encrypted payloads; latency +8 ms; energy +0.045 mJ
EXP_20260511_163907_fcada4,1,25,25.0,4,porter,96.416,37.137,94.242,2.057,Surgery-R06,0.592,none,False,0.2814,False,none,0.65,42.221,17.279,59.501,False,0.22475,0.66667,0.35,0.65,0.65,0.48,0.18,False,0.075,False,0.055,True,0.52,8.0,Encryption: encrypted payloads; latency +8 ms; energy +0.045 mJ
EXP_20260511_163907_fcada4,1,25,25.0,5,technician,94.726,37.518,95.516,1.227,Emergency-R14,0.298,none,False,0.2164,False,none,0.65,60.359,17.134,77.492,False,0.22475,0.66667,0.35,0.65,0.65,0.48,0.18,False,0.075,False,0.055,False,0.52,8.0,Encryption: encrypted payloads; latency +8 ms; energy +0.045 mJ
EXP_20260511_163907_fcada4,1,25,25.0,6,porter,102.332,37.019,94.324,1.208,Emergency-R06,0.488,none,False,0.2408,False,none,0.65,42.534,14.017,56.551,False,0.22475,0.66667,0.35,0.65,0.65,0.48,0.18,False,0.075,False,0.055,False,0.52,8.0,Encryption: encrypted payloads; latency +8 ms; energy +0.045 mJ
EXP_20260511_163907_fcada4,1,25,25.0,7,porter,104.426,37.023,95.616,1.071,Radiology-R10,0.479,none,False,0.1468,False,none,0.65,75.762,15.642,91.404,False,0.22475,0.66667,0.35,0.65,0.65,0.48,0.18,False,0.075,False,0.055,False,0.52,8.0,Encryption: encrypted payloads; latency +8 ms; energy +0.045 mJ
EXP_20260511_163907_fcada4,1,25,25.0,8,porter,109.047,37.177,95.893,1.392,Emergency-R03,0.765,none,False,0.2613,False,none,0.65,59.179,15.069,74.249,False,0.22475,0.66667,0.35,0.65,0.65,0.48,0.18,False,0.075,False,0.055,False,0.52,8.0,Encryption: encrypted payloads; latency +8 ms; energy +0.045 mJ
EXP_20260511_163907_fcada4,1,25,25.0,9,technician,99.301,36.05,100.0,1.253,Ward-A-R15,0.496,none,False,0.1175,False,none,0.65,52.371,16.126,68.498,False,0.22475,0.66667,0.35,0.65,0.65,0.48,0.18,False,0.075,False,0.055,True,0.52,8.0,Encryption: encrypted payloads; latency +8 ms; energy +0.045 mJ
EXP_20260511_163907_fcada4,1,25,25.0,10,nurse,103.063,37.312,96.452,1.339,Pharmacy-R05,0.652,none,False,0.1711,False,none,0.65,54.178,15.208,69.387,False,0.22475,0.66667,0.35,0.65,0.65,0.48,0.18,False,0.075,False,0.055,False,0.52,8.0,Encryption: encrypted payloads; latency +8 ms; energy +0.045 mJ
EXP_20260511_163907_fcada4,1,25,25.0,11,cleaning_staff,92.203,36.727,94.515,1.256,Emergency-R03,0.31,none,False,0.1846,False,none,0.65,47.948,14.424,62.371,False,0.22475,0.66667,0.35,0.65,0.65,0.48,0.18,False,0.075,False,0.055,False,0.52,8.0,Encryption: encrypted payloads; latency +8 ms; energy +0.045 mJ
EXP_20260511_163907_fcada4,1,25,25.0,12,technician,101.484,36.899,92.801,0.532,Ward-B-R02,0.594,none,False,0.2107,False,none,0.65,61.818,12.544,74.362,False,0.22475,0.66667,0.35,0.65,0.65,0.48,0.18,False,0.075,False,0.055,True,0.52,8.0,Encryption: encrypted payloads; latency +8 ms; energy +0.045 mJ
EXP_20260511_163907_fcada4,1,25,25.0,13,physician,93.634,36.809,96.15,1.174,ICU-R04,0.421,none,False,0.1613,False,none,0.65,56.613,16.636,73.249,False,0.22475,0.66667,0.35,0.65,0.65,0.48,0.18,False,0.075,False,0.055,False,0.52,8.0,Encryption: encrypted payloads; latency +8 ms; energy +0.045 mJ
EXP_20260511_163907_fcada4,1,25,25.0,14,technician,103.821,37.058,95.609,1.177,Radiology-R09,0.663,none,False,0.1608,False,none,0.65,70.402,15.64,86.042,False,0.22475,0.66667,0.35,0.65,0.65,0.48,0.18,False,0.075,False,0.055,False,0.52,8.0,Encryption: encrypted payloads; latency +8 ms; energy +0.045 mJ
EXP_20260511_163907_fcada4,1,25,25.0,15,physician,93.382,37.359,94.33,1.237,ICU-R09,0.347,none,False,0.2292,False,none,0.65,47.974,18.149,66.122,False,0.22475,0.66667,0.35,0.65,0.65,0.48,0.18,False,0.075,True,0.055,False,0.52,8.0,Encryption: encrypted payloads; latency +8 ms; energy +0.045 mJ
EXP_20260511_163907_fcada4,1,25,25.0,16,physician,97.676,37.193,94.61,1.143,Radiology-R12,0.656,none,False,0.1745,False,none,0.65,51.38,18.525,69.905,False,0.22475,0.66667,0.35,0.65,0.65,0.48,0.18,False,0.075,False,0.055,False,0.52,8.0,Encryption: encrypted payloads; latency +8 ms; energy +0.045 mJ
EXP_20260511_163907_fcada4,1,25,25.0,17,porter,101.415,36.976,94.163,1.704,Radiology-R06,0.631,none,False,0.1992,False,none,0.65,49.779,17.298,67.077,False,0.22475,0.66667,0.35,0.65,0.65,0.48,0.18,False,0.075,True,0.055,False,0.52,8.0,Encryption: encrypted payloads; latency +8 ms; energy +0.045 mJ
EXP_20260511_163907_fcada4,1,25,25.0,18,physician,140.636,37.107,92.749,3.4,Radiology-R10,0.649,fall,True,0.4988,False,none,0.65,57.862,14.943,72.805,False,0.22475,0.66667,0.35,0.65,0.65,0.48,0.18,False,0.075,False,0.055,False,0.52,8.0,Encryption: encrypted payloads; latency +8 ms; energy +0.045 mJ
EXP_20260511_163907_fcada4,1,25,25.0,19,nurse,96.108,37.394,94.599,0.922,Surgery-R07,0.363,none,False,0.237,False,none,0.65,56.854,18.058,74.913,False,0.22475,0.66667,0.35,0.65,0.65,0.48,0.18,False,0.075,False,0.055,False,0.52,8.0,Encryption: encrypted payloads; latency +8 ms; energy +0.045 mJ
EXP_20260511_163907_fcada4,1,25,25.0,20,technician,101.737,37.043,94.054,0.951,Surgery-R15,0.388,none,False,0.2405,False,none,0.65,35.221,17.438,52.659,False,0.22475,0.66667,0.35,0.65,0.65,0.48,0.18,False,0.075,False,0.055,False,0.52,8.0,Encryption: encrypted payloads; latency +8 ms; energy +0.045 mJ
EXP_20260511_163907_fcada4,1,26,26.0,1,nurse,84.262,37.227,96.789,0.895,Pharmacy-R14,0.28,none,False,0.0705,False,none,0.65,54.446,13.83,68.276,False,0.22475,0.66667,0.35,0.65,0.65,0.48,0.18,False,0.075,False,0.055,False,0.52,8.0,Encryption: encrypted payloads; latency +8 ms; energy +0.045 mJ
EXP_20260511_163907_fcada4,1,26,26.0,2,porter,102.623,37.013,96.273,1.546,Surgery-R04,0.542,none,False,0.2136,False,none,0.65,59.959,10.553,70.512,False,0.22475,0.66667,0.35,0.65,0.65,0.48,0.18,False,0.075,False,0.055,False,0.52,8.0,Encryption: encrypted payloads; latency +8 ms; energy +0.045 mJ
EXP_20260511_163907_fcada4,1,26,26.0,3,technician,96.09,37.733,98.865,1.798,Ward-A-R06,0.732,none,False,0.2155,False,none,0.65,52.449,14.958,67.407,False,0.22475,0.66667,0.35,0.65,0.65,0.48,0.18,False,0.075,False,0.055,True,0.52,8.0,Encryption: encrypted payloads; latency +8 ms; energy +0.045 mJ
EXP_20260511_163907_fcada4,1,26,26.0,4,porter,111.071,37.176,94.834,0.873,Surgery-R01,0.559,none,False,0.2801,False,none,0.65,53.648,13.932,67.58,False,0.22475,0.66667,0.35,0.65,0.65,0.48,0.18,False,0.075,True,0.055,False,0.52,8.0,Encryption: encrypted payloads; latency +8 ms; energy +0.045 mJ
EXP_20260511_163907_fcada4,1,26,26.0,5,technician,98.4,37.55,95.418,1.427,Emergency-R07,0.438,none,False,0.2469,False,none,0.65,49.739,9.918,59.657,False,0.22475,0.66667,0.35,0.65,0.65,0.48,0.18,False,0.075,False,0.055,False,0.52,8.0,Encryption: encrypted payloads; latency +8 ms; energy +0.045 mJ
EXP_20260511_163907_fcada4,1,26,26.0,6,porter,110.055,37.158,94.39,1.382,Emergency-R01,0.776,none,False,0.3008,False,none,0.65,53.515,15.282,68.797,False,0.22475,0.66667,0.35,0.65,0.65,0.48,0.18,False,0.075,False,0.055,False,0.52,8.0,Encryption: encrypted payloads; latency +8 ms; energy +0.045 mJ
EXP_20260511_163907_fcada4,1,26,26.0,7,porter,104.787,36.988,95.441,1.076,Radiology-R06,0.462,none,False,0.149,False,none,0.65,53.349,15.898,69.247,False,0.22475,0.66667,0.35,0.65,0.65,0.48,0.18,False,0.075,False,0.055,False,0.52,8.0,Encryption: encrypted payloads; latency +8 ms; energy +0.045 mJ
EXP_20260511_163907_fcada4,1,26,26.0,8,porter,107.125,37.154,95.943,1.084,Emergency-R08,0.688,none,False,0.2455,False,none,0.65,67.256,16.958,84.213,False,0.22475,0.66667,0.35,0.65,0.65,0.48,0.18,False,0.075,False,0.055,False,0.52,8.0,Encryption: encrypted payloads; latency +8 ms; energy +0.045 mJ
EXP_20260511_163907_fcada4,1,26,26.0,9,technician,92.429,37.081,96.946,1.41,Ward-A-R11,0.305,none,False,0.0869,False,none,0.65,64.413,14.815,79.229,False,0.22475,0.66667,0.35,0.65,0.65,0.48,0.18,False,0.075,False,0.055,False,0.52,8.0,Encryption: encrypted payloads; latency +8 ms; energy +0.045 mJ
EXP_20260511_163907_fcada4,1,26,26.0,10,nurse,99.822,37.253,96.448,1.688,Pharmacy-R12,0.56,none,False,0.1658,False,none,0.65,55.28,13.202,68.482,False,0.22475,0.66667,0.35,0.65,0.65,0.48,0.18,False,0.075,False,0.055,False,0.52,8.0,Encryption: encrypted payloads; latency +8 ms; energy +0.045 mJ
EXP_20260511_163907_fcada4,1,26,26.0,11,cleaning_staff,89.64,36.726,94.632,1.046,Emergency-R11,0.193,none,False,0.1641,False,none,0.65,58.711,16.071,74.782,False,0.22475,0.66667,0.35,0.65,0.65,0.48,0.18,False,0.075,False,0.055,False,0.52,8.0,Encryption: encrypted payloads; latency +8 ms; energy +0.045 mJ
EXP_20260511_163907_fcada4,1,26,26.0,12,technician,96.932,37.218,96.136,0.495,Radiology-R04,0.516,none,False,0.1303,False,none,0.65,58.406,14.469,72.875,False,0.22475,0.66667,0.35,0.65,0.65,0.48,0.18,False,0.075,False,0.055,False,0.52,8.0,Encryption: encrypted payloads; latency +8 ms; energy +0.045 mJ
EXP_20260511_163907_fcada4,1,26,26.0,13,physician,93.884,36.78,96.326,0.769,Emergency-R11,0.441,none,False,0.1637,False,none,0.65,41.376,14.691,56.066,False,0.22475,0.66667,0.35,0.65,0.65,0.48,0.18,False,0.075,False,0.055,False,0.52,8.0,Encryption: encrypted payloads; latency +8 ms; energy +0.045 mJ
EXP_20260511_163907_fcada4,1,26,26.0,14,technician,98.252,36.959,95.468,0.609,Radiology-R13,0.448,none,False,0.1233,False,none,0.65,58.108,16.382,74.49,False,0.22475,0.66667,0.35,0.65,0.65,0.48,0.18,False,0.075,False,0.055,False,0.52,8.0,Encryption: encrypted payloads; latency +8 ms; energy +0.045 mJ
EXP_20260511_163907_fcada4,1,26,26.0,15,physician,98.116,37.435,94.138,0.834,ICU-R04,0.534,none,False,0.2715,False,none,0.65,52.021,14.166,66.187,False,0.22475,0.66667,0.35,0.65,0.65,0.48,0.18,False,0.075,False,0.055,False,0.52,8.0,Encryption: encrypted payloads; latency +8 ms; energy +0.045 mJ
EXP_20260511_163907_fcada4,1,26,26.0,16,physician,88.981,37.06,95.015,1.584,Emergency-R06,0.309,none,False,0.1778,False,none,0.65,47.902,12.013,59.915,False,0.22475,0.66667,0.35,0.65,0.65,0.48,0.18,False,0.075,False,0.055,False,0.52,8.0,Encryption: encrypted payloads; latency +8 ms; energy +0.045 mJ
EXP_20260511_163907_fcada4,1,26,26.0,17,porter,101.828,36.976,94.307,1.377,Surgery-R04,0.599,none,False,0.2454,False,none,0.65,61.062,17.861,78.923,False,0.22475,0.66667,0.35,0.65,0.65,0.48,0.18,False,0.075,False,0.055,False,0.52,8.0,Encryption: encrypted payloads; latency +8 ms; energy +0.045 mJ
EXP_20260511_163907_fcada4,1,26,26.0,18,physician,113.928,37.114,94.415,1.613,Radiology-R14,0.629,none,False,0.2439,False,none,0.65,57.83,16.083,73.912,False,0.22475,0.66667,0.35,0.65,0.65,0.48,0.18,False,0.075,True,0.055,False,0.52,8.0,Encryption: encrypted payloads; latency +8 ms; energy +0.045 mJ
EXP_20260511_163907_fcada4,1,26,26.0,19,nurse,99.74,37.448,94.552,1.314,Surgery-R07,0.489,none,False,0.2654,False,none,0.65,64.384,17.033,81.418,False,0.22475,0.66667,0.35,0.65,0.65,0.48,0.18,False,0.075,True,0.055,False,0.52,8.0,Encryption: encrypted payloads; latency +8 ms; energy +0.045 mJ
EXP_20260511_163907_fcada4,1,26,26.0,20,technician,103.05,37.14,93.914,0.923,Surgery-R04,0.453,none,False,0.2623,False,none,0.65,55.341,14.009,69.35,False,0.22475,0.66667,0.35,0.65,0.65,0.48,0.18,False,0.075,False,0.055,False,0.52,8.0,Encryption: encrypted payloads; latency +8 ms; energy +0.045 mJ
EXP_20260511_163907_fcada4,1,27,27.0,1,nurse,83.952,37.191,96.715,0.421,Pharmacy-R05,0.229,none,False,0.0636,False,none,0.65,46.375,13.99,60.364,False,0.22475,0.66667,0.35,0.65,0.65,0.48,0.18,False,0.075,False,0.055,False,0.52,8.0,Encryption: encrypted payloads; latency +8 ms; energy +0.045 mJ
EXP_20260511_163907_fcada4,1,27,27.0,2,porter,104.887,37.078,96.241,0.931,Pharmacy-R05,0.627,none,False,0.1546,False,none,0.65,53.567,14.809,68.376,False,0.22475,0.66667,0.35,0.65,0.65,0.48,0.18,False,0.075,False,0.055,False,0.52,8.0,Encryption: encrypted payloads; latency +8 ms; energy +0.045 mJ
EXP_20260511_163907_fcada4,1,27,27.0,3,technician,95.634,37.324,94.162,1.232,Ward-A-R15,0.506,none,False,0.1795,False,none,0.65,63.381,13.98,77.36,False,0.22475,0.66667,0.35,0.65,0.65,0.48,0.18,False,0.075,False,0.055,False,0.52,8.0,Encryption: encrypted payloads; latency +8 ms; energy +0.045 mJ
EXP_20260511_163907_fcada4,1,27,27.0,4,porter,107.995,37.124,95.03,1.553,Surgery-R07,0.444,none,False,0.261,False,none,0.65,54.579,14.761,69.34,False,0.22475,0.66667,0.35,0.65,0.65,0.48,0.18,False,0.075,False,0.055,False,0.52,8.0,Encryption: encrypted payloads; latency +8 ms; energy +0.045 mJ
EXP_20260511_163907_fcada4,1,27,27.0,5,technician,100.727,37.617,95.35,1.161,Emergency-R06,0.534,none,False,0.2682,False,none,0.65,62.912,16.95,79.861,False,0.22475,0.66667,0.35,0.65,0.65,0.48,0.18,False,0.075,False,0.055,False,0.52,8.0,Encryption: encrypted payloads; latency +8 ms; energy +0.045 mJ
EXP_20260511_163907_fcada4,1,27,27.0,6,porter,106.185,37.1,94.42,1.767,Radiology-R02,0.584,none,False,0.2205,False,none,0.65,45.44,13.3,58.74,False,0.22475,0.66667,0.35,0.65,0.65,0.48,0.18,False,0.075,False,0.055,False,0.52,8.0,Encryption: encrypted payloads; latency +8 ms; energy +0.045 mJ
EXP_20260511_163907_fcada4,1,27,27.0,7,porter,113.599,37.328,93.271,0.683,ICU-R05,0.521,high_fatigue,True,0.339,False,none,0.65,61.635,17.159,78.794,False,0.22475,0.66667,0.35,0.65,0.65,0.48,0.18,False,0.075,False,0.055,False,0.52,8.0,Encryption: encrypted payloads; latency +8 ms; energy +0.045 mJ
EXP_20260511_163907_fcada4,1,27,27.0,8,porter,108.447,37.132,95.879,1.462,Emergency-R07,0.742,none,False,0.2577,False,none,0.65,46.4,16.863,63.263,False,0.22475,0.66667,0.35,0.65,0.65,0.48,0.18,False,0.075,False,0.055,False,0.52,8.0,Encryption: encrypted payloads; latency +8 ms; energy +0.045 mJ
EXP_20260511_163907_fcada4,1,27,27.0,9,technician,93.005,37.138,96.964,0.778,Ward-A-R09,0.31,none,False,0.094,False,none,0.65,45.247,14.157,59.404,False,0.22475,0.66667,0.35,0.65,0.65,0.48,0.18,False,0.075,False,0.055,False,0.52,8.0,Encryption: encrypted payloads; latency +8 ms; energy +0.045 mJ
EXP_20260511_163907_fcada4,1,27,27.0,10,nurse,103.865,37.284,96.279,2.052,Pharmacy-R15,0.667,none,False,0.2145,False,none,0.65,67.754,14.749,82.503,False,0.22475,0.66667,0.35,0.65,0.65,0.48,0.18,False,0.075,False,0.055,False,0.52,8.0,Encryption: encrypted payloads; latency +8 ms; energy +0.045 mJ
EXP_20260511_163907_fcada4,1,27,27.0,11,cleaning_staff,92.385,36.767,94.217,1.231,Emergency-R09,0.313,none,False,0.1927,False,none,0.65,60.678,15.172,75.851,False,0.22475,0.66667,0.35,0.65,0.65,0.48,0.18,False,0.075,False,0.055,False,0.52,8.0,Encryption: encrypted payloads; latency +8 ms; energy +0.045 mJ
EXP_20260511_163907_fcada4,1,27,27.0,12,technician,96.595,37.205,96.177,1.385,Radiology-R05,0.493,none,False,0.1262,False,none,0.65,48.075,14.724,62.799,False,0.22475,0.66667,0.35,0.65,0.65,0.48,0.18,False,0.075,False,0.055,False,0.52,8.0,Encryption: encrypted payloads; latency +8 ms; energy +0.045 mJ
EXP_20260511_163907_fcada4,1,27,27.0,13,physician,95.02,36.998,95.468,0.941,ICU-R14,0.292,none,False,0.1705,False,none,0.65,54.964,14.671,69.634,False,0.22475,0.66667,0.35,0.65,0.65,0.48,0.18,False,0.075,False,0.055,True,0.52,8.0,Encryption: encrypted payloads; latency +8 ms; energy +0.045 mJ
EXP_20260511_163907_fcada4,1,27,27.0,14,technician,97.334,36.975,95.54,1.906,Radiology-R06,0.402,none,False,0.1474,False,none,0.65,54.415,13.646,68.061,False,0.22475,0.66667,0.35,0.65,0.65,0.48,0.18,False,0.075,False,0.055,False,0.52,8.0,Encryption: encrypted payloads; latency +8 ms; energy +0.045 mJ
EXP_20260511_163907_fcada4,1,27,27.0,15,physician,100.722,37.426,94.106,1.089,ICU-R15,0.557,none,False,0.2827,False,none,0.65,44.686,15.584,60.27,False,0.22475,0.66667,0.35,0.65,0.65,0.48,0.18,False,0.075,False,0.055,False,0.52,8.0,Encryption: encrypted payloads; latency +8 ms; energy +0.045 mJ
EXP_20260511_163907_fcada4,1,27,27.0,16,physician,96.335,38.383,90.865,1.491,Radiology-R05,0.534,none,False,0.3682,False,none,0.65,47.41,16.792,64.201,False,0.22475,0.66667,0.35,0.65,0.65,0.48,0.18,False,0.075,False,0.055,True,0.52,8.0,Encryption: encrypted payloads; latency +8 ms; energy +0.045 mJ
EXP_20260511_163907_fcada4,1,27,27.0,17,porter,100.198,37.002,94.531,1.767,Surgery-R15,0.54,none,False,0.2536,False,none,0.65,65.233,15.348,80.581,False,0.22475,0.66667,0.35,0.65,0.65,0.48,0.18,False,0.075,False,0.055,False,0.52,8.0,Encryption: encrypted payloads; latency +8 ms; energy +0.045 mJ
EXP_20260511_163907_fcada4,1,27,27.0,18,physician,113.385,37.114,94.551,0.607,Radiology-R01,0.584,none,False,0.2216,False,none,0.65,43.721,19.036,62.758,False,0.22475,0.66667,0.35,0.65,0.65,0.48,0.18,False,0.075,False,0.055,False,0.52,8.0,Encryption: encrypted payloads; latency +8 ms; energy +0.045 mJ
EXP_20260511_163907_fcada4,1,27,27.0,19,nurse,97.638,37.426,94.54,0.909,Surgery-R07,0.388,none,False,0.2489,False,none,0.65,47.371,14.703,62.074,False,0.22475,0.66667,0.35,0.65,0.65,0.48,0.18,False,0.075,False,0.055,False,0.52,8.0,Encryption: encrypted payloads; latency +8 ms; energy +0.045 mJ
EXP_20260511_163907_fcada4,1,27,27.0,20,technician,98.915,37.06,94.089,1.287,Surgery-R13,0.273,none,False,0.2227,False,none,0.65,61.398,16.318,77.716,False,0.22475,0.66667,0.35,0.65,0.65,0.48,0.18,False,0.075,False,0.055,False,0.52,8.0,Encryption: encrypted payloads; latency +8 ms; energy +0.045 mJ
EXP_20260511_163907_fcada4,1,28,28.0,1,nurse,86.31,37.197,96.541,1.027,Pharmacy-R02,0.301,none,False,0.0741,False,none,0.65,44.638,14.026,58.664,False,0.22475,0.66667,0.35,0.65,0.65,0.48,0.18,False,0.075,False,0.055,False,0.52,8.0,Encryption: encrypted payloads; latency +8 ms; energy +0.045 mJ
EXP_20260511_163907_fcada4,1,28,28.0,2,porter,111.654,37.165,95.956,1.637,ICU-R13,0.888,none,False,0.2921,False,none,0.65,64.358,15.95,80.307,False,0.22475,0.66667,0.35,0.65,0.65,0.48,0.18,False,0.075,False,0.055,False,0.52,8.0,Encryption: encrypted payloads; latency +8 ms; energy +0.045 mJ
EXP_20260511_163907_fcada4,1,28,28.0,3,technician,98.043,37.328,94.309,0.472,Ward-A-R06,0.573,none,False,0.1898,False,none,0.65,50.321,14.76,65.081,False,0.22475,0.66667,0.35,0.65,0.65,0.48,0.18,False,0.075,False,0.055,False,0.52,8.0,Encryption: encrypted payloads; latency +8 ms; energy +0.045 mJ
EXP_20260511_163907_fcada4,1,28,28.0,4,porter,107.005,37.09,94.993,0.536,Surgery-R10,0.387,none,False,0.2413,False,none,0.65,69.588,13.343,82.931,False,0.22475,0.66667,0.35,0.65,0.65,0.48,0.18,False,0.075,False,0.055,False,0.52,8.0,Encryption: encrypted payloads; latency +8 ms; energy +0.045 mJ
EXP_20260511_163907_fcada4,1,28,28.0,5,technician,97.422,37.593,95.488,0.926,Emergency-R05,0.37,none,False,0.239,False,none,0.65,57.305,14.884,72.189,False,0.22475,0.66667,0.35,0.65,0.65,0.48,0.18,False,0.075,False,0.055,False,0.52,8.0,Encryption: encrypted payloads; latency +8 ms; energy +0.045 mJ
EXP_20260511_163907_fcada4,1,28,28.0,6,porter,112.396,37.185,94.163,1.239,Ward-B-R09,0.82,none,False,0.2506,False,none,0.65,58.378,11.717,70.095,False,0.22475,0.66667,0.35,0.65,0.65,0.48,0.18,False,0.075,False,0.055,False,0.52,8.0,Encryption: encrypted payloads; latency +8 ms; energy +0.045 mJ
EXP_20260511_163907_fcada4,1,28,28.0,7,porter,104.312,37.04,95.616,1.695,Radiology-R08,0.44,none,False,0.1641,False,none,0.65,56.306,17.958,74.263,False,0.22475,0.66667,0.35,0.65,0.65,0.48,0.18,False,0.075,False,0.055,False,0.52,8.0,Encryption: encrypted payloads; latency +8 ms; energy +0.045 mJ
EXP_20260511_163907_fcada4,1,28,28.0,8,porter,112.401,37.249,95.699,1.611,Emergency-R04,0.871,none,False,0.306,False,none,0.65,58.564,14.62,73.184,False,0.22475,0.66667,0.35,0.65,0.65,0.48,0.18,False,0.075,False,0.055,False,0.52,8.0,Encryption: encrypted payloads; latency +8 ms; energy +0.045 mJ
EXP_20260511_163907_fcada4,1,28,28.0,9,technician,100.729,37.066,93.963,0.64,Ward-A-R09,0.323,high_fatigue,True,0.1666,False,none,0.65,65.591,11.072,76.663,False,0.22475,0.66667,0.35,0.65,0.65,0.48,0.18,False,0.075,False,0.055,True,0.52,8.0,Encryption: encrypted payloads; latency +8 ms; energy +0.045 mJ
EXP_20260511_163907_fcada4,1,28,28.0,10,nurse,98.903,37.239,96.51,1.351,Pharmacy-R04,0.489,none,False,0.1377,False,none,0.65,49.517,13.813,63.331,False,0.22475,0.66667,0.35,0.65,0.65,0.48,0.18,False,0.075,False,0.055,False,0.52,8.0,Encryption: encrypted payloads; latency +8 ms; energy +0.045 mJ
EXP_20260511_163907_fcada4,1,28,28.0,11,cleaning_staff,97.675,36.823,94.439,1.585,Emergency-R04,0.458,none,False,0.229,False,none,0.65,60.031,14.537,74.568,False,0.22475,0.66667,0.35,0.65,0.65,0.48,0.18,False,0.075,False,0.055,False,0.52,8.0,Encryption: encrypted payloads; latency +8 ms; energy +0.045 mJ
EXP_20260511_163907_fcada4,1,28,28.0,12,technician,97.592,37.213,96.21,1.862,ICU-R15,0.528,none,False,0.2327,False,none,0.65,32.524,15.549,48.073,False,0.22475,0.66667,0.35,0.65,0.65,0.48,0.18,False,0.075,False,0.055,False,0.52,8.0,Encryption: encrypted payloads; latency +8 ms; energy +0.045 mJ
EXP_20260511_163907_fcada4,1,28,28.0,13,physician,96.077,36.833,96.007,1.514,ICU-R12,0.491,none,False,0.1826,False,none,0.65,52.435,17.354,69.789,False,0.22475,0.66667,0.35,0.65,0.65,0.48,0.18,False,0.075,False,0.055,False,0.52,8.0,Encryption: encrypted payloads; latency +8 ms; energy +0.045 mJ
EXP_20260511_163907_fcada4,1,28,28.0,14,technician,102.168,37.0,95.568,1.218,Radiology-R04,0.575,none,False,0.1442,False,none,0.65,61.368,13.063,74.431,False,0.22475,0.66667,0.35,0.65,0.65,0.48,0.18,False,0.075,False,0.055,False,0.52,8.0,Encryption: encrypted payloads; latency +8 ms; energy +0.045 mJ
EXP_20260511_163907_fcada4,1,28,28.0,15,physician,103.963,37.473,93.83,1.759,ICU-R07,0.652,none,False,0.3354,False,none,0.65,55.175,13.995,69.17,False,0.22475,0.66667,0.35,0.65,0.65,0.48,0.18,False,0.075,False,0.055,False,0.52,8.0,Encryption: encrypted payloads; latency +8 ms; energy +0.045 mJ
EXP_20260511_163907_fcada4,1,28,28.0,16,physician,106.506,37.265,94.174,2.198,Radiology-R06,0.972,none,False,0.2978,False,none,0.65,55.571,12.383,67.955,False,0.22475,0.66667,0.35,0.65,0.65,0.48,0.18,False,0.075,False,0.055,False,0.52,8.0,Encryption: encrypted payloads; latency +8 ms; energy +0.045 mJ
EXP_20260511_163907_fcada4,1,28,28.0,17,porter,101.482,36.996,93.918,0.755,Surgery-R05,0.557,none,False,0.2508,False,none,0.65,51.574,15.884,67.458,False,0.22475,0.66667,0.35,0.65,0.65,0.48,0.18,False,0.075,False,0.055,False,0.52,8.0,Encryption: encrypted payloads; latency +8 ms; energy +0.045 mJ
EXP_20260511_163907_fcada4,1,28,28.0,18,physician,109.79,37.108,94.406,1.432,Radiology-R05,0.42,none,False,0.202,False,none,0.65,43.516,13.424,56.941,False,0.22475,0.66667,0.35,0.65,0.65,0.48,0.18,False,0.075,False,0.055,False,0.52,8.0,Encryption: encrypted payloads; latency +8 ms; energy +0.045 mJ
EXP_20260511_163907_fcada4,1,28,28.0,19,nurse,98.115,37.459,94.604,0.694,ICU-R07,0.41,none,False,0.2536,False,none,0.65,67.779,16.76,84.539,False,0.22475,0.66667,0.35,0.65,0.65,0.48,0.18,False,0.075,False,0.055,False,0.52,8.0,Encryption: encrypted payloads; latency +8 ms; energy +0.045 mJ
EXP_20260511_163907_fcada4,1,28,28.0,20,technician,101.023,37.077,94.143,1.09,Surgery-R11,0.353,none,False,0.2363,False,none,0.65,64.477,11.313,75.791,False,0.22475,0.66667,0.35,0.65,0.65,0.48,0.18,False,0.075,False,0.055,False,0.52,8.0,Encryption: encrypted payloads; latency +8 ms; energy +0.045 mJ
EXP_20260511_163907_fcada4,1,29,29.0,1,nurse,84.609,37.25,96.581,0.912,Pharmacy-R13,0.26,none,False,0.0713,False,none,0.65,64.318,13.977,78.295,False,0.22475,0.66667,0.35,0.65,0.65,0.48,0.18,False,0.075,False,0.055,False,0.52,8.0,Encryption: encrypted payloads; latency +8 ms; energy +0.045 mJ
EXP_20260511_163907_fcada4,1,29,29.0,2,porter,104.966,37.065,95.95,1.314,Pharmacy-R06,0.604,none,False,0.1532,False,none,0.65,70.391,15.891,86.283,False,0.22475,0.66667,0.35,0.65,0.65,0.48,0.18,False,0.075,False,0.055,False,0.52,8.0,Encryption: encrypted payloads; latency +8 ms; energy +0.045 mJ
EXP_20260511_163907_fcada4,1,29,29.0,3,technician,97.399,37.354,94.332,2.018,Ward-A-R07,0.563,none,False,0.2283,False,none,0.65,60.193,15.127,75.32,False,0.22475,0.66667,0.35,0.65,0.65,0.48,0.18,False,0.075,False,0.055,False,0.52,8.0,Encryption: encrypted payloads; latency +8 ms; energy +0.045 mJ
EXP_20260511_163907_fcada4,1,29,29.0,4,porter,106.764,37.082,95.056,1.105,Surgery-R05,0.363,none,False,0.2364,False,none,0.65,46.711,14.801,61.512,False,0.22475,0.66667,0.35,0.65,0.65,0.48,0.18,False,0.075,False,0.055,False,0.52,8.0,Encryption: encrypted payloads; latency +8 ms; energy +0.045 mJ
EXP_20260511_163907_fcada4,1,29,29.0,5,technician,101.288,37.656,95.138,0.961,Emergency-R04,0.529,none,False,0.2788,False,none,0.65,45.669,16.612,62.281,False,0.22475,0.66667,0.35,0.65,0.65,0.48,0.18,False,0.075,False,0.055,False,0.52,8.0,Encryption: encrypted payloads; latency +8 ms; energy +0.045 mJ
EXP_20260511_163907_fcada4,1,29,29.0,6,porter,109.515,37.165,94.199,1.154,Emergency-R05,0.736,none,False,0.3013,False,none,0.65,56.327,15.264,71.591,False,0.22475,0.66667,0.35,0.65,0.65,0.48,0.18,False,0.075,False,0.055,False,0.52,8.0,Encryption: encrypted payloads; latency +8 ms; energy +0.045 mJ
EXP_20260511_163907_fcada4,1,29,29.0,7,porter,108.705,37.119,95.607,1.024,Radiology-R10,0.595,none,False,0.1797,False,none,0.65,46.605,14.466,61.072,False,0.22475,0.66667,0.35,0.65,0.65,0.48,0.18,False,0.075,False,0.055,False,0.52,8.0,Encryption: encrypted payloads; latency +8 ms; energy +0.045 mJ
EXP_20260511_163907_fcada4,1,29,29.0,8,porter,111.04,37.239,95.748,1.684,Emergency-R11,0.821,none,False,0.3,False,none,0.65,43.267,14.871,58.139,False,0.22475,0.66667,0.35,0.65,0.65,0.48,0.18,False,0.075,False,0.055,False,0.52,8.0,Encryption: encrypted payloads; latency +8 ms; energy +0.045 mJ
EXP_20260511_163907_fcada4,1,29,29.0,9,technician,105.673,37.565,95.907,0.676,Ward-A-R08,0.555,none,False,0.1995,False,none,0.65,64.748,16.224,80.971,False,0.22475,0.66667,0.35,0.65,0.65,0.48,0.18,False,0.075,False,0.055,True,0.52,8.0,Encryption: encrypted payloads; latency +8 ms; energy +0.045 mJ
EXP_20260511_163907_fcada4,1,29,29.0,10,nurse,106.958,37.39,96.1,1.998,Pharmacy-R12,0.78,none,False,0.24,False,none,0.65,68.226,13.052,81.278,False,0.22475,0.66667,0.35,0.65,0.65,0.48,0.18,False,0.075,False,0.055,False,0.52,8.0,Encryption: encrypted payloads; latency +8 ms; energy +0.045 mJ
EXP_20260511_163907_fcada4,1,29,29.0,11,cleaning_staff,122.451,36.811,93.514,4.463,Emergency-R05,0.501,fall,True,0.5141,False,none,0.65,55.767,13.186,68.953,False,0.22475,0.66667,0.35,0.65,0.65,0.48,0.18,False,0.075,False,0.055,False,0.52,8.0,Encryption: encrypted payloads; latency +8 ms; energy +0.045 mJ
EXP_20260511_163907_fcada4,1,29,29.0,12,technician,97.548,37.268,96.153,1.554,Radiology-R08,0.549,none,False,0.1494,False,none,0.65,40.857,14.327,55.185,False,0.22475,0.66667,0.35,0.65,0.65,0.48,0.18,False,0.075,False,0.055,False,0.52,8.0,Encryption: encrypted payloads; latency +8 ms; energy +0.045 mJ
EXP_20260511_163907_fcada4,1,29,29.0,13,physician,96.777,36.809,96.351,1.076,ICU-R12,0.494,none,False,0.1781,False,none,0.65,55.024,17.806,72.83,False,0.22475,0.66667,0.35,0.65,0.65,0.48,0.18,False,0.075,True,0.055,False,0.52,8.0,Encryption: encrypted payloads; latency +8 ms; energy +0.045 mJ
EXP_20260511_163907_fcada4,1,29,29.0,14,technician,100.713,36.971,95.621,0.876,Radiology-R02,0.532,none,False,0.1345,False,none,0.65,48.95,16.476,65.427,False,0.22475,0.66667,0.35,0.65,0.65,0.48,0.18,False,0.075,False,0.055,False,0.52,8.0,Encryption: encrypted payloads; latency +8 ms; energy +0.045 mJ
EXP_20260511_163907_fcada4,1,29,29.0,15,physician,95.659,37.449,94.313,0.314,ICU-R11,0.391,none,False,0.2494,False,none,0.65,62.689,13.662,76.351,False,0.22475,0.66667,0.35,0.65,0.65,0.48,0.18,False,0.075,False,0.055,False,0.52,8.0,Encryption: encrypted payloads; latency +8 ms; energy +0.045 mJ
EXP_20260511_163907_fcada4,1,29,29.0,16,physician,71.723,37.057,99.569,0.399,Radiology-R14,0.524,none,False,0.072,False,none,0.65,63.058,18.647,81.705,False,0.22475,0.66667,0.35,0.65,0.65,0.48,0.18,False,0.075,False,0.055,True,0.52,8.0,Encryption: encrypted payloads; latency +8 ms; energy +0.045 mJ
EXP_20260511_163907_fcada4,1,29,29.0,17,porter,89.681,37.627,92.652,2.427,Surgery-R13,0.603,none,False,0.3652,False,none,0.65,46.427,15.797,62.224,False,0.22475,0.66667,0.35,0.65,0.65,0.48,0.18,False,0.075,False,0.055,True,0.52,8.0,Encryption: encrypted payloads; latency +8 ms; energy +0.045 mJ
EXP_20260511_163907_fcada4,1,29,29.0,18,physician,114.924,37.182,94.35,1.619,Radiology-R15,0.6,none,False,0.2537,False,none,0.65,62.016,16.111,78.127,False,0.22475,0.66667,0.35,0.65,0.65,0.48,0.18,False,0.075,False,0.055,False,0.52,8.0,Encryption: encrypted payloads; latency +8 ms; energy +0.045 mJ
EXP_20260511_163907_fcada4,1,29,29.0,19,nurse,123.536,38.475,94.733,1.466,Surgery-R10,0.547,none,False,0.4519,False,none,0.65,65.243,15.049,80.292,False,0.22475,0.66667,0.35,0.65,0.65,0.48,0.18,False,0.075,False,0.055,True,0.52,8.0,Encryption: encrypted payloads; latency +8 ms; energy +0.045 mJ
EXP_20260511_163907_fcada4,1,29,29.0,20,technician,101.416,37.085,93.917,1.218,Surgery-R10,0.346,none,False,0.2436,False,none,0.65,66.391,16.335,82.726,False,0.22475,0.66667,0.35,0.65,0.65,0.48,0.18,False,0.075,False,0.055,False,0.52,8.0,Encryption: encrypted payloads; latency +8 ms; energy +0.045 mJ
EXP_20260511_163907_fcada4,1,30,30.0,1,nurse,86.529,37.253,96.63,0.51,Pharmacy-R11,0.286,none,False,0.0791,False,none,0.65,53.474,12.568,66.042,False,0.22475,0.66667,0.35,0.65,0.65,0.48,0.18,False,0.075,False,0.055,False,0.52,8.0,Encryption: encrypted payloads; latency +8 ms; energy +0.045 mJ
EXP_20260511_163907_fcada4,1,30,30.0,2,porter,105.25,37.062,96.164,1.543,Pharmacy-R07,0.626,none,False,0.1635,False,none,0.65,55.826,15.396,71.222,False,0.22475,0.66667,0.35,0.65,0.65,0.48,0.18,False,0.075,False,0.055,False,0.52,8.0,Encryption: encrypted payloads; latency +8 ms; energy +0.045 mJ
EXP_20260511_163907_fcada4,1,30,30.0,3,technician,102.602,37.452,94.036,1.055,Ward-A-R03,0.733,none,False,0.236,False,none,0.65,56.467,17.355,73.822,False,0.22475,0.66667,0.35,0.65,0.65,0.48,0.18,False,0.075,False,0.055,False,0.52,8.0,Encryption: encrypted payloads; latency +8 ms; energy +0.045 mJ
EXP_20260511_163907_fcada4,1,30,30.0,4,porter,98.578,37.386,94.578,0.749,Surgery-R11,0.445,heat_stress,True,0.2517,False,none,0.65,67.604,13.293,80.897,False,0.22475,0.66667,0.35,0.65,0.65,0.48,0.18,False,0.075,False,0.055,True,0.52,8.0,Encryption: encrypted payloads; latency +8 ms; energy +0.045 mJ
EXP_20260511_163907_fcada4,1,30,30.0,5,technician,99.759,37.623,95.236,1.108,Emergency-R06,0.453,none,False,0.2624,False,none,0.65,40.477,15.608,56.085,False,0.22475,0.66667,0.35,0.65,0.65,0.48,0.18,False,0.075,False,0.055,False,0.52,8.0,Encryption: encrypted payloads; latency +8 ms; energy +0.045 mJ
EXP_20260511_163907_fcada4,1,30,30.0,6,porter,105.16,37.141,94.171,1.376,Emergency-R15,0.557,none,False,0.2712,False,none,0.65,60.149,15.188,75.337,False,0.22475,0.66667,0.35,0.65,0.65,0.48,0.18,False,0.075,False,0.055,False,0.52,8.0,Encryption: encrypted payloads; latency +8 ms; energy +0.045 mJ
EXP_20260511_163907_fcada4,1,30,30.0,7,porter,136.813,37.164,93.895,3.92,Radiology-R12,0.734,fall,True,0.5013,False,none,0.65,51.831,15.214,67.045,False,0.22475,0.66667,0.35,0.65,0.65,0.48,0.18,False,0.075,False,0.055,False,0.52,8.0,Encryption: encrypted payloads; latency +8 ms; energy +0.045 mJ
EXP_20260511_163907_fcada4,1,30,30.0,8,porter,106.648,37.14,95.877,1.831,Emergency-R12,0.627,none,False,0.2674,False,none,0.65,63.776,12.383,76.159,False,0.22475,0.66667,0.35,0.65,0.65,0.48,0.18,False,0.075,False,0.055,False,0.52,8.0,Encryption: encrypted payloads; latency +8 ms; energy +0.045 mJ
EXP_20260511_163907_fcada4,1,30,30.0,9,technician,97.295,37.176,96.485,1.195,Ward-A-R07,0.409,none,False,0.1203,False,none,0.65,47.607,14.863,62.471,False,0.22475,0.66667,0.35,0.65,0.65,0.48,0.18,False,0.075,False,0.055,False,0.52,8.0,Encryption: encrypted payloads; latency +8 ms; energy +0.045 mJ
EXP_20260511_163907_fcada4,1,30,30.0,10,nurse,110.861,37.402,95.935,1.216,Pharmacy-R03,0.894,none,False,0.2268,False,none,0.65,49.979,13.152,63.131,False,0.22475,0.66667,0.35,0.65,0.65,0.48,0.18,False,0.075,False,0.055,False,0.52,8.0,Encryption: encrypted payloads; latency +8 ms; energy +0.045 mJ
EXP_20260511_163907_fcada4,1,30,30.0,11,cleaning_staff,95.394,36.805,94.471,1.058,Emergency-R05,0.36,none,False,0.201,False,none,0.65,58.914,17.124,76.038,False,0.22475,0.66667,0.35,0.65,0.65,0.48,0.18,False,0.075,False,0.055,False,0.52,8.0,Encryption: encrypted payloads; latency +8 ms; energy +0.045 mJ
EXP_20260511_163907_fcada4,1,30,30.0,12,technician,102.799,37.264,96.26,1.114,Radiology-R11,0.711,none,False,0.1699,False,none,0.65,56.465,14.914,71.379,False,0.22475,0.66667,0.35,0.65,0.65,0.48,0.18,False,0.075,False,0.055,False,0.52,8.0,Encryption: encrypted payloads; latency +8 ms; energy +0.045 mJ
EXP_20260511_163907_fcada4,1,30,30.0,13,physician,99.026,36.893,95.868,1.904,Laboratory-R09,0.59,none,False,0.1587,False,none,0.65,54.215,13.303,67.518,False,0.22475,0.66667,0.35,0.65,0.65,0.48,0.18,False,0.075,False,0.055,False,0.52,8.0,Encryption: encrypted payloads; latency +8 ms; energy +0.045 mJ
EXP_20260511_163907_fcada4,1,30,30.0,14,technician,99.177,37.003,95.564,1.301,Radiology-R09,0.457,none,False,0.1253,False,none,0.65,69.553,14.138,83.691,False,0.22475,0.66667,0.35,0.65,0.65,0.48,0.18,False,0.075,False,0.055,False,0.52,8.0,Encryption: encrypted payloads; latency +8 ms; energy +0.045 mJ
EXP_20260511_163907_fcada4,1,30,30.0,15,physician,100.833,37.47,94.128,1.209,ICU-R09,0.549,none,False,0.2861,False,none,0.65,56.814,16.169,72.983,False,0.22475,0.66667,0.35,0.65,0.65,0.48,0.18,False,0.075,False,0.055,False,0.52,8.0,Encryption: encrypted payloads; latency +8 ms; energy +0.045 mJ
EXP_20260511_163907_fcada4,1,30,30.0,16,physician,95.565,37.166,94.104,1.394,Emergency-R13,0.524,none,False,0.2374,False,none,0.65,55.99,17.816,73.805,False,0.22475,0.66667,0.35,0.65,0.65,0.48,0.18,False,0.075,False,0.055,False,0.52,8.0,Encryption: encrypted payloads; latency +8 ms; energy +0.045 mJ
EXP_20260511_163907_fcada4,1,30,30.0,17,porter,100.637,36.986,93.98,1.304,Surgery-R05,0.549,none,False,0.2455,False,none,0.65,66.873,12.18,79.053,False,0.22475,0.66667,0.35,0.65,0.65,0.48,0.18,False,0.075,False,0.055,False,0.52,8.0,Encryption: encrypted payloads; latency +8 ms; energy +0.045 mJ
EXP_20260511_163907_fcada4,1,30,30.0,18,physician,113.339,37.151,94.301,1.549,Radiology-R12,0.538,none,False,0.2373,False,none,0.65,60.831,12.072,72.903,False,0.22475,0.66667,0.35,0.65,0.65,0.48,0.18,False,0.075,False,0.055,False,0.52,8.0,Encryption: encrypted payloads; latency +8 ms; energy +0.045 mJ
EXP_20260511_163907_fcada4,1,30,30.0,19,nurse,96.579,37.41,94.454,1.003,Surgery-R15,0.289,none,False,0.2387,False,none,0.65,51.433,14.982,66.415,False,0.22475,0.66667,0.35,0.65,0.65,0.48,0.18,False,0.075,False,0.055,False,0.52,8.0,Encryption: encrypted payloads; latency +8 ms; energy +0.045 mJ
EXP_20260511_163907_fcada4,1,30,30.0,20,technician,106.165,37.163,93.966,1.079,Surgery-R04,0.516,none,False,0.279,False,none,0.65,58.798,17.422,76.22,False,0.22475,0.66667,0.35,0.65,0.65,0.48,0.18,False,0.075,False,0.055,False,0.52,8.0,Encryption: encrypted payloads; latency +8 ms; energy +0.045 mJ
EXP_20260511_163907_fcada4,1,31,31.0,1,nurse,84.896,37.217,96.736,0.513,Pharmacy-R08,0.237,none,False,0.0666,False,none,0.65,62.023,15.664,77.688,False,0.22475,0.66667,0.35,0.65,0.65,0.48,0.18,False,0.075,False,0.055,False,0.52,8.0,Encryption: encrypted payloads; latency +8 ms; energy +0.045 mJ
EXP_20260511_163907_fcada4,1,31,31.0,2,porter,102.558,36.983,96.293,0.863,Radiology-R10,0.507,none,False,0.1303,False,none,0.65,41.109,16.528,57.637,False,0.22475,0.66667,0.35,0.65,0.65,0.48,0.18,False,0.075,False,0.055,False,0.52,8.0,Encryption: encrypted payloads; latency +8 ms; energy +0.045 mJ
EXP_20260511_163907_fcada4,1,31,31.0,3,technician,96.096,37.39,92.81,2.795,Ward-A-R10,0.715,none,False,0.3247,False,none,0.65,50.218,15.063,65.281,False,0.22475,0.66667,0.35,0.65,0.65,0.48,0.18,False,0.075,False,0.055,True,0.52,8.0,Encryption: encrypted payloads; latency +8 ms; energy +0.045 mJ
EXP_20260511_163907_fcada4,1,31,31.0,4,porter,104.707,37.122,94.856,0.45,Surgery-R03,0.307,none,False,0.2335,False,none,0.65,59.207,15.65,74.857,False,0.22475,0.66667,0.35,0.65,0.65,0.48,0.18,False,0.075,False,0.055,False,0.52,8.0,Encryption: encrypted payloads; latency +8 ms; energy +0.045 mJ
EXP_20260511_163907_fcada4,1,31,31.0,5,technician,105.857,37.68,95.326,1.072,Laboratory-R10,0.66,none,False,0.2325,False,none,0.65,66.745,14.102,80.847,False,0.22475,0.66667,0.35,0.65,0.65,0.48,0.18,False,0.075,False,0.055,False,0.52,8.0,Encryption: encrypted payloads; latency +8 ms; energy +0.045 mJ
EXP_20260511_163907_fcada4,1,31,31.0,6,porter,110.801,37.211,94.297,1.586,Emergency-R01,0.765,none,False,0.3218,False,none,0.65,58.507,15.644,74.152,False,0.22475,0.66667,0.35,0.65,0.65,0.48,0.18,False,0.075,False,0.055,False,0.52,8.0,Encryption: encrypted payloads; latency +8 ms; energy +0.045 mJ
EXP_20260511_163907_fcada4,1,31,31.0,7,porter,114.663,37.168,95.239,1.501,Radiology-R08,0.782,none,False,0.2349,False,none,0.65,53.483,15.208,68.692,False,0.22475,0.66667,0.35,0.65,0.65,0.48,0.18,False,0.075,False,0.055,False,0.52,8.0,Encryption: encrypted payloads; latency +8 ms; energy +0.045 mJ
EXP_20260511_163907_fcada4,1,31,31.0,8,porter,100.987,37.103,95.849,1.505,Emergency-R14,0.45,none,False,0.2105,False,none,0.65,42.498,15.852,58.35,False,0.22475,0.66667,0.35,0.65,0.65,0.48,0.18,False,0.075,False,0.055,False,0.52,8.0,Encryption: encrypted payloads; latency +8 ms; energy +0.045 mJ
EXP_20260511_163907_fcada4,1,31,31.0,9,technician,94.91,37.188,96.775,0.773,Ward-A-R03,0.27,none,False,0.1028,False,none,0.65,67.465,13.749,81.214,False,0.22475,0.66667,0.35,0.65,0.65,0.48,0.18,False,0.075,False,0.055,False,0.52,8.0,Encryption: encrypted payloads; latency +8 ms; energy +0.045 mJ
EXP_20260511_163907_fcada4,1,31,31.0,10,nurse,101.904,37.298,96.081,0.968,Pharmacy-R01,0.523,none,False,0.1565,False,none,0.65,52.646,17.595,70.24,False,0.22475,0.66667,0.35,0.65,0.65,0.48,0.18,False,0.075,False,0.055,False,0.52,8.0,Encryption: encrypted payloads; latency +8 ms; energy +0.045 mJ
EXP_20260511_163907_fcada4,1,31,31.0,11,cleaning_staff,95.434,36.835,94.152,0.885,ICU-R02,0.322,none,False,0.2062,False,none,0.65,57.794,13.8,71.594,False,0.22475,0.66667,0.35,0.65,0.65,0.48,0.18,False,0.075,False,0.055,False,0.52,8.0,Encryption: encrypted payloads; latency +8 ms; energy +0.045 mJ
EXP_20260511_163907_fcada4,1,31,31.0,12,technician,98.719,37.235,96.287,0.963,Radiology-R05,0.516,none,False,0.1385,False,none,0.65,51.076,16.223,67.298,False,0.22475,0.66667,0.35,0.65,0.65,0.48,0.18,False,0.075,False,0.055,False,0.52,8.0,Encryption: encrypted payloads; latency +8 ms; energy +0.045 mJ
EXP_20260511_163907_fcada4,1,31,31.0,13,physician,100.531,36.888,95.866,1.829,ICU-R15,0.618,none,False,0.2315,False,none,0.65,44.288,16.799,61.087,False,0.22475,0.66667,0.35,0.65,0.65,0.48,0.18,False,0.075,False,0.055,False,0.52,8.0,Encryption: encrypted payloads; latency +8 ms; energy +0.045 mJ
EXP_20260511_163907_fcada4,1,31,31.0,14,technician,99.965,36.962,95.356,0.623,Radiology-R11,0.476,none,False,0.1343,False,none,0.65,60.261,15.93,76.191,False,0.22475,0.66667,0.35,0.65,0.65,0.48,0.18,False,0.075,False,0.055,False,0.52,8.0,Encryption: encrypted payloads; latency +8 ms; energy +0.045 mJ
EXP_20260511_163907_fcada4,1,31,31.0,15,physician,101.813,37.511,93.896,1.522,ICU-R04,0.589,none,False,0.3098,False,none,0.65,50.178,14.142,64.32,False,0.22475,0.66667,0.35,0.65,0.65,0.48,0.18,False,0.075,False,0.055,False,0.52,8.0,Encryption: encrypted payloads; latency +8 ms; energy +0.045 mJ
EXP_20260511_163907_fcada4,1,31,31.0,16,physician,98.523,37.223,94.21,0.824,Radiology-R03,0.615,none,False,0.1874,False,none,0.65,68.43,14.064,82.494,False,0.22475,0.66667,0.35,0.65,0.65,0.48,0.18,False,0.075,False,0.055,False,0.52,8.0,Encryption: encrypted payloads; latency +8 ms; energy +0.045 mJ
EXP_20260511_163907_fcada4,1,31,31.0,17,porter,106.533,37.029,94.141,2.049,Surgery-R15,0.701,none,False,0.3184,False,none,0.65,39.164,14.384,53.548,False,0.22475,0.66667,0.35,0.65,0.65,0.48,0.18,False,0.075,False,0.055,False,0.52,8.0,Encryption: encrypted payloads; latency +8 ms; energy +0.045 mJ
EXP_20260511_163907_fcada4,1,31,31.0,18,physician,115.864,37.207,94.215,0.851,Radiology-R10,0.572,none,False,0.2467,False,none,0.65,58.281,12.564,70.845,False,0.22475,0.66667,0.35,0.65,0.65,0.48,0.18,False,0.075,False,0.055,False,0.52,8.0,Encryption: encrypted payloads; latency +8 ms; energy +0.045 mJ
EXP_20260511_163907_fcada4,1,31,31.0,19,nurse,99.617,37.474,94.461,1.296,Surgery-R02,0.442,none,False,0.2663,False,none,0.65,57.357,10.316,67.673,False,0.22475,0.66667,0.35,0.65,0.65,0.48,0.18,False,0.075,False,0.055,False,0.52,8.0,Encryption: encrypted payloads; latency +8 ms; energy +0.045 mJ
EXP_20260511_163907_fcada4,1,31,31.0,20,technician,97.366,37.027,94.264,1.188,Surgery-R04,0.236,none,False,0.2071,False,none,0.65,42.884,12.564,55.448,False,0.22475,0.66667,0.35,0.65,0.65,0.48,0.18,False,0.075,False,0.055,False,0.52,8.0,Encryption: encrypted payloads; latency +8 ms; energy +0.045 mJ
EXP_20260511_163907_fcada4,1,32,32.0,1,nurse,108.854,38.751,96.637,1.075,Emergency-R15,0.061,heat_stress,True,0.354,False,none,0.65,67.558,13.545,81.103,False,0.22475,0.66667,0.35,0.65,0.65,0.48,0.18,False,0.075,False,0.055,False,0.52,8.0,Encryption: encrypted payloads; latency +8 ms; energy +0.045 mJ
EXP_20260511_163907_fcada4,1,32,32.0,2,porter,138.825,38.27,100.0,2.285,Pharmacy-R13,0.739,none,False,0.4546,False,none,0.65,49.916,14.872,64.788,False,0.22475,0.66667,0.35,0.65,0.65,0.48,0.18,False,0.075,False,0.055,True,0.52,8.0,Encryption: encrypted payloads; latency +8 ms; energy +0.045 mJ
EXP_20260511_163907_fcada4,1,32,32.0,3,technician,97.477,37.339,94.32,1.86,Ward-A-R06,0.536,none,False,0.2155,False,none,0.65,56.48,15.639,72.119,False,0.22475,0.66667,0.35,0.65,0.65,0.48,0.18,False,0.075,False,0.055,False,0.52,8.0,Encryption: encrypted payloads; latency +8 ms; energy +0.045 mJ
EXP_20260511_163907_fcada4,1,32,32.0,4,porter,105.772,37.13,95.032,0.938,Surgery-R09,0.331,none,False,0.2356,False,none,0.65,49.816,17.355,67.172,False,0.22475,0.66667,0.35,0.65,0.65,0.48,0.18,False,0.075,False,0.055,False,0.52,8.0,Encryption: encrypted payloads; latency +8 ms; energy +0.045 mJ
EXP_20260511_163907_fcada4,1,32,32.0,5,technician,115.406,38.363,92.063,1.63,Emergency-R02,0.497,high_fatigue,True,0.4839,False,none,0.65,52.258,13.434,65.693,False,0.22475,0.66667,0.35,0.65,0.65,0.48,0.18,False,0.075,False,0.055,False,0.52,8.0,Encryption: encrypted payloads; latency +8 ms; energy +0.045 mJ
EXP_20260511_163907_fcada4,1,32,32.0,6,porter,87.037,36.697,89.396,1.163,Emergency-R09,0.635,none,False,0.3134,False,none,0.65,42.065,16.952,59.017,False,0.22475,0.66667,0.35,0.65,0.65,0.48,0.18,False,0.075,False,0.055,True,0.52,8.0,Encryption: encrypted payloads; latency +8 ms; energy +0.045 mJ
EXP_20260511_163907_fcada4,1,32,32.0,7,porter,108.731,37.124,95.266,1.312,Radiology-R15,0.517,none,False,0.1833,False,none,0.65,59.823,15.889,75.712,False,0.22475,0.66667,0.35,0.65,0.65,0.48,0.18,False,0.075,False,0.055,False,0.52,8.0,Encryption: encrypted payloads; latency +8 ms; energy +0.045 mJ
EXP_20260511_163907_fcada4,1,32,32.0,8,porter,109.226,37.185,95.68,1.423,Emergency-R12,0.721,none,False,0.2663,False,none,0.65,49.128,15.741,64.868,False,0.22475,0.66667,0.35,0.65,0.65,0.48,0.18,False,0.075,False,0.055,False,0.52,8.0,Encryption: encrypted payloads; latency +8 ms; energy +0.045 mJ
EXP_20260511_163907_fcada4,1,32,32.0,9,technician,99.601,37.248,96.621,1.028,Ward-A-R01,0.443,none,False,0.1378,False,none,0.65,60.796,14.593,75.389,False,0.22475,0.66667,0.35,0.65,0.65,0.48,0.18,False,0.075,True,0.055,False,0.52,8.0,Encryption: encrypted payloads; latency +8 ms; energy +0.045 mJ
EXP_20260511_163907_fcada4,1,32,32.0,10,nurse,100.987,37.262,96.259,1.468,Ward-A-R12,0.471,none,False,0.1505,False,none,0.65,48.152,14.44,62.592,False,0.22475,0.66667,0.35,0.65,0.65,0.48,0.18,False,0.075,False,0.055,False,0.52,8.0,Encryption: encrypted payloads; latency +8 ms; energy +0.045 mJ
EXP_20260511_163907_fcada4,1,32,32.0,11,cleaning_staff,98.283,36.856,94.501,1.358,Emergency-R05,0.435,none,False,0.2162,False,none,0.65,49.828,18.122,67.95,False,0.22475,0.66667,0.35,0.65,0.65,0.48,0.18,False,0.075,False,0.055,False,0.52,8.0,Encryption: encrypted payloads; latency +8 ms; energy +0.045 mJ
EXP_20260511_163907_fcada4,1,32,32.0,12,technician,95.488,37.208,95.971,1.01,Radiology-R06,0.389,none,False,0.1158,False,none,0.65,74.562,14.07,88.632,False,0.22475,0.66667,0.35,0.65,0.65,0.48,0.18,False,0.075,False,0.055,False,0.52,8.0,Encryption: encrypted payloads; latency +8 ms; energy +0.045 mJ
EXP_20260511_163907_fcada4,1,32,32.0,13,physician,91.474,36.808,96.033,0.791,ICU-R13,0.265,none,False,0.1425,False,none,0.65,50.716,10.869,61.585,False,0.22475,0.66667,0.35,0.65,0.65,0.48,0.18,False,0.075,False,0.055,False,0.52,8.0,Encryption: encrypted payloads; latency +8 ms; energy +0.045 mJ
EXP_20260511_163907_fcada4,1,32,32.0,14,technician,101.22,36.99,95.681,0.754,Radiology-R08,0.537,none,False,0.1353,False,none,0.65,47.234,18.407,65.641,False,0.22475,0.66667,0.35,0.65,0.65,0.48,0.18,False,0.075,False,0.055,False,0.52,8.0,Encryption: encrypted payloads; latency +8 ms; energy +0.045 mJ
EXP_20260511_163907_fcada4,1,32,32.0,15,physician,93.648,38.038,92.88,1.49,ICU-R13,0.375,high_fatigue,True,0.3361,False,none,0.65,44.314,13.981,58.295,False,0.22475,0.66667,0.35,0.65,0.65,0.48,0.18,False,0.075,False,0.055,False,0.52,8.0,Encryption: encrypted payloads; latency +8 ms; energy +0.045 mJ
EXP_20260511_163907_fcada4,1,32,32.0,16,physician,95.558,37.149,94.226,0.977,Radiology-R06,0.514,none,False,0.1621,False,none,0.65,59.16,15.739,74.898,False,0.22475,0.66667,0.35,0.65,0.65,0.48,0.18,False,0.075,False,0.055,False,0.52,8.0,Encryption: encrypted payloads; latency +8 ms; energy +0.045 mJ
EXP_20260511_163907_fcada4,1,32,32.0,17,porter,105.448,37.061,93.921,1.791,Surgery-R05,0.661,none,False,0.3034,False,none,0.65,61.915,14.482,76.396,False,0.22475,0.66667,0.35,0.65,0.65,0.48,0.18,False,0.075,True,0.055,False,0.52,8.0,Encryption: encrypted payloads; latency +8 ms; energy +0.045 mJ
EXP_20260511_163907_fcada4,1,32,32.0,18,physician,125.715,37.352,94.096,2.362,Emergency-R01,0.97,none,False,0.4591,False,none,0.65,62.162,14.883,77.045,False,0.22475,0.66667,0.35,0.65,0.65,0.48,0.18,False,0.075,False,0.055,False,0.52,8.0,Encryption: encrypted payloads; latency +8 ms; energy +0.045 mJ
EXP_20260511_163907_fcada4,1,32,32.0,19,nurse,95.561,37.391,94.452,1.767,Surgery-R15,0.265,none,False,0.255,False,none,0.65,54.134,17.007,71.141,False,0.22475,0.66667,0.35,0.65,0.65,0.48,0.18,False,0.075,False,0.055,False,0.52,8.0,Encryption: encrypted payloads; latency +8 ms; energy +0.045 mJ
EXP_20260511_163907_fcada4,1,32,32.0,20,technician,98.946,37.018,93.895,0.375,Surgery-R10,0.251,none,False,0.2222,False,none,0.65,66.998,16.329,83.326,False,0.22475,0.66667,0.35,0.65,0.65,0.48,0.18,False,0.075,False,0.055,False,0.52,8.0,Encryption: encrypted payloads; latency +8 ms; energy +0.045 mJ
EXP_20260511_163907_fcada4,1,33,33.0,1,nurse,81.145,37.148,96.59,0.842,Pharmacy-R01,0.116,none,False,0.0518,False,none,0.65,48.34,15.571,63.911,False,0.22475,0.66667,0.35,0.65,0.65,0.48,0.18,False,0.075,False,0.055,False,0.52,8.0,Encryption: encrypted payloads; latency +8 ms; energy +0.045 mJ
EXP_20260511_163907_fcada4,1,33,33.0,2,porter,105.935,37.075,95.981,1.442,Pharmacy-R13,0.615,none,False,0.1604,False,none,0.65,49.278,15.171,64.45,False,0.22475,0.66667,0.35,0.65,0.65,0.48,0.18,False,0.075,False,0.055,False,0.52,8.0,Encryption: encrypted payloads; latency +8 ms; energy +0.045 mJ
EXP_20260511_163907_fcada4,1,33,33.0,3,technician,99.825,37.412,93.944,1.683,Emergency-R15,0.64,none,False,0.3059,False,none,0.65,69.119,15.114,84.233,False,0.22475,0.66667,0.35,0.65,0.65,0.48,0.18,False,0.075,False,0.055,False,0.52,8.0,Encryption: encrypted payloads; latency +8 ms; energy +0.045 mJ
EXP_20260511_163907_fcada4,1,33,33.0,4,porter,107.595,37.164,94.692,1.2,Radiology-R03,0.389,none,False,0.1877,False,none,0.65,58.137,13.479,71.616,False,0.22475,0.66667,0.35,0.65,0.65,0.48,0.18,False,0.075,False,0.055,False,0.52,8.0,Encryption: encrypted payloads; latency +8 ms; energy +0.045 mJ
EXP_20260511_163907_fcada4,1,33,33.0,5,technician,101.037,37.655,95.095,0.986,Emergency-R05,0.439,none,False,0.2726,False,none,0.65,56.867,12.306,69.173,False,0.22475,0.66667,0.35,0.65,0.65,0.48,0.18,False,0.075,False,0.055,False,0.52,8.0,Encryption: encrypted payloads; latency +8 ms; energy +0.045 mJ
EXP_20260511_163907_fcada4,1,33,33.0,6,porter,125.695,37.358,92.071,1.09,Emergency-R02,0.504,high_fatigue,True,0.4146,False,none,0.65,61.633,16.555,78.188,False,0.22475,0.66667,0.35,0.65,0.65,0.48,0.18,False,0.075,False,0.055,False,0.52,8.0,Encryption: encrypted payloads; latency +8 ms; energy +0.045 mJ
EXP_20260511_163907_fcada4,1,33,33.0,7,porter,108.537,37.119,95.453,1.238,Radiology-R03,0.49,none,False,0.1755,False,none,0.65,62.879,15.571,78.45,False,0.22475,0.66667,0.35,0.65,0.65,0.48,0.18,False,0.075,False,0.055,False,0.52,8.0,Encryption: encrypted payloads; latency +8 ms; energy +0.045 mJ
EXP_20260511_163907_fcada4,1,33,33.0,8,porter,105.919,37.197,95.771,2.418,Emergency-R08,0.627,none,False,0.3104,False,none,0.65,48.001,13.106,61.107,False,0.22475,0.66667,0.35,0.65,0.65,0.48,0.18,False,0.075,True,0.055,False,0.52,8.0,Encryption: encrypted payloads; latency +8 ms; energy +0.045 mJ
EXP_20260511_163907_fcada4,1,33,33.0,9,technician,96.639,37.169,96.482,1.252,Ward-A-R01,0.33,none,False,0.1117,False,none,0.65,47.399,18.88,66.278,False,0.22475,0.66667,0.35,0.65,0.65,0.48,0.18,False,0.075,False,0.055,False,0.52,8.0,Encryption: encrypted payloads; latency +8 ms; energy +0.045 mJ
EXP_20260511_163907_fcada4,1,33,33.0,10,nurse,106.485,37.395,95.969,1.456,Pharmacy-R06,0.669,none,False,0.1969,False,none,0.65,61.692,14.783,76.474,False,0.22475,0.66667,0.35,0.65,0.65,0.48,0.18,False,0.075,False,0.055,False,0.52,8.0,Encryption: encrypted payloads; latency +8 ms; energy +0.045 mJ
EXP_20260511_163907_fcada4,1,33,33.0,11,cleaning_staff,92.868,36.785,94.232,0.632,Radiology-R14,0.229,none,False,0.1183,False,none,0.65,52.556,11.934,64.49,False,0.22475,0.66667,0.35,0.65,0.65,0.48,0.18,False,0.075,False,0.055,False,0.52,8.0,Encryption: encrypted payloads; latency +8 ms; energy +0.045 mJ
EXP_20260511_163907_fcada4,1,33,33.0,12,technician,94.26,37.158,96.032,1.514,Radiology-R09,0.341,none,False,0.11,False,none,0.65,53.4,16.143,69.542,False,0.22475,0.66667,0.35,0.65,0.65,0.48,0.18,False,0.075,False,0.055,False,0.52,8.0,Encryption: encrypted payloads; latency +8 ms; energy +0.045 mJ
EXP_20260511_163907_fcada4,1,33,33.0,13,physician,99.0,36.884,96.005,1.233,ICU-R09,0.537,none,False,0.1893,False,none,0.65,44.23,13.296,57.526,False,0.22475,0.66667,0.35,0.65,0.65,0.48,0.18,False,0.075,False,0.055,False,0.52,8.0,Encryption: encrypted payloads; latency +8 ms; energy +0.045 mJ
EXP_20260511_163907_fcada4,1,33,33.0,14,technician,103.52,37.077,95.343,1.09,Radiology-R06,0.614,none,False,0.1645,False,none,0.65,76.292,14.715,91.007,False,0.22475,0.66667,0.35,0.65,0.65,0.48,0.18,False,0.075,False,0.055,False,0.52,8.0,Encryption: encrypted payloads; latency +8 ms; energy +0.045 mJ
EXP_20260511_163907_fcada4,1,33,33.0,15,physician,98.303,37.433,93.974,1.361,ICU-R01,0.432,none,False,0.2689,False,none,0.65,55.586,16.187,71.772,False,0.22475,0.66667,0.35,0.65,0.65,0.48,0.18,False,0.075,False,0.055,False,0.52,8.0,Encryption: encrypted payloads; latency +8 ms; energy +0.045 mJ
EXP_20260511_163907_fcada4,1,33,33.0,16,physician,117.245,37.346,92.513,4.326,Radiology-R03,1.0,fall,True,0.5162,False,none,0.65,64.552,14.214,78.767,False,0.22475,0.66667,0.35,0.65,0.65,0.48,0.18,False,0.075,False,0.055,False,0.52,8.0,Encryption: encrypted payloads; latency +8 ms; energy +0.045 mJ
EXP_20260511_163907_fcada4,1,33,33.0,17,porter,94.598,36.918,94.143,1.12,Surgery-R06,0.223,none,False,0.1965,False,none,0.65,59.405,14.642,74.047,False,0.22475,0.66667,0.35,0.65,0.65,0.48,0.18,False,0.075,False,0.055,False,0.52,8.0,Encryption: encrypted payloads; latency +8 ms; energy +0.045 mJ
EXP_20260511_163907_fcada4,1,33,33.0,18,physician,117.045,37.19,94.02,0.922,Radiology-R04,0.606,none,False,0.2567,False,none,0.65,54.763,13.27,68.033,False,0.22475,0.66667,0.35,0.65,0.65,0.48,0.18,False,0.075,False,0.055,False,0.52,8.0,Encryption: encrypted payloads; latency +8 ms; energy +0.045 mJ
EXP_20260511_163907_fcada4,1,33,33.0,19,nurse,100.689,37.527,94.471,0.946,Surgery-R06,0.435,none,False,0.2744,False,none,0.65,60.493,13.969,74.461,False,0.22475,0.66667,0.35,0.65,0.65,0.48,0.18,False,0.075,False,0.055,False,0.52,8.0,Encryption: encrypted payloads; latency +8 ms; energy +0.045 mJ
EXP_20260511_163907_fcada4,1,33,33.0,20,technician,99.895,37.005,94.047,0.946,Surgery-R09,0.285,none,False,0.2232,False,none,0.65,55.744,12.378,68.122,False,0.22475,0.66667,0.35,0.65,0.65,0.48,0.18,False,0.075,False,0.055,False,0.52,8.0,Encryption: encrypted payloads; latency +8 ms; energy +0.045 mJ
EXP_20260511_163907_fcada4,1,34,34.0,1,nurse,88.749,37.513,95.853,0.051,Pharmacy-R04,0.02,high_fatigue,True,0.0962,False,none,0.65,47.053,15.003,62.056,False,0.22475,0.66667,0.35,0.65,0.65,0.48,0.18,False,0.075,True,0.055,False,0.52,8.0,Encryption: encrypted payloads; latency +8 ms; energy +0.045 mJ
EXP_20260511_163907_fcada4,1,34,34.0,2,porter,108.104,37.091,95.897,1.587,Emergency-R09,0.683,none,False,0.2561,False,none,0.65,55.038,11.385,66.423,False,0.22475,0.66667,0.35,0.65,0.65,0.48,0.18,False,0.075,False,0.055,False,0.52,8.0,Encryption: encrypted payloads; latency +8 ms; energy +0.045 mJ
EXP_20260511_163907_fcada4,1,34,34.0,3,technician,104.851,37.473,94.177,2.022,Ward-A-R06,0.787,none,False,0.2866,False,none,0.65,68.26,16.361,84.621,False,0.22475,0.66667,0.35,0.65,0.65,0.48,0.18,False,0.075,False,0.055,False,0.52,8.0,Encryption: encrypted payloads; latency +8 ms; energy +0.045 mJ
EXP_20260511_163907_fcada4,1,34,34.0,4,porter,114.728,37.242,94.621,2.185,Surgery-R08,0.64,none,False,0.3611,False,none,0.65,56.136,9.354,65.49,False,0.22475,0.66667,0.35,0.65,0.65,0.48,0.18,False,0.075,False,0.055,False,0.52,8.0,Encryption: encrypted payloads; latency +8 ms; energy +0.045 mJ
EXP_20260511_163907_fcada4,1,34,34.0,5,technician,105.947,37.768,95.074,2.098,Emergency-R06,0.602,none,False,0.3578,False,none,0.65,55.674,15.857,71.531,False,0.22475,0.66667,0.35,0.65,0.65,0.48,0.18,False,0.075,False,0.055,False,0.52,8.0,Encryption: encrypted payloads; latency +8 ms; energy +0.045 mJ
EXP_20260511_163907_fcada4,1,34,34.0,6,porter,132.871,37.222,93.066,3.563,Emergency-R15,0.767,fall,True,0.5617,False,none,0.65,61.603,13.871,75.474,False,0.22475,0.66667,0.35,0.65,0.65,0.48,0.18,False,0.075,False,0.055,False,0.52,8.0,Encryption: encrypted payloads; latency +8 ms; energy +0.045 mJ
EXP_20260511_163907_fcada4,1,34,34.0,7,porter,114.671,37.728,93.312,1.098,Radiology-R04,0.349,high_fatigue,True,0.2968,False,none,0.65,64.495,20.598,85.093,False,0.22475,0.66667,0.35,0.65,0.65,0.48,0.18,False,0.075,False,0.055,False,0.52,8.0,Encryption: encrypted payloads; latency +8 ms; energy +0.045 mJ
EXP_20260511_163907_fcada4,1,34,34.0,8,porter,106.178,37.138,96.054,1.58,Emergency-R04,0.597,none,False,0.2443,False,none,0.65,64.856,10.713,75.569,False,0.22475,0.66667,0.35,0.65,0.65,0.48,0.18,False,0.075,False,0.055,False,0.52,8.0,Encryption: encrypted payloads; latency +8 ms; energy +0.045 mJ
EXP_20260511_163907_fcada4,1,34,34.0,9,technician,103.442,37.31,96.662,1.539,Ward-A-R04,0.537,none,False,0.1733,False,none,0.65,52.195,13.738,65.933,False,0.22475,0.66667,0.35,0.65,0.65,0.48,0.18,False,0.075,False,0.055,False,0.52,8.0,Encryption: encrypted payloads; latency +8 ms; energy +0.045 mJ
EXP_20260511_163907_fcada4,1,34,34.0,10,nurse,109.315,37.436,96.028,1.653,Pharmacy-R10,0.764,none,False,0.2298,False,none,0.65,42.235,16.096,58.331,False,0.22475,0.66667,0.35,0.65,0.65,0.48,0.18,False,0.075,False,0.055,False,0.52,8.0,Encryption: encrypted payloads; latency +8 ms; energy +0.045 mJ
EXP_20260511_163907_fcada4,1,34,34.0,11,cleaning_staff,92.394,36.788,94.509,0.787,Emergency-R14,0.172,none,False,0.1758,False,none,0.65,62.183,17.261,79.444,False,0.22475,0.66667,0.35,0.65,0.65,0.48,0.18,False,0.075,False,0.055,False,0.52,8.0,Encryption: encrypted payloads; latency +8 ms; energy +0.045 mJ
EXP_20260511_163907_fcada4,1,34,34.0,12,technician,105.645,37.311,95.863,1.388,Radiology-R10,0.775,none,False,0.1925,False,none,0.65,51.737,17.053,68.79,False,0.22475,0.66667,0.35,0.65,0.65,0.48,0.18,False,0.075,False,0.055,False,0.52,8.0,Encryption: encrypted payloads; latency +8 ms; energy +0.045 mJ
EXP_20260511_163907_fcada4,1,34,34.0,13,physician,97.757,36.829,95.872,0.629,ICU-R10,0.491,none,False,0.1846,False,none,0.65,53.613,12.341,65.954,False,0.22475,0.66667,0.35,0.65,0.65,0.48,0.18,False,0.075,False,0.055,False,0.52,8.0,Encryption: encrypted payloads; latency +8 ms; energy +0.045 mJ
EXP_20260511_163907_fcada4,1,34,34.0,14,technician,99.832,37.005,95.632,1.746,Radiology-R06,0.439,none,False,0.1472,False,none,0.65,63.096,15.626,78.722,False,0.22475,0.66667,0.35,0.65,0.65,0.48,0.18,False,0.075,False,0.055,False,0.52,8.0,Encryption: encrypted payloads; latency +8 ms; energy +0.045 mJ
EXP_20260511_163907_fcada4,1,34,34.0,15,physician,103.547,37.538,93.786,1.885,ICU-R06,0.618,none,False,0.3467,False,none,0.65,60.68,14.378,75.057,False,0.22475,0.66667,0.35,0.65,0.65,0.48,0.18,False,0.075,False,0.055,False,0.52,8.0,Encryption: encrypted payloads; latency +8 ms; energy +0.045 mJ
EXP_20260511_163907_fcada4,1,34,34.0,16,physician,93.724,37.156,94.389,1.861,Radiology-R15,0.411,none,False,0.1744,False,none,0.65,61.588,14.405,75.993,False,0.22475,0.66667,0.35,0.65,0.65,0.48,0.18,False,0.075,False,0.055,False,0.52,8.0,Encryption: encrypted payloads; latency +8 ms; energy +0.045 mJ
EXP_20260511_163907_fcada4,1,34,34.0,17,porter,103.368,37.048,93.815,1.605,Surgery-R05,0.565,none,False,0.2784,False,none,0.65,62.836,16.59,79.425,False,0.22475,0.66667,0.35,0.65,0.65,0.48,0.18,False,0.075,False,0.055,False,0.52,8.0,Encryption: encrypted payloads; latency +8 ms; energy +0.045 mJ
EXP_20260511_163907_fcada4,1,34,34.0,18,physician,157.165,37.471,93.142,0.0,Surgery-R11,0.385,heat_stress,True,0.4803,False,none,0.65,52.179,14.564,66.744,False,0.22475,0.66667,0.35,0.65,0.65,0.48,0.18,False,0.075,False,0.055,True,0.52,8.0,Encryption: encrypted payloads; latency +8 ms; energy +0.045 mJ
EXP_20260511_163907_fcada4,1,34,34.0,19,nurse,99.966,37.496,94.279,1.411,Radiology-R08,0.393,none,False,0.2013,False,none,0.65,56.291,11.358,67.649,False,0.22475,0.66667,0.35,0.65,0.65,0.48,0.18,False,0.075,False,0.055,False,0.52,8.0,Encryption: encrypted payloads; latency +8 ms; energy +0.045 mJ
EXP_20260511_163907_fcada4,1,34,34.0,20,technician,100.725,37.064,93.887,1.258,Surgery-R02,0.284,none,False,0.2355,False,none,0.65,51.188,11.492,62.68,False,0.22475,0.66667,0.35,0.65,0.65,0.48,0.18,False,0.075,False,0.055,False,0.52,8.0,Encryption: encrypted payloads; latency +8 ms; energy +0.045 mJ
EXP_20260511_163907_fcada4,1,35,35.0,1,nurse,81.894,37.147,96.72,0.837,Pharmacy-R10,0.107,none,False,0.051,False,none,0.65,56.639,12.393,69.032,False,0.22475,0.66667,0.35,0.65,0.65,0.48,0.18,False,0.075,False,0.055,False,0.52,8.0,Encryption: encrypted payloads; latency +8 ms; energy +0.045 mJ
EXP_20260511_163907_fcada4,1,35,35.0,2,porter,108.737,37.141,95.732,1.817,Pharmacy-R07,0.718,none,False,0.2142,False,none,0.65,67.765,14.357,82.121,False,0.22475,0.66667,0.35,0.65,0.65,0.48,0.18,False,0.075,True,0.055,False,0.52,8.0,Encryption: encrypted payloads; latency +8 ms; energy +0.045 mJ
EXP_20260511_163907_fcada4,1,35,35.0,3,technician,98.63,37.339,94.109,1.129,Ward-A-R05,0.521,none,False,0.1943,False,none,0.65,50.7,14.548,65.247,False,0.22475,0.66667,0.35,0.65,0.65,0.48,0.18,False,0.075,False,0.055,False,0.52,8.0,Encryption: encrypted payloads; latency +8 ms; energy +0.045 mJ
EXP_20260511_163907_fcada4,1,35,35.0,4,porter,114.884,37.258,94.898,1.355,Surgery-R11,0.67,none,False,0.308,False,none,0.65,44.113,14.311,58.423,False,0.22475,0.66667,0.35,0.65,0.65,0.48,0.18,False,0.075,False,0.055,False,0.52,8.0,Encryption: encrypted payloads; latency +8 ms; energy +0.045 mJ
EXP_20260511_163907_fcada4,1,35,35.0,5,technician,100.285,37.671,95.009,1.169,Emergency-R06,0.374,none,False,0.2688,False,none,0.65,51.653,12.92,64.572,False,0.22475,0.66667,0.35,0.65,0.65,0.48,0.18,False,0.075,False,0.055,False,0.52,8.0,Encryption: encrypted payloads; latency +8 ms; energy +0.045 mJ
EXP_20260511_163907_fcada4,1,35,35.0,6,porter,111.591,37.234,94.027,1.949,Pharmacy-R15,0.772,none,False,0.2874,False,none,0.65,53.617,14.709,68.325,False,0.22475,0.66667,0.35,0.65,0.65,0.48,0.18,False,0.075,False,0.055,False,0.52,8.0,Encryption: encrypted payloads; latency +8 ms; energy +0.045 mJ
EXP_20260511_163907_fcada4,1,35,35.0,7,porter,122.541,37.768,98.673,0.0,Radiology-R09,0.547,none,False,0.2778,False,none,0.65,38.639,14.469,53.108,False,0.22475,0.66667,0.35,0.65,0.65,0.48,0.18,False,0.075,False,0.055,True,0.52,8.0,Encryption: encrypted payloads; latency +8 ms; energy +0.045 mJ
EXP_20260511_163907_fcada4,1,35,35.0,8,porter,109.4,37.182,95.801,2.491,Radiology-R07,0.74,none,False,0.2637,False,none,0.65,55.002,14.12,69.122,False,0.22475,0.66667,0.35,0.65,0.65,0.48,0.18,False,0.075,False,0.055,False,0.52,8.0,Encryption: encrypted payloads; latency +8 ms; energy +0.045 mJ
EXP_20260511_163907_fcada4,1,35,35.0,9,technician,103.651,37.265,96.294,1.724,Radiology-R08,0.545,none,False,0.1823,False,none,0.65,55.534,12.861,68.395,False,0.22475,0.66667,0.35,0.65,0.65,0.48,0.18,False,0.075,False,0.055,False,0.52,8.0,Encryption: encrypted payloads; latency +8 ms; energy +0.045 mJ
EXP_20260511_163907_fcada4,1,35,35.0,10,nurse,135.352,37.484,94.197,4.476,Ward-A-R02,1.0,fall,True,0.5547,False,none,0.65,55.195,15.153,70.347,False,0.22475,0.66667,0.35,0.65,0.65,0.48,0.18,False,0.075,False,0.055,False,0.52,8.0,Encryption: encrypted payloads; latency +8 ms; energy +0.045 mJ
EXP_20260511_163907_fcada4,1,35,35.0,11,cleaning_staff,99.251,37.422,91.507,0.719,Emergency-R06,0.263,none,False,0.3198,False,none,0.65,43.093,14.413,57.506,False,0.22475,0.66667,0.35,0.65,0.65,0.48,0.18,False,0.075,False,0.055,True,0.52,8.0,Encryption: encrypted payloads; latency +8 ms; energy +0.045 mJ
EXP_20260511_163907_fcada4,1,35,35.0,12,technician,101.371,37.281,95.967,1.036,Radiology-R09,0.603,none,False,0.1594,False,none,0.65,51.386,15.832,67.218,False,0.22475,0.66667,0.35,0.65,0.65,0.48,0.18,False,0.075,False,0.055,False,0.52,8.0,Encryption: encrypted payloads; latency +8 ms; energy +0.045 mJ
EXP_20260511_163907_fcada4,1,35,35.0,13,physician,99.699,36.873,95.721,1.519,ICU-R13,0.537,none,False,0.2064,False,none,0.65,47.905,15.809,63.714,False,0.22475,0.66667,0.35,0.65,0.65,0.48,0.18,False,0.075,False,0.055,False,0.52,8.0,Encryption: encrypted payloads; latency +8 ms; energy +0.045 mJ
EXP_20260511_163907_fcada4,1,35,35.0,14,technician,100.965,36.975,95.37,0.732,Radiology-R03,0.493,none,False,0.1389,False,none,0.65,46.254,13.14,59.393,False,0.22475,0.66667,0.35,0.65,0.65,0.48,0.18,False,0.075,False,0.055,False,0.52,8.0,Encryption: encrypted payloads; latency +8 ms; energy +0.045 mJ
EXP_20260511_163907_fcada4,1,35,35.0,15,physician,98.019,37.433,93.635,1.287,ICU-R14,0.385,none,False,0.2728,False,none,0.65,61.212,19.515,80.728,False,0.22475,0.66667,0.35,0.65,0.65,0.48,0.18,False,0.075,False,0.055,False,0.52,8.0,Encryption: encrypted payloads; latency +8 ms; energy +0.045 mJ
EXP_20260511_163907_fcada4,1,35,35.0,16,physician,95.788,37.17,93.967,1.476,Radiology-R06,0.505,none,False,0.1755,False,none,0.65,56.781,15.063,71.844,False,0.22475,0.66667,0.35,0.65,0.65,0.48,0.18,False,0.075,False,0.055,False,0.52,8.0,Encryption: encrypted payloads; latency +8 ms; energy +0.045 mJ
EXP_20260511_163907_fcada4,1,35,35.0,17,porter,94.421,39.383,91.958,0.821,Surgery-R06,0.352,none,False,0.4782,False,none,0.65,57.359,16.925,74.283,False,0.22475,0.66667,0.35,0.65,0.65,0.48,0.18,False,0.075,False,0.055,True,0.52,8.0,Encryption: encrypted payloads; latency +8 ms; energy +0.045 mJ
EXP_20260511_163907_fcada4,1,35,35.0,18,physician,116.729,37.192,94.103,0.744,Radiology-R01,0.557,none,False,0.2502,False,none,0.65,74.132,13.06,87.193,False,0.22475,0.66667,0.35,0.65,0.65,0.48,0.18,False,0.075,False,0.055,False,0.52,8.0,Encryption: encrypted payloads; latency +8 ms; energy +0.045 mJ
EXP_20260511_163907_fcada4,1,35,35.0,19,nurse,105.004,37.568,94.108,1.167,Surgery-R09,0.534,none,False,0.3099,False,none,0.65,62.101,16.166,78.266,False,0.22475,0.66667,0.35,0.65,0.65,0.48,0.18,False,0.075,False,0.055,False,0.52,8.0,Encryption: encrypted payloads; latency +8 ms; energy +0.045 mJ
EXP_20260511_163907_fcada4,1,35,35.0,20,technician,106.842,37.179,93.728,1.485,Surgery-R12,0.533,none,False,0.2955,False,none,0.65,55.178,16.464,71.642,False,0.22475,0.66667,0.35,0.65,0.65,0.48,0.18,False,0.075,True,0.055,False,0.52,8.0,Encryption: encrypted payloads; latency +8 ms; energy +0.045 mJ
EXP_20260511_163907_fcada4,1,36,36.0,1,nurse,89.099,37.648,95.611,0.439,Pharmacy-R09,0.02,high_fatigue,True,0.1158,False,none,0.65,57.419,14.571,71.99,False,0.22475,0.66667,0.35,0.65,0.65,0.48,0.18,False,0.075,True,0.055,False,0.52,8.0,Encryption: encrypted payloads; latency +8 ms; energy +0.045 mJ
EXP_20260511_163907_fcada4,1,36,36.0,2,porter,105.483,37.039,96.117,1.139,Pharmacy-R08,0.582,none,False,0.1499,False,none,0.65,56.014,13.906,69.92,False,0.22475,0.66667,0.35,0.65,0.65,0.48,0.18,False,0.075,False,0.055,False,0.52,8.0,Encryption: encrypted payloads; latency +8 ms; energy +0.045 mJ
EXP_20260511_163907_fcada4,1,36,36.0,3,technician,106.384,37.468,94.081,1.0,Ward-A-R05,0.838,none,False,0.2577,False,none,0.65,54.881,13.825,68.706,False,0.22475,0.66667,0.35,0.65,0.65,0.48,0.18,False,0.075,False,0.055,False,0.52,8.0,Encryption: encrypted payloads; latency +8 ms; energy +0.045 mJ
EXP_20260511_163907_fcada4,1,36,36.0,4,porter,107.081,37.134,95.246,1.042,Surgery-R04,0.343,none,False,0.2363,False,none,0.65,49.57,14.691,64.26,False,0.22475,0.66667,0.35,0.65,0.65,0.48,0.18,False,0.075,False,0.055,False,0.52,8.0,Encryption: encrypted payloads; latency +8 ms; energy +0.045 mJ
EXP_20260511_163907_fcada4,1,36,36.0,5,technician,98.868,37.599,95.342,1.391,Emergency-R04,0.32,none,False,0.245,False,none,0.65,68.827,11.53,80.358,False,0.22475,0.66667,0.35,0.65,0.65,0.48,0.18,False,0.075,False,0.055,False,0.52,8.0,Encryption: encrypted payloads; latency +8 ms; energy +0.045 mJ
EXP_20260511_163907_fcada4,1,36,36.0,6,porter,110.079,37.188,93.816,1.713,Ward-B-R11,0.711,none,False,0.2633,False,none,0.65,55.76,15.669,71.429,False,0.22475,0.66667,0.35,0.65,0.65,0.48,0.18,False,0.075,False,0.055,False,0.52,8.0,Encryption: encrypted payloads; latency +8 ms; energy +0.045 mJ
EXP_20260511_163907_fcada4,1,36,36.0,7,porter,101.292,36.982,94.897,0.594,Radiology-R07,0.42,none,False,0.1465,False,none,0.65,49.184,16.296,65.481,False,0.22475,0.66667,0.35,0.65,0.65,0.48,0.18,False,0.075,False,0.055,True,0.52,8.0,Encryption: encrypted payloads; latency +8 ms; energy +0.045 mJ
EXP_20260511_163907_fcada4,1,36,36.0,8,porter,100.472,37.069,96.054,1.127,Emergency-R07,0.382,none,False,0.1902,False,none,0.65,70.49,14.471,84.961,False,0.22475,0.66667,0.35,0.65,0.65,0.48,0.18,False,0.075,False,0.055,False,0.52,8.0,Encryption: encrypted payloads; latency +8 ms; energy +0.045 mJ
EXP_20260511_163907_fcada4,1,36,36.0,9,technician,102.175,37.32,96.29,0.989,Surgery-R01,0.49,none,False,0.2273,False,none,0.65,59.945,13.804,73.75,False,0.22475,0.66667,0.35,0.65,0.65,0.48,0.18,False,0.075,False,0.055,False,0.52,8.0,Encryption: encrypted payloads; latency +8 ms; energy +0.045 mJ
EXP_20260511_163907_fcada4,1,36,36.0,10,nurse,106.337,37.439,96.192,1.858,Pharmacy-R03,0.629,none,False,0.2228,False,none,0.65,64.056,13.97,78.026,False,0.22475,0.66667,0.35,0.65,0.65,0.48,0.18,False,0.075,False,0.055,False,0.52,8.0,Encryption: encrypted payloads; latency +8 ms; energy +0.045 mJ
EXP_20260511_163907_fcada4,1,36,36.0,11,cleaning_staff,99.37,36.889,94.087,1.628,Emergency-R01,0.404,none,False,0.2428,False,none,0.65,63.674,14.032,77.706,False,0.22475,0.66667,0.35,0.65,0.65,0.48,0.18,False,0.075,False,0.055,False,0.52,8.0,Encryption: encrypted payloads; latency +8 ms; energy +0.045 mJ
EXP_20260511_163907_fcada4,1,36,36.0,12,technician,88.859,37.046,99.761,0.253,Radiology-R09,0.398,none,False,0.0763,False,none,0.65,51.475,14.477,65.952,False,0.22475,0.66667,0.35,0.65,0.65,0.48,0.18,False,0.075,False,0.055,True,0.52,8.0,Encryption: encrypted payloads; latency +8 ms; energy +0.045 mJ
EXP_20260511_163907_fcada4,1,36,36.0,13,physician,101.454,36.935,95.853,1.48,ICU-R08,0.616,none,False,0.2126,False,none,0.65,64.999,14.084,79.083,False,0.22475,0.66667,0.35,0.65,0.65,0.48,0.18,False,0.075,False,0.055,False,0.52,8.0,Encryption: encrypted payloads; latency +8 ms; energy +0.045 mJ
EXP_20260511_163907_fcada4,1,36,36.0,14,technician,101.483,37.022,95.545,1.616,Emergency-R12,0.515,none,False,0.224,False,none,0.65,58.982,13.839,72.821,False,0.22475,0.66667,0.35,0.65,0.65,0.48,0.18,False,0.075,False,0.055,False,0.52,8.0,Encryption: encrypted payloads; latency +8 ms; energy +0.045 mJ
EXP_20260511_163907_fcada4,1,36,36.0,15,physician,95.93,37.409,93.869,1.02,ICU-R06,0.314,none,False,0.2522,False,none,0.65,41.071,14.352,55.423,False,0.22475,0.66667,0.35,0.65,0.65,0.48,0.18,False,0.075,False,0.055,False,0.52,8.0,Encryption: encrypted payloads; latency +8 ms; energy +0.045 mJ
EXP_20260511_163907_fcada4,1,36,36.0,16,physician,96.826,37.154,94.156,1.608,Radiology-R13,0.478,none,False,0.1798,False,none,0.65,45.942,17.985,63.927,False,0.22475,0.66667,0.35,0.65,0.65,0.48,0.18,False,0.075,False,0.055,False,0.52,8.0,Encryption: encrypted payloads; latency +8 ms; energy +0.045 mJ
EXP_20260511_163907_fcada4,1,36,36.0,17,porter,105.335,37.075,94.154,1.208,Surgery-R08,0.611,none,False,0.2699,False,none,0.65,62.99,18.709,81.699,False,0.22475,0.66667,0.35,0.65,0.65,0.48,0.18,False,0.075,False,0.055,False,0.52,8.0,Encryption: encrypted payloads; latency +8 ms; energy +0.045 mJ
EXP_20260511_163907_fcada4,1,36,36.0,18,physician,115.659,37.24,94.075,1.123,Radiology-R09,0.528,none,False,0.2494,False,none,0.65,54.121,13.786,67.906,False,0.22475,0.66667,0.35,0.65,0.65,0.48,0.18,False,0.075,False,0.055,False,0.52,8.0,Encryption: encrypted payloads; latency +8 ms; energy +0.045 mJ
EXP_20260511_163907_fcada4,1,36,36.0,19,nurse,103.323,37.513,94.1,1.29,Surgery-R08,0.48,none,False,0.2951,False,none,0.65,52.703,15.403,68.106,False,0.22475,0.66667,0.35,0.65,0.65,0.48,0.18,False,0.075,False,0.055,False,0.52,8.0,Encryption: encrypted payloads; latency +8 ms; energy +0.045 mJ
EXP_20260511_163907_fcada4,1,36,36.0,20,technician,116.018,36.222,90.156,0.736,Surgery-R11,0.383,none,False,0.3842,False,none,0.65,36.997,12.581,49.577,False,0.22475,0.66667,0.35,0.65,0.65,0.48,0.18,False,0.075,False,0.055,True,0.52,8.0,Encryption: encrypted payloads; latency +8 ms; energy +0.045 mJ
EXP_20260511_163907_fcada4,1,37,37.0,1,nurse,86.805,37.254,96.732,1.383,Pharmacy-R07,0.273,none,False,0.0793,False,none,0.65,49.25,16.04,65.29,False,0.22475,0.66667,0.35,0.65,0.65,0.48,0.18,False,0.075,False,0.055,False,0.52,8.0,Encryption: encrypted payloads; latency +8 ms; energy +0.045 mJ
EXP_20260511_163907_fcada4,1,37,37.0,2,porter,102.732,37.064,96.027,0.807,Pharmacy-R13,0.483,none,False,0.1352,False,none,0.65,63.351,14.333,77.685,False,0.22475,0.66667,0.35,0.65,0.65,0.48,0.18,False,0.075,False,0.055,False,0.52,8.0,Encryption: encrypted payloads; latency +8 ms; energy +0.045 mJ
EXP_20260511_163907_fcada4,1,37,37.0,3,technician,101.737,37.439,94.277,1.841,Ward-A-R03,0.647,none,False,0.248,False,none,0.65,59.425,15.381,74.806,False,0.22475,0.66667,0.35,0.65,0.65,0.48,0.18,False,0.075,False,0.055,False,0.52,8.0,Encryption: encrypted payloads; latency +8 ms; energy +0.045 mJ
EXP_20260511_163907_fcada4,1,37,37.0,4,porter,110.434,37.214,94.872,1.329,Surgery-R13,0.456,none,False,0.2731,False,none,0.65,45.117,15.353,60.47,False,0.22475,0.66667,0.35,0.65,0.65,0.48,0.18,False,0.075,False,0.055,False,0.52,8.0,Encryption: encrypted payloads; latency +8 ms; energy +0.045 mJ
EXP_20260511_163907_fcada4,1,37,37.0,5,technician,102.274,37.746,95.039,0.974,Emergency-R14,0.444,none,False,0.2872,False,none,0.65,59.088,15.975,75.063,False,0.22475,0.66667,0.35,0.65,0.65,0.48,0.18,False,0.075,False,0.055,False,0.52,8.0,Encryption: encrypted payloads; latency +8 ms; energy +0.045 mJ
EXP_20260511_163907_fcada4,1,37,37.0,6,porter,109.087,37.121,94.138,1.412,Emergency-R06,0.628,none,False,0.2904,False,none,0.65,53.477,16.985,70.462,False,0.22475,0.66667,0.35,0.65,0.65,0.48,0.18,False,0.075,False,0.055,False,0.52,8.0,Encryption: encrypted payloads; latency +8 ms; energy +0.045 mJ
EXP_20260511_163907_fcada4,1,37,37.0,7,porter,113.643,37.218,95.054,1.306,Radiology-R01,0.669,none,False,0.2259,False,none,0.65,58.084,17.499,75.583,False,0.22475,0.66667,0.35,0.65,0.65,0.48,0.18,False,0.075,False,0.055,False,0.52,8.0,Encryption: encrypted payloads; latency +8 ms; energy +0.045 mJ
EXP_20260511_163907_fcada4,1,37,37.0,8,porter,108.285,37.499,93.311,1.428,Emergency-R10,0.393,high_fatigue,True,0.327,False,none,0.65,56.778,13.019,69.798,False,0.22475,0.66667,0.35,0.65,0.65,0.48,0.18,False,0.075,False,0.055,False,0.52,8.0,Encryption: encrypted payloads; latency +8 ms; energy +0.045 mJ
EXP_20260511_163907_fcada4,1,37,37.0,9,technician,99.497,37.24,96.315,0.858,Ward-A-R06,0.346,none,False,0.1299,False,none,0.65,63.941,12.896,76.838,False,0.22475,0.66667,0.35,0.65,0.65,0.48,0.18,False,0.075,False,0.055,False,0.52,8.0,Encryption: encrypted payloads; latency +8 ms; energy +0.045 mJ
EXP_20260511_163907_fcada4,1,37,37.0,10,nurse,104.506,37.406,95.935,1.515,Pharmacy-R09,0.534,none,False,0.1858,False,none,0.65,51.272,16.819,68.091,False,0.22475,0.66667,0.35,0.65,0.65,0.48,0.18,False,0.075,False,0.055,False,0.52,8.0,Encryption: encrypted payloads; latency +8 ms; energy +0.045 mJ
EXP_20260511_163907_fcada4,1,37,37.0,11,cleaning_staff,101.474,36.933,94.269,0.43,Emergency-R03,0.482,none,False,0.2369,False,none,0.65,49.928,13.89,63.818,False,0.22475,0.66667,0.35,0.65,0.65,0.48,0.18,False,0.075,False,0.055,False,0.52,8.0,Encryption: encrypted payloads; latency +8 ms; energy +0.045 mJ
EXP_20260511_163907_fcada4,1,37,37.0,12,technician,100.985,37.304,95.969,1.311,Laboratory-R06,0.557,none,False,0.1568,False,none,0.65,61.118,14.922,76.04,False,0.22475,0.66667,0.35,0.65,0.65,0.48,0.18,False,0.075,False,0.055,False,0.52,8.0,Encryption: encrypted payloads; latency +8 ms; energy +0.045 mJ
EXP_20260511_163907_fcada4,1,37,37.0,13,physician,99.358,36.888,95.774,1.793,ICU-R04,0.525,none,False,0.2205,False,none,0.65,60.514,14.073,74.587,False,0.22475,0.66667,0.35,0.65,0.65,0.48,0.18,False,0.075,False,0.055,False,0.52,8.0,Encryption: encrypted payloads; latency +8 ms; energy +0.045 mJ
EXP_20260511_163907_fcada4,1,37,37.0,14,technician,94.123,38.323,96.366,1.365,Radiology-R07,0.639,none,False,0.2306,False,none,0.65,66.418,12.309,78.727,False,0.22475,0.66667,0.35,0.65,0.65,0.48,0.18,False,0.075,True,0.055,True,0.52,8.0,Encryption: encrypted payloads; latency +8 ms; energy +0.045 mJ
EXP_20260511_163907_fcada4,1,37,37.0,15,physician,103.554,37.577,93.885,1.78,Emergency-R13,0.612,none,False,0.3408,False,none,0.65,57.255,14.336,71.59,False,0.22475,0.66667,0.35,0.65,0.65,0.48,0.18,False,0.075,False,0.055,False,0.52,8.0,Encryption: encrypted payloads; latency +8 ms; energy +0.045 mJ
EXP_20260511_163907_fcada4,1,37,37.0,16,physician,96.532,37.254,94.316,1.063,Radiology-R12,0.491,none,False,0.1716,False,none,0.65,48.913,15.438,64.351,False,0.22475,0.66667,0.35,0.65,0.65,0.48,0.18,False,0.075,True,0.055,False,0.52,8.0,Encryption: encrypted payloads; latency +8 ms; energy +0.045 mJ
EXP_20260511_163907_fcada4,1,37,37.0,17,porter,104.315,37.105,93.815,0.806,Surgery-R15,0.571,none,False,0.2744,False,none,0.65,66.876,15.404,82.281,False,0.22475,0.66667,0.35,0.65,0.65,0.48,0.18,False,0.075,False,0.055,False,0.52,8.0,Encryption: encrypted payloads; latency +8 ms; energy +0.045 mJ
EXP_20260511_163907_fcada4,1,37,37.0,18,physician,113.174,37.203,94.065,1.514,Radiology-R03,0.428,none,False,0.2374,False,none,0.65,64.532,16.21,80.742,False,0.22475,0.66667,0.35,0.65,0.65,0.48,0.18,False,0.075,False,0.055,False,0.52,8.0,Encryption: encrypted payloads; latency +8 ms; energy +0.045 mJ
EXP_20260511_163907_fcada4,1,37,37.0,19,nurse,96.14,37.479,94.338,0.904,Surgery-R11,0.199,none,False,0.2399,False,none,0.65,52.654,13.721,66.375,False,0.22475,0.66667,0.35,0.65,0.65,0.48,0.18,False,0.075,False,0.055,False,0.52,8.0,Encryption: encrypted payloads; latency +8 ms; energy +0.045 mJ
EXP_20260511_163907_fcada4,1,37,37.0,20,technician,97.998,37.042,94.155,0.692,Surgery-R04,0.193,none,False,0.2105,False,none,0.65,55.479,16.301,71.78,False,0.22475,0.66667,0.35,0.65,0.65,0.48,0.18,False,0.075,False,0.055,False,0.52,8.0,Encryption: encrypted payloads; latency +8 ms; energy +0.045 mJ
EXP_20260511_163907_fcada4,1,38,38.0,1,nurse,82.151,37.227,96.812,0.422,Pharmacy-R04,0.122,none,False,0.0595,False,none,0.65,50.302,13.753,64.055,False,0.22475,0.66667,0.35,0.65,0.65,0.48,0.18,False,0.075,False,0.055,False,0.52,8.0,Encryption: encrypted payloads; latency +8 ms; energy +0.045 mJ
EXP_20260511_163907_fcada4,1,38,38.0,2,porter,109.666,37.148,95.976,1.806,Pharmacy-R11,0.731,none,False,0.2126,False,none,0.65,64.941,13.93,78.871,False,0.22475,0.66667,0.35,0.65,0.65,0.48,0.18,False,0.075,False,0.055,False,0.52,8.0,Encryption: encrypted payloads; latency +8 ms; energy +0.045 mJ
EXP_20260511_163907_fcada4,1,38,38.0,3,technician,102.534,37.389,93.684,1.174,Ward-A-R07,0.693,none,False,0.2358,False,none,0.65,70.074,12.176,82.25,False,0.22475,0.66667,0.35,0.65,0.65,0.48,0.18,False,0.075,False,0.055,False,0.52,8.0,Encryption: encrypted payloads; latency +8 ms; energy +0.045 mJ
EXP_20260511_163907_fcada4,1,38,38.0,4,porter,110.65,37.211,94.768,1.18,Surgery-R12,0.46,none,False,0.2765,False,none,0.65,43.708,14.674,58.382,False,0.22475,0.66667,0.35,0.65,0.65,0.48,0.18,False,0.075,False,0.055,False,0.52,8.0,Encryption: encrypted payloads; latency +8 ms; energy +0.045 mJ
EXP_20260511_163907_fcada4,1,38,38.0,5,technician,108.839,37.817,94.765,1.319,Emergency-R12,0.657,none,False,0.3397,False,none,0.65,56.624,13.828,70.452,False,0.22475,0.66667,0.35,0.65,0.65,0.48,0.18,False,0.075,False,0.055,False,0.52,8.0,Encryption: encrypted payloads; latency +8 ms; energy +0.045 mJ
EXP_20260511_163907_fcada4,1,38,38.0,6,porter,112.376,37.233,94.076,1.96,Emergency-R07,0.778,none,False,0.36,False,none,0.65,63.157,14.388,77.544,False,0.22475,0.66667,0.35,0.65,0.65,0.48,0.18,False,0.075,False,0.055,False,0.52,8.0,Encryption: encrypted payloads; latency +8 ms; energy +0.045 mJ
EXP_20260511_163907_fcada4,1,38,38.0,7,porter,112.019,37.223,94.837,1.974,Radiology-R04,0.631,none,False,0.2599,False,none,0.65,53.073,14.944,68.018,False,0.22475,0.66667,0.35,0.65,0.65,0.48,0.18,False,0.075,False,0.055,False,0.52,8.0,Encryption: encrypted payloads; latency +8 ms; energy +0.045 mJ
EXP_20260511_163907_fcada4,1,38,38.0,8,porter,113.659,37.261,95.571,1.438,Emergency-R10,0.887,none,False,0.3049,False,none,0.65,51.557,14.283,65.84,False,0.22475,0.66667,0.35,0.65,0.65,0.48,0.18,False,0.075,False,0.055,False,0.52,8.0,Encryption: encrypted payloads; latency +8 ms; energy +0.045 mJ
EXP_20260511_163907_fcada4,1,38,38.0,9,technician,98.79,37.254,96.294,1.133,Laboratory-R02,0.303,none,False,0.1256,False,none,0.65,48.384,15.279,63.664,False,0.22475,0.66667,0.35,0.65,0.65,0.48,0.18,False,0.075,False,0.055,False,0.52,8.0,Encryption: encrypted payloads; latency +8 ms; energy +0.045 mJ
EXP_20260511_163907_fcada4,1,38,38.0,10,nurse,109.126,37.442,95.99,1.794,Pharmacy-R14,0.692,none,False,0.2339,False,none,0.65,51.0,13.946,64.947,False,0.22475,0.66667,0.35,0.65,0.65,0.48,0.18,False,0.075,False,0.055,False,0.52,8.0,Encryption: encrypted payloads; latency +8 ms; energy +0.045 mJ
EXP_20260511_163907_fcada4,1,38,38.0,11,cleaning_staff,99.238,36.917,93.978,0.91,Emergency-R11,0.356,none,False,0.227,False,none,0.65,49.122,15.414,64.536,False,0.22475,0.66667,0.35,0.65,0.65,0.48,0.18,False,0.075,False,0.055,False,0.52,8.0,Encryption: encrypted payloads; latency +8 ms; energy +0.045 mJ
EXP_20260511_163907_fcada4,1,38,38.0,12,technician,104.642,37.332,95.759,1.84,Radiology-R13,0.648,none,False,0.2127,False,none,0.65,56.648,15.503,72.151,False,0.22475,0.66667,0.35,0.65,0.65,0.48,0.18,False,0.075,False,0.055,False,0.52,8.0,Encryption: encrypted payloads; latency +8 ms; energy +0.045 mJ
EXP_20260511_163907_fcada4,1,38,38.0,13,physician,98.818,36.944,95.725,1.054,ICU-R01,0.482,none,False,0.1915,False,none,0.65,40.739,16.478,57.216,False,0.22475,0.66667,0.35,0.65,0.65,0.48,0.18,False,0.075,False,0.055,False,0.52,8.0,Encryption: encrypted payloads; latency +8 ms; energy +0.045 mJ
EXP_20260511_163907_fcada4,1,38,38.0,14,technician,101.622,37.039,95.274,1.098,Radiology-R04,0.493,none,False,0.1472,False,none,0.65,61.415,13.724,75.139,False,0.22475,0.66667,0.35,0.65,0.65,0.48,0.18,False,0.075,True,0.055,False,0.52,8.0,Encryption: encrypted payloads; latency +8 ms; energy +0.045 mJ
EXP_20260511_163907_fcada4,1,38,38.0,15,physician,98.634,37.469,93.874,1.703,ICU-R13,0.401,none,False,0.2931,False,none,0.65,50.915,14.393,65.307,False,0.22475,0.66667,0.35,0.65,0.65,0.48,0.18,False,0.075,False,0.055,False,0.52,8.0,Encryption: encrypted payloads; latency +8 ms; energy +0.045 mJ
EXP_20260511_163907_fcada4,1,38,38.0,16,physician,95.112,37.174,94.354,1.152,Radiology-R04,0.393,none,False,0.1512,False,none,0.65,39.635,15.936,55.571,False,0.22475,0.66667,0.35,0.65,0.65,0.48,0.18,False,0.075,True,0.055,False,0.52,8.0,Encryption: encrypted payloads; latency +8 ms; energy +0.045 mJ
EXP_20260511_163907_fcada4,1,38,38.0,17,porter,102.162,37.025,94.02,1.159,Surgery-R13,0.418,none,False,0.2433,False,none,0.65,47.81,13.974,61.784,False,0.22475,0.66667,0.35,0.65,0.65,0.48,0.18,False,0.075,True,0.055,False,0.52,8.0,Encryption: encrypted payloads; latency +8 ms; energy +0.045 mJ
EXP_20260511_163907_fcada4,1,38,38.0,18,physician,119.397,37.272,93.751,1.585,Radiology-R01,0.602,none,False,0.2911,False,none,0.65,53.111,10.911,64.022,False,0.22475,0.66667,0.35,0.65,0.65,0.48,0.18,False,0.075,False,0.055,False,0.52,8.0,Encryption: encrypted payloads; latency +8 ms; energy +0.045 mJ
EXP_20260511_163907_fcada4,1,38,38.0,19,nurse,101.066,37.561,94.224,1.29,Surgery-R15,0.407,none,False,0.283,False,none,0.65,62.467,13.518,75.984,False,0.22475,0.66667,0.35,0.65,0.65,0.48,0.18,False,0.075,False,0.055,False,0.52,8.0,Encryption: encrypted payloads; latency +8 ms; energy +0.045 mJ
EXP_20260511_163907_fcada4,1,38,38.0,20,technician,103.462,37.128,93.555,1.134,Emergency-R12,0.373,none,False,0.2658,False,none,0.65,68.389,13.485,81.874,False,0.22475,0.66667,0.35,0.65,0.65,0.48,0.18,False,0.075,False,0.055,False,0.52,8.0,Encryption: encrypted payloads; latency +8 ms; energy +0.045 mJ
EXP_20260511_163907_fcada4,1,39,39.0,1,nurse,82.887,37.238,96.873,0.088,Pharmacy-R08,0.116,none,False,0.0601,False,none,0.65,56.123,14.529,70.653,False,0.22475,0.66667,0.35,0.65,0.65,0.48,0.18,False,0.075,False,0.055,False,0.52,8.0,Encryption: encrypted payloads; latency +8 ms; energy +0.045 mJ
EXP_20260511_163907_fcada4,1,39,39.0,2,porter,126.068,38.755,95.171,1.599,Pharmacy-R02,0.574,none,False,0.4169,False,none,0.65,69.777,15.855,85.632,False,0.22475,0.66667,0.35,0.65,0.65,0.48,0.18,False,0.075,False,0.055,True,0.52,8.0,Encryption: encrypted payloads; latency +8 ms; energy +0.045 mJ
EXP_20260511_163907_fcada4,1,39,39.0,3,technician,101.783,37.423,93.983,1.568,Pharmacy-R06,0.632,none,False,0.2354,False,none,0.65,58.208,13.645,71.853,False,0.22475,0.66667,0.35,0.65,0.65,0.48,0.18,False,0.075,False,0.055,False,0.52,8.0,Encryption: encrypted payloads; latency +8 ms; energy +0.045 mJ
EXP_20260511_163907_fcada4,1,39,39.0,4,porter,110.911,37.231,94.93,1.292,Surgery-R03,0.467,none,False,0.2759,False,none,0.65,48.721,17.648,66.368,False,0.22475,0.66667,0.35,0.65,0.65,0.48,0.18,False,0.075,False,0.055,False,0.52,8.0,Encryption: encrypted payloads; latency +8 ms; energy +0.045 mJ
EXP_20260511_163907_fcada4,1,39,39.0,5,technician,107.766,37.806,94.964,2.061,Emergency-R15,0.627,none,False,0.3701,False,none,0.65,55.839,12.682,68.521,False,0.22475,0.66667,0.35,0.65,0.65,0.48,0.18,False,0.075,False,0.055,False,0.52,8.0,Encryption: encrypted payloads; latency +8 ms; energy +0.045 mJ
EXP_20260511_163907_fcada4,1,39,39.0,6,porter,112.244,37.22,93.977,1.784,Emergency-R11,0.782,none,False,0.3497,False,none,0.65,57.876,17.048,74.924,False,0.22475,0.66667,0.35,0.65,0.65,0.48,0.18,False,0.075,False,0.055,False,0.52,8.0,Encryption: encrypted payloads; latency +8 ms; energy +0.045 mJ
EXP_20260511_163907_fcada4,1,39,39.0,7,porter,142.381,38.08,96.323,1.403,Radiology-R08,0.784,none,False,0.3966,False,none,0.65,58.128,12.879,71.007,False,0.22475,0.66667,0.35,0.65,0.65,0.48,0.18,False,0.075,False,0.055,True,0.52,8.0,Encryption: encrypted payloads; latency +8 ms; energy +0.045 mJ
EXP_20260511_163907_fcada4,1,39,39.0,8,porter,111.658,37.325,95.735,1.904,Emergency-R13,0.849,none,False,0.3267,False,none,0.65,59.423,15.36,74.784,False,0.22475,0.66667,0.35,0.65,0.65,0.48,0.18,False,0.075,False,0.055,False,0.52,8.0,Encryption: encrypted payloads; latency +8 ms; energy +0.045 mJ
EXP_20260511_163907_fcada4,1,39,39.0,9,technician,99.905,37.272,96.218,0.779,Ward-A-R01,0.316,none,False,0.1323,False,none,0.65,51.385,18.479,69.864,False,0.22475,0.66667,0.35,0.65,0.65,0.48,0.18,False,0.075,False,0.055,False,0.52,8.0,Encryption: encrypted payloads; latency +8 ms; energy +0.045 mJ
EXP_20260511_163907_fcada4,1,39,39.0,10,nurse,111.963,37.507,95.836,1.692,Pharmacy-R07,0.803,none,False,0.2553,False,none,0.65,54.731,14.736,69.467,False,0.22475,0.66667,0.35,0.65,0.65,0.48,0.18,False,0.075,False,0.055,False,0.52,8.0,Encryption: encrypted payloads; latency +8 ms; energy +0.045 mJ
EXP_20260511_163907_fcada4,1,39,39.0,11,cleaning_staff,97.579,36.908,93.879,0.743,Emergency-R08,0.282,none,False,0.218,False,none,0.65,59.171,15.585,74.756,False,0.22475,0.66667,0.35,0.65,0.65,0.48,0.18,False,0.075,False,0.055,False,0.52,8.0,Encryption: encrypted payloads; latency +8 ms; energy +0.045 mJ
EXP_20260511_163907_fcada4,1,39,39.0,12,technician,99.011,37.244,95.654,1.405,Radiology-R03,0.465,none,False,0.1456,False,none,0.65,52.918,19.065,71.983,False,0.22475,0.66667,0.35,0.65,0.65,0.48,0.18,False,0.075,False,0.055,False,0.52,8.0,Encryption: encrypted payloads; latency +8 ms; energy +0.045 mJ
EXP_20260511_163907_fcada4,1,39,39.0,13,physician,97.277,36.925,95.795,1.116,ICU-R05,0.421,none,False,0.1798,False,none,0.65,44.455,13.783,58.238,False,0.22475,0.66667,0.35,0.65,0.65,0.48,0.18,False,0.075,False,0.055,False,0.52,8.0,Encryption: encrypted payloads; latency +8 ms; energy +0.045 mJ
EXP_20260511_163907_fcada4,1,39,39.0,14,technician,96.803,36.973,95.755,1.15,Radiology-R08,0.343,none,False,0.1036,False,none,0.65,81.292,14.312,95.604,False,0.22475,0.66667,0.35,0.65,0.65,0.48,0.18,False,0.075,False,0.055,False,0.52,8.0,Encryption: encrypted payloads; latency +8 ms; energy +0.045 mJ
EXP_20260511_163907_fcada4,1,39,39.0,15,physician,101.718,37.539,93.716,1.346,ICU-R08,0.513,none,False,0.3032,False,none,0.65,49.713,14.368,64.081,False,0.22475,0.66667,0.35,0.65,0.65,0.48,0.18,False,0.075,False,0.055,False,0.52,8.0,Encryption: encrypted payloads; latency +8 ms; energy +0.045 mJ
EXP_20260511_163907_fcada4,1,39,39.0,16,physician,94.945,37.197,94.165,1.267,Radiology-R06,0.384,none,False,0.1567,False,none,0.65,49.523,12.497,62.02,False,0.22475,0.66667,0.35,0.65,0.65,0.48,0.18,False,0.075,False,0.055,False,0.52,8.0,Encryption: encrypted payloads; latency +8 ms; energy +0.045 mJ
EXP_20260511_163907_fcada4,1,39,39.0,17,porter,104.445,37.076,93.765,1.12,Surgery-R11,0.51,none,False,0.2691,False,none,0.65,64.514,14.921,79.436,False,0.22475,0.66667,0.35,0.65,0.65,0.48,0.18,False,0.075,False,0.055,False,0.52,8.0,Encryption: encrypted payloads; latency +8 ms; energy +0.045 mJ
EXP_20260511_163907_fcada4,1,39,39.0,18,physician,114.85,37.257,94.028,1.457,Radiology-R14,0.411,none,False,0.2446,False,none,0.65,53.288,18.338,71.625,False,0.22475,0.66667,0.35,0.65,0.65,0.48,0.18,False,0.075,False,0.055,False,0.52,8.0,Encryption: encrypted payloads; latency +8 ms; energy +0.045 mJ
EXP_20260511_163907_fcada4,1,39,39.0,19,nurse,100.823,37.496,93.979,1.027,Radiology-R01,0.348,none,False,0.2079,False,none,0.65,54.059,15.01,69.069,False,0.22475,0.66667,0.35,0.65,0.65,0.48,0.18,False,0.075,False,0.055,False,0.52,8.0,Encryption: encrypted payloads; latency +8 ms; energy +0.045 mJ
EXP_20260511_163907_fcada4,1,39,39.0,20,technician,102.495,37.108,93.753,0.89,Surgery-R04,0.331,none,False,0.2526,False,none,0.65,44.698,13.878,58.576,False,0.22475,0.66667,0.35,0.65,0.65,0.48,0.18,False,0.075,False,0.055,False,0.52,8.0,Encryption: encrypted payloads; latency +8 ms; energy +0.045 mJ
EXP_20260511_163907_fcada4,1,40,40.0,1,nurse,86.871,37.247,96.527,0.59,Pharmacy-R05,0.281,none,False,0.0793,False,none,0.65,64.74,14.165,78.905,False,0.22475,0.66667,0.35,0.65,0.65,0.48,0.18,False,0.075,True,0.055,False,0.52,8.0,Encryption: encrypted payloads; latency +8 ms; energy +0.045 mJ
EXP_20260511_163907_fcada4,1,40,40.0,2,porter,112.645,37.184,95.993,1.591,Pharmacy-R11,0.837,none,False,0.2201,False,none,0.65,42.788,16.147,58.935,False,0.22475,0.66667,0.35,0.65,0.65,0.48,0.18,False,0.075,False,0.055,False,0.52,8.0,Encryption: encrypted payloads; latency +8 ms; energy +0.045 mJ
EXP_20260511_163907_fcada4,1,40,40.0,3,technician,101.436,37.452,94.297,1.3,Ward-A-R10,0.627,none,False,0.2179,False,none,0.65,53.653,14.45,68.103,False,0.22475,0.66667,0.35,0.65,0.65,0.48,0.18,False,0.075,False,0.055,False,0.52,8.0,Encryption: encrypted payloads; latency +8 ms; energy +0.045 mJ
EXP_20260511_163907_fcada4,1,40,40.0,4,porter,115.526,37.227,94.925,1.604,Surgery-R06,0.61,none,False,0.3157,False,none,0.65,50.733,13.215,63.948,False,0.22475,0.66667,0.35,0.65,0.65,0.48,0.18,False,0.075,False,0.055,False,0.52,8.0,Encryption: encrypted payloads; latency +8 ms; energy +0.045 mJ
EXP_20260511_163907_fcada4,1,40,40.0,5,technician,108.142,37.8,94.52,1.68,Emergency-R08,0.594,none,False,0.355,False,none,0.65,51.229,15.802,67.032,False,0.22475,0.66667,0.35,0.65,0.65,0.48,0.18,False,0.075,False,0.055,False,0.52,8.0,Encryption: encrypted payloads; latency +8 ms; energy +0.045 mJ
EXP_20260511_163907_fcada4,1,40,40.0,6,porter,110.077,37.136,93.819,1.087,Emergency-R13,0.688,none,False,0.3067,False,none,0.65,41.294,15.204,56.498,False,0.22475,0.66667,0.35,0.65,0.65,0.48,0.18,False,0.075,False,0.055,False,0.52,8.0,Encryption: encrypted payloads; latency +8 ms; energy +0.045 mJ
EXP_20260511_163907_fcada4,1,40,40.0,7,porter,110.456,37.161,95.26,1.124,Radiology-R15,0.53,none,False,0.1941,False,none,0.65,53.982,14.383,68.365,False,0.22475,0.66667,0.35,0.65,0.65,0.48,0.18,False,0.075,False,0.055,False,0.52,8.0,Encryption: encrypted payloads; latency +8 ms; energy +0.045 mJ
EXP_20260511_163907_fcada4,1,40,40.0,8,porter,104.857,37.173,95.897,1.379,Emergency-R02,0.558,none,False,0.2309,False,none,0.65,52.964,18.607,71.571,False,0.22475,0.66667,0.35,0.65,0.65,0.48,0.18,False,0.075,False,0.055,False,0.52,8.0,Encryption: encrypted payloads; latency +8 ms; energy +0.045 mJ
EXP_20260511_163907_fcada4,1,40,40.0,9,technician,105.409,37.38,96.069,0.899,Ward-A-R03,0.524,none,False,0.1771,False,none,0.65,59.91,14.332,74.242,False,0.22475,0.66667,0.35,0.65,0.65,0.48,0.18,False,0.075,False,0.055,False,0.52,8.0,Encryption: encrypted payloads; latency +8 ms; energy +0.045 mJ
EXP_20260511_163907_fcada4,1,40,40.0,10,nurse,109.036,37.461,95.668,1.349,Surgery-R02,0.683,none,False,0.2873,False,none,0.65,38.082,17.795,55.878,False,0.22475,0.66667,0.35,0.65,0.65,0.48,0.18,False,0.075,False,0.055,False,0.52,8.0,Encryption: encrypted payloads; latency +8 ms; energy +0.045 mJ
EXP_20260511_163907_fcada4,1,40,40.0,11,cleaning_staff,102.41,36.938,93.808,1.615,Emergency-R07,0.445,none,False,0.2628,False,none,0.65,63.505,13.583,77.089,False,0.22475,0.66667,0.35,0.65,0.65,0.48,0.18,False,0.075,False,0.055,False,0.52,8.0,Encryption: encrypted payloads; latency +8 ms; energy +0.045 mJ
EXP_20260511_163907_fcada4,1,40,40.0,12,technician,88.635,38.148,95.956,0.022,Radiology-R09,0.521,none,False,0.187,False,none,0.65,54.784,11.484,66.268,False,0.22475,0.66667,0.35,0.65,0.65,0.48,0.18,False,0.075,False,0.055,True,0.52,8.0,Encryption: encrypted payloads; latency +8 ms; energy +0.045 mJ
EXP_20260511_163907_fcada4,1,40,40.0,13,physician,96.412,36.912,95.593,0.831,ICU-R11,0.398,none,False,0.18,False,none,0.65,68.327,12.09,80.417,False,0.22475,0.66667,0.35,0.65,0.65,0.48,0.18,False,0.075,False,0.055,False,0.52,8.0,Encryption: encrypted payloads; latency +8 ms; energy +0.045 mJ
EXP_20260511_163907_fcada4,1,40,40.0,14,technician,104.28,37.064,95.422,1.077,Radiology-R10,0.594,none,False,0.1628,False,none,0.65,64.898,14.545,79.443,False,0.22475,0.66667,0.35,0.65,0.65,0.48,0.18,False,0.075,False,0.055,False,0.52,8.0,Encryption: encrypted payloads; latency +8 ms; energy +0.045 mJ
EXP_20260511_163907_fcada4,1,40,40.0,15,physician,102.728,37.519,93.915,1.542,ICU-R12,0.577,none,False,0.3138,False,none,0.65,61.352,18.956,80.308,False,0.22475,0.66667,0.35,0.65,0.65,0.48,0.18,False,0.075,False,0.055,False,0.52,8.0,Encryption: encrypted payloads; latency +8 ms; energy +0.045 mJ
EXP_20260511_163907_fcada4,1,40,40.0,16,physician,96.272,37.215,94.048,0.837,Radiology-R08,0.394,none,False,0.1668,False,none,0.65,45.911,11.234,57.145,False,0.22475,0.66667,0.35,0.65,0.65,0.48,0.18,False,0.075,False,0.055,False,0.52,8.0,Encryption: encrypted payloads; latency +8 ms; energy +0.045 mJ
EXP_20260511_163907_fcada4,1,40,40.0,17,porter,106.731,37.086,93.596,1.029,Surgery-R11,0.602,none,False,0.2891,False,none,0.65,69.243,14.325,83.569,False,0.22475,0.66667,0.35,0.65,0.65,0.48,0.18,False,0.075,False,0.055,False,0.52,8.0,Encryption: encrypted payloads; latency +8 ms; energy +0.045 mJ
EXP_20260511_163907_fcada4,1,40,40.0,18,physician,121.375,37.339,93.716,1.514,Radiology-R12,0.616,none,False,0.3019,False,none,0.65,44.699,15.805,60.504,False,0.22475,0.66667,0.35,0.65,0.65,0.48,0.18,False,0.075,False,0.055,False,0.52,8.0,Encryption: encrypted payloads; latency +8 ms; energy +0.045 mJ
EXP_20260511_163907_fcada4,1,40,40.0,19,nurse,103.795,37.596,94.265,1.33,Radiology-R10,0.48,none,False,0.2304,False,none,0.65,55.537,13.159,68.696,False,0.22475,0.66667,0.35,0.65,0.65,0.48,0.18,False,0.075,False,0.055,False,0.52,8.0,Encryption: encrypted payloads; latency +8 ms; energy +0.045 mJ
EXP_20260511_163907_fcada4,1,40,40.0,20,technician,106.366,37.276,92.009,1.084,Surgery-R04,0.15,high_fatigue,True,0.3125,False,none,0.65,48.618,14.78,63.398,False,0.22475,0.66667,0.35,0.65,0.65,0.48,0.18,False,0.075,False,0.055,False,0.52,8.0,Encryption: encrypted payloads; latency +8 ms; energy +0.045 mJ
EXP_20260511_163907_fcada4,1,41,41.0,1,nurse,87.688,37.296,96.719,0.742,Pharmacy-R08,0.294,none,False,0.0878,False,none,0.65,58.741,13.016,71.756,False,0.22475,0.66667,0.35,0.65,0.65,0.48,0.18,False,0.075,False,0.055,False,0.52,8.0,Encryption: encrypted payloads; latency +8 ms; energy +0.045 mJ
EXP_20260511_163907_fcada4,1,41,41.0,2,porter,108.787,37.168,96.135,1.225,Pharmacy-R12,0.702,none,False,0.1824,False,none,0.65,65.433,16.272,81.705,False,0.22475,0.66667,0.35,0.65,0.65,0.48,0.18,False,0.075,False,0.055,False,0.52,8.0,Encryption: encrypted payloads; latency +8 ms; energy +0.045 mJ
EXP_20260511_163907_fcada4,1,41,41.0,3,technician,105.901,37.475,94.051,2.209,Ward-A-R11,0.796,none,False,0.3064,False,none,0.65,52.092,16.506,68.599,False,0.22475,0.66667,0.35,0.65,0.65,0.48,0.18,False,0.075,False,0.055,False,0.52,8.0,Encryption: encrypted payloads; latency +8 ms; energy +0.045 mJ
EXP_20260511_163907_fcada4,1,41,41.0,4,porter,108.586,37.184,94.806,0.967,Surgery-R03,0.345,none,False,0.2574,False,none,0.65,55.365,14.232,69.597,False,0.22475,0.66667,0.35,0.65,0.65,0.48,0.18,False,0.075,False,0.055,False,0.52,8.0,Encryption: encrypted payloads; latency +8 ms; energy +0.045 mJ
EXP_20260511_163907_fcada4,1,41,41.0,5,technician,106.16,37.776,94.74,1.203,Emergency-R08,0.526,none,False,0.3174,False,none,0.65,62.044,17.579,79.622,False,0.22475,0.66667,0.35,0.65,0.65,0.48,0.18,False,0.075,False,0.055,False,0.52,8.0,Encryption: encrypted payloads; latency +8 ms; energy +0.045 mJ
EXP_20260511_163907_fcada4,1,41,41.0,6,porter,112.49,37.244,94.036,2.002,Emergency-R05,0.757,none,False,0.3637,False,none,0.65,46.89,14.685,61.576,False,0.22475,0.66667,0.35,0.65,0.65,0.48,0.18,False,0.075,False,0.055,False,0.52,8.0,Encryption: encrypted payloads; latency +8 ms; energy +0.045 mJ
EXP_20260511_163907_fcada4,1,41,41.0,7,porter,111.319,37.18,94.96,0.99,Radiology-R07,0.569,none,False,0.2091,False,none,0.65,60.988,12.838,73.826,False,0.22475,0.66667,0.35,0.65,0.65,0.48,0.18,False,0.075,False,0.055,False,0.52,8.0,Encryption: encrypted payloads; latency +8 ms; energy +0.045 mJ
EXP_20260511_163907_fcada4,1,41,41.0,8,porter,108.666,37.205,95.794,1.931,Emergency-R09,0.676,none,False,0.2928,False,none,0.65,45.147,14.199,59.346,False,0.22475,0.66667,0.35,0.65,0.65,0.48,0.18,False,0.075,False,0.055,False,0.52,8.0,Encryption: encrypted payloads; latency +8 ms; energy +0.045 mJ
EXP_20260511_163907_fcada4,1,41,41.0,9,technician,97.899,37.263,96.087,0.309,Ward-A-R06,0.255,none,False,0.1197,False,none,0.65,54.687,15.649,70.335,False,0.22475,0.66667,0.35,0.65,0.65,0.48,0.18,False,0.075,False,0.055,False,0.52,8.0,Encryption: encrypted payloads; latency +8 ms; energy +0.045 mJ
EXP_20260511_163907_fcada4,1,41,41.0,10,nurse,107.145,37.467,95.796,0.395,Pharmacy-R14,0.594,none,False,0.2014,False,none,0.65,52.863,13.546,66.409,False,0.22475,0.66667,0.35,0.65,0.65,0.48,0.18,False,0.075,False,0.055,False,0.52,8.0,Encryption: encrypted payloads; latency +8 ms; energy +0.045 mJ
EXP_20260511_163907_fcada4,1,41,41.0,11,cleaning_staff,102.073,36.978,93.882,1.172,Emergency-R10,0.416,none,False,0.2439,False,none,0.65,72.222,14.193,86.415,False,0.22475,0.66667,0.35,0.65,0.65,0.48,0.18,False,0.075,False,0.055,False,0.52,8.0,Encryption: encrypted payloads; latency +8 ms; energy +0.045 mJ
EXP_20260511_163907_fcada4,1,41,41.0,12,technician,100.276,37.344,95.945,1.155,Radiology-R07,0.457,none,False,0.1515,False,none,0.65,56.074,15.213,71.287,False,0.22475,0.66667,0.35,0.65,0.65,0.48,0.18,False,0.075,False,0.055,False,0.52,8.0,Encryption: encrypted payloads; latency +8 ms; energy +0.045 mJ
EXP_20260511_163907_fcada4,1,41,41.0,13,physician,94.271,36.857,95.775,1.067,ICU-R13,0.313,none,False,0.1617,False,none,0.65,67.287,13.336,80.624,False,0.22475,0.66667,0.35,0.65,0.65,0.48,0.18,False,0.075,False,0.055,False,0.52,8.0,Encryption: encrypted payloads; latency +8 ms; energy +0.045 mJ
EXP_20260511_163907_fcada4,1,41,41.0,14,technician,104.858,37.084,95.23,1.502,Radiology-R12,0.616,none,False,0.1795,False,none,0.65,61.191,13.475,74.666,False,0.22475,0.66667,0.35,0.65,0.65,0.48,0.18,False,0.075,False,0.055,False,0.52,8.0,Encryption: encrypted payloads; latency +8 ms; energy +0.045 mJ
EXP_20260511_163907_fcada4,1,41,41.0,15,physician,99.561,37.548,93.809,1.196,Laboratory-R07,0.438,none,False,0.2185,False,none,0.65,71.001,13.99,84.991,False,0.22475,0.66667,0.35,0.65,0.65,0.48,0.18,False,0.075,False,0.055,False,0.52,8.0,Encryption: encrypted payloads; latency +8 ms; energy +0.045 mJ
EXP_20260511_163907_fcada4,1,41,41.0,16,physician,103.603,38.091,100.0,1.296,Radiology-R04,0.371,none,False,0.2253,False,none,0.65,53.8,19.746,73.546,False,0.22475,0.66667,0.35,0.65,0.65,0.48,0.18,False,0.075,False,0.055,True,0.52,8.0,Encryption: encrypted payloads; latency +8 ms; energy +0.045 mJ
EXP_20260511_163907_fcada4,1,41,41.0,17,porter,109.21,37.122,93.706,1.533,Surgery-R01,0.658,none,False,0.3114,False,none,0.65,57.243,15.166,72.409,False,0.22475,0.66667,0.35,0.65,0.65,0.48,0.18,False,0.075,False,0.055,False,0.52,8.0,Encryption: encrypted payloads; latency +8 ms; energy +0.045 mJ
EXP_20260511_163907_fcada4,1,41,41.0,18,physician,122.748,37.328,93.756,1.562,Radiology-R09,0.69,none,False,0.3133,False,none,0.65,51.336,14.524,65.859,False,0.22475,0.66667,0.35,0.65,0.65,0.48,0.18,False,0.075,False,0.055,False,0.52,8.0,Encryption: encrypted payloads; latency +8 ms; energy +0.045 mJ
EXP_20260511_163907_fcada4,1,41,41.0,19,nurse,100.503,37.559,94.11,1.031,Surgery-R14,0.341,none,False,0.2789,False,none,0.65,46.6,17.349,63.949,False,0.22475,0.66667,0.35,0.65,0.65,0.48,0.18,False,0.075,False,0.055,False,0.52,8.0,Encryption: encrypted payloads; latency +8 ms; energy +0.045 mJ
EXP_20260511_163907_fcada4,1,41,41.0,20,technician,83.234,37.693,98.409,0.999,Laboratory-R10,0.17,none,False,0.1059,False,none,0.65,48.778,13.835,62.613,False,0.22475,0.66667,0.35,0.65,0.65,0.48,0.18,False,0.075,False,0.055,True,0.52,8.0,Encryption: encrypted payloads; latency +8 ms; energy +0.045 mJ
EXP_20260511_163907_fcada4,1,42,42.0,1,nurse,85.788,37.244,96.54,0.951,Pharmacy-R11,0.251,none,False,0.073,False,none,0.65,43.501,14.025,57.526,False,0.22475,0.66667,0.35,0.65,0.65,0.48,0.18,False,0.075,False,0.055,False,0.52,8.0,Encryption: encrypted payloads; latency +8 ms; energy +0.045 mJ
EXP_20260511_163907_fcada4,1,42,42.0,2,porter,116.944,37.219,95.939,2.039,Pharmacy-R03,1.0,none,False,0.2808,False,none,0.65,51.912,14.244,66.156,False,0.22475,0.66667,0.35,0.65,0.65,0.48,0.18,False,0.075,False,0.055,False,0.52,8.0,Encryption: encrypted payloads; latency +8 ms; energy +0.045 mJ
EXP_20260511_163907_fcada4,1,42,42.0,3,technician,107.839,37.526,94.01,1.57,Ward-A-R15,0.858,none,False,0.2825,False,none,0.65,53.068,12.071,65.139,False,0.22475,0.66667,0.35,0.65,0.65,0.48,0.18,False,0.075,False,0.055,False,0.52,8.0,Encryption: encrypted payloads; latency +8 ms; energy +0.045 mJ
EXP_20260511_163907_fcada4,1,42,42.0,4,porter,112.505,37.277,94.802,1.673,Radiology-R10,0.505,none,False,0.2393,False,none,0.65,57.874,12.999,70.873,False,0.22475,0.66667,0.35,0.65,0.65,0.48,0.18,False,0.075,False,0.055,False,0.52,8.0,Encryption: encrypted payloads; latency +8 ms; energy +0.045 mJ
EXP_20260511_163907_fcada4,1,42,42.0,5,technician,102.95,37.736,94.915,1.134,Emergency-R14,0.375,none,False,0.287,False,none,0.65,58.835,14.396,73.231,False,0.22475,0.66667,0.35,0.65,0.65,0.48,0.18,False,0.075,True,0.055,False,0.52,8.0,Encryption: encrypted payloads; latency +8 ms; energy +0.045 mJ
EXP_20260511_163907_fcada4,1,42,42.0,6,porter,106.382,35.877,98.005,3.336,Surgery-R13,0.632,none,False,0.3476,False,none,0.65,68.03,14.882,82.913,False,0.22475,0.66667,0.35,0.65,0.65,0.48,0.18,False,0.075,False,0.055,True,0.52,8.0,Encryption: encrypted payloads; latency +8 ms; energy +0.045 mJ
EXP_20260511_163907_fcada4,1,42,42.0,7,porter,114.83,37.246,95.319,1.652,Radiology-R03,0.701,none,False,0.2448,False,none,0.65,65.089,14.939,80.029,False,0.22475,0.66667,0.35,0.65,0.65,0.48,0.18,False,0.075,False,0.055,False,0.52,8.0,Encryption: encrypted payloads; latency +8 ms; energy +0.045 mJ
EXP_20260511_163907_fcada4,1,42,42.0,8,porter,105.817,37.23,95.873,1.773,Emergency-R15,0.567,none,False,0.2649,False,none,0.65,53.003,11.615,64.618,False,0.22475,0.66667,0.35,0.65,0.65,0.48,0.18,False,0.075,False,0.055,False,0.52,8.0,Encryption: encrypted payloads; latency +8 ms; energy +0.045 mJ
EXP_20260511_163907_fcada4,1,42,42.0,9,technician,95.424,37.235,96.271,0.681,Ward-A-R04,0.146,none,False,0.1004,False,none,0.65,56.165,14.468,70.632,False,0.22475,0.66667,0.35,0.65,0.65,0.48,0.18,False,0.075,False,0.055,False,0.52,8.0,Encryption: encrypted payloads; latency +8 ms; energy +0.045 mJ
EXP_20260511_163907_fcada4,1,42,42.0,10,nurse,109.903,37.474,95.802,1.431,Pharmacy-R12,0.676,none,False,0.2199,False,none,0.65,47.82,15.194,63.014,False,0.22475,0.66667,0.35,0.65,0.65,0.48,0.18,False,0.075,False,0.055,False,0.52,8.0,Encryption: encrypted payloads; latency +8 ms; energy +0.045 mJ
EXP_20260511_163907_fcada4,1,42,42.0,11,cleaning_staff,104.781,37.007,93.821,1.448,Emergency-R07,0.475,none,False,0.2632,False,none,0.65,55.72,15.867,71.587,False,0.22475,0.66667,0.35,0.65,0.65,0.48,0.18,False,0.075,False,0.055,False,0.52,8.0,Encryption: encrypted payloads; latency +8 ms; energy +0.045 mJ
EXP_20260511_163907_fcada4,1,42,42.0,12,technician,100.172,37.325,95.662,1.53,Radiology-R13,0.472,none,False,0.1657,False,none,0.65,44.674,15.473,60.146,False,0.22475,0.66667,0.35,0.65,0.65,0.48,0.18,False,0.075,False,0.055,False,0.52,8.0,Encryption: encrypted payloads; latency +8 ms; energy +0.045 mJ
EXP_20260511_163907_fcada4,1,42,42.0,13,physician,101.432,36.967,95.735,1.376,ICU-R13,0.542,none,False,0.2051,False,none,0.65,56.151,11.227,67.378,False,0.22475,0.66667,0.35,0.65,0.65,0.48,0.18,False,0.075,False,0.055,False,0.52,8.0,Encryption: encrypted payloads; latency +8 ms; energy +0.045 mJ
EXP_20260511_163907_fcada4,1,42,42.0,14,technician,105.259,37.108,95.219,2.03,Radiology-R11,0.646,none,False,0.2196,False,none,0.65,46.842,16.379,63.222,False,0.22475,0.66667,0.35,0.65,0.65,0.48,0.18,False,0.075,False,0.055,False,0.52,8.0,Encryption: encrypted payloads; latency +8 ms; energy +0.045 mJ
EXP_20260511_163907_fcada4,1,42,42.0,15,physician,100.04,37.516,93.676,1.268,ICU-R14,0.431,none,False,0.2901,False,none,0.65,56.182,13.284,69.466,False,0.22475,0.66667,0.35,0.65,0.65,0.48,0.18,False,0.075,False,0.055,False,0.52,8.0,Encryption: encrypted payloads; latency +8 ms; energy +0.045 mJ
EXP_20260511_163907_fcada4,1,42,42.0,16,physician,102.739,37.325,93.962,1.22,Radiology-R14,0.605,none,False,0.2176,False,none,0.65,46.606,14.693,61.299,False,0.22475,0.66667,0.35,0.65,0.65,0.48,0.18,False,0.075,False,0.055,False,0.52,8.0,Encryption: encrypted payloads; latency +8 ms; energy +0.045 mJ
EXP_20260511_163907_fcada4,1,42,42.0,17,porter,107.988,37.174,93.726,1.442,Surgery-R01,0.591,none,False,0.3007,False,none,0.65,78.285,16.305,94.59,False,0.22475,0.66667,0.35,0.65,0.65,0.48,0.18,False,0.075,False,0.055,False,0.52,8.0,Encryption: encrypted payloads; latency +8 ms; energy +0.045 mJ
EXP_20260511_163907_fcada4,1,42,42.0,18,physician,122.866,37.352,93.913,0.749,Radiology-R15,0.663,none,False,0.2997,False,none,0.65,60.277,14.686,74.963,False,0.22475,0.66667,0.35,0.65,0.65,0.48,0.18,False,0.075,False,0.055,False,0.52,8.0,Encryption: encrypted payloads; latency +8 ms; energy +0.045 mJ
EXP_20260511_163907_fcada4,1,42,42.0,19,nurse,104.841,37.566,94.105,1.704,Surgery-R03,0.494,none,False,0.326,False,none,0.65,31.905,13.88,45.785,False,0.22475,0.66667,0.35,0.65,0.65,0.48,0.18,False,0.075,False,0.055,False,0.52,8.0,Encryption: encrypted payloads; latency +8 ms; energy +0.045 mJ
EXP_20260511_163907_fcada4,1,42,42.0,20,technician,106.721,37.183,93.618,0.833,Surgery-R10,0.433,none,False,0.2857,False,none,0.65,51.127,13.636,64.763,False,0.22475,0.66667,0.35,0.65,0.65,0.48,0.18,False,0.075,False,0.055,False,0.52,8.0,Encryption: encrypted payloads; latency +8 ms; energy +0.045 mJ
EXP_20260511_163907_fcada4,1,43,43.0,1,nurse,87.942,37.28,96.438,1.847,Pharmacy-R07,0.293,none,False,0.116,False,none,0.65,50.435,14.334,64.769,False,0.22475,0.66667,0.35,0.65,0.65,0.48,0.18,False,0.075,False,0.055,False,0.52,8.0,Encryption: encrypted payloads; latency +8 ms; energy +0.045 mJ
EXP_20260511_163907_fcada4,1,43,43.0,2,porter,107.159,37.125,95.926,1.043,Pharmacy-R01,0.643,none,False,0.1702,False,none,0.65,66.824,13.248,80.072,False,0.22475,0.66667,0.35,0.65,0.65,0.48,0.18,False,0.075,False,0.055,False,0.52,8.0,Encryption: encrypted payloads; latency +8 ms; energy +0.045 mJ
EXP_20260511_163907_fcada4,1,43,43.0,3,technician,103.839,37.456,94.089,1.096,Ward-A-R12,0.704,none,False,0.2376,False,none,0.65,66.754,12.446,79.2,False,0.22475,0.66667,0.35,0.65,0.65,0.48,0.18,False,0.075,False,0.055,False,0.52,8.0,Encryption: encrypted payloads; latency +8 ms; energy +0.045 mJ
EXP_20260511_163907_fcada4,1,43,43.0,4,porter,110.857,37.189,94.647,1.318,Surgery-R10,0.429,none,False,0.276,False,none,0.65,57.431,14.966,72.397,False,0.22475,0.66667,0.35,0.65,0.65,0.48,0.18,False,0.075,False,0.055,False,0.52,8.0,Encryption: encrypted payloads; latency +8 ms; energy +0.045 mJ
EXP_20260511_163907_fcada4,1,43,43.0,5,technician,105.473,37.771,94.768,1.285,Emergency-R09,0.475,none,False,0.3102,False,none,0.65,54.536,14.376,68.912,False,0.22475,0.66667,0.35,0.65,0.65,0.48,0.18,False,0.075,True,0.055,False,0.52,8.0,Encryption: encrypted payloads; latency +8 ms; energy +0.045 mJ
EXP_20260511_163907_fcada4,1,43,43.0,6,porter,111.361,37.238,93.783,1.701,Emergency-R15,0.738,none,False,0.3445,False,none,0.65,57.127,14.546,71.672,False,0.22475,0.66667,0.35,0.65,0.65,0.48,0.18,False,0.075,False,0.055,False,0.52,8.0,Encryption: encrypted payloads; latency +8 ms; energy +0.045 mJ
EXP_20260511_163907_fcada4,1,43,43.0,7,porter,106.021,37.108,95.078,1.552,Radiology-R02,0.348,none,False,0.1743,False,none,0.65,56.772,13.559,70.331,False,0.22475,0.66667,0.35,0.65,0.65,0.48,0.18,False,0.075,False,0.055,False,0.52,8.0,Encryption: encrypted payloads; latency +8 ms; energy +0.045 mJ
EXP_20260511_163907_fcada4,1,43,43.0,8,porter,109.048,37.244,95.557,1.294,Radiology-R13,0.692,none,False,0.2005,False,none,0.65,57.788,16.64,74.428,False,0.22475,0.66667,0.35,0.65,0.65,0.48,0.18,False,0.075,False,0.055,False,0.52,8.0,Encryption: encrypted payloads; latency +8 ms; energy +0.045 mJ
EXP_20260511_163907_fcada4,1,43,43.0,9,technician,97.062,37.291,96.363,1.119,Ward-A-R12,0.217,none,False,0.1166,False,none,0.65,45.494,16.409,61.903,False,0.22475,0.66667,0.35,0.65,0.65,0.48,0.18,False,0.075,False,0.055,False,0.52,8.0,Encryption: encrypted payloads; latency +8 ms; energy +0.045 mJ
EXP_20260511_163907_fcada4,1,43,43.0,10,nurse,110.016,37.505,95.498,1.726,Pharmacy-R15,0.667,none,False,0.2489,False,none,0.65,70.092,14.316,84.408,False,0.22475,0.66667,0.35,0.65,0.65,0.48,0.18,False,0.075,False,0.055,False,0.52,8.0,Encryption: encrypted payloads; latency +8 ms; energy +0.045 mJ
EXP_20260511_163907_fcada4,1,43,43.0,11,cleaning_staff,98.867,36.944,93.736,0.675,Emergency-R06,0.285,none,False,0.2265,False,none,0.65,52.082,14.972,67.054,False,0.22475,0.66667,0.35,0.65,0.65,0.48,0.18,False,0.075,False,0.055,False,0.52,8.0,Encryption: encrypted payloads; latency +8 ms; energy +0.045 mJ
EXP_20260511_163907_fcada4,1,43,43.0,12,technician,102.17,37.302,95.639,1.09,ICU-R04,0.51,none,False,0.2358,False,none,0.65,52.418,13.764,66.182,False,0.22475,0.66667,0.35,0.65,0.65,0.48,0.18,False,0.075,False,0.055,False,0.52,8.0,Encryption: encrypted payloads; latency +8 ms; energy +0.045 mJ
EXP_20260511_163907_fcada4,1,43,43.0,13,physician,102.364,36.994,95.568,1.473,ICU-R04,0.563,none,False,0.2187,False,none,0.65,48.853,16.699,65.552,False,0.22475,0.66667,0.35,0.65,0.65,0.48,0.18,False,0.075,False,0.055,False,0.52,8.0,Encryption: encrypted payloads; latency +8 ms; energy +0.045 mJ
EXP_20260511_163907_fcada4,1,43,43.0,14,technician,100.391,37.061,95.392,1.43,Radiology-R07,0.444,none,False,0.1403,False,none,0.65,58.492,14.849,73.341,False,0.22475,0.66667,0.35,0.65,0.65,0.48,0.18,False,0.075,False,0.055,False,0.52,8.0,Encryption: encrypted payloads; latency +8 ms; energy +0.045 mJ
EXP_20260511_163907_fcada4,1,43,43.0,15,physician,101.142,37.504,93.653,0.972,ICU-R13,0.462,none,False,0.2959,False,none,0.65,53.875,13.04,66.915,False,0.22475,0.66667,0.35,0.65,0.65,0.48,0.18,False,0.075,False,0.055,False,0.52,8.0,Encryption: encrypted payloads; latency +8 ms; energy +0.045 mJ
EXP_20260511_163907_fcada4,1,43,43.0,16,physician,98.478,37.316,93.941,0.871,Radiology-R02,0.418,none,False,0.1886,False,none,0.65,38.795,14.079,52.874,False,0.22475,0.66667,0.35,0.65,0.65,0.48,0.18,False,0.075,False,0.055,False,0.52,8.0,Encryption: encrypted payloads; latency +8 ms; energy +0.045 mJ
EXP_20260511_163907_fcada4,1,43,43.0,17,porter,105.737,37.123,93.704,1.512,Emergency-R07,0.484,none,False,0.2851,False,none,0.65,56.185,13.939,70.124,False,0.22475,0.66667,0.35,0.65,0.65,0.48,0.18,False,0.075,False,0.055,False,0.52,8.0,Encryption: encrypted payloads; latency +8 ms; energy +0.045 mJ
EXP_20260511_163907_fcada4,1,43,43.0,18,physician,120.385,37.348,93.709,2.034,Radiology-R08,0.598,none,False,0.3314,False,none,0.65,58.73,14.832,73.563,False,0.22475,0.66667,0.35,0.65,0.65,0.48,0.18,False,0.075,False,0.055,False,0.52,8.0,Encryption: encrypted payloads; latency +8 ms; energy +0.045 mJ
EXP_20260511_163907_fcada4,1,43,43.0,19,nurse,103.315,37.563,94.293,0.842,Surgery-R13,0.413,none,False,0.2902,False,none,0.65,49.106,16.603,65.708,False,0.22475,0.66667,0.35,0.65,0.65,0.48,0.18,False,0.075,False,0.055,False,0.52,8.0,Encryption: encrypted payloads; latency +8 ms; energy +0.045 mJ
EXP_20260511_163907_fcada4,1,43,43.0,20,technician,106.062,37.202,93.546,1.237,Surgery-R03,0.404,none,False,0.2847,False,none,0.65,52.568,16.391,68.959,False,0.22475,0.66667,0.35,0.65,0.65,0.48,0.18,False,0.075,False,0.055,False,0.52,8.0,Encryption: encrypted payloads; latency +8 ms; energy +0.045 mJ
EXP_20260511_163907_fcada4,1,44,44.0,1,nurse,81.195,37.203,96.609,0.953,Pharmacy-R09,0.05,none,False,0.0523,False,none,0.65,45.521,15.11,60.631,False,0.22475,0.66667,0.35,0.65,0.65,0.48,0.18,False,0.075,False,0.055,False,0.52,8.0,Encryption: encrypted payloads; latency +8 ms; energy +0.045 mJ
EXP_20260511_163907_fcada4,1,44,44.0,2,porter,110.75,37.166,95.55,1.546,Pharmacy-R08,0.75,none,False,0.2132,False,none,0.65,60.212,16.289,76.502,False,0.22475,0.66667,0.35,0.65,0.65,0.48,0.18,False,0.075,False,0.055,False,0.52,8.0,Encryption: encrypted payloads; latency +8 ms; energy +0.045 mJ
EXP_20260511_163907_fcada4,1,44,44.0,3,technician,100.832,37.4,94.178,1.646,Ward-A-R04,0.597,none,False,0.2275,False,none,0.65,53.847,13.744,67.592,False,0.22475,0.66667,0.35,0.65,0.65,0.48,0.18,False,0.075,False,0.055,False,0.52,8.0,Encryption: encrypted payloads; latency +8 ms; energy +0.045 mJ
EXP_20260511_163907_fcada4,1,44,44.0,4,porter,115.054,37.324,94.504,1.751,Surgery-R07,0.559,none,False,0.3391,False,none,0.65,49.525,11.796,61.321,False,0.22475,0.66667,0.35,0.65,0.65,0.48,0.18,False,0.075,False,0.055,False,0.52,8.0,Encryption: encrypted payloads; latency +8 ms; energy +0.045 mJ
EXP_20260511_163907_fcada4,1,44,44.0,5,technician,104.529,37.777,94.625,1.221,Emergency-R02,0.41,none,False,0.3062,False,none,0.65,62.112,14.435,76.547,False,0.22475,0.66667,0.35,0.65,0.65,0.48,0.18,False,0.075,False,0.055,False,0.52,8.0,Encryption: encrypted payloads; latency +8 ms; energy +0.045 mJ
EXP_20260511_163907_fcada4,1,44,44.0,6,porter,107.822,37.144,93.808,1.047,Emergency-R13,0.583,none,False,0.292,False,none,0.65,55.391,14.987,70.378,False,0.22475,0.66667,0.35,0.65,0.65,0.48,0.18,False,0.075,False,0.055,False,0.52,8.0,Encryption: encrypted payloads; latency +8 ms; energy +0.045 mJ
EXP_20260511_163907_fcada4,1,44,44.0,7,porter,112.17,37.221,95.235,1.483,Radiology-R01,0.593,none,False,0.2163,False,none,0.65,62.537,15.957,78.494,False,0.22475,0.66667,0.35,0.65,0.65,0.48,0.18,False,0.075,False,0.055,False,0.52,8.0,Encryption: encrypted payloads; latency +8 ms; energy +0.045 mJ
EXP_20260511_163907_fcada4,1,44,44.0,8,porter,108.945,37.26,95.582,1.384,Emergency-R10,0.693,none,False,0.2711,False,none,0.65,45.051,15.252,60.303,False,0.22475,0.66667,0.35,0.65,0.65,0.48,0.18,False,0.075,False,0.055,False,0.52,8.0,Encryption: encrypted payloads; latency +8 ms; energy +0.045 mJ
EXP_20260511_163907_fcada4,1,44,44.0,9,technician,98.98,37.327,96.134,0.697,Ward-A-R05,0.289,none,False,0.1321,False,none,0.65,60.784,13.217,74.001,False,0.22475,0.66667,0.35,0.65,0.65,0.48,0.18,False,0.075,False,0.055,False,0.52,8.0,Encryption: encrypted payloads; latency +8 ms; energy +0.045 mJ
EXP_20260511_163907_fcada4,1,44,44.0,10,nurse,119.157,37.615,95.32,2.211,Pharmacy-R13,1.0,none,False,0.3517,False,none,0.65,65.407,14.446,79.852,False,0.22475,0.66667,0.35,0.65,0.65,0.48,0.18,False,0.075,False,0.055,False,0.52,8.0,Encryption: encrypted payloads; latency +8 ms; energy +0.045 mJ
EXP_20260511_163907_fcada4,1,44,44.0,11,cleaning_staff,102.05,37.012,93.634,1.428,Radiology-R05,0.367,none,False,0.1794,False,none,0.65,53.908,14.661,68.569,False,0.22475,0.66667,0.35,0.65,0.65,0.48,0.18,False,0.075,False,0.055,False,0.52,8.0,Encryption: encrypted payloads; latency +8 ms; energy +0.045 mJ
EXP_20260511_163907_fcada4,1,44,44.0,12,technician,100.298,37.316,95.68,1.341,Radiology-R08,0.414,none,False,0.1524,False,none,0.65,42.41,16.981,59.391,False,0.22475,0.66667,0.35,0.65,0.65,0.48,0.18,False,0.075,False,0.055,False,0.52,8.0,Encryption: encrypted payloads; latency +8 ms; energy +0.045 mJ
EXP_20260511_163907_fcada4,1,44,44.0,13,physician,99.846,36.925,95.621,1.026,ICU-R05,0.458,none,False,0.1962,False,none,0.65,48.781,14.359,63.14,False,0.22475,0.66667,0.35,0.65,0.65,0.48,0.18,False,0.075,False,0.055,False,0.52,8.0,Encryption: encrypted payloads; latency +8 ms; energy +0.045 mJ
EXP_20260511_163907_fcada4,1,44,44.0,14,technician,115.062,37.64,93.81,0.549,Radiology-R14,0.358,high_fatigue,True,0.2786,False,none,0.65,64.167,14.986,79.153,False,0.22475,0.66667,0.35,0.65,0.65,0.48,0.18,False,0.075,False,0.055,False,0.52,8.0,Encryption: encrypted payloads; latency +8 ms; energy +0.045 mJ
EXP_20260511_163907_fcada4,1,44,44.0,15,physician,102.96,37.548,93.724,1.165,ICU-R12,0.533,none,False,0.3099,False,none,0.65,32.149,12.552,44.701,False,0.22475,0.66667,0.35,0.65,0.65,0.48,0.18,False,0.075,False,0.055,False,0.52,8.0,Encryption: encrypted payloads; latency +8 ms; energy +0.045 mJ
EXP_20260511_163907_fcada4,1,44,44.0,16,physician,98.289,37.303,94.171,0.953,Radiology-R08,0.421,none,False,0.1813,False,none,0.65,52.681,15.653,68.334,False,0.22475,0.66667,0.35,0.65,0.65,0.48,0.18,False,0.075,False,0.055,False,0.52,8.0,Encryption: encrypted payloads; latency +8 ms; energy +0.045 mJ
EXP_20260511_163907_fcada4,1,44,44.0,17,porter,106.744,37.144,93.494,1.608,Surgery-R10,0.512,none,False,0.3041,False,none,0.65,57.743,15.314,73.057,False,0.22475,0.66667,0.35,0.65,0.65,0.48,0.18,False,0.075,False,0.055,False,0.52,8.0,Encryption: encrypted payloads; latency +8 ms; energy +0.045 mJ
EXP_20260511_163907_fcada4,1,44,44.0,18,physician,120.615,37.331,93.82,1.538,Radiology-R14,0.552,none,False,0.2928,False,none,0.65,64.887,19.52,84.408,False,0.22475,0.66667,0.35,0.65,0.65,0.48,0.18,False,0.075,False,0.055,False,0.52,8.0,Encryption: encrypted payloads; latency +8 ms; energy +0.045 mJ
EXP_20260511_163907_fcada4,1,44,44.0,19,nurse,110.743,37.666,94.066,1.87,Surgery-R03,0.69,none,False,0.3823,False,none,0.65,38.57,13.168,51.738,False,0.22475,0.66667,0.35,0.65,0.65,0.48,0.18,False,0.075,False,0.055,False,0.52,8.0,Encryption: encrypted payloads; latency +8 ms; energy +0.045 mJ
EXP_20260511_163907_fcada4,1,44,44.0,20,technician,105.31,36.683,93.307,2.907,Surgery-R05,0.718,none,False,0.388,False,none,0.65,57.908,14.999,72.907,False,0.22475,0.66667,0.35,0.65,0.65,0.48,0.18,False,0.075,False,0.055,True,0.52,8.0,Encryption: encrypted payloads; latency +8 ms; energy +0.045 mJ
EXP_20260511_163907_fcada4,1,45,45.0,1,nurse,90.21,37.307,96.559,0.888,Pharmacy-R11,0.394,none,False,0.1051,False,none,0.65,69.424,16.515,85.939,False,0.22475,0.66667,0.35,0.65,0.65,0.48,0.18,False,0.075,True,0.055,False,0.52,8.0,Encryption: encrypted payloads; latency +8 ms; energy +0.045 mJ
EXP_20260511_163907_fcada4,1,45,45.0,2,porter,110.751,37.216,95.885,2.31,Pharmacy-R15,0.762,none,False,0.2596,False,none,0.65,53.914,12.651,66.565,False,0.22475,0.66667,0.35,0.65,0.65,0.48,0.18,False,0.075,False,0.055,False,0.52,8.0,Encryption: encrypted payloads; latency +8 ms; energy +0.045 mJ
EXP_20260511_163907_fcada4,1,45,45.0,3,technician,103.261,37.461,94.022,1.315,Ward-A-R06,0.682,none,False,0.2361,False,none,0.65,46.584,14.34,60.924,False,0.22475,0.66667,0.35,0.65,0.65,0.48,0.18,False,0.075,False,0.055,False,0.52,8.0,Encryption: encrypted payloads; latency +8 ms; energy +0.045 mJ
EXP_20260511_163907_fcada4,1,45,45.0,4,porter,110.236,37.261,94.672,0.778,Surgery-R02,0.369,none,False,0.2756,False,none,0.65,53.404,14.467,67.872,False,0.22475,0.66667,0.35,0.65,0.65,0.48,0.18,False,0.075,True,0.055,False,0.52,8.0,Encryption: encrypted payloads; latency +8 ms; energy +0.045 mJ
EXP_20260511_163907_fcada4,1,45,45.0,5,technician,103.132,37.763,94.77,2.001,Emergency-R02,0.361,none,False,0.3313,False,none,0.65,46.557,15.632,62.189,False,0.22475,0.66667,0.35,0.65,0.65,0.48,0.18,False,0.075,False,0.055,False,0.52,8.0,Encryption: encrypted payloads; latency +8 ms; energy +0.045 mJ
EXP_20260511_163907_fcada4,1,45,45.0,6,porter,114.518,37.253,94.006,1.177,Emergency-R02,0.823,none,False,0.3387,False,none,0.65,54.88,15.06,69.94,False,0.22475,0.66667,0.35,0.65,0.65,0.48,0.18,False,0.075,False,0.055,False,0.52,8.0,Encryption: encrypted payloads; latency +8 ms; energy +0.045 mJ
EXP_20260511_163907_fcada4,1,45,45.0,7,porter,110.966,37.219,95.194,0.682,Radiology-R13,0.531,none,False,0.203,False,none,0.65,68.696,13.44,82.135,False,0.22475,0.66667,0.35,0.65,0.65,0.48,0.18,False,0.075,False,0.055,False,0.52,8.0,Encryption: encrypted payloads; latency +8 ms; energy +0.045 mJ
EXP_20260511_163907_fcada4,1,45,45.0,8,porter,107.196,37.182,95.701,1.311,Ward-A-R09,0.578,none,False,0.1765,False,none,0.65,51.816,16.178,67.994,False,0.22475,0.66667,0.35,0.65,0.65,0.48,0.18,False,0.075,False,0.055,False,0.52,8.0,Encryption: encrypted payloads; latency +8 ms; energy +0.045 mJ
EXP_20260511_163907_fcada4,1,45,45.0,9,technician,134.845,37.498,93.783,4.559,Ward-A-R02,1.0,fall,True,0.5642,False,none,0.65,71.3,11.668,82.967,False,0.22475,0.66667,0.35,0.65,0.65,0.48,0.18,False,0.075,False,0.055,False,0.52,8.0,Encryption: encrypted payloads; latency +8 ms; energy +0.045 mJ
EXP_20260511_163907_fcada4,1,45,45.0,10,nurse,115.772,37.571,95.511,1.491,Pharmacy-R08,0.861,none,False,0.2744,False,none,0.65,51.053,12.938,63.991,False,0.22475,0.66667,0.35,0.65,0.65,0.48,0.18,False,0.075,False,0.055,False,0.52,8.0,Encryption: encrypted payloads; latency +8 ms; energy +0.045 mJ
EXP_20260511_163907_fcada4,1,45,45.0,11,cleaning_staff,107.895,37.083,93.659,0.958,Emergency-R03,0.554,none,False,0.2882,False,none,0.65,51.535,15.356,66.891,False,0.22475,0.66667,0.35,0.65,0.65,0.48,0.18,False,0.075,False,0.055,False,0.52,8.0,Encryption: encrypted payloads; latency +8 ms; energy +0.045 mJ
EXP_20260511_163907_fcada4,1,45,45.0,12,technician,107.21,37.453,95.44,1.434,Radiology-R10,0.634,none,False,0.2141,False,none,0.65,55.722,14.95,70.672,False,0.22475,0.66667,0.35,0.65,0.65,0.48,0.18,False,0.075,False,0.055,False,0.52,8.0,Encryption: encrypted payloads; latency +8 ms; energy +0.045 mJ
EXP_20260511_163907_fcada4,1,45,45.0,13,physician,93.848,35.824,90.211,3.053,ICU-R03,0.422,none,False,0.41,False,none,0.65,49.403,15.479,64.882,False,0.22475,0.66667,0.35,0.65,0.65,0.48,0.18,False,0.075,False,0.055,True,0.52,8.0,Encryption: encrypted payloads; latency +8 ms; energy +0.045 mJ
EXP_20260511_163907_fcada4,1,45,45.0,14,technician,107.81,37.127,95.011,1.324,ICU-R08,0.696,none,False,0.2689,False,none,0.65,47.94,14.959,62.899,False,0.22475,0.66667,0.35,0.65,0.65,0.48,0.18,False,0.075,False,0.055,False,0.52,8.0,Encryption: encrypted payloads; latency +8 ms; energy +0.045 mJ
EXP_20260511_163907_fcada4,1,45,45.0,15,physician,102.508,37.523,93.588,1.39,ICU-R02,0.529,none,False,0.3089,False,none,0.65,62.23,11.127,73.357,False,0.22475,0.66667,0.35,0.65,0.65,0.48,0.18,False,0.075,False,0.055,False,0.52,8.0,Encryption: encrypted payloads; latency +8 ms; energy +0.045 mJ
EXP_20260511_163907_fcada4,1,45,45.0,16,physician,111.13,37.555,87.982,2.566,Radiology-R13,0.687,none,False,0.4967,False,none,0.65,51.4,12.449,63.848,False,0.22475,0.66667,0.35,0.65,0.65,0.48,0.18,False,0.075,False,0.055,True,0.52,8.0,Encryption: encrypted payloads; latency +8 ms; energy +0.045 mJ
EXP_20260511_163907_fcada4,1,45,45.0,17,porter,108.587,37.203,93.541,1.709,Surgery-R01,0.582,none,False,0.3265,False,none,0.65,59.761,13.914,73.675,False,0.22475,0.66667,0.35,0.65,0.65,0.48,0.18,False,0.075,False,0.055,False,0.52,8.0,Encryption: encrypted payloads; latency +8 ms; energy +0.045 mJ
EXP_20260511_163907_fcada4,1,45,45.0,18,physician,120.492,37.306,93.517,1.19,Radiology-R05,0.576,none,False,0.2903,False,none,0.65,58.925,18.584,77.51,False,0.22475,0.66667,0.35,0.65,0.65,0.48,0.18,False,0.075,False,0.055,False,0.52,8.0,Encryption: encrypted payloads; latency +8 ms; energy +0.045 mJ
EXP_20260511_163907_fcada4,1,45,45.0,19,nurse,104.202,37.581,94.217,0.894,Surgery-R13,0.468,none,False,0.3008,False,none,0.65,53.275,15.726,69.001,False,0.22475,0.66667,0.35,0.65,0.65,0.48,0.18,False,0.075,False,0.055,False,0.52,8.0,Encryption: encrypted payloads; latency +8 ms; energy +0.045 mJ
EXP_20260511_163907_fcada4,1,45,45.0,20,technician,104.25,37.212,93.711,0.751,Surgery-R03,0.291,none,False,0.2669,False,none,0.65,51.298,14.421,65.719,False,0.22475,0.66667,0.35,0.65,0.65,0.48,0.18,False,0.075,False,0.055,False,0.52,8.0,Encryption: encrypted payloads; latency +8 ms; energy +0.045 mJ
EXP_20260511_163907_fcada4,1,46,46.0,1,nurse,84.455,37.196,96.792,0.674,Pharmacy-R01,0.161,none,False,0.0593,False,none,0.65,61.501,14.306,75.806,False,0.22475,0.66667,0.35,0.65,0.65,0.48,0.18,False,0.075,False,0.055,False,0.52,8.0,Encryption: encrypted payloads; latency +8 ms; energy +0.045 mJ
EXP_20260511_163907_fcada4,1,46,46.0,2,porter,106.591,37.113,96.041,1.676,Pharmacy-R01,0.62,none,False,0.1813,False,none,0.65,31.476,13.871,45.347,False,0.22475,0.66667,0.35,0.65,0.65,0.48,0.18,False,0.075,False,0.055,False,0.52,8.0,Encryption: encrypted payloads; latency +8 ms; energy +0.045 mJ
EXP_20260511_163907_fcada4,1,46,46.0,3,technician,99.326,37.367,94.01,1.733,Ward-A-R03,0.512,none,False,0.2228,False,none,0.65,39.667,16.55,56.217,False,0.22475,0.66667,0.35,0.65,0.65,0.48,0.18,False,0.075,False,0.055,False,0.52,8.0,Encryption: encrypted payloads; latency +8 ms; energy +0.045 mJ
EXP_20260511_163907_fcada4,1,46,46.0,4,porter,113.932,37.278,94.469,1.122,Surgery-R02,0.494,none,False,0.3045,False,none,0.65,43.826,13.263,57.089,False,0.22475,0.66667,0.35,0.65,0.65,0.48,0.18,False,0.075,True,0.055,False,0.52,8.0,Encryption: encrypted payloads; latency +8 ms; energy +0.045 mJ
EXP_20260511_163907_fcada4,1,46,46.0,5,technician,103.725,37.756,94.786,0.74,Emergency-R01,0.362,none,False,0.2939,False,none,0.65,51.955,13.289,65.243,False,0.22475,0.66667,0.35,0.65,0.65,0.48,0.18,False,0.075,False,0.055,False,0.52,8.0,Encryption: encrypted payloads; latency +8 ms; energy +0.045 mJ
EXP_20260511_163907_fcada4,1,46,46.0,6,porter,111.393,37.229,93.774,1.77,Emergency-R05,0.733,none,False,0.348,False,none,0.65,65.212,12.631,77.844,False,0.22475,0.66667,0.35,0.65,0.65,0.48,0.18,False,0.075,False,0.055,False,0.52,8.0,Encryption: encrypted payloads; latency +8 ms; energy +0.045 mJ
EXP_20260511_163907_fcada4,1,46,46.0,7,porter,111.609,37.241,95.062,1.444,Radiology-R04,0.552,none,False,0.2148,False,none,0.65,52.814,15.454,68.268,False,0.22475,0.66667,0.35,0.65,0.65,0.48,0.18,False,0.075,False,0.055,False,0.52,8.0,Encryption: encrypted payloads; latency +8 ms; energy +0.045 mJ
EXP_20260511_163907_fcada4,1,46,46.0,8,porter,109.258,37.25,95.674,1.949,Emergency-R12,0.681,none,False,0.3036,False,none,0.65,62.039,16.571,78.61,False,0.22475,0.66667,0.35,0.65,0.65,0.48,0.18,False,0.075,False,0.055,False,0.52,8.0,Encryption: encrypted payloads; latency +8 ms; energy +0.045 mJ
EXP_20260511_163907_fcada4,1,46,46.0,9,technician,104.175,37.328,96.182,1.32,Ward-A-R09,0.475,none,False,0.1643,False,none,0.65,59.497,13.339,72.835,False,0.22475,0.66667,0.35,0.65,0.65,0.48,0.18,False,0.075,False,0.055,False,0.52,8.0,Encryption: encrypted payloads; latency +8 ms; energy +0.045 mJ
EXP_20260511_163907_fcada4,1,46,46.0,10,nurse,112.271,37.527,95.863,1.291,Laboratory-R14,0.701,none,False,0.2317,False,none,0.65,46.33,12.072,58.402,False,0.22475,0.66667,0.35,0.65,0.65,0.48,0.18,False,0.075,False,0.055,False,0.52,8.0,Encryption: encrypted payloads; latency +8 ms; energy +0.045 mJ
EXP_20260511_163907_fcada4,1,46,46.0,11,cleaning_staff,109.212,37.468,91.747,1.227,Emergency-R03,0.182,high_fatigue,True,0.3493,False,none,0.65,50.28,14.312,64.592,False,0.22475,0.66667,0.35,0.65,0.65,0.48,0.18,False,0.075,False,0.055,False,0.52,8.0,Encryption: encrypted payloads; latency +8 ms; energy +0.045 mJ
EXP_20260511_163907_fcada4,1,46,46.0,12,technician,121.716,38.597,94.985,0.845,Radiology-R09,0.587,heat_stress,True,0.3789,False,none,0.65,58.665,13.833,72.498,False,0.22475,0.66667,0.35,0.65,0.65,0.48,0.18,False,0.075,False,0.055,False,0.52,8.0,Encryption: encrypted payloads; latency +8 ms; energy +0.045 mJ
EXP_20260511_163907_fcada4,1,46,46.0,13,physician,100.331,36.95,95.696,1.854,ICU-R04,0.437,none,False,0.2238,False,none,0.65,65.946,14.214,80.16,False,0.22475,0.66667,0.35,0.65,0.65,0.48,0.18,False,0.075,False,0.055,False,0.52,8.0,Encryption: encrypted payloads; latency +8 ms; energy +0.045 mJ
EXP_20260511_163907_fcada4,1,46,46.0,14,technician,104.305,37.11,95.458,2.135,Radiology-R07,0.556,none,False,0.2108,False,none,0.65,66.668,11.58,78.248,False,0.22475,0.66667,0.35,0.65,0.65,0.48,0.18,False,0.075,False,0.055,False,0.52,8.0,Encryption: encrypted payloads; latency +8 ms; energy +0.045 mJ
EXP_20260511_163907_fcada4,1,46,46.0,15,physician,103.611,37.549,93.892,2.082,ICU-R10,0.545,none,False,0.3529,False,none,0.65,51.145,14.361,65.506,False,0.22475,0.66667,0.35,0.65,0.65,0.48,0.18,False,0.075,False,0.055,False,0.52,8.0,Encryption: encrypted payloads; latency +8 ms; energy +0.045 mJ
EXP_20260511_163907_fcada4,1,46,46.0,16,physician,103.18,37.349,93.52,1.963,Radiology-R04,0.555,none,False,0.265,False,none,0.65,62.635,17.385,80.02,False,0.22475,0.66667,0.35,0.65,0.65,0.48,0.18,False,0.075,False,0.055,False,0.52,8.0,Encryption: encrypted payloads; latency +8 ms; energy +0.045 mJ
EXP_20260511_163907_fcada4,1,46,46.0,17,porter,101.197,37.103,93.737,0.67,Surgery-R04,0.311,none,False,0.2464,False,none,0.65,56.884,12.682,69.566,False,0.22475,0.66667,0.35,0.65,0.65,0.48,0.18,False,0.075,False,0.055,False,0.52,8.0,Encryption: encrypted payloads; latency +8 ms; energy +0.045 mJ
EXP_20260511_163907_fcada4,1,46,46.0,18,physician,121.782,37.368,93.816,1.63,Radiology-R02,0.589,none,False,0.3092,False,none,0.65,59.516,18.382,77.898,False,0.22475,0.66667,0.35,0.65,0.65,0.48,0.18,False,0.075,False,0.055,False,0.52,8.0,Encryption: encrypted payloads; latency +8 ms; energy +0.045 mJ
EXP_20260511_163907_fcada4,1,46,46.0,19,nurse,103.398,37.556,94.361,0.818,Surgery-R11,0.4,none,False,0.2873,False,none,0.65,68.346,16.124,84.47,False,0.22475,0.66667,0.35,0.65,0.65,0.48,0.18,False,0.075,False,0.055,False,0.52,8.0,Encryption: encrypted payloads; latency +8 ms; energy +0.045 mJ
EXP_20260511_163907_fcada4,1,46,46.0,20,technician,105.064,37.171,93.719,1.056,Surgery-R10,0.309,none,False,0.2672,False,none,0.65,56.376,14.595,70.971,False,0.22475,0.66667,0.35,0.65,0.65,0.48,0.18,False,0.075,False,0.055,False,0.52,8.0,Encryption: encrypted payloads; latency +8 ms; energy +0.045 mJ
EXP_20260511_163907_fcada4,1,47,47.0,1,nurse,88.062,37.275,96.755,1.124,Pharmacy-R08,0.32,none,False,0.0891,False,none,0.65,53.209,13.381,66.59,False,0.22475,0.66667,0.35,0.65,0.65,0.48,0.18,False,0.075,False,0.055,False,0.52,8.0,Encryption: encrypted payloads; latency +8 ms; energy +0.045 mJ
EXP_20260511_163907_fcada4,1,47,47.0,2,porter,109.511,37.165,95.805,1.404,Pharmacy-R07,0.689,none,False,0.189,False,none,0.65,65.07,12.344,77.415,False,0.22475,0.66667,0.35,0.65,0.65,0.48,0.18,False,0.075,False,0.055,False,0.52,8.0,Encryption: encrypted payloads; latency +8 ms; energy +0.045 mJ
EXP_20260511_163907_fcada4,1,47,47.0,3,technician,101.503,37.401,93.913,1.659,Ward-A-R15,0.617,none,False,0.2388,False,none,0.65,63.961,13.088,77.049,False,0.22475,0.66667,0.35,0.65,0.65,0.48,0.18,False,0.075,False,0.055,False,0.52,8.0,Encryption: encrypted payloads; latency +8 ms; energy +0.045 mJ
EXP_20260511_163907_fcada4,1,47,47.0,4,porter,112.864,37.309,94.674,1.533,Surgery-R04,0.432,none,False,0.3026,False,none,0.65,54.92,16.291,71.211,False,0.22475,0.66667,0.35,0.65,0.65,0.48,0.18,False,0.075,False,0.055,False,0.52,8.0,Encryption: encrypted payloads; latency +8 ms; energy +0.045 mJ
EXP_20260511_163907_fcada4,1,47,47.0,5,technician,109.329,37.878,94.497,1.235,Emergency-R05,0.614,none,False,0.3506,False,none,0.65,62.487,15.388,77.876,False,0.22475,0.66667,0.35,0.65,0.65,0.48,0.18,False,0.075,False,0.055,False,0.52,8.0,Encryption: encrypted payloads; latency +8 ms; energy +0.045 mJ
EXP_20260511_163907_fcada4,1,47,47.0,6,porter,115.23,37.249,93.753,1.306,Emergency-R12,0.855,none,False,0.3493,False,none,0.65,64.854,17.239,82.093,False,0.22475,0.66667,0.35,0.65,0.65,0.48,0.18,False,0.075,False,0.055,False,0.52,8.0,Encryption: encrypted payloads; latency +8 ms; energy +0.045 mJ
EXP_20260511_163907_fcada4,1,47,47.0,7,porter,108.985,37.176,95.003,0.989,Radiology-R15,0.434,none,False,0.1895,False,none,0.65,59.936,15.12,75.055,False,0.22475,0.66667,0.35,0.65,0.65,0.48,0.18,False,0.075,False,0.055,False,0.52,8.0,Encryption: encrypted payloads; latency +8 ms; energy +0.045 mJ
EXP_20260511_163907_fcada4,1,47,47.0,8,porter,105.281,37.181,95.834,0.855,Emergency-R13,0.526,none,False,0.2324,False,none,0.65,57.172,17.149,74.321,False,0.22475,0.66667,0.35,0.65,0.65,0.48,0.18,False,0.075,False,0.055,False,0.52,8.0,Encryption: encrypted payloads; latency +8 ms; energy +0.045 mJ
EXP_20260511_163907_fcada4,1,47,47.0,9,technician,100.57,37.315,96.161,0.027,Ward-A-R12,0.331,none,False,0.1398,False,none,0.65,54.985,15.539,70.524,False,0.22475,0.66667,0.35,0.65,0.65,0.48,0.18,False,0.075,False,0.055,False,0.52,8.0,Encryption: encrypted payloads; latency +8 ms; energy +0.045 mJ
EXP_20260511_163907_fcada4,1,47,47.0,10,nurse,105.459,37.486,95.914,0.783,Pharmacy-R10,0.442,none,False,0.1834,False,none,0.65,40.06,13.321,53.381,False,0.22475,0.66667,0.35,0.65,0.65,0.48,0.18,False,0.075,False,0.055,False,0.52,8.0,Encryption: encrypted payloads; latency +8 ms; energy +0.045 mJ
EXP_20260511_163907_fcada4,1,47,47.0,11,cleaning_staff,106.622,37.101,93.546,0.925,Emergency-R13,0.474,none,False,0.2823,False,none,0.65,55.568,11.048,66.616,False,0.22475,0.66667,0.35,0.65,0.65,0.48,0.18,False,0.075,True,0.055,False,0.52,8.0,Encryption: encrypted payloads; latency +8 ms; energy +0.045 mJ
EXP_20260511_163907_fcada4,1,47,47.0,12,technician,103.338,37.39,95.725,0.827,Radiology-R02,0.483,none,False,0.1742,False,none,0.65,54.757,14.129,68.886,False,0.22475,0.66667,0.35,0.65,0.65,0.48,0.18,False,0.075,False,0.055,False,0.52,8.0,Encryption: encrypted payloads; latency +8 ms; energy +0.045 mJ
EXP_20260511_163907_fcada4,1,47,47.0,13,physician,102.165,37.038,95.735,1.586,ICU-R15,0.474,none,False,0.2185,False,none,0.65,60.755,15.565,76.321,False,0.22475,0.66667,0.35,0.65,0.65,0.48,0.18,False,0.075,False,0.055,False,0.52,8.0,Encryption: encrypted payloads; latency +8 ms; energy +0.045 mJ
EXP_20260511_163907_fcada4,1,47,47.0,14,technician,100.714,37.051,95.18,1.085,Radiology-R10,0.385,none,False,0.1397,False,none,0.65,49.813,12.878,62.69,False,0.22475,0.66667,0.35,0.65,0.65,0.48,0.18,False,0.075,False,0.055,False,0.52,8.0,Encryption: encrypted payloads; latency +8 ms; energy +0.045 mJ
EXP_20260511_163907_fcada4,1,47,47.0,15,physician,113.374,37.762,92.599,0.824,Ward-B-R11,0.208,high_fatigue,True,0.3028,False,none,0.65,38.278,15.881,54.16,False,0.22475,0.66667,0.35,0.65,0.65,0.48,0.18,False,0.075,False,0.055,False,0.52,8.0,Encryption: encrypted payloads; latency +8 ms; energy +0.045 mJ
EXP_20260511_163907_fcada4,1,47,47.0,16,physician,96.388,37.267,94.172,1.246,Radiology-R01,0.259,none,False,0.1596,False,none,0.65,49.941,17.805,67.746,False,0.22475,0.66667,0.35,0.65,0.65,0.48,0.18,False,0.075,False,0.055,False,0.52,8.0,Encryption: encrypted payloads; latency +8 ms; energy +0.045 mJ
EXP_20260511_163907_fcada4,1,47,47.0,17,porter,106.155,37.144,93.54,1.197,Surgery-R12,0.464,none,False,0.284,False,none,0.65,37.838,11.257,49.095,False,0.22475,0.66667,0.35,0.65,0.65,0.48,0.18,False,0.075,False,0.055,False,0.52,8.0,Encryption: encrypted payloads; latency +8 ms; energy +0.045 mJ
EXP_20260511_163907_fcada4,1,47,47.0,18,physician,122.821,37.36,93.55,1.418,Radiology-R06,0.633,none,False,0.3083,False,none,0.65,63.421,14.605,78.025,False,0.22475,0.66667,0.35,0.65,0.65,0.48,0.18,False,0.075,False,0.055,False,0.52,8.0,Encryption: encrypted payloads; latency +8 ms; energy +0.045 mJ
EXP_20260511_163907_fcada4,1,47,47.0,19,nurse,101.672,37.541,94.112,1.023,Surgery-R13,0.308,none,False,0.2792,False,none,0.65,62.698,14.195,76.893,False,0.22475,0.66667,0.35,0.65,0.65,0.48,0.18,False,0.075,False,0.055,False,0.52,8.0,Encryption: encrypted payloads; latency +8 ms; energy +0.045 mJ
EXP_20260511_163907_fcada4,1,47,47.0,20,technician,108.676,37.234,93.651,0.454,Surgery-R04,0.443,none,False,0.2974,False,none,0.65,57.385,15.628,73.013,False,0.22475,0.66667,0.35,0.65,0.65,0.48,0.18,False,0.075,False,0.055,False,0.52,8.0,Encryption: encrypted payloads; latency +8 ms; energy +0.045 mJ
EXP_20260511_163907_fcada4,1,48,48.0,1,nurse,89.244,37.306,96.547,1.863,Pharmacy-R08,0.337,none,False,0.1272,False,none,0.65,73.021,11.839,84.861,False,0.22475,0.66667,0.35,0.65,0.65,0.48,0.18,False,0.075,False,0.055,False,0.52,8.0,Encryption: encrypted payloads; latency +8 ms; energy +0.045 mJ
EXP_20260511_163907_fcada4,1,48,48.0,2,porter,107.979,37.109,96.049,1.704,Pharmacy-R04,0.624,none,False,0.1881,False,none,0.65,55.414,14.449,69.863,False,0.22475,0.66667,0.35,0.65,0.65,0.48,0.18,False,0.075,False,0.055,False,0.52,8.0,Encryption: encrypted payloads; latency +8 ms; energy +0.045 mJ
EXP_20260511_163907_fcada4,1,48,48.0,3,technician,108.519,36.639,98.652,2.193,Ward-A-R03,0.723,none,False,0.2184,False,none,0.65,49.579,15.972,65.551,False,0.22475,0.66667,0.35,0.65,0.65,0.48,0.18,False,0.075,False,0.055,True,0.52,8.0,Encryption: encrypted payloads; latency +8 ms; energy +0.045 mJ
EXP_20260511_163907_fcada4,1,48,48.0,4,porter,118.384,37.365,94.398,1.615,Surgery-R01,0.634,none,False,0.3543,False,none,0.65,39.493,15.763,55.257,False,0.22475,0.66667,0.35,0.65,0.65,0.48,0.18,False,0.075,False,0.055,False,0.52,8.0,Encryption: encrypted payloads; latency +8 ms; energy +0.045 mJ
EXP_20260511_163907_fcada4,1,48,48.0,5,technician,109.461,37.846,94.864,1.467,Emergency-R13,0.581,none,False,0.3411,False,none,0.65,45.801,13.766,59.567,False,0.22475,0.66667,0.35,0.65,0.65,0.48,0.18,False,0.075,False,0.055,False,0.52,8.0,Encryption: encrypted payloads; latency +8 ms; energy +0.045 mJ
EXP_20260511_163907_fcada4,1,48,48.0,6,porter,106.958,37.118,94.102,0.578,Emergency-R15,0.517,none,False,0.2746,False,none,0.65,55.506,14.64,70.146,False,0.22475,0.66667,0.35,0.65,0.65,0.48,0.18,False,0.075,False,0.055,False,0.52,8.0,Encryption: encrypted payloads; latency +8 ms; energy +0.045 mJ
EXP_20260511_163907_fcada4,1,48,48.0,7,porter,114.246,37.263,95.014,1.375,Radiology-R04,0.635,none,False,0.2308,False,none,0.65,63.72,16.836,80.556,False,0.22475,0.66667,0.35,0.65,0.65,0.48,0.18,False,0.075,False,0.055,False,0.52,8.0,Encryption: encrypted payloads; latency +8 ms; energy +0.045 mJ
EXP_20260511_163907_fcada4,1,48,48.0,8,porter,110.036,37.245,95.716,1.022,Emergency-R09,0.704,none,False,0.2713,False,none,0.65,53.765,12.863,66.628,False,0.22475,0.66667,0.35,0.65,0.65,0.48,0.18,False,0.075,False,0.055,False,0.52,8.0,Encryption: encrypted payloads; latency +8 ms; energy +0.045 mJ
EXP_20260511_163907_fcada4,1,48,48.0,9,technician,100.784,37.257,96.194,1.075,Ward-A-R03,0.342,none,False,0.1359,False,none,0.65,58.66,15.403,74.063,False,0.22475,0.66667,0.35,0.65,0.65,0.48,0.18,False,0.075,False,0.055,False,0.52,8.0,Encryption: encrypted payloads; latency +8 ms; energy +0.045 mJ
EXP_20260511_163907_fcada4,1,48,48.0,10,nurse,112.924,37.552,95.281,2.201,Pharmacy-R09,0.711,none,False,0.3029,False,none,0.65,51.255,16.025,67.28,False,0.22475,0.66667,0.35,0.65,0.65,0.48,0.18,False,0.075,False,0.055,False,0.52,8.0,Encryption: encrypted payloads; latency +8 ms; energy +0.045 mJ
EXP_20260511_163907_fcada4,1,48,48.0,11,cleaning_staff,100.441,36.986,93.567,1.066,Emergency-R08,0.252,none,False,0.2341,False,none,0.65,49.171,18.772,67.944,False,0.22475,0.66667,0.35,0.65,0.65,0.48,0.18,False,0.075,False,0.055,False,0.52,8.0,Encryption: encrypted payloads; latency +8 ms; energy +0.045 mJ
EXP_20260511_163907_fcada4,1,48,48.0,12,technician,104.81,37.448,95.631,1.151,Radiology-R01,0.508,none,False,0.1891,False,none,0.65,63.496,16.709,80.206,False,0.22475,0.66667,0.35,0.65,0.65,0.48,0.18,False,0.075,False,0.055,False,0.52,8.0,Encryption: encrypted payloads; latency +8 ms; energy +0.045 mJ
EXP_20260511_163907_fcada4,1,48,48.0,13,physician,101.662,36.985,95.418,1.22,ICU-R09,0.489,none,False,0.21,False,none,0.65,45.22,13.584,58.803,False,0.22475,0.66667,0.35,0.65,0.65,0.48,0.18,False,0.075,False,0.055,False,0.52,8.0,Encryption: encrypted payloads; latency +8 ms; energy +0.045 mJ
EXP_20260511_163907_fcada4,1,48,48.0,14,technician,105.395,37.121,94.953,1.693,Radiology-R15,0.559,none,False,0.2,False,none,0.65,49.8,13.884,63.683,False,0.22475,0.66667,0.35,0.65,0.65,0.48,0.18,False,0.075,False,0.055,False,0.52,8.0,Encryption: encrypted payloads; latency +8 ms; energy +0.045 mJ
EXP_20260511_163907_fcada4,1,48,48.0,15,physician,103.206,37.531,93.629,1.758,Emergency-R04,0.562,none,False,0.3365,False,none,0.65,52.787,11.774,64.561,False,0.22475,0.66667,0.35,0.65,0.65,0.48,0.18,False,0.075,False,0.055,False,0.52,8.0,Encryption: encrypted payloads; latency +8 ms; energy +0.045 mJ
EXP_20260511_163907_fcada4,1,48,48.0,16,physician,106.272,37.449,93.5,1.452,Ward-A-R03,0.655,none,False,0.2602,False,none,0.65,54.484,18.509,72.993,False,0.22475,0.66667,0.35,0.65,0.65,0.48,0.18,False,0.075,True,0.055,False,0.52,8.0,Encryption: encrypted payloads; latency +8 ms; energy +0.045 mJ
EXP_20260511_163907_fcada4,1,48,48.0,17,porter,111.821,37.194,93.649,1.673,Surgery-R15,0.685,none,False,0.3399,False,none,0.65,59.994,17.871,77.866,False,0.22475,0.66667,0.35,0.65,0.65,0.48,0.18,False,0.075,True,0.055,False,0.52,8.0,Encryption: encrypted payloads; latency +8 ms; energy +0.045 mJ
EXP_20260511_163907_fcada4,1,48,48.0,18,physician,119.539,37.376,93.771,1.288,Radiology-R09,0.497,none,False,0.2815,False,none,0.65,55.997,13.301,69.297,False,0.22475,0.66667,0.35,0.65,0.65,0.48,0.18,False,0.075,False,0.055,False,0.52,8.0,Encryption: encrypted payloads; latency +8 ms; energy +0.045 mJ
EXP_20260511_163907_fcada4,1,48,48.0,19,nurse,105.186,37.579,94.0,1.302,Surgery-R07,0.483,none,False,0.3107,False,none,0.65,55.508,11.95,67.457,False,0.22475,0.66667,0.35,0.65,0.65,0.48,0.18,False,0.075,False,0.055,False,0.52,8.0,Encryption: encrypted payloads; latency +8 ms; energy +0.045 mJ
EXP_20260511_163907_fcada4,1,48,48.0,20,technician,110.922,37.337,93.363,1.002,Surgery-R12,0.527,none,False,0.3282,False,none,0.65,45.047,13.277,58.324,False,0.22475,0.66667,0.35,0.65,0.65,0.48,0.18,False,0.075,False,0.055,False,0.52,8.0,Encryption: encrypted payloads; latency +8 ms; energy +0.045 mJ
EXP_20260511_163907_fcada4,1,49,49.0,1,nurse,86.964,37.254,96.461,1.171,Radiology-R15,0.249,none,False,0.0782,False,none,0.65,55.522,16.956,72.477,False,0.22475,0.66667,0.35,0.65,0.65,0.48,0.18,False,0.075,False,0.055,False,0.52,8.0,Encryption: encrypted payloads; latency +8 ms; energy +0.045 mJ
EXP_20260511_163907_fcada4,1,49,49.0,2,porter,109.221,37.192,95.822,1.06,Pharmacy-R08,0.7,none,False,0.1905,False,none,0.65,48.475,16.143,64.618,False,0.22475,0.66667,0.35,0.65,0.65,0.48,0.18,False,0.075,False,0.055,False,0.52,8.0,Encryption: encrypted payloads; latency +8 ms; energy +0.045 mJ
EXP_20260511_163907_fcada4,1,49,49.0,3,technician,103.93,37.497,94.015,2.219,Ward-A-R07,0.694,none,False,0.2955,False,none,0.65,54.929,7.024,61.953,False,0.22475,0.66667,0.35,0.65,0.65,0.48,0.18,False,0.075,False,0.055,False,0.52,8.0,Encryption: encrypted payloads; latency +8 ms; energy +0.045 mJ
EXP_20260511_163907_fcada4,1,49,49.0,4,porter,115.98,37.333,94.504,1.298,Surgery-R08,0.512,none,False,0.3176,False,none,0.65,60.04,14.574,74.615,False,0.22475,0.66667,0.35,0.65,0.65,0.48,0.18,False,0.075,False,0.055,False,0.52,8.0,Encryption: encrypted payloads; latency +8 ms; energy +0.045 mJ
EXP_20260511_163907_fcada4,1,49,49.0,5,technician,107.38,37.805,94.977,1.889,Emergency-R04,0.479,none,False,0.3469,False,none,0.65,50.13,14.267,64.397,False,0.22475,0.66667,0.35,0.65,0.65,0.48,0.18,False,0.075,True,0.055,False,0.52,8.0,Encryption: encrypted payloads; latency +8 ms; energy +0.045 mJ
EXP_20260511_163907_fcada4,1,49,49.0,6,porter,109.622,37.217,93.969,1.343,Emergency-R06,0.63,none,False,0.3048,False,none,0.65,59.955,16.794,76.75,False,0.22475,0.66667,0.35,0.65,0.65,0.48,0.18,False,0.075,False,0.055,False,0.52,8.0,Encryption: encrypted payloads; latency +8 ms; energy +0.045 mJ
EXP_20260511_163907_fcada4,1,49,49.0,7,porter,121.337,37.351,94.925,1.303,Radiology-R14,0.943,none,False,0.2889,False,none,0.65,53.538,16.487,70.025,False,0.22475,0.66667,0.35,0.65,0.65,0.48,0.18,False,0.075,False,0.055,False,0.52,8.0,Encryption: encrypted payloads; latency +8 ms; energy +0.045 mJ
EXP_20260511_163907_fcada4,1,49,49.0,8,porter,107.83,37.24,95.637,1.652,Emergency-R12,0.629,none,False,0.2756,False,none,0.65,48.78,17.775,66.555,False,0.22475,0.66667,0.35,0.65,0.65,0.48,0.18,False,0.075,False,0.055,False,0.52,8.0,Encryption: encrypted payloads; latency +8 ms; energy +0.045 mJ
EXP_20260511_163907_fcada4,1,49,49.0,9,technician,107.911,37.428,95.953,1.876,Ward-A-R12,0.643,none,False,0.2309,False,none,0.65,53.989,14.028,68.017,False,0.22475,0.66667,0.35,0.65,0.65,0.48,0.18,False,0.075,False,0.055,False,0.52,8.0,Encryption: encrypted payloads; latency +8 ms; energy +0.045 mJ
EXP_20260511_163907_fcada4,1,49,49.0,10,nurse,107.357,37.531,95.625,1.144,Pharmacy-R07,0.498,none,False,0.2056,False,none,0.65,63.172,16.233,79.405,False,0.22475,0.66667,0.35,0.65,0.65,0.48,0.18,False,0.075,False,0.055,False,0.52,8.0,Encryption: encrypted payloads; latency +8 ms; energy +0.045 mJ
EXP_20260511_163907_fcada4,1,49,49.0,11,cleaning_staff,102.354,37.041,93.588,0.619,Emergency-R09,0.289,none,False,0.247,False,none,0.65,59.679,15.442,75.121,False,0.22475,0.66667,0.35,0.65,0.65,0.48,0.18,False,0.075,False,0.055,False,0.52,8.0,Encryption: encrypted payloads; latency +8 ms; energy +0.045 mJ
EXP_20260511_163907_fcada4,1,49,49.0,12,technician,104.472,37.401,95.49,1.545,Radiology-R10,0.481,none,False,0.1943,False,none,0.65,52.115,14.914,67.029,False,0.22475,0.66667,0.35,0.65,0.65,0.48,0.18,False,0.075,False,0.055,False,0.52,8.0,Encryption: encrypted payloads; latency +8 ms; energy +0.045 mJ
EXP_20260511_163907_fcada4,1,49,49.0,13,physician,106.92,37.115,95.529,1.563,ICU-R08,0.626,none,False,0.2574,False,none,0.65,44.262,7.911,52.173,False,0.22475,0.66667,0.35,0.65,0.65,0.48,0.18,False,0.075,False,0.055,False,0.52,8.0,Encryption: encrypted payloads; latency +8 ms; energy +0.045 mJ
EXP_20260511_163907_fcada4,1,49,49.0,14,technician,108.036,37.175,95.008,1.433,Radiology-R06,0.647,none,False,0.2029,False,none,0.65,54.444,17.295,71.739,False,0.22475,0.66667,0.35,0.65,0.65,0.48,0.18,False,0.075,True,0.055,False,0.52,8.0,Encryption: encrypted payloads; latency +8 ms; energy +0.045 mJ
EXP_20260511_163907_fcada4,1,49,49.0,15,physician,96.325,37.447,93.793,0.57,Radiology-R01,0.278,none,False,0.1865,False,none,0.65,63.603,13.588,77.191,False,0.22475,0.66667,0.35,0.65,0.65,0.48,0.18,False,0.075,False,0.055,False,0.52,8.0,Encryption: encrypted payloads; latency +8 ms; energy +0.045 mJ
EXP_20260511_163907_fcada4,1,49,49.0,16,physician,106.836,37.416,93.785,1.837,Radiology-R14,0.676,none,False,0.2786,False,none,0.65,55.219,14.512,69.731,False,0.22475,0.66667,0.35,0.65,0.65,0.48,0.18,False,0.075,False,0.055,False,0.52,8.0,Encryption: encrypted payloads; latency +8 ms; energy +0.045 mJ
EXP_20260511_163907_fcada4,1,49,49.0,17,porter,110.978,37.238,93.438,1.776,Surgery-R03,0.622,none,False,0.3483,False,none,0.65,67.31,16.349,83.659,False,0.22475,0.66667,0.35,0.65,0.65,0.48,0.18,False,0.075,False,0.055,False,0.52,8.0,Encryption: encrypted payloads; latency +8 ms; energy +0.045 mJ
EXP_20260511_163907_fcada4,1,49,49.0,18,physician,118.48,37.33,93.503,0.775,Radiology-R03,0.447,none,False,0.2764,False,none,0.65,65.158,16.093,81.251,False,0.22475,0.66667,0.35,0.65,0.65,0.48,0.18,False,0.075,False,0.055,False,0.52,8.0,Encryption: encrypted payloads; latency +8 ms; energy +0.045 mJ
EXP_20260511_163907_fcada4,1,49,49.0,19,nurse,103.27,37.589,94.143,0.88,Surgery-R11,0.406,none,False,0.2956,False,none,0.65,59.094,13.4,72.495,False,0.22475,0.66667,0.35,0.65,0.65,0.48,0.18,False,0.075,False,0.055,False,0.52,8.0,Encryption: encrypted payloads; latency +8 ms; energy +0.045 mJ
EXP_20260511_163907_fcada4,1,49,49.0,20,technician,104.431,37.196,93.601,1.457,Surgery-R01,0.246,none,False,0.2694,False,none,0.65,65.92,17.359,83.278,False,0.22475,0.66667,0.35,0.65,0.65,0.48,0.18,False,0.075,False,0.055,False,0.52,8.0,Encryption: encrypted payloads; latency +8 ms; energy +0.045 mJ
EXP_20260511_163907_fcada4,1,50,50.0,1,nurse,81.107,37.201,96.489,1.473,Pharmacy-R09,0.05,none,False,0.0567,False,none,0.65,66.024,15.816,81.84,False,0.22475,0.66667,0.35,0.65,0.65,0.48,0.18,False,0.075,False,0.055,False,0.52,8.0,Encryption: encrypted payloads; latency +8 ms; energy +0.045 mJ
EXP_20260511_163907_fcada4,1,50,50.0,2,porter,110.899,37.173,95.917,1.629,Pharmacy-R02,0.723,none,False,0.2089,False,none,0.65,57.747,13.959,71.706,False,0.22475,0.66667,0.35,0.65,0.65,0.48,0.18,False,0.075,False,0.055,False,0.52,8.0,Encryption: encrypted payloads; latency +8 ms; energy +0.045 mJ
EXP_20260511_163907_fcada4,1,50,50.0,3,technician,104.812,37.484,94.067,1.276,Ward-A-R12,0.71,none,False,0.2448,False,none,0.65,51.923,15.403,67.326,False,0.22475,0.66667,0.35,0.65,0.65,0.48,0.18,False,0.075,False,0.055,False,0.52,8.0,Encryption: encrypted payloads; latency +8 ms; energy +0.045 mJ
EXP_20260511_163907_fcada4,1,50,50.0,4,porter,119.64,37.391,94.187,1.217,Surgery-R03,0.606,none,False,0.3508,False,none,0.65,43.739,11.901,55.64,False,0.22475,0.66667,0.35,0.65,0.65,0.48,0.18,False,0.075,False,0.055,False,0.52,8.0,Encryption: encrypted payloads; latency +8 ms; energy +0.045 mJ
EXP_20260511_163907_fcada4,1,50,50.0,5,technician,107.568,38.012,92.478,0.893,Emergency-R14,0.346,high_fatigue,True,0.387,False,none,0.65,58.639,14.826,73.465,False,0.22475,0.66667,0.35,0.65,0.65,0.48,0.18,False,0.075,False,0.055,False,0.52,8.0,Encryption: encrypted payloads; latency +8 ms; energy +0.045 mJ
EXP_20260511_163907_fcada4,1,50,50.0,6,porter,111.683,37.232,93.967,2.125,Emergency-R04,0.679,none,False,0.3638,False,none,0.65,48.516,14.062,62.577,False,0.22475,0.66667,0.35,0.65,0.65,0.48,0.18,False,0.075,False,0.055,False,0.52,8.0,Encryption: encrypted payloads; latency +8 ms; energy +0.045 mJ
EXP_20260511_163907_fcada4,1,50,50.0,7,porter,105.68,37.116,95.218,1.721,Radiology-R11,0.299,none,False,0.1777,False,none,0.65,48.172,16.843,65.015,False,0.22475,0.66667,0.35,0.65,0.65,0.48,0.18,False,0.075,False,0.055,False,0.52,8.0,Encryption: encrypted payloads; latency +8 ms; energy +0.045 mJ
EXP_20260511_163907_fcada4,1,50,50.0,8,porter,110.588,37.246,95.71,1.943,Emergency-R14,0.728,none,False,0.3102,False,none,0.65,67.298,15.726,83.025,False,0.22475,0.66667,0.35,0.65,0.65,0.48,0.18,False,0.075,False,0.055,False,0.52,8.0,Encryption: encrypted payloads; latency +8 ms; energy +0.045 mJ
EXP_20260511_163907_fcada4,1,50,50.0,9,technician,96.113,37.212,96.165,1.326,Ward-A-R06,0.185,none,False,0.1036,False,none,0.65,57.633,15.596,73.229,False,0.22475,0.66667,0.35,0.65,0.65,0.48,0.18,False,0.075,False,0.055,False,0.52,8.0,Encryption: encrypted payloads; latency +8 ms; energy +0.045 mJ
EXP_20260511_163907_fcada4,1,50,50.0,10,nurse,111.486,37.576,95.44,1.996,Pharmacy-R14,0.63,none,False,0.2771,False,none,0.65,54.936,15.944,70.88,False,0.22475,0.66667,0.35,0.65,0.65,0.48,0.18,False,0.075,False,0.055,False,0.52,8.0,Encryption: encrypted payloads; latency +8 ms; energy +0.045 mJ
EXP_20260511_163907_fcada4,1,50,50.0,11,cleaning_staff,118.434,38.683,92.952,1.257,Emergency-R10,0.36,heat_stress,True,0.4785,False,none,0.65,67.901,16.278,84.179,False,0.22475,0.66667,0.35,0.65,0.65,0.48,0.18,False,0.075,False,0.055,False,0.52,8.0,Encryption: encrypted payloads; latency +8 ms; energy +0.045 mJ
EXP_20260511_163907_fcada4,1,50,50.0,12,technician,103.417,37.362,95.352,1.456,Radiology-R07,0.416,none,False,0.18,False,none,0.65,41.222,8.35,49.573,False,0.22475,0.66667,0.35,0.65,0.65,0.48,0.18,False,0.075,False,0.055,False,0.52,8.0,Encryption: encrypted payloads; latency +8 ms; energy +0.045 mJ
EXP_20260511_163907_fcada4,1,50,50.0,13,physician,97.744,36.955,95.492,0.865,ICU-R10,0.235,none,False,0.1759,False,none,0.65,53.98,14.522,68.503,False,0.22475,0.66667,0.35,0.65,0.65,0.48,0.18,False,0.075,False,0.055,False,0.52,8.0,Encryption: encrypted payloads; latency +8 ms; energy +0.045 mJ
EXP_20260511_163907_fcada4,1,50,50.0,14,technician,108.384,37.146,95.245,1.398,Radiology-R08,0.646,none,False,0.1934,False,none,0.65,50.498,16.683,67.18,False,0.22475,0.66667,0.35,0.65,0.65,0.48,0.18,False,0.075,False,0.055,False,0.52,8.0,Encryption: encrypted payloads; latency +8 ms; energy +0.045 mJ
EXP_20260511_163907_fcada4,1,50,50.0,15,physician,98.147,37.479,93.737,0.752,ICU-R13,0.347,none,False,0.2724,False,none,0.65,50.695,17.312,68.008,False,0.22475,0.66667,0.35,0.65,0.65,0.48,0.18,False,0.075,False,0.055,False,0.52,8.0,Encryption: encrypted payloads; latency +8 ms; energy +0.045 mJ
EXP_20260511_163907_fcada4,1,50,50.0,16,physician,102.617,37.373,93.754,1.543,Pharmacy-R05,0.493,none,False,0.228,False,none,0.65,50.278,16.152,66.43,False,0.22475,0.66667,0.35,0.65,0.65,0.48,0.18,False,0.075,False,0.055,False,0.52,8.0,Encryption: encrypted payloads; latency +8 ms; energy +0.045 mJ
EXP_20260511_163907_fcada4,1,50,50.0,17,porter,113.218,37.745,90.771,0.939,Surgery-R02,0.294,high_fatigue,True,0.4214,False,none,0.65,68.489,17.587,86.076,False,0.22475,0.66667,0.35,0.65,0.65,0.48,0.18,False,0.075,False,0.055,False,0.52,8.0,Encryption: encrypted payloads; latency +8 ms; energy +0.045 mJ
EXP_20260511_163907_fcada4,1,50,50.0,18,physician,130.352,37.517,93.396,1.679,Radiology-R05,0.875,none,False,0.388,False,none,0.65,61.999,13.006,75.005,False,0.22475,0.66667,0.35,0.65,0.65,0.48,0.18,False,0.075,False,0.055,False,0.52,8.0,Encryption: encrypted payloads; latency +8 ms; energy +0.045 mJ
EXP_20260511_163907_fcada4,1,50,50.0,19,nurse,104.437,37.644,93.987,0.993,Surgery-R02,0.448,none,False,0.3118,False,none,0.65,47.429,18.389,65.818,False,0.22475,0.66667,0.35,0.65,0.65,0.48,0.18,False,0.075,False,0.055,False,0.52,8.0,Encryption: encrypted payloads; latency +8 ms; energy +0.045 mJ
EXP_20260511_163907_fcada4,1,50,50.0,20,technician,105.497,37.196,93.664,0.575,Surgery-R10,0.271,none,False,0.2698,False,none,0.65,49.105,15.344,64.449,False,0.22475,0.66667,0.35,0.65,0.65,0.48,0.18,False,0.075,False,0.055,False,0.52,8.0,Encryption: encrypted payloads; latency +8 ms; energy +0.045 mJ
EXP_20260511_163907_fcada4,1,51,51.0,1,nurse,83.263,37.252,96.616,0.37,Pharmacy-R01,0.132,none,False,0.0625,False,none,0.65,36.878,15.357,52.235,False,0.22475,0.66667,0.35,0.65,0.65,0.48,0.18,False,0.075,False,0.055,False,0.52,8.0,Encryption: encrypted payloads; latency +8 ms; energy +0.045 mJ
EXP_20260511_163907_fcada4,1,51,51.0,2,porter,107.983,37.121,95.675,2.03,Pharmacy-R15,0.595,none,False,0.2161,False,none,0.65,72.093,15.329,87.422,False,0.22475,0.66667,0.35,0.65,0.65,0.48,0.18,False,0.075,False,0.055,False,0.52,8.0,Encryption: encrypted payloads; latency +8 ms; energy +0.045 mJ
EXP_20260511_163907_fcada4,1,51,51.0,3,technician,106.059,37.481,93.845,2.041,Ward-A-R15,0.756,none,False,0.299,False,none,0.65,48.527,11.255,59.782,False,0.22475,0.66667,0.35,0.65,0.65,0.48,0.18,False,0.075,False,0.055,False,0.52,8.0,Encryption: encrypted payloads; latency +8 ms; energy +0.045 mJ
EXP_20260511_163907_fcada4,1,51,51.0,4,porter,121.572,37.413,94.222,1.826,Surgery-R10,0.675,none,False,0.3913,False,none,0.65,54.131,17.462,71.593,False,0.22475,0.66667,0.35,0.65,0.65,0.48,0.18,False,0.075,False,0.055,False,0.52,8.0,Encryption: encrypted payloads; latency +8 ms; energy +0.045 mJ
EXP_20260511_163907_fcada4,1,51,51.0,5,technician,115.408,37.955,94.44,1.582,Pharmacy-R09,0.78,none,False,0.3349,False,none,0.65,50.09,13.411,63.501,False,0.22475,0.66667,0.35,0.65,0.65,0.48,0.18,False,0.075,False,0.055,False,0.52,8.0,Encryption: encrypted payloads; latency +8 ms; energy +0.045 mJ
EXP_20260511_163907_fcada4,1,51,51.0,6,porter,113.771,37.221,93.738,1.635,Emergency-R07,0.751,none,False,0.3496,False,none,0.65,67.366,15.617,82.983,False,0.22475,0.66667,0.35,0.65,0.65,0.48,0.18,False,0.075,False,0.055,False,0.52,8.0,Encryption: encrypted payloads; latency +8 ms; energy +0.045 mJ
EXP_20260511_163907_fcada4,1,51,51.0,7,porter,117.646,37.308,94.898,1.255,Laboratory-R10,0.755,none,False,0.2588,False,none,0.65,51.701,16.816,68.517,False,0.22475,0.66667,0.35,0.65,0.65,0.48,0.18,False,0.075,False,0.055,False,0.52,8.0,Encryption: encrypted payloads; latency +8 ms; energy +0.045 mJ
EXP_20260511_163907_fcada4,1,51,51.0,8,porter,115.536,37.336,95.514,2.274,Emergency-R03,0.925,none,False,0.3766,False,none,0.65,53.411,11.754,65.165,False,0.22475,0.66667,0.35,0.65,0.65,0.48,0.18,False,0.075,False,0.055,False,0.52,8.0,Encryption: encrypted payloads; latency +8 ms; energy +0.045 mJ
EXP_20260511_163907_fcada4,1,51,51.0,9,technician,102.975,37.382,96.256,0.848,Ward-A-R12,0.433,none,False,0.162,False,none,0.65,54.052,10.658,64.71,False,0.22475,0.66667,0.35,0.65,0.65,0.48,0.18,False,0.075,False,0.055,False,0.52,8.0,Encryption: encrypted payloads; latency +8 ms; energy +0.045 mJ
EXP_20260511_163907_fcada4,1,51,51.0,10,nurse,116.114,37.623,95.351,1.453,Pharmacy-R04,0.83,none,False,0.2798,False,none,0.65,59.853,15.073,74.926,False,0.22475,0.66667,0.35,0.65,0.65,0.48,0.18,False,0.075,False,0.055,False,0.52,8.0,Encryption: encrypted payloads; latency +8 ms; energy +0.045 mJ
EXP_20260511_163907_fcada4,1,51,51.0,11,cleaning_staff,105.191,37.046,93.613,1.678,Emergency-R09,0.406,none,False,0.2834,False,none,0.65,61.228,18.927,80.155,False,0.22475,0.66667,0.35,0.65,0.65,0.48,0.18,False,0.075,False,0.055,False,0.52,8.0,Encryption: encrypted payloads; latency +8 ms; energy +0.045 mJ
EXP_20260511_163907_fcada4,1,51,51.0,12,technician,108.004,37.521,95.252,1.464,Radiology-R01,0.594,none,False,0.227,False,none,0.65,47.971,14.714,62.685,False,0.22475,0.66667,0.35,0.65,0.65,0.48,0.18,False,0.075,False,0.055,False,0.52,8.0,Encryption: encrypted payloads; latency +8 ms; energy +0.045 mJ
EXP_20260511_163907_fcada4,1,51,51.0,13,physician,96.485,36.945,95.509,0.42,ICU-R01,0.21,none,False,0.1691,False,none,0.65,49.437,16.984,66.421,False,0.22475,0.66667,0.35,0.65,0.65,0.48,0.18,False,0.075,False,0.055,False,0.52,8.0,Encryption: encrypted payloads; latency +8 ms; energy +0.045 mJ
EXP_20260511_163907_fcada4,1,51,51.0,14,technician,105.389,37.17,94.825,0.827,Radiology-R08,0.552,none,False,0.1883,False,none,0.65,49.72,14.561,64.281,False,0.22475,0.66667,0.35,0.65,0.65,0.48,0.18,False,0.075,False,0.055,False,0.52,8.0,Encryption: encrypted payloads; latency +8 ms; energy +0.045 mJ
EXP_20260511_163907_fcada4,1,51,51.0,15,physician,122.272,37.535,93.183,4.897,ICU-R04,0.618,fall,True,0.5791,False,none,0.65,61.222,18.237,79.459,False,0.22475,0.66667,0.35,0.65,0.65,0.48,0.18,False,0.075,False,0.055,False,0.52,8.0,Encryption: encrypted payloads; latency +8 ms; energy +0.045 mJ
EXP_20260511_163907_fcada4,1,51,51.0,16,physician,108.818,37.447,93.632,1.838,Radiology-R06,0.722,none,False,0.2958,False,none,0.65,59.948,17.492,77.44,False,0.22475,0.66667,0.35,0.65,0.65,0.48,0.18,False,0.075,False,0.055,False,0.52,8.0,Encryption: encrypted payloads; latency +8 ms; energy +0.045 mJ
EXP_20260511_163907_fcada4,1,51,51.0,17,porter,107.49,37.163,93.589,0.96,Surgery-R12,0.474,none,False,0.2902,False,none,0.65,44.002,17.984,61.986,False,0.22475,0.66667,0.35,0.65,0.65,0.48,0.18,False,0.075,False,0.055,False,0.52,8.0,Encryption: encrypted payloads; latency +8 ms; energy +0.045 mJ
EXP_20260511_163907_fcada4,1,51,51.0,18,physician,120.388,37.43,93.496,0.974,Radiology-R04,0.531,none,False,0.2988,False,none,0.65,42.597,14.027,56.624,False,0.22475,0.66667,0.35,0.65,0.65,0.48,0.18,False,0.075,False,0.055,False,0.52,8.0,Encryption: encrypted payloads; latency +8 ms; energy +0.045 mJ
EXP_20260511_163907_fcada4,1,51,51.0,19,nurse,102.701,37.576,93.961,1.095,Surgery-R15,0.382,none,False,0.2951,False,none,0.65,48.241,12.745,60.986,False,0.22475,0.66667,0.35,0.65,0.65,0.48,0.18,False,0.075,False,0.055,False,0.52,8.0,Encryption: encrypted payloads; latency +8 ms; energy +0.045 mJ
EXP_20260511_163907_fcada4,1,51,51.0,20,technician,108.479,37.305,93.451,1.112,Surgery-R09,0.378,none,False,0.3036,False,none,0.65,62.852,17.235,80.086,False,0.22475,0.66667,0.35,0.65,0.65,0.48,0.18,False,0.075,False,0.055,False,0.52,8.0,Encryption: encrypted payloads; latency +8 ms; energy +0.045 mJ
EXP_20260511_163907_fcada4,1,52,52.0,1,nurse,89.108,37.279,96.542,1.252,Pharmacy-R15,0.3,none,False,0.092,False,none,0.65,59.536,15.104,74.64,False,0.22475,0.66667,0.35,0.65,0.65,0.48,0.18,False,0.075,False,0.055,False,0.52,8.0,Encryption: encrypted payloads; latency +8 ms; energy +0.045 mJ
EXP_20260511_163907_fcada4,1,52,52.0,2,porter,109.267,37.166,96.06,1.623,Ward-A-R15,0.644,none,False,0.1944,False,none,0.65,53.238,11.2,64.439,False,0.22475,0.66667,0.35,0.65,0.65,0.48,0.18,False,0.075,False,0.055,False,0.52,8.0,Encryption: encrypted payloads; latency +8 ms; energy +0.045 mJ
EXP_20260511_163907_fcada4,1,52,52.0,3,technician,104.932,37.497,93.813,2.015,Ward-A-R04,0.7,none,False,0.2914,False,none,0.65,58.857,18.362,77.218,False,0.22475,0.66667,0.35,0.65,0.65,0.48,0.18,False,0.075,False,0.055,False,0.52,8.0,Encryption: encrypted payloads; latency +8 ms; energy +0.045 mJ
EXP_20260511_163907_fcada4,1,52,52.0,4,porter,137.94,37.997,94.828,0.042,Surgery-R02,0.415,none,False,0.4452,False,none,0.65,48.787,18.389,67.177,False,0.22475,0.66667,0.35,0.65,0.65,0.48,0.18,False,0.075,False,0.055,True,0.52,8.0,Encryption: encrypted payloads; latency +8 ms; energy +0.045 mJ
EXP_20260511_163907_fcada4,1,52,52.0,5,technician,103.779,37.802,94.588,1.679,Emergency-R10,0.363,none,False,0.3212,False,none,0.65,63.876,15.291,79.167,False,0.22475,0.66667,0.35,0.65,0.65,0.48,0.18,False,0.075,True,0.055,False,0.52,8.0,Encryption: encrypted payloads; latency +8 ms; energy +0.045 mJ
EXP_20260511_163907_fcada4,1,52,52.0,6,porter,112.523,37.282,93.676,1.381,Emergency-R13,0.707,none,False,0.334,False,none,0.65,44.076,14.401,58.477,False,0.22475,0.66667,0.35,0.65,0.65,0.48,0.18,False,0.075,False,0.055,False,0.52,8.0,Encryption: encrypted payloads; latency +8 ms; energy +0.045 mJ
EXP_20260511_163907_fcada4,1,52,52.0,7,porter,112.207,37.22,95.159,1.025,Radiology-R13,0.535,none,False,0.2088,False,none,0.65,40.463,15.483,55.946,False,0.22475,0.66667,0.35,0.65,0.65,0.48,0.18,False,0.075,False,0.055,False,0.52,8.0,Encryption: encrypted payloads; latency +8 ms; energy +0.045 mJ
EXP_20260511_163907_fcada4,1,52,52.0,8,porter,110.542,37.28,95.751,1.766,ICU-R05,0.732,none,False,0.301,False,none,0.65,45.88,14.287,60.166,False,0.22475,0.66667,0.35,0.65,0.65,0.48,0.18,False,0.075,False,0.055,False,0.52,8.0,Encryption: encrypted payloads; latency +8 ms; energy +0.045 mJ
EXP_20260511_163907_fcada4,1,52,52.0,9,technician,104.366,37.333,96.13,1.347,Ward-A-R12,0.486,none,False,0.1662,False,none,0.65,70.454,15.699,86.153,False,0.22475,0.66667,0.35,0.65,0.65,0.48,0.18,False,0.075,False,0.055,False,0.52,8.0,Encryption: encrypted payloads; latency +8 ms; energy +0.045 mJ
EXP_20260511_163907_fcada4,1,52,52.0,10,nurse,112.698,37.567,95.252,1.173,Pharmacy-R06,0.64,none,False,0.2477,False,none,0.65,56.951,17.843,74.795,False,0.22475,0.66667,0.35,0.65,0.65,0.48,0.18,False,0.075,False,0.055,False,0.52,8.0,Encryption: encrypted payloads; latency +8 ms; energy +0.045 mJ
EXP_20260511_163907_fcada4,1,52,52.0,11,cleaning_staff,121.809,37.084,91.882,3.903,Radiology-R06,0.421,fall,True,0.4647,False,none,0.65,54.053,14.383,68.437,False,0.22475,0.66667,0.35,0.65,0.65,0.48,0.18,False,0.075,False,0.055,False,0.52,8.0,Encryption: encrypted payloads; latency +8 ms; energy +0.045 mJ
EXP_20260511_163907_fcada4,1,52,52.0,12,technician,111.415,37.57,95.173,2.258,Radiology-R08,0.72,none,False,0.306,False,none,0.65,60.1,11.657,71.756,False,0.22475,0.66667,0.35,0.65,0.65,0.48,0.18,False,0.075,False,0.055,False,0.52,8.0,Encryption: encrypted payloads; latency +8 ms; energy +0.045 mJ
EXP_20260511_163907_fcada4,1,52,52.0,13,physician,104.415,37.081,95.219,0.964,ICU-R15,0.491,none,False,0.2326,False,none,0.65,66.495,16.858,83.354,False,0.22475,0.66667,0.35,0.65,0.65,0.48,0.18,False,0.075,False,0.055,False,0.52,8.0,Encryption: encrypted payloads; latency +8 ms; energy +0.045 mJ
EXP_20260511_163907_fcada4,1,52,52.0,14,technician,106.639,37.162,95.018,1.677,Radiology-R07,0.561,none,False,0.2059,False,none,0.65,54.877,19.61,74.487,False,0.22475,0.66667,0.35,0.65,0.65,0.48,0.18,False,0.075,False,0.055,False,0.52,8.0,Encryption: encrypted payloads; latency +8 ms; energy +0.045 mJ
EXP_20260511_163907_fcada4,1,52,52.0,15,physician,107.664,37.587,93.624,1.224,Surgery-R11,0.683,none,False,0.3438,False,none,0.65,58.966,19.36,78.326,False,0.22475,0.66667,0.35,0.65,0.65,0.48,0.18,False,0.075,False,0.055,False,0.52,8.0,Encryption: encrypted payloads; latency +8 ms; energy +0.045 mJ
EXP_20260511_163907_fcada4,1,52,52.0,16,physician,107.095,37.421,93.557,0.901,Radiology-R07,0.675,none,False,0.2574,False,none,0.65,45.622,15.391,61.013,False,0.22475,0.66667,0.35,0.65,0.65,0.48,0.18,False,0.075,False,0.055,False,0.52,8.0,Encryption: encrypted payloads; latency +8 ms; energy +0.045 mJ
EXP_20260511_163907_fcada4,1,52,52.0,17,porter,105.344,37.166,93.405,1.012,Surgery-R11,0.386,none,False,0.2809,False,none,0.65,59.596,12.66,72.256,False,0.22475,0.66667,0.35,0.65,0.65,0.48,0.18,False,0.075,False,0.055,False,0.52,8.0,Encryption: encrypted payloads; latency +8 ms; energy +0.045 mJ
EXP_20260511_163907_fcada4,1,52,52.0,18,physician,122.969,37.402,93.702,1.299,Radiology-R01,0.589,none,False,0.3047,False,none,0.65,42.507,16.762,59.269,False,0.22475,0.66667,0.35,0.65,0.65,0.48,0.18,False,0.075,False,0.055,False,0.52,8.0,Encryption: encrypted payloads; latency +8 ms; energy +0.045 mJ
EXP_20260511_163907_fcada4,1,52,52.0,19,nurse,126.103,38.272,92.32,2.009,Surgery-R06,0.618,high_fatigue,True,0.5416,False,none,0.65,50.021,16.412,66.433,False,0.22475,0.66667,0.35,0.65,0.65,0.48,0.18,False,0.075,False,0.055,False,0.52,8.0,Encryption: encrypted payloads; latency +8 ms; energy +0.045 mJ
EXP_20260511_163907_fcada4,1,52,52.0,20,technician,107.149,37.29,93.4,1.031,Ward-B-R02,0.319,none,False,0.2244,False,none,0.65,43.548,15.618,59.166,False,0.22475,0.66667,0.35,0.65,0.65,0.48,0.18,False,0.075,False,0.055,False,0.52,8.0,Encryption: encrypted payloads; latency +8 ms; energy +0.045 mJ
EXP_20260511_163907_fcada4,1,53,53.0,1,nurse,88.779,37.287,96.404,0.909,Pharmacy-R09,0.335,none,False,0.0939,False,none,0.65,50.929,12.24,63.169,False,0.22475,0.66667,0.35,0.65,0.65,0.48,0.18,False,0.075,False,0.055,False,0.52,8.0,Encryption: encrypted payloads; latency +8 ms; energy +0.045 mJ
EXP_20260511_163907_fcada4,1,53,53.0,2,porter,109.738,37.214,95.919,2.399,Pharmacy-R06,0.673,none,False,0.2544,False,none,0.65,48.421,19.387,67.808,False,0.22475,0.66667,0.35,0.65,0.65,0.48,0.18,False,0.075,False,0.055,False,0.52,8.0,Encryption: encrypted payloads; latency +8 ms; energy +0.045 mJ
EXP_20260511_163907_fcada4,1,53,53.0,3,technician,105.163,37.486,93.901,1.383,Ward-A-R13,0.716,none,False,0.2508,False,none,0.65,57.518,14.317,71.835,False,0.22475,0.66667,0.35,0.65,0.65,0.48,0.18,False,0.075,False,0.055,False,0.52,8.0,Encryption: encrypted payloads; latency +8 ms; energy +0.045 mJ
EXP_20260511_163907_fcada4,1,53,53.0,4,porter,117.934,37.387,94.233,1.279,Emergency-R14,0.525,none,False,0.3373,False,none,0.65,62.325,10.982,73.306,False,0.22475,0.66667,0.35,0.65,0.65,0.48,0.18,False,0.075,False,0.055,False,0.52,8.0,Encryption: encrypted payloads; latency +8 ms; energy +0.045 mJ
EXP_20260511_163907_fcada4,1,53,53.0,5,technician,102.609,37.755,94.629,0.64,Emergency-R11,0.283,none,False,0.2881,False,none,0.65,55.267,16.44,71.707,False,0.22475,0.66667,0.35,0.65,0.65,0.48,0.18,False,0.075,False,0.055,False,0.52,8.0,Encryption: encrypted payloads; latency +8 ms; energy +0.045 mJ
EXP_20260511_163907_fcada4,1,53,53.0,6,porter,105.912,37.182,93.798,1.601,Emergency-R02,0.447,none,False,0.292,False,none,0.65,56.717,17.698,74.415,False,0.22475,0.66667,0.35,0.65,0.65,0.48,0.18,False,0.075,True,0.055,False,0.52,8.0,Encryption: encrypted payloads; latency +8 ms; energy +0.045 mJ
EXP_20260511_163907_fcada4,1,53,53.0,7,porter,121.586,37.684,92.929,1.175,Radiology-R14,0.376,high_fatigue,True,0.3296,False,none,0.65,63.321,16.825,80.145,False,0.22475,0.66667,0.35,0.65,0.65,0.48,0.18,False,0.075,False,0.055,False,0.52,8.0,Encryption: encrypted payloads; latency +8 ms; energy +0.045 mJ
EXP_20260511_163907_fcada4,1,53,53.0,8,porter,107.484,37.186,95.893,1.308,Emergency-R13,0.59,none,False,0.2441,False,none,0.65,58.549,11.329,69.878,False,0.22475,0.66667,0.35,0.65,0.65,0.48,0.18,False,0.075,False,0.055,False,0.52,8.0,Encryption: encrypted payloads; latency +8 ms; energy +0.045 mJ
EXP_20260511_163907_fcada4,1,53,53.0,9,technician,104.051,37.377,96.066,1.059,Ward-A-R10,0.454,none,False,0.1669,False,none,0.65,53.897,11.591,65.487,False,0.22475,0.66667,0.35,0.65,0.65,0.48,0.18,False,0.075,False,0.055,False,0.52,8.0,Encryption: encrypted payloads; latency +8 ms; energy +0.045 mJ
EXP_20260511_163907_fcada4,1,53,53.0,10,nurse,110.988,37.534,95.349,1.497,Pharmacy-R10,0.614,none,False,0.2405,False,none,0.65,50.922,13.71,64.632,False,0.22475,0.66667,0.35,0.65,0.65,0.48,0.18,False,0.075,False,0.055,False,0.52,8.0,Encryption: encrypted payloads; latency +8 ms; energy +0.045 mJ
EXP_20260511_163907_fcada4,1,53,53.0,11,cleaning_staff,103.716,37.058,93.512,1.449,Emergency-R10,0.366,none,False,0.2641,False,none,0.65,48.877,13.225,62.102,False,0.22475,0.66667,0.35,0.65,0.65,0.48,0.18,False,0.075,False,0.055,False,0.52,8.0,Encryption: encrypted payloads; latency +8 ms; energy +0.045 mJ
EXP_20260511_163907_fcada4,1,53,53.0,12,technician,103.937,37.432,95.365,1.111,Radiology-R01,0.446,none,False,0.1865,False,none,0.65,49.442,15.532,64.973,False,0.22475,0.66667,0.35,0.65,0.65,0.48,0.18,False,0.075,False,0.055,False,0.52,8.0,Encryption: encrypted payloads; latency +8 ms; energy +0.045 mJ
EXP_20260511_163907_fcada4,1,53,53.0,13,physician,129.197,37.954,96.957,4.665,ICU-R03,0.768,fall,True,0.585,False,none,0.65,51.202,12.821,64.022,False,0.22475,0.66667,0.35,0.65,0.65,0.48,0.18,False,0.075,False,0.055,True,0.52,8.0,Encryption: encrypted payloads; latency +8 ms; energy +0.045 mJ
EXP_20260511_163907_fcada4,1,53,53.0,14,technician,115.243,37.406,93.238,1.32,Radiology-R04,0.451,high_fatigue,True,0.2782,False,none,0.65,63.802,12.073,75.875,False,0.22475,0.66667,0.35,0.65,0.65,0.48,0.18,False,0.075,False,0.055,False,0.52,8.0,Encryption: encrypted payloads; latency +8 ms; energy +0.045 mJ
EXP_20260511_163907_fcada4,1,53,53.0,15,physician,103.421,37.539,93.648,1.259,ICU-R04,0.544,none,False,0.3133,False,none,0.65,57.337,13.566,70.902,False,0.22475,0.66667,0.35,0.65,0.65,0.48,0.18,False,0.075,False,0.055,False,0.52,8.0,Encryption: encrypted payloads; latency +8 ms; energy +0.045 mJ
EXP_20260511_163907_fcada4,1,53,53.0,16,physician,99.617,37.353,93.793,1.353,Radiology-R03,0.347,none,False,0.1947,False,none,0.65,55.93,15.187,71.116,False,0.22475,0.66667,0.35,0.65,0.65,0.48,0.18,False,0.075,False,0.055,False,0.52,8.0,Encryption: encrypted payloads; latency +8 ms; energy +0.045 mJ
EXP_20260511_163907_fcada4,1,53,53.0,17,porter,109.097,37.227,93.439,1.33,Surgery-R05,0.547,none,False,0.3108,False,none,0.65,63.923,12.977,76.9,False,0.22475,0.66667,0.35,0.65,0.65,0.48,0.18,False,0.075,False,0.055,False,0.52,8.0,Encryption: encrypted payloads; latency +8 ms; energy +0.045 mJ
EXP_20260511_163907_fcada4,1,53,53.0,18,physician,119.833,37.382,93.771,1.703,Radiology-R14,0.473,none,False,0.3009,False,none,0.65,54.379,17.812,72.191,False,0.22475,0.66667,0.35,0.65,0.65,0.48,0.18,False,0.075,False,0.055,False,0.52,8.0,Encryption: encrypted payloads; latency +8 ms; energy +0.045 mJ
EXP_20260511_163907_fcada4,1,53,53.0,19,nurse,94.697,37.67,97.103,1.644,Surgery-R06,0.432,none,False,0.2437,False,none,0.65,51.241,13.889,65.13,False,0.22475,0.66667,0.35,0.65,0.65,0.48,0.18,False,0.075,False,0.055,True,0.52,8.0,Encryption: encrypted payloads; latency +8 ms; energy +0.045 mJ
EXP_20260511_163907_fcada4,1,53,53.0,20,technician,105.405,37.252,93.347,0.973,Surgery-R15,0.223,none,False,0.2791,False,none,0.65,71.422,11.598,83.02,False,0.22475,0.66667,0.35,0.65,0.65,0.48,0.18,False,0.075,False,0.055,False,0.52,8.0,Encryption: encrypted payloads; latency +8 ms; energy +0.045 mJ
EXP_20260511_163907_fcada4,1,54,54.0,1,nurse,89.122,37.252,96.603,1.276,Pharmacy-R13,0.302,none,False,0.0896,False,none,0.65,61.488,15.661,77.149,False,0.22475,0.66667,0.35,0.65,0.65,0.48,0.18,False,0.075,False,0.055,False,0.52,8.0,Encryption: encrypted payloads; latency +8 ms; energy +0.045 mJ
EXP_20260511_163907_fcada4,1,54,54.0,2,porter,110.731,37.218,95.565,0.959,Pharmacy-R13,0.673,none,False,0.2029,False,none,0.65,58.999,17.004,76.003,False,0.22475,0.66667,0.35,0.65,0.65,0.48,0.18,False,0.075,False,0.055,False,0.52,8.0,Encryption: encrypted payloads; latency +8 ms; energy +0.045 mJ
EXP_20260511_163907_fcada4,1,54,54.0,3,technician,110.193,37.552,93.71,2.313,Ward-A-R03,0.874,none,False,0.3498,False,none,0.65,55.794,14.723,70.516,False,0.22475,0.66667,0.35,0.65,0.65,0.48,0.18,False,0.075,False,0.055,False,0.52,8.0,Encryption: encrypted payloads; latency +8 ms; energy +0.045 mJ
EXP_20260511_163907_fcada4,1,54,54.0,4,porter,115.373,37.358,94.311,1.447,Surgery-R02,0.41,none,False,0.3183,False,none,0.65,62.871,15.489,78.36,False,0.22475,0.66667,0.35,0.65,0.65,0.48,0.18,False,0.075,False,0.055,False,0.52,8.0,Encryption: encrypted payloads; latency +8 ms; energy +0.045 mJ
EXP_20260511_163907_fcada4,1,54,54.0,5,technician,103.888,37.779,94.621,1.504,Emergency-R02,0.332,none,False,0.3053,False,none,0.65,61.119,16.303,77.422,False,0.22475,0.66667,0.35,0.65,0.65,0.48,0.18,False,0.075,False,0.055,False,0.52,8.0,Encryption: encrypted payloads; latency +8 ms; energy +0.045 mJ
EXP_20260511_163907_fcada4,1,54,54.0,6,porter,114.561,37.293,93.428,1.61,Radiology-R15,0.767,none,False,0.2962,False,none,0.65,66.949,17.449,84.399,False,0.22475,0.66667,0.35,0.65,0.65,0.48,0.18,False,0.075,False,0.055,False,0.52,8.0,Encryption: encrypted payloads; latency +8 ms; energy +0.045 mJ
EXP_20260511_163907_fcada4,1,54,54.0,7,porter,133.268,35.981,100.0,0.056,Radiology-R10,0.735,none,False,0.2596,False,none,0.65,56.288,12.685,68.973,False,0.22475,0.66667,0.35,0.65,0.65,0.48,0.18,False,0.075,False,0.055,True,0.52,8.0,Encryption: encrypted payloads; latency +8 ms; energy +0.045 mJ
EXP_20260511_163907_fcada4,1,54,54.0,8,porter,111.934,37.296,95.626,1.687,Emergency-R12,0.78,none,False,0.309,False,none,0.65,55.423,14.052,69.476,False,0.22475,0.66667,0.35,0.65,0.65,0.48,0.18,False,0.075,False,0.055,False,0.52,8.0,Encryption: encrypted payloads; latency +8 ms; energy +0.045 mJ
EXP_20260511_163907_fcada4,1,54,54.0,9,technician,115.5,37.669,93.913,1.566,Ward-A-R15,0.569,high_fatigue,True,0.3059,False,none,0.65,48.926,15.425,64.351,False,0.22475,0.66667,0.35,0.65,0.65,0.48,0.18,False,0.075,False,0.055,False,0.52,8.0,Encryption: encrypted payloads; latency +8 ms; energy +0.045 mJ
EXP_20260511_163907_fcada4,1,54,54.0,10,nurse,114.079,37.622,95.439,1.16,Pharmacy-R04,0.692,none,False,0.257,False,none,0.65,54.011,17.682,71.694,False,0.22475,0.66667,0.35,0.65,0.65,0.48,0.18,False,0.075,True,0.055,False,0.52,8.0,Encryption: encrypted payloads; latency +8 ms; energy +0.045 mJ
EXP_20260511_163907_fcada4,1,54,54.0,11,cleaning_staff,103.036,37.048,93.618,0.793,Emergency-R12,0.319,none,False,0.2516,False,none,0.65,61.625,13.955,75.58,False,0.22475,0.66667,0.35,0.65,0.65,0.48,0.18,False,0.075,False,0.055,False,0.52,8.0,Encryption: encrypted payloads; latency +8 ms; energy +0.045 mJ
EXP_20260511_163907_fcada4,1,54,54.0,12,technician,101.011,37.391,95.374,1.039,Radiology-R14,0.3,none,False,0.1616,False,none,0.65,52.342,12.478,64.82,False,0.22475,0.66667,0.35,0.65,0.65,0.48,0.18,False,0.075,False,0.055,False,0.52,8.0,Encryption: encrypted payloads; latency +8 ms; energy +0.045 mJ
EXP_20260511_163907_fcada4,1,54,54.0,13,physician,120.556,37.723,92.365,1.575,ICU-R05,0.603,high_fatigue,True,0.4403,False,none,0.65,45.985,14.024,60.008,False,0.22475,0.66667,0.35,0.65,0.65,0.48,0.18,False,0.075,False,0.055,False,0.52,8.0,Encryption: encrypted payloads; latency +8 ms; energy +0.045 mJ
EXP_20260511_163907_fcada4,1,54,54.0,14,technician,107.111,37.154,94.954,1.146,Radiology-R11,0.561,none,False,0.1907,False,none,0.65,54.291,14.784,69.076,False,0.22475,0.66667,0.35,0.65,0.65,0.48,0.18,False,0.075,True,0.055,False,0.52,8.0,Encryption: encrypted payloads; latency +8 ms; energy +0.045 mJ
EXP_20260511_163907_fcada4,1,54,54.0,15,physician,72.699,37.164,95.951,0.423,ICU-R01,0.367,none,False,0.142,False,none,0.65,56.764,12.019,68.783,False,0.22475,0.66667,0.35,0.65,0.65,0.48,0.18,False,0.075,False,0.055,True,0.52,8.0,Encryption: encrypted payloads; latency +8 ms; energy +0.045 mJ
EXP_20260511_163907_fcada4,1,54,54.0,16,physician,102.492,37.391,93.558,1.752,Radiology-R12,0.483,none,False,0.2469,False,none,0.65,57.879,13.217,71.096,False,0.22475,0.66667,0.35,0.65,0.65,0.48,0.18,False,0.075,False,0.055,False,0.52,8.0,Encryption: encrypted payloads; latency +8 ms; energy +0.045 mJ
EXP_20260511_163907_fcada4,1,54,54.0,17,porter,108.48,37.274,93.365,0.437,Surgery-R06,0.521,none,False,0.3128,False,none,0.65,62.616,19.998,82.614,False,0.22475,0.66667,0.35,0.65,0.65,0.48,0.18,False,0.075,False,0.055,False,0.52,8.0,Encryption: encrypted payloads; latency +8 ms; energy +0.045 mJ
EXP_20260511_163907_fcada4,1,54,54.0,18,physician,121.676,37.371,93.496,1.33,Radiology-R15,0.565,none,False,0.3004,False,none,0.65,38.665,14.532,53.196,False,0.22475,0.66667,0.35,0.65,0.65,0.48,0.18,False,0.075,False,0.055,False,0.52,8.0,Encryption: encrypted payloads; latency +8 ms; energy +0.045 mJ
EXP_20260511_163907_fcada4,1,54,54.0,19,nurse,101.929,37.595,93.986,1.294,Surgery-R02,0.342,none,False,0.2906,False,none,0.65,56.91,17.998,74.908,False,0.22475,0.66667,0.35,0.65,0.65,0.48,0.18,False,0.075,False,0.055,False,0.52,8.0,Encryption: encrypted payloads; latency +8 ms; energy +0.045 mJ
EXP_20260511_163907_fcada4,1,54,54.0,20,technician,109.053,37.305,93.261,0.823,Surgery-R08,0.32,none,False,0.3064,False,none,0.65,55.246,17.549,72.796,False,0.22475,0.66667,0.35,0.65,0.65,0.48,0.18,False,0.075,False,0.055,False,0.52,8.0,Encryption: encrypted payloads; latency +8 ms; energy +0.045 mJ
EXP_20260511_163907_fcada4,1,55,55.0,1,nurse,118.442,37.408,94.281,3.148,Pharmacy-R10,0.582,fall,True,0.3863,False,none,0.65,47.492,16.041,63.533,False,0.22475,0.66667,0.35,0.65,0.65,0.48,0.18,False,0.075,False,0.055,False,0.52,8.0,Encryption: encrypted payloads; latency +8 ms; energy +0.045 mJ
EXP_20260511_163907_fcada4,1,55,55.0,2,porter,107.373,37.14,95.775,1.463,Emergency-R02,0.554,none,False,0.2439,False,none,0.65,55.888,14.164,70.052,False,0.22475,0.66667,0.35,0.65,0.65,0.48,0.18,False,0.075,False,0.055,False,0.52,8.0,Encryption: encrypted payloads; latency +8 ms; energy +0.045 mJ
EXP_20260511_163907_fcada4,1,55,55.0,3,technician,111.308,37.594,93.678,1.556,Ward-A-R11,0.945,none,False,0.315,False,none,0.65,68.095,15.492,83.587,False,0.22475,0.66667,0.35,0.65,0.65,0.48,0.18,False,0.075,False,0.055,False,0.52,8.0,Encryption: encrypted payloads; latency +8 ms; energy +0.045 mJ
EXP_20260511_163907_fcada4,1,55,55.0,4,porter,118.512,37.391,94.274,1.227,Surgery-R10,0.526,none,False,0.3389,False,none,0.65,47.592,13.416,61.008,False,0.22475,0.66667,0.35,0.65,0.65,0.48,0.18,False,0.075,False,0.055,False,0.52,8.0,Encryption: encrypted payloads; latency +8 ms; energy +0.045 mJ
EXP_20260511_163907_fcada4,1,55,55.0,5,technician,111.356,37.905,94.737,1.14,Emergency-R06,0.635,none,False,0.3562,False,none,0.65,66.026,15.712,81.738,False,0.22475,0.66667,0.35,0.65,0.65,0.48,0.18,False,0.075,False,0.055,False,0.52,8.0,Encryption: encrypted payloads; latency +8 ms; energy +0.045 mJ
EXP_20260511_163907_fcada4,1,55,55.0,6,porter,111.095,37.256,93.541,1.9,Emergency-R15,0.592,none,False,0.3537,False,none,0.65,45.697,15.238,60.934,False,0.22475,0.66667,0.35,0.65,0.65,0.48,0.18,False,0.075,False,0.055,False,0.52,8.0,Encryption: encrypted payloads; latency +8 ms; energy +0.045 mJ
EXP_20260511_163907_fcada4,1,55,55.0,7,porter,107.445,37.174,95.128,0.67,Radiology-R04,0.374,none,False,0.1765,False,none,0.65,67.452,16.276,83.728,False,0.22475,0.66667,0.35,0.65,0.65,0.48,0.18,False,0.075,True,0.055,False,0.52,8.0,Encryption: encrypted payloads; latency +8 ms; energy +0.045 mJ
EXP_20260511_163907_fcada4,1,55,55.0,8,porter,103.109,37.154,95.737,1.719,Emergency-R15,0.423,none,False,0.2376,False,none,0.65,59.902,16.187,76.09,False,0.22475,0.66667,0.35,0.65,0.65,0.48,0.18,False,0.075,False,0.055,False,0.52,8.0,Encryption: encrypted payloads; latency +8 ms; energy +0.045 mJ
EXP_20260511_163907_fcada4,1,55,55.0,9,technician,105.26,37.381,96.473,1.499,Ward-A-R10,0.514,none,False,0.1823,False,none,0.65,48.407,13.399,61.806,False,0.22475,0.66667,0.35,0.65,0.65,0.48,0.18,False,0.075,False,0.055,False,0.52,8.0,Encryption: encrypted payloads; latency +8 ms; energy +0.045 mJ
EXP_20260511_163907_fcada4,1,55,55.0,10,nurse,109.389,37.521,95.322,0.749,Pharmacy-R08,0.526,none,False,0.2215,False,none,0.65,50.736,17.741,68.478,False,0.22475,0.66667,0.35,0.65,0.65,0.48,0.18,False,0.075,False,0.055,False,0.52,8.0,Encryption: encrypted payloads; latency +8 ms; energy +0.045 mJ
EXP_20260511_163907_fcada4,1,55,55.0,11,cleaning_staff,105.554,37.084,93.727,1.065,Emergency-R01,0.412,none,False,0.268,False,none,0.65,58.414,16.413,74.826,False,0.22475,0.66667,0.35,0.65,0.65,0.48,0.18,False,0.075,False,0.055,False,0.52,8.0,Encryption: encrypted payloads; latency +8 ms; energy +0.045 mJ
EXP_20260511_163907_fcada4,1,55,55.0,12,technician,100.57,37.386,95.269,1.294,Radiology-R08,0.284,none,False,0.1609,False,none,0.65,43.188,16.086,59.274,False,0.22475,0.66667,0.35,0.65,0.65,0.48,0.18,False,0.075,True,0.055,False,0.52,8.0,Encryption: encrypted payloads; latency +8 ms; energy +0.045 mJ
EXP_20260511_163907_fcada4,1,55,55.0,13,physician,106.237,37.121,94.992,1.469,ICU-R02,0.499,none,False,0.2536,False,none,0.65,54.512,13.05,67.562,False,0.22475,0.66667,0.35,0.65,0.65,0.48,0.18,False,0.075,False,0.055,False,0.52,8.0,Encryption: encrypted payloads; latency +8 ms; energy +0.045 mJ
EXP_20260511_163907_fcada4,1,55,55.0,14,technician,104.856,37.146,95.114,0.842,Radiology-R07,0.461,none,False,0.1707,False,none,0.65,55.515,18.109,73.624,False,0.22475,0.66667,0.35,0.65,0.65,0.48,0.18,False,0.075,False,0.055,False,0.52,8.0,Encryption: encrypted payloads; latency +8 ms; energy +0.045 mJ
EXP_20260511_163907_fcada4,1,55,55.0,15,physician,100.39,37.489,93.725,1.704,ICU-R02,0.442,none,False,0.3081,False,none,0.65,64.58,14.862,79.442,False,0.22475,0.66667,0.35,0.65,0.65,0.48,0.18,False,0.075,False,0.055,False,0.52,8.0,Encryption: encrypted payloads; latency +8 ms; energy +0.045 mJ
EXP_20260511_163907_fcada4,1,55,55.0,16,physician,98.918,37.33,93.84,1.045,Radiology-R14,0.347,none,False,0.189,False,none,0.65,51.195,13.411,64.606,False,0.22475,0.66667,0.35,0.65,0.65,0.48,0.18,False,0.075,False,0.055,False,0.52,8.0,Encryption: encrypted payloads; latency +8 ms; energy +0.045 mJ
EXP_20260511_163907_fcada4,1,55,55.0,17,porter,106.1,37.15,93.631,0.967,Surgery-R11,0.387,none,False,0.2768,False,none,0.65,50.245,13.425,63.67,False,0.22475,0.66667,0.35,0.65,0.65,0.48,0.18,False,0.075,False,0.055,False,0.52,8.0,Encryption: encrypted payloads; latency +8 ms; energy +0.045 mJ
EXP_20260511_163907_fcada4,1,55,55.0,18,physician,123.306,37.429,93.435,1.822,Radiology-R11,0.639,none,False,0.3455,False,none,0.65,56.127,12.419,68.546,False,0.22475,0.66667,0.35,0.65,0.65,0.48,0.18,False,0.075,False,0.055,False,0.52,8.0,Encryption: encrypted payloads; latency +8 ms; energy +0.045 mJ
EXP_20260511_163907_fcada4,1,55,55.0,19,nurse,109.902,37.665,93.811,1.447,Surgery-R04,0.661,none,False,0.3561,False,none,0.65,50.763,14.616,65.378,False,0.22475,0.66667,0.35,0.65,0.65,0.48,0.18,False,0.075,False,0.055,False,0.52,8.0,Encryption: encrypted payloads; latency +8 ms; energy +0.045 mJ
EXP_20260511_163907_fcada4,1,55,55.0,20,technician,111.856,37.325,93.099,1.476,Surgery-R01,0.443,none,False,0.3359,False,none,0.65,63.32,15.403,78.723,False,0.22475,0.66667,0.35,0.65,0.65,0.48,0.18,False,0.075,False,0.055,False,0.52,8.0,Encryption: encrypted payloads; latency +8 ms; energy +0.045 mJ
EXP_20260511_163907_fcada4,1,56,56.0,1,nurse,89.339,37.357,96.448,0.799,Pharmacy-R05,0.307,none,False,0.1005,False,none,0.65,70.885,13.251,84.136,False,0.22475,0.66667,0.35,0.65,0.65,0.48,0.18,False,0.075,False,0.055,False,0.52,8.0,Encryption: encrypted payloads; latency +8 ms; energy +0.045 mJ
EXP_20260511_163907_fcada4,1,56,56.0,2,porter,115.748,37.272,95.695,1.413,Ward-B-R01,0.842,none,False,0.2359,False,none,0.65,53.361,12.813,66.174,False,0.22475,0.66667,0.35,0.65,0.65,0.48,0.18,False,0.075,False,0.055,False,0.52,8.0,Encryption: encrypted payloads; latency +8 ms; energy +0.045 mJ
EXP_20260511_163907_fcada4,1,56,56.0,3,technician,110.043,37.541,93.806,1.027,Ward-A-R05,0.858,none,False,0.2862,False,none,0.65,50.035,15.678,65.713,False,0.22475,0.66667,0.35,0.65,0.65,0.48,0.18,False,0.075,True,0.055,False,0.52,8.0,Encryption: encrypted payloads; latency +8 ms; energy +0.045 mJ
EXP_20260511_163907_fcada4,1,56,56.0,4,porter,113.156,37.309,94.395,0.932,Surgery-R12,0.321,none,False,0.2942,False,none,0.65,65.253,18.46,83.713,False,0.22475,0.66667,0.35,0.65,0.65,0.48,0.18,False,0.075,False,0.055,False,0.52,8.0,Encryption: encrypted payloads; latency +8 ms; energy +0.045 mJ
EXP_20260511_163907_fcada4,1,56,56.0,5,technician,107.84,37.871,94.641,1.433,Emergency-R15,0.464,none,False,0.3325,False,none,0.65,48.353,11.497,59.85,False,0.22475,0.66667,0.35,0.65,0.65,0.48,0.18,False,0.075,False,0.055,False,0.52,8.0,Encryption: encrypted payloads; latency +8 ms; energy +0.045 mJ
EXP_20260511_163907_fcada4,1,56,56.0,6,porter,111.946,37.267,93.726,1.504,Emergency-R12,0.635,none,False,0.3308,False,none,0.65,54.885,13.739,68.624,False,0.22475,0.66667,0.35,0.65,0.65,0.48,0.18,False,0.075,False,0.055,False,0.52,8.0,Encryption: encrypted payloads; latency +8 ms; energy +0.045 mJ
EXP_20260511_163907_fcada4,1,56,56.0,7,porter,112.649,37.269,95.136,1.63,Radiology-R05,0.537,none,False,0.2303,False,none,0.65,51.801,17.853,69.653,False,0.22475,0.66667,0.35,0.65,0.65,0.48,0.18,False,0.075,False,0.055,False,0.52,8.0,Encryption: encrypted payloads; latency +8 ms; energy +0.045 mJ
EXP_20260511_163907_fcada4,1,56,56.0,8,porter,111.584,37.302,95.684,1.326,Emergency-R15,0.716,none,False,0.2839,False,none,0.65,73.573,14.495,88.068,False,0.22475,0.66667,0.35,0.65,0.65,0.48,0.18,False,0.075,False,0.055,False,0.52,8.0,Encryption: encrypted payloads; latency +8 ms; energy +0.045 mJ
EXP_20260511_163907_fcada4,1,56,56.0,9,technician,96.051,37.193,96.254,0.99,Surgery-R10,0.195,none,False,0.1723,False,none,0.65,48.893,17.585,66.479,False,0.22475,0.66667,0.35,0.65,0.65,0.48,0.18,False,0.075,False,0.055,False,0.52,8.0,Encryption: encrypted payloads; latency +8 ms; energy +0.045 mJ
EXP_20260511_163907_fcada4,1,56,56.0,10,nurse,129.097,36.918,92.032,2.539,Pharmacy-R09,0.816,none,False,0.4201,False,none,0.65,43.847,15.238,59.085,False,0.22475,0.66667,0.35,0.65,0.65,0.48,0.18,False,0.075,True,0.055,True,0.52,8.0,Encryption: encrypted payloads; latency +8 ms; energy +0.045 mJ
EXP_20260511_163907_fcada4,1,56,56.0,11,cleaning_staff,102.891,37.075,93.482,0.413,Emergency-R14,0.312,none,False,0.2564,False,none,0.65,41.577,15.639,57.216,False,0.22475,0.66667,0.35,0.65,0.65,0.48,0.18,False,0.075,False,0.055,False,0.52,8.0,Encryption: encrypted payloads; latency +8 ms; energy +0.045 mJ
EXP_20260511_163907_fcada4,1,56,56.0,12,technician,101.038,37.374,95.376,0.882,Radiology-R14,0.323,none,False,0.1616,False,none,0.65,46.057,15.155,61.212,False,0.22475,0.66667,0.35,0.65,0.65,0.48,0.18,False,0.075,False,0.055,False,0.52,8.0,Encryption: encrypted payloads; latency +8 ms; energy +0.045 mJ
EXP_20260511_163907_fcada4,1,56,56.0,13,physician,105.825,37.115,95.177,1.427,ICU-R08,0.474,none,False,0.2425,False,none,0.65,61.36,15.816,77.177,False,0.22475,0.66667,0.35,0.65,0.65,0.48,0.18,False,0.075,False,0.055,False,0.52,8.0,Encryption: encrypted payloads; latency +8 ms; energy +0.045 mJ
EXP_20260511_163907_fcada4,1,56,56.0,14,technician,103.374,37.174,95.289,1.616,Radiology-R03,0.389,none,False,0.1725,False,none,0.65,63.047,14.622,77.669,False,0.22475,0.66667,0.35,0.65,0.65,0.48,0.18,False,0.075,False,0.055,False,0.52,8.0,Encryption: encrypted payloads; latency +8 ms; energy +0.045 mJ
EXP_20260511_163907_fcada4,1,56,56.0,15,physician,104.257,37.549,93.854,1.518,ICU-R02,0.576,none,False,0.3221,False,none,0.65,66.814,18.117,84.931,False,0.22475,0.66667,0.35,0.65,0.65,0.48,0.18,False,0.075,False,0.055,False,0.52,8.0,Encryption: encrypted payloads; latency +8 ms; energy +0.045 mJ
EXP_20260511_163907_fcada4,1,56,56.0,16,physician,106.489,37.425,93.476,1.314,Radiology-R15,0.638,none,False,0.2549,False,none,0.65,50.728,10.518,61.246,False,0.22475,0.66667,0.35,0.65,0.65,0.48,0.18,False,0.075,False,0.055,False,0.52,8.0,Encryption: encrypted payloads; latency +8 ms; energy +0.045 mJ
EXP_20260511_163907_fcada4,1,56,56.0,17,porter,110.751,37.248,93.376,1.599,Surgery-R05,0.587,none,False,0.336,False,none,0.65,65.177,12.879,78.055,False,0.22475,0.66667,0.35,0.65,0.65,0.48,0.18,False,0.075,False,0.055,False,0.52,8.0,Encryption: encrypted payloads; latency +8 ms; energy +0.045 mJ
EXP_20260511_163907_fcada4,1,56,56.0,18,physician,119.299,37.337,93.643,0.863,Radiology-R15,0.468,none,False,0.2781,False,none,0.65,50.083,17.76,67.843,False,0.22475,0.66667,0.35,0.65,0.65,0.48,0.18,False,0.075,False,0.055,False,0.52,8.0,Encryption: encrypted payloads; latency +8 ms; energy +0.045 mJ
EXP_20260511_163907_fcada4,1,56,56.0,19,nurse,108.695,37.681,93.908,1.82,Surgery-R10,0.566,none,False,0.3681,False,none,0.65,38.365,14.566,52.931,False,0.22475,0.66667,0.35,0.65,0.65,0.48,0.18,False,0.075,False,0.055,False,0.52,8.0,Encryption: encrypted payloads; latency +8 ms; energy +0.045 mJ
EXP_20260511_163907_fcada4,1,56,56.0,20,technician,104.705,37.262,93.232,0.451,Surgery-R04,0.202,none,False,0.2788,False,none,0.65,44.235,13.46,57.696,False,0.22475,0.66667,0.35,0.65,0.65,0.48,0.18,False,0.075,False,0.055,False,0.52,8.0,Encryption: encrypted payloads; latency +8 ms; energy +0.045 mJ
EXP_20260511_163907_fcada4,1,57,57.0,1,nurse,85.879,37.322,96.407,1.315,Pharmacy-R10,0.178,none,False,0.0754,False,none,0.65,65.261,9.841,75.102,False,0.22475,0.66667,0.35,0.65,0.65,0.48,0.18,False,0.075,False,0.055,False,0.52,8.0,Encryption: encrypted payloads; latency +8 ms; energy +0.045 mJ
EXP_20260511_163907_fcada4,1,57,57.0,2,porter,115.186,37.303,95.512,2.045,Pharmacy-R09,0.821,none,False,0.2803,False,none,0.65,60.679,14.684,75.363,False,0.22475,0.66667,0.35,0.65,0.65,0.48,0.18,False,0.075,False,0.055,False,0.52,8.0,Encryption: encrypted payloads; latency +8 ms; energy +0.045 mJ
EXP_20260511_163907_fcada4,1,57,57.0,3,technician,106.565,37.796,92.042,2.441,Ward-A-R15,0.753,none,False,0.3995,False,none,0.65,58.351,14.377,72.729,False,0.22475,0.66667,0.35,0.65,0.65,0.48,0.18,False,0.075,False,0.055,True,0.52,8.0,Encryption: encrypted payloads; latency +8 ms; energy +0.045 mJ
EXP_20260511_163907_fcada4,1,57,57.0,4,porter,116.996,37.392,94.274,1.403,ICU-R06,0.475,none,False,0.33,False,none,0.65,44.279,17.187,61.466,False,0.22475,0.66667,0.35,0.65,0.65,0.48,0.18,False,0.075,False,0.055,False,0.52,8.0,Encryption: encrypted payloads; latency +8 ms; energy +0.045 mJ
EXP_20260511_163907_fcada4,1,57,57.0,5,technician,111.057,37.926,94.614,0.661,Emergency-R14,0.6,none,False,0.3576,False,none,0.65,66.813,15.367,82.18,False,0.22475,0.66667,0.35,0.65,0.65,0.48,0.18,False,0.075,False,0.055,False,0.52,8.0,Encryption: encrypted payloads; latency +8 ms; energy +0.045 mJ
EXP_20260511_163907_fcada4,1,57,57.0,6,porter,113.935,37.278,93.521,1.445,Emergency-R15,0.716,none,False,0.3461,False,none,0.65,58.852,14.913,73.765,False,0.22475,0.66667,0.35,0.65,0.65,0.48,0.18,False,0.075,False,0.055,False,0.52,8.0,Encryption: encrypted payloads; latency +8 ms; energy +0.045 mJ
EXP_20260511_163907_fcada4,1,57,57.0,7,porter,116.312,37.258,95.032,1.644,Radiology-R07,0.686,none,False,0.2567,False,none,0.65,62.112,14.853,76.965,False,0.22475,0.66667,0.35,0.65,0.65,0.48,0.18,False,0.075,False,0.055,False,0.52,8.0,Encryption: encrypted payloads; latency +8 ms; energy +0.045 mJ
EXP_20260511_163907_fcada4,1,57,57.0,8,porter,116.265,37.326,95.616,1.757,Emergency-R15,0.906,none,False,0.3413,False,none,0.65,42.501,14.773,57.274,False,0.22475,0.66667,0.35,0.65,0.65,0.48,0.18,False,0.075,False,0.055,False,0.52,8.0,Encryption: encrypted payloads; latency +8 ms; energy +0.045 mJ
EXP_20260511_163907_fcada4,1,57,57.0,9,technician,100.905,37.279,96.188,0.798,ICU-R02,0.348,none,False,0.2089,False,none,0.65,53.76,14.049,67.809,False,0.22475,0.66667,0.35,0.65,0.65,0.48,0.18,False,0.075,False,0.055,False,0.52,8.0,Encryption: encrypted payloads; latency +8 ms; energy +0.045 mJ
EXP_20260511_163907_fcada4,1,57,57.0,10,nurse,109.145,37.542,95.381,1.603,Pharmacy-R13,0.501,none,False,0.2324,False,none,0.65,59.257,17.264,76.521,False,0.22475,0.66667,0.35,0.65,0.65,0.48,0.18,False,0.075,False,0.055,False,0.52,8.0,Encryption: encrypted payloads; latency +8 ms; energy +0.045 mJ
EXP_20260511_163907_fcada4,1,57,57.0,11,cleaning_staff,105.369,37.037,93.389,1.193,Emergency-R03,0.419,none,False,0.2718,False,none,0.65,66.998,13.846,80.844,False,0.22475,0.66667,0.35,0.65,0.65,0.48,0.18,False,0.075,False,0.055,False,0.52,8.0,Encryption: encrypted payloads; latency +8 ms; energy +0.045 mJ
EXP_20260511_163907_fcada4,1,57,57.0,12,technician,108.179,37.519,94.996,1.895,Radiology-R07,0.591,none,False,0.2612,False,none,0.65,39.401,16.227,55.627,False,0.22475,0.66667,0.35,0.65,0.65,0.48,0.18,False,0.075,False,0.055,False,0.52,8.0,Encryption: encrypted payloads; latency +8 ms; energy +0.045 mJ
EXP_20260511_163907_fcada4,1,57,57.0,13,physician,108.374,37.16,95.291,1.51,ICU-R06,0.593,none,False,0.267,False,none,0.65,73.746,16.261,90.006,False,0.22475,0.66667,0.35,0.65,0.65,0.48,0.18,False,0.075,False,0.055,False,0.52,8.0,Encryption: encrypted payloads; latency +8 ms; energy +0.045 mJ
EXP_20260511_163907_fcada4,1,57,57.0,14,technician,100.301,37.091,95.023,1.083,Radiology-R09,0.274,none,False,0.138,False,none,0.65,59.397,14.24,73.637,False,0.22475,0.66667,0.35,0.65,0.65,0.48,0.18,False,0.075,False,0.055,False,0.52,8.0,Encryption: encrypted payloads; latency +8 ms; energy +0.045 mJ
EXP_20260511_163907_fcada4,1,57,57.0,15,physician,104.767,37.553,93.517,0.94,Ward-B-R13,0.608,none,False,0.2572,False,none,0.65,57.966,14.267,72.233,False,0.22475,0.66667,0.35,0.65,0.65,0.48,0.18,False,0.075,False,0.055,False,0.52,8.0,Encryption: encrypted payloads; latency +8 ms; energy +0.045 mJ
EXP_20260511_163907_fcada4,1,57,57.0,16,physician,102.474,37.311,93.48,1.115,Radiology-R09,0.471,none,False,0.2178,False,none,0.65,44.204,17.225,61.429,False,0.22475,0.66667,0.35,0.65,0.65,0.48,0.18,False,0.075,False,0.055,False,0.52,8.0,Encryption: encrypted payloads; latency +8 ms; energy +0.045 mJ
EXP_20260511_163907_fcada4,1,57,57.0,17,porter,104.879,37.205,93.5,0.645,Emergency-R12,0.372,none,False,0.2795,False,none,0.65,46.731,15.949,62.679,False,0.22475,0.66667,0.35,0.65,0.65,0.48,0.18,False,0.075,False,0.055,False,0.52,8.0,Encryption: encrypted payloads; latency +8 ms; energy +0.045 mJ
EXP_20260511_163907_fcada4,1,57,57.0,18,physician,123.418,37.408,93.461,1.418,Radiology-R02,0.61,none,False,0.3154,False,none,0.65,63.987,14.56,78.547,False,0.22475,0.66667,0.35,0.65,0.65,0.48,0.18,False,0.075,False,0.055,False,0.52,8.0,Encryption: encrypted payloads; latency +8 ms; energy +0.045 mJ
EXP_20260511_163907_fcada4,1,57,57.0,19,nurse,109.613,37.643,93.836,1.376,Surgery-R14,0.609,none,False,0.3457,False,none,0.65,50.366,13.748,64.114,False,0.22475,0.66667,0.35,0.65,0.65,0.48,0.18,False,0.075,False,0.055,False,0.52,8.0,Encryption: encrypted payloads; latency +8 ms; energy +0.045 mJ
EXP_20260511_163907_fcada4,1,57,57.0,20,technician,110.034,37.35,93.314,0.354,Surgery-R12,0.377,none,False,0.3168,False,none,0.65,55.345,16.499,71.843,False,0.22475,0.66667,0.35,0.65,0.65,0.48,0.18,False,0.075,False,0.055,False,0.52,8.0,Encryption: encrypted payloads; latency +8 ms; energy +0.045 mJ
EXP_20260511_163907_fcada4,1,58,58.0,1,nurse,86.127,37.266,96.651,0.296,Pharmacy-R04,0.154,none,False,0.0695,False,none,0.65,66.256,13.885,80.141,False,0.22475,0.66667,0.35,0.65,0.65,0.48,0.18,False,0.075,False,0.055,False,0.52,8.0,Encryption: encrypted payloads; latency +8 ms; energy +0.045 mJ
EXP_20260511_163907_fcada4,1,58,58.0,2,porter,118.983,37.499,99.626,1.987,Pharmacy-R04,0.534,none,False,0.2767,False,none,0.65,52.235,14.956,67.19,False,0.22475,0.66667,0.35,0.65,0.65,0.48,0.18,False,0.075,False,0.055,True,0.52,8.0,Encryption: encrypted payloads; latency +8 ms; energy +0.045 mJ
EXP_20260511_163907_fcada4,1,58,58.0,3,technician,106.889,37.596,93.714,2.034,Ward-A-R02,0.753,none,False,0.3152,False,none,0.65,46.243,15.495,61.737,False,0.22475,0.66667,0.35,0.65,0.65,0.48,0.18,False,0.075,False,0.055,False,0.52,8.0,Encryption: encrypted payloads; latency +8 ms; energy +0.045 mJ
EXP_20260511_163907_fcada4,1,58,58.0,4,porter,120.939,37.418,94.234,2.242,Surgery-R05,0.607,none,False,0.411,False,none,0.65,49.31,15.322,64.632,False,0.22475,0.66667,0.35,0.65,0.65,0.48,0.18,False,0.075,False,0.055,False,0.52,8.0,Encryption: encrypted payloads; latency +8 ms; energy +0.045 mJ
EXP_20260511_163907_fcada4,1,58,58.0,5,technician,103.026,37.781,94.549,0.801,Ward-A-R04,0.253,none,False,0.2218,False,none,0.65,57.11,14.527,71.637,False,0.22475,0.66667,0.35,0.65,0.65,0.48,0.18,False,0.075,False,0.055,False,0.52,8.0,Encryption: encrypted payloads; latency +8 ms; energy +0.045 mJ
EXP_20260511_163907_fcada4,1,58,58.0,6,porter,110.879,37.243,93.87,1.124,Emergency-R06,0.625,none,False,0.3138,False,none,0.65,47.382,13.846,61.227,False,0.22475,0.66667,0.35,0.65,0.65,0.48,0.18,False,0.075,False,0.055,False,0.52,8.0,Encryption: encrypted payloads; latency +8 ms; energy +0.045 mJ
EXP_20260511_163907_fcada4,1,58,58.0,7,porter,111.266,37.219,95.076,1.116,Laboratory-R02,0.49,none,False,0.2041,False,none,0.65,53.259,17.363,70.622,False,0.22475,0.66667,0.35,0.65,0.65,0.48,0.18,False,0.075,False,0.055,False,0.52,8.0,Encryption: encrypted payloads; latency +8 ms; energy +0.045 mJ
EXP_20260511_163907_fcada4,1,58,58.0,8,porter,112.913,37.286,95.579,1.595,Emergency-R14,0.785,none,False,0.3073,False,none,0.65,54.19,15.32,69.51,False,0.22475,0.66667,0.35,0.65,0.65,0.48,0.18,False,0.075,False,0.055,False,0.52,8.0,Encryption: encrypted payloads; latency +8 ms; energy +0.045 mJ
EXP_20260511_163907_fcada4,1,58,58.0,9,technician,102.544,37.313,96.309,1.376,Ward-A-R08,0.43,none,False,0.1538,False,none,0.65,68.869,15.214,84.083,False,0.22475,0.66667,0.35,0.65,0.65,0.48,0.18,False,0.075,False,0.055,False,0.52,8.0,Encryption: encrypted payloads; latency +8 ms; energy +0.045 mJ
EXP_20260511_163907_fcada4,1,58,58.0,10,nurse,112.753,37.581,95.516,2.059,Pharmacy-R10,0.659,none,False,0.2864,False,none,0.65,49.965,15.318,65.284,False,0.22475,0.66667,0.35,0.65,0.65,0.48,0.18,False,0.075,False,0.055,False,0.52,8.0,Encryption: encrypted payloads; latency +8 ms; energy +0.045 mJ
EXP_20260511_163907_fcada4,1,58,58.0,11,cleaning_staff,101.489,36.998,93.561,0.819,Emergency-R10,0.245,none,False,0.2377,False,none,0.65,58.405,16.526,74.931,False,0.22475,0.66667,0.35,0.65,0.65,0.48,0.18,False,0.075,False,0.055,False,0.52,8.0,Encryption: encrypted payloads; latency +8 ms; energy +0.045 mJ
EXP_20260511_163907_fcada4,1,58,58.0,12,technician,118.292,37.696,92.622,1.153,Radiology-R02,0.19,high_fatigue,True,0.313,False,none,0.65,52.897,17.491,70.388,False,0.22475,0.66667,0.35,0.65,0.65,0.48,0.18,False,0.075,False,0.055,True,0.52,8.0,Encryption: encrypted payloads; latency +8 ms; energy +0.045 mJ
EXP_20260511_163907_fcada4,1,58,58.0,13,physician,100.719,36.994,95.274,1.133,ICU-R14,0.274,none,False,0.195,False,none,0.65,62.12,16.984,79.104,False,0.22475,0.66667,0.35,0.65,0.65,0.48,0.18,False,0.075,False,0.055,False,0.52,8.0,Encryption: encrypted payloads; latency +8 ms; energy +0.045 mJ
EXP_20260511_163907_fcada4,1,58,58.0,14,technician,111.443,37.218,94.709,1.296,Radiology-R05,0.676,none,False,0.2266,False,none,0.65,60.484,13.424,73.908,False,0.22475,0.66667,0.35,0.65,0.65,0.48,0.18,False,0.075,False,0.055,False,0.52,8.0,Encryption: encrypted payloads; latency +8 ms; energy +0.045 mJ
EXP_20260511_163907_fcada4,1,58,58.0,15,physician,103.815,37.55,93.796,1.779,ICU-R10,0.573,none,False,0.3386,False,none,0.65,50.302,14.898,65.2,False,0.22475,0.66667,0.35,0.65,0.65,0.48,0.18,False,0.075,False,0.055,False,0.52,8.0,Encryption: encrypted payloads; latency +8 ms; energy +0.045 mJ
EXP_20260511_163907_fcada4,1,58,58.0,16,physician,102.999,37.363,93.701,1.42,Radiology-R06,0.523,none,False,0.2241,False,none,0.65,45.676,13.294,58.971,False,0.22475,0.66667,0.35,0.65,0.65,0.48,0.18,False,0.075,False,0.055,False,0.52,8.0,Encryption: encrypted payloads; latency +8 ms; energy +0.045 mJ
EXP_20260511_163907_fcada4,1,58,58.0,17,porter,109.9,37.235,93.402,1.233,Surgery-R13,0.548,none,False,0.3154,False,none,0.65,50.009,16.125,66.133,False,0.22475,0.66667,0.35,0.65,0.65,0.48,0.18,False,0.075,False,0.055,False,0.52,8.0,Encryption: encrypted payloads; latency +8 ms; energy +0.045 mJ
EXP_20260511_163907_fcada4,1,58,58.0,18,physician,121.343,37.914,92.629,1.133,Surgery-R14,0.443,high_fatigue,True,0.432,False,none,0.65,42.878,14.405,57.283,False,0.22475,0.66667,0.35,0.65,0.65,0.48,0.18,False,0.075,False,0.055,False,0.52,8.0,Encryption: encrypted payloads; latency +8 ms; energy +0.045 mJ
EXP_20260511_163907_fcada4,1,58,58.0,19,nurse,107.065,37.671,93.751,1.772,Laboratory-R05,0.504,none,False,0.2876,False,none,0.65,69.727,14.993,84.719,False,0.22475,0.66667,0.35,0.65,0.65,0.48,0.18,False,0.075,True,0.055,False,0.52,8.0,Encryption: encrypted payloads; latency +8 ms; energy +0.045 mJ
EXP_20260511_163907_fcada4,1,58,58.0,20,technician,110.574,37.292,93.169,0.821,Surgery-R05,0.388,none,False,0.3177,False,none,0.65,47.991,11.565,59.556,False,0.22475,0.66667,0.35,0.65,0.65,0.48,0.18,False,0.075,False,0.055,False,0.52,8.0,Encryption: encrypted payloads; latency +8 ms; energy +0.045 mJ
EXP_20260511_163907_fcada4,1,59,59.0,1,nurse,90.18,37.349,96.169,1.112,Pharmacy-R06,0.325,none,False,0.1041,False,none,0.65,64.394,12.857,77.25,False,0.22475,0.66667,0.35,0.65,0.65,0.48,0.18,False,0.075,False,0.055,False,0.52,8.0,Encryption: encrypted payloads; latency +8 ms; energy +0.045 mJ
EXP_20260511_163907_fcada4,1,59,59.0,2,porter,114.294,37.246,95.559,1.567,Surgery-R02,0.759,none,False,0.3055,False,none,0.65,57.818,19.139,76.957,False,0.22475,0.66667,0.35,0.65,0.65,0.48,0.18,False,0.075,False,0.055,False,0.52,8.0,Encryption: encrypted payloads; latency +8 ms; energy +0.045 mJ
EXP_20260511_163907_fcada4,1,59,59.0,3,technician,108.436,37.569,93.683,1.641,Ward-A-R02,0.786,none,False,0.2962,False,none,0.65,62.109,17.837,79.945,False,0.22475,0.66667,0.35,0.65,0.65,0.48,0.18,False,0.075,False,0.055,False,0.52,8.0,Encryption: encrypted payloads; latency +8 ms; energy +0.045 mJ
EXP_20260511_163907_fcada4,1,59,59.0,4,porter,112.326,37.291,94.189,0.751,Surgery-R08,0.322,none,False,0.2946,False,none,0.65,55.951,13.025,68.976,False,0.22475,0.66667,0.35,0.65,0.65,0.48,0.18,False,0.075,False,0.055,False,0.52,8.0,Encryption: encrypted payloads; latency +8 ms; energy +0.045 mJ
EXP_20260511_163907_fcada4,1,59,59.0,5,technician,108.915,37.872,94.79,1.321,Emergency-R08,0.502,none,False,0.3335,False,none,0.65,62.413,9.792,72.204,False,0.22475,0.66667,0.35,0.65,0.65,0.48,0.18,False,0.075,False,0.055,False,0.52,8.0,Encryption: encrypted payloads; latency +8 ms; energy +0.045 mJ
EXP_20260511_163907_fcada4,1,59,59.0,6,porter,113.313,37.287,93.694,1.505,Laboratory-R01,0.7,none,False,0.2731,False,none,0.65,53.684,13.462,67.146,False,0.22475,0.66667,0.35,0.65,0.65,0.48,0.18,False,0.075,False,0.055,False,0.52,8.0,Encryption: encrypted payloads; latency +8 ms; energy +0.045 mJ
EXP_20260511_163907_fcada4,1,59,59.0,7,porter,115.814,37.276,95.081,1.65,Radiology-R15,0.659,none,False,0.254,False,none,0.65,48.143,13.375,61.518,False,0.22475,0.66667,0.35,0.65,0.65,0.48,0.18,False,0.075,False,0.055,False,0.52,8.0,Encryption: encrypted payloads; latency +8 ms; energy +0.045 mJ
EXP_20260511_163907_fcada4,1,59,59.0,8,porter,111.196,37.29,95.419,1.637,Emergency-R02,0.712,none,False,0.3028,False,none,0.65,57.873,15.958,73.832,False,0.22475,0.66667,0.35,0.65,0.65,0.48,0.18,False,0.075,False,0.055,False,0.52,8.0,Encryption: encrypted payloads; latency +8 ms; energy +0.045 mJ
EXP_20260511_163907_fcada4,1,59,59.0,9,technician,100.838,37.305,96.323,0.934,Ward-A-R02,0.369,none,False,0.1424,False,none,0.65,58.391,10.241,68.632,False,0.22475,0.66667,0.35,0.65,0.65,0.48,0.18,False,0.075,False,0.055,False,0.52,8.0,Encryption: encrypted payloads; latency +8 ms; energy +0.045 mJ
EXP_20260511_163907_fcada4,1,59,59.0,10,nurse,113.567,37.64,95.418,1.629,Pharmacy-R08,0.673,none,False,0.2707,False,none,0.65,59.8,14.715,74.516,False,0.22475,0.66667,0.35,0.65,0.65,0.48,0.18,False,0.075,False,0.055,False,0.52,8.0,Encryption: encrypted payloads; latency +8 ms; energy +0.045 mJ
EXP_20260511_163907_fcada4,1,59,59.0,11,cleaning_staff,102.838,37.023,93.531,1.173,Pharmacy-R04,0.345,none,False,0.1825,False,none,0.65,50.051,14.179,64.23,False,0.22475,0.66667,0.35,0.65,0.65,0.48,0.18,False,0.075,False,0.055,False,0.52,8.0,Encryption: encrypted payloads; latency +8 ms; energy +0.045 mJ
EXP_20260511_163907_fcada4,1,59,59.0,12,technician,106.915,37.445,95.412,1.611,Radiology-R11,0.545,none,False,0.218,False,none,0.65,57.922,16.919,74.841,False,0.22475,0.66667,0.35,0.65,0.65,0.48,0.18,False,0.075,False,0.055,False,0.52,8.0,Encryption: encrypted payloads; latency +8 ms; energy +0.045 mJ
EXP_20260511_163907_fcada4,1,59,59.0,13,physician,105.456,37.149,95.188,1.105,ICU-R12,0.461,none,False,0.2414,False,none,0.65,59.81,12.826,72.636,False,0.22475,0.66667,0.35,0.65,0.65,0.48,0.18,False,0.075,False,0.055,False,0.52,8.0,Encryption: encrypted payloads; latency +8 ms; energy +0.045 mJ
EXP_20260511_163907_fcada4,1,59,59.0,14,technician,103.848,37.089,94.886,1.004,Radiology-R04,0.395,none,False,0.1626,False,none,0.65,55.714,15.791,71.505,False,0.22475,0.66667,0.35,0.65,0.65,0.48,0.18,False,0.075,False,0.055,False,0.52,8.0,Encryption: encrypted payloads; latency +8 ms; energy +0.045 mJ
EXP_20260511_163907_fcada4,1,59,59.0,15,physician,103.251,37.483,93.987,1.489,ICU-R08,0.536,none,False,0.3045,False,none,0.65,65.383,19.253,84.636,False,0.22475,0.66667,0.35,0.65,0.65,0.48,0.18,False,0.075,False,0.055,False,0.52,8.0,Encryption: encrypted payloads; latency +8 ms; energy +0.045 mJ
EXP_20260511_163907_fcada4,1,59,59.0,16,physician,102.377,37.363,93.843,0.543,Radiology-R13,0.497,none,False,0.2152,False,none,0.65,47.507,15.537,63.044,False,0.22475,0.66667,0.35,0.65,0.65,0.48,0.18,False,0.075,False,0.055,False,0.52,8.0,Encryption: encrypted payloads; latency +8 ms; energy +0.045 mJ
EXP_20260511_163907_fcada4,1,59,59.0,17,porter,119.227,37.716,90.799,0.923,Surgery-R09,0.442,high_fatigue,True,0.4506,False,none,0.65,49.82,15.7,65.52,False,0.22475,0.66667,0.35,0.65,0.65,0.48,0.18,False,0.075,False,0.055,False,0.52,8.0,Encryption: encrypted payloads; latency +8 ms; energy +0.045 mJ
EXP_20260511_163907_fcada4,1,59,59.0,18,physician,123.595,37.384,93.177,1.876,ICU-R13,0.615,none,False,0.4207,False,none,0.65,63.302,18.299,81.601,False,0.22475,0.66667,0.35,0.65,0.65,0.48,0.18,False,0.075,False,0.055,False,0.52,8.0,Encryption: encrypted payloads; latency +8 ms; energy +0.045 mJ
EXP_20260511_163907_fcada4,1,59,59.0,19,nurse,109.087,37.744,93.87,1.472,Surgery-R11,0.611,none,False,0.3571,False,none,0.65,63.411,15.725,79.137,False,0.22475,0.66667,0.35,0.65,0.65,0.48,0.18,False,0.075,False,0.055,False,0.52,8.0,Encryption: encrypted payloads; latency +8 ms; energy +0.045 mJ
EXP_20260511_163907_fcada4,1,59,59.0,20,technician,129.068,36.576,96.949,1.312,Surgery-R11,0.083,high_fatigue,True,0.2685,False,none,0.65,60.751,10.907,71.658,False,0.22475,0.66667,0.35,0.65,0.65,0.48,0.18,False,0.075,False,0.055,True,0.52,8.0,Encryption: encrypted payloads; latency +8 ms; energy +0.045 mJ
