experiment_id,run_id,timestep,time_minutes,worker_id,worker_role,heart_rate,skin_temperature,spo2,accelerometer_magnitude,approximate_location,activity_level,simulated_event_type,is_critical_event,risk_score,generated_alert,recommendation,effective_threshold,communication_latency_ms,processing_latency_ms,total_latency_ms,packet_loss,energy_consumption_mj,computational_load,local_processing_ratio,external_transmission_ratio,privacy_exposure_score,security_risk_score,transparency_score,explainability_available,unauthorized_access_probability,unauthorized_access,data_tampering_probability,data_tampered,attack_propagation_risk,dete4cpes_overhead_ms,applied_dest_effects
EXP_20260507_152111_a31077,1,0,0.0,1,nurse,83.354,37.013,97.435,1.493,Pharmacy-zone,0.548,none,False,0.0926,False,none,0.65,52.574,14.229,66.802,False,0.20975,0.66667,0.35,0.65,0.64,0.45,0.34,True,0.075,False,0.01375,False,0.52,7.5,Data obfuscation: coarsened location; privacy exposure -0.14; Transport Layer Security: reduced tampering probability; latency +6 ms; Virtual objects: sensor and actuator abstractions enabled
EXP_20260507_152111_a31077,1,0,0.0,2,porter,94.985,36.728,97.307,1.453,Pharmacy-zone,0.632,none,False,0.1299,False,none,0.65,45.979,17.977,63.956,False,0.20975,0.66667,0.35,0.65,0.64,0.45,0.34,True,0.075,False,0.01375,False,0.52,7.5,Data obfuscation: coarsened location; privacy exposure -0.14; Transport Layer Security: reduced tampering probability; latency +6 ms; Virtual objects: sensor and actuator abstractions enabled
EXP_20260507_152111_a31077,1,0,0.0,3,technician,92.945,37.088,95.196,1.894,Surgery-zone,0.82,none,False,0.2564,False,none,0.65,43.476,16.063,59.539,False,0.20975,0.66667,0.35,0.65,0.64,0.45,0.34,True,0.075,False,0.01375,False,0.52,7.5,Data obfuscation: coarsened location; privacy exposure -0.14; Transport Layer Security: reduced tampering probability; latency +6 ms; Virtual objects: sensor and actuator abstractions enabled
EXP_20260507_152111_a31077,1,0,0.0,4,porter,105.735,37.007,95.672,1.616,Surgery-zone,0.643,none,False,0.2544,False,none,0.65,42.755,15.534,58.288,False,0.20975,0.66667,0.35,0.65,0.64,0.45,0.34,True,0.075,False,0.01375,False,0.52,7.5,Data obfuscation: coarsened location; privacy exposure -0.14; Transport Layer Security: reduced tampering probability; latency +6 ms; Virtual objects: sensor and actuator abstractions enabled
EXP_20260507_152111_a31077,1,0,0.0,5,technician,90.607,37.385,95.964,0.738,Laboratory-zone,0.325,none,False,0.1254,False,none,0.65,54.425,14.614,69.038,False,0.20975,0.66667,0.35,0.65,0.64,0.45,0.34,True,0.075,False,0.01375,False,0.52,7.5,Data obfuscation: coarsened location; privacy exposure -0.14; Transport Layer Security: reduced tampering probability; latency +6 ms; Virtual objects: sensor and actuator abstractions enabled
EXP_20260507_152111_a31077,1,0,0.0,6,porter,92.736,36.692,95.463,1.257,Emergency-zone,0.562,none,False,0.1938,False,none,0.65,61.722,14.908,76.63,False,0.20975,0.66667,0.35,0.65,0.64,0.45,0.34,True,0.075,False,0.01375,False,0.52,7.5,Data obfuscation: coarsened location; privacy exposure -0.14; Transport Layer Security: reduced tampering probability; latency +6 ms; Virtual objects: sensor and actuator abstractions enabled
EXP_20260507_152111_a31077,1,0,0.0,7,porter,105.234,37.109,93.833,0.844,Radiology-zone,0.471,high_fatigue,True,0.2127,False,none,0.65,63.347,15.975,79.321,False,0.20975,0.66667,0.35,0.65,0.64,0.45,0.34,True,0.075,False,0.01375,False,0.52,7.5,Data obfuscation: coarsened location; privacy exposure -0.14; Transport Layer Security: reduced tampering probability; latency +6 ms; Virtual objects: sensor and actuator abstractions enabled
EXP_20260507_152111_a31077,1,0,0.0,8,porter,96.99,36.866,96.551,1.186,Emergency-zone,0.6,none,False,0.1988,False,none,0.65,44.926,15.564,60.489,False,0.20975,0.66667,0.35,0.65,0.64,0.45,0.34,True,0.075,False,0.01375,False,0.52,7.5,Data obfuscation: coarsened location; privacy exposure -0.14; Transport Layer Security: reduced tampering probability; latency +6 ms; Virtual objects: sensor and actuator abstractions enabled
EXP_20260507_152111_a31077,1,0,0.0,9,technician,90.799,36.928,97.702,1.087,Ward-A-zone,0.602,none,False,0.1098,False,none,0.65,51.795,17.243,69.038,False,0.20975,0.66667,0.35,0.65,0.64,0.45,0.34,True,0.075,False,0.01375,False,0.52,7.5,Data obfuscation: coarsened location; privacy exposure -0.14; Transport Layer Security: reduced tampering probability; latency +6 ms; Virtual objects: sensor and actuator abstractions enabled
EXP_20260507_152111_a31077,1,0,0.0,10,nurse,99.409,37.165,96.716,1.727,Pharmacy-zone,0.711,none,False,0.1825,False,none,0.65,76.213,14.774,90.987,False,0.20975,0.66667,0.35,0.65,0.64,0.45,0.34,True,0.075,False,0.01375,False,0.52,7.5,Data obfuscation: coarsened location; privacy exposure -0.14; Transport Layer Security: reduced tampering probability; latency +6 ms; Virtual objects: sensor and actuator abstractions enabled
EXP_20260507_152111_a31077,1,0,0.0,11,cleaning_staff,91.859,36.666,94.964,0.749,Emergency-zone,0.416,none,False,0.1926,False,none,0.65,44.817,15.716,60.532,False,0.20975,0.66667,0.35,0.65,0.64,0.45,0.34,True,0.075,False,0.01375,False,0.52,7.5,Data obfuscation: coarsened location; privacy exposure -0.14; Transport Layer Security: reduced tampering probability; latency +6 ms; Virtual objects: sensor and actuator abstractions enabled
EXP_20260507_152111_a31077,1,0,0.0,12,technician,91.332,36.971,96.632,1.308,Radiology-zone,0.464,none,False,0.1024,False,none,0.65,50.725,13.232,63.957,False,0.20975,0.66667,0.35,0.65,0.64,0.45,0.34,True,0.075,False,0.01375,False,0.52,7.5,Data obfuscation: coarsened location; privacy exposure -0.14; Transport Layer Security: reduced tampering probability; latency +6 ms; Virtual objects: sensor and actuator abstractions enabled
EXP_20260507_152111_a31077,1,0,0.0,13,physician,88.941,36.648,96.772,1.19,ICU-zone,0.426,none,False,0.1586,False,none,0.65,57.213,15.707,72.92,False,0.20975,0.66667,0.35,0.65,0.64,0.45,0.34,True,0.075,False,0.01375,False,0.52,7.5,Data obfuscation: coarsened location; privacy exposure -0.14; Transport Layer Security: reduced tampering probability; latency +6 ms; Virtual objects: sensor and actuator abstractions enabled
EXP_20260507_152111_a31077,1,0,0.0,14,technician,94.191,36.877,95.921,1.608,Surgery-zone,0.452,none,False,0.1937,False,none,0.65,59.546,15.263,74.81,False,0.20975,0.66667,0.35,0.65,0.64,0.45,0.34,True,0.075,False,0.01375,False,0.52,7.5,Data obfuscation: coarsened location; privacy exposure -0.14; Transport Layer Security: reduced tampering probability; latency +6 ms; Virtual objects: sensor and actuator abstractions enabled
EXP_20260507_152111_a31077,1,0,0.0,15,physician,85.881,37.036,95.21,1.12,ICU-zone,0.558,none,False,0.1784,False,none,0.65,48.481,16.909,65.39,False,0.20975,0.66667,0.35,0.65,0.64,0.45,0.34,True,0.075,False,0.01375,False,0.52,7.5,Data obfuscation: coarsened location; privacy exposure -0.14; Transport Layer Security: reduced tampering probability; latency +6 ms; Virtual objects: sensor and actuator abstractions enabled
EXP_20260507_152111_a31077,1,0,0.0,16,physician,89.033,36.972,95.054,1.88,Ward-A-zone,0.539,none,False,0.1511,False,none,0.65,60.473,16.766,77.238,False,0.20975,0.66667,0.35,0.65,0.64,0.45,0.34,True,0.075,False,0.01375,False,0.52,7.5,Data obfuscation: coarsened location; privacy exposure -0.14; Transport Layer Security: reduced tampering probability; latency +6 ms; Virtual objects: sensor and actuator abstractions enabled
EXP_20260507_152111_a31077,1,0,0.0,17,porter,96.655,36.821,94.773,1.156,Surgery-zone,0.595,none,False,0.2261,False,none,0.65,65.552,17.989,83.54,False,0.20975,0.66667,0.35,0.65,0.64,0.45,0.34,True,0.075,False,0.01375,False,0.52,7.5,Data obfuscation: coarsened location; privacy exposure -0.14; Transport Layer Security: reduced tampering probability; latency +6 ms; Virtual objects: sensor and actuator abstractions enabled
EXP_20260507_152111_a31077,1,0,0.0,18,physician,110.646,36.984,95.342,1.933,Radiology-zone,0.742,none,False,0.2379,False,none,0.65,66.534,13.095,79.63,False,0.20975,0.66667,0.35,0.65,0.64,0.45,0.34,True,0.075,True,0.01375,False,0.52,7.5,Data obfuscation: coarsened location; privacy exposure -0.14; Transport Layer Security: reduced tampering probability; latency +6 ms; Virtual objects: sensor and actuator abstractions enabled
EXP_20260507_152111_a31077,1,0,0.0,19,nurse,86.766,37.174,95.363,0.627,Surgery-zone,0.243,none,False,0.1689,False,none,0.65,49.926,14.975,64.901,False,0.20975,0.66667,0.35,0.65,0.64,0.45,0.34,True,0.075,False,0.01375,False,0.52,7.5,Data obfuscation: coarsened location; privacy exposure -0.14; Transport Layer Security: reduced tampering probability; latency +6 ms; Virtual objects: sensor and actuator abstractions enabled
EXP_20260507_152111_a31077,1,0,0.0,20,technician,73.434,35.852,89.443,0.0,Surgery-zone,0.458,none,False,0.3007,False,none,0.65,50.55,17.959,68.509,False,0.20975,0.66667,0.35,0.65,0.64,0.45,0.34,True,0.075,True,0.01375,True,0.52,7.5,Data obfuscation: coarsened location; privacy exposure -0.14; Transport Layer Security: reduced tampering probability; latency +6 ms; Virtual objects: sensor and actuator abstractions enabled
EXP_20260507_152111_a31077,1,1,1.0,1,nurse,77.3,37.002,97.676,0.903,Pharmacy-zone,0.289,none,False,0.0683,False,none,0.65,64.529,13.339,77.868,False,0.20975,0.66667,0.35,0.65,0.64,0.45,0.34,True,0.075,False,0.01375,False,0.52,7.5,Data obfuscation: coarsened location; privacy exposure -0.14; Transport Layer Security: reduced tampering probability; latency +6 ms; Virtual objects: sensor and actuator abstractions enabled
EXP_20260507_152111_a31077,1,1,1.0,2,porter,95.742,36.711,97.19,1.761,Ward-B-zone,0.647,none,False,0.1526,False,none,0.65,39.053,14.16,53.213,False,0.20975,0.66667,0.35,0.65,0.64,0.45,0.34,True,0.075,False,0.01375,False,0.52,7.5,Data obfuscation: coarsened location; privacy exposure -0.14; Transport Layer Security: reduced tampering probability; latency +6 ms; Virtual objects: sensor and actuator abstractions enabled
EXP_20260507_152111_a31077,1,1,1.0,3,technician,91.864,37.084,95.445,1.588,Ward-A-zone,0.759,none,False,0.1563,False,none,0.65,62.238,16.038,78.276,False,0.20975,0.66667,0.35,0.65,0.64,0.45,0.34,True,0.075,False,0.01375,False,0.52,7.5,Data obfuscation: coarsened location; privacy exposure -0.14; Transport Layer Security: reduced tampering probability; latency +6 ms; Virtual objects: sensor and actuator abstractions enabled
EXP_20260507_152111_a31077,1,1,1.0,4,porter,108.445,37.028,95.666,2.315,Surgery-zone,0.721,none,False,0.3143,False,none,0.65,56.211,14.065,70.276,False,0.20975,0.66667,0.35,0.65,0.64,0.45,0.34,True,0.075,False,0.01375,False,0.52,7.5,Data obfuscation: coarsened location; privacy exposure -0.14; Transport Layer Security: reduced tampering probability; latency +6 ms; Virtual objects: sensor and actuator abstractions enabled
EXP_20260507_152111_a31077,1,1,1.0,5,technician,93.41,37.408,95.952,1.86,Emergency-zone,0.423,none,False,0.2399,False,none,0.65,55.183,14.016,69.199,False,0.20975,0.66667,0.35,0.65,0.64,0.45,0.34,True,0.075,False,0.01375,False,0.52,7.5,Data obfuscation: coarsened location; privacy exposure -0.14; Transport Layer Security: reduced tampering probability; latency +6 ms; Virtual objects: sensor and actuator abstractions enabled
EXP_20260507_152111_a31077,1,1,1.0,6,porter,104.226,36.882,95.281,2.047,Emergency-zone,0.979,none,False,0.3067,False,none,0.65,57.142,17.631,74.774,False,0.20975,0.66667,0.35,0.65,0.64,0.45,0.34,True,0.075,False,0.01375,False,0.52,7.5,Data obfuscation: coarsened location; privacy exposure -0.14; Transport Layer Security: reduced tampering probability; latency +6 ms; Virtual objects: sensor and actuator abstractions enabled
EXP_20260507_152111_a31077,1,1,1.0,7,porter,98.261,36.769,96.632,1.315,Pharmacy-zone,0.615,none,False,0.1371,False,none,0.65,41.74,13.295,55.035,False,0.20975,0.66667,0.35,0.65,0.64,0.45,0.34,True,0.075,False,0.01375,False,0.52,7.5,Data obfuscation: coarsened location; privacy exposure -0.14; Transport Layer Security: reduced tampering probability; latency +6 ms; Virtual objects: sensor and actuator abstractions enabled
EXP_20260507_152111_a31077,1,1,1.0,8,porter,97.389,36.9,96.771,2.246,Emergency-zone,0.598,none,False,0.0,False,no_assessment_packet_loss,0.65,54.496,0.0,54.496,True,0.20975,0.66667,0.35,0.65,0.64,0.45,0.34,True,0.075,False,0.01375,False,0.52,7.5,Data obfuscation: coarsened location; privacy exposure -0.14; Transport Layer Security: reduced tampering probability; latency +6 ms; Virtual objects: sensor and actuator abstractions enabled
EXP_20260507_152111_a31077,1,1,1.0,9,technician,84.141,36.792,97.669,1.384,Ward-A-zone,0.312,none,False,0.0697,False,none,0.65,50.16,19.429,69.589,False,0.20975,0.66667,0.35,0.65,0.64,0.45,0.34,True,0.075,False,0.01375,False,0.52,7.5,Data obfuscation: coarsened location; privacy exposure -0.14; Transport Layer Security: reduced tampering probability; latency +6 ms; Virtual objects: sensor and actuator abstractions enabled
EXP_20260507_152111_a31077,1,1,1.0,10,nurse,96.243,37.087,96.943,1.241,Pharmacy-zone,0.58,none,False,0.1353,False,none,0.65,34.546,16.795,51.341,False,0.20975,0.66667,0.35,0.65,0.64,0.45,0.34,True,0.075,False,0.01375,False,0.52,7.5,Data obfuscation: coarsened location; privacy exposure -0.14; Transport Layer Security: reduced tampering probability; latency +6 ms; Virtual objects: sensor and actuator abstractions enabled
EXP_20260507_152111_a31077,1,1,1.0,11,cleaning_staff,90.1,36.623,95.0,1.057,Emergency-zone,0.354,none,False,0.1813,False,none,0.65,56.071,14.793,70.864,False,0.20975,0.66667,0.35,0.65,0.64,0.45,0.34,True,0.075,False,0.01375,False,0.52,7.5,Data obfuscation: coarsened location; privacy exposure -0.14; Transport Layer Security: reduced tampering probability; latency +6 ms; Virtual objects: sensor and actuator abstractions enabled
EXP_20260507_152111_a31077,1,1,1.0,12,technician,88.016,37.006,96.69,0.753,Radiology-zone,0.345,none,False,0.0,False,no_assessment_packet_loss,0.65,59.615,0.0,59.615,True,0.20975,0.66667,0.35,0.65,0.64,0.45,0.34,True,0.075,False,0.01375,False,0.52,7.5,Data obfuscation: coarsened location; privacy exposure -0.14; Transport Layer Security: reduced tampering probability; latency +6 ms; Virtual objects: sensor and actuator abstractions enabled
EXP_20260507_152111_a31077,1,1,1.0,13,physician,86.354,36.6,96.665,0.948,ICU-zone,0.292,none,False,0.1404,False,none,0.65,51.68,15.712,67.392,False,0.20975,0.66667,0.35,0.65,0.64,0.45,0.34,True,0.075,False,0.01375,False,0.52,7.5,Data obfuscation: coarsened location; privacy exposure -0.14; Transport Layer Security: reduced tampering probability; latency +6 ms; Virtual objects: sensor and actuator abstractions enabled
EXP_20260507_152111_a31077,1,1,1.0,14,technician,98.884,36.908,95.862,2.209,Radiology-zone,0.621,none,False,0.193,False,none,0.65,55.692,12.996,68.689,False,0.20975,0.66667,0.35,0.65,0.64,0.45,0.34,True,0.075,False,0.01375,False,0.52,7.5,Data obfuscation: coarsened location; privacy exposure -0.14; Transport Layer Security: reduced tampering probability; latency +6 ms; Virtual objects: sensor and actuator abstractions enabled
EXP_20260507_152111_a31077,1,1,1.0,15,physician,83.708,37.009,95.165,1.034,ICU-zone,0.431,none,False,0.1653,False,none,0.65,48.679,17.196,65.875,False,0.20975,0.66667,0.35,0.65,0.64,0.45,0.34,True,0.075,False,0.01375,False,0.52,7.5,Data obfuscation: coarsened location; privacy exposure -0.14; Transport Layer Security: reduced tampering probability; latency +6 ms; Virtual objects: sensor and actuator abstractions enabled
EXP_20260507_152111_a31077,1,1,1.0,16,physician,90.719,36.969,94.992,0.993,Radiology-zone,0.554,none,False,0.1299,False,none,0.65,59.411,15.419,74.829,False,0.20975,0.66667,0.35,0.65,0.64,0.45,0.34,True,0.075,False,0.01375,False,0.52,7.5,Data obfuscation: coarsened location; privacy exposure -0.14; Transport Layer Security: reduced tampering probability; latency +6 ms; Virtual objects: sensor and actuator abstractions enabled
EXP_20260507_152111_a31077,1,1,1.0,17,porter,115.309,36.821,93.341,5.034,Surgery-zone,0.733,fall,True,0.5079,False,none,0.65,51.216,17.459,68.675,False,0.20975,0.66667,0.35,0.65,0.64,0.45,0.34,True,0.075,False,0.01375,False,0.52,7.5,Data obfuscation: coarsened location; privacy exposure -0.14; Transport Layer Security: reduced tampering probability; latency +6 ms; Virtual objects: sensor and actuator abstractions enabled
EXP_20260507_152111_a31077,1,1,1.0,18,physician,102.418,36.86,95.169,1.405,Radiology-zone,0.403,none,False,0.1574,False,none,0.65,39.855,15.952,55.806,False,0.20975,0.66667,0.35,0.65,0.64,0.45,0.34,True,0.075,False,0.01375,False,0.52,7.5,Data obfuscation: coarsened location; privacy exposure -0.14; Transport Layer Security: reduced tampering probability; latency +6 ms; Virtual objects: sensor and actuator abstractions enabled
EXP_20260507_152111_a31077,1,1,1.0,19,nurse,88.369,37.167,95.312,1.259,Surgery-zone,0.302,none,False,0.1792,False,none,0.65,53.559,12.889,66.448,False,0.20975,0.66667,0.35,0.65,0.64,0.45,0.34,True,0.075,False,0.01375,False,0.52,7.5,Data obfuscation: coarsened location; privacy exposure -0.14; Transport Layer Security: reduced tampering probability; latency +6 ms; Virtual objects: sensor and actuator abstractions enabled
EXP_20260507_152111_a31077,1,1,1.0,20,technician,95.71,36.925,94.66,0.994,Surgery-zone,0.425,none,False,0.214,False,none,0.65,60.386,17.14,77.527,False,0.20975,0.66667,0.35,0.65,0.64,0.45,0.34,True,0.075,False,0.01375,False,0.52,7.5,Data obfuscation: coarsened location; privacy exposure -0.14; Transport Layer Security: reduced tampering probability; latency +6 ms; Virtual objects: sensor and actuator abstractions enabled
EXP_20260507_152111_a31077,1,2,2.0,1,nurse,74.85,36.974,97.478,1.125,Pharmacy-zone,0.179,none,False,0.0608,False,none,0.65,65.687,15.808,81.495,False,0.20975,0.66667,0.35,0.65,0.64,0.45,0.34,True,0.075,False,0.01375,False,0.52,7.5,Data obfuscation: coarsened location; privacy exposure -0.14; Transport Layer Security: reduced tampering probability; latency +6 ms; Virtual objects: sensor and actuator abstractions enabled
EXP_20260507_152111_a31077,1,2,2.0,2,porter,89.226,36.622,97.096,0.875,Pharmacy-zone,0.42,none,False,0.092,False,none,0.65,62.604,18.398,81.002,False,0.20975,0.66667,0.35,0.65,0.64,0.45,0.34,True,0.075,False,0.01375,False,0.52,7.5,Data obfuscation: coarsened location; privacy exposure -0.14; Transport Layer Security: reduced tampering probability; latency +6 ms; Virtual objects: sensor and actuator abstractions enabled
EXP_20260507_152111_a31077,1,2,2.0,3,technician,87.783,37.044,95.328,1.651,Ward-A-zone,0.599,none,False,0.1341,False,none,0.65,52.014,15.598,67.613,False,0.20975,0.66667,0.35,0.65,0.64,0.45,0.34,True,0.075,False,0.01375,False,0.52,7.5,Data obfuscation: coarsened location; privacy exposure -0.14; Transport Layer Security: reduced tampering probability; latency +6 ms; Virtual objects: sensor and actuator abstractions enabled
EXP_20260507_152111_a31077,1,2,2.0,4,porter,101.615,36.919,95.492,1.696,Surgery-zone,0.475,none,False,0.237,False,none,0.65,59.839,16.417,76.255,False,0.20975,0.66667,0.35,0.65,0.64,0.45,0.34,True,0.075,False,0.01375,False,0.52,7.5,Data obfuscation: coarsened location; privacy exposure -0.14; Transport Layer Security: reduced tampering probability; latency +6 ms; Virtual objects: sensor and actuator abstractions enabled
EXP_20260507_152111_a31077,1,2,2.0,5,technician,115.008,37.867,94.695,0.552,Emergency-zone,0.435,none,False,0.3591,False,none,0.65,63.202,18.162,81.363,False,0.20975,0.66667,0.35,0.65,0.64,0.45,0.34,True,0.075,False,0.01375,True,0.52,7.5,Data obfuscation: coarsened location; privacy exposure -0.14; Transport Layer Security: reduced tampering probability; latency +6 ms; Virtual objects: sensor and actuator abstractions enabled
EXP_20260507_152111_a31077,1,2,2.0,6,porter,95.89,36.812,95.481,1.105,Emergency-zone,0.631,none,False,0.2092,False,none,0.65,58.817,17.78,76.597,False,0.20975,0.66667,0.35,0.65,0.64,0.45,0.34,True,0.075,False,0.01375,False,0.52,7.5,Data obfuscation: coarsened location; privacy exposure -0.14; Transport Layer Security: reduced tampering probability; latency +6 ms; Virtual objects: sensor and actuator abstractions enabled
EXP_20260507_152111_a31077,1,2,2.0,7,porter,98.273,36.769,96.334,0.874,Radiology-zone,0.612,none,False,0.137,False,none,0.65,55.742,14.113,69.855,False,0.20975,0.66667,0.35,0.65,0.64,0.45,0.34,True,0.075,False,0.01375,False,0.52,7.5,Data obfuscation: coarsened location; privacy exposure -0.14; Transport Layer Security: reduced tampering probability; latency +6 ms; Virtual objects: sensor and actuator abstractions enabled
EXP_20260507_152111_a31077,1,2,2.0,8,porter,99.323,36.943,96.878,1.106,Emergency-zone,0.671,none,False,0.2119,False,none,0.65,55.69,15.998,71.688,False,0.20975,0.66667,0.35,0.65,0.64,0.45,0.34,True,0.075,False,0.01375,False,0.52,7.5,Data obfuscation: coarsened location; privacy exposure -0.14; Transport Layer Security: reduced tampering probability; latency +6 ms; Virtual objects: sensor and actuator abstractions enabled
EXP_20260507_152111_a31077,1,2,2.0,9,technician,82.038,36.754,97.784,1.146,Ward-A-zone,0.244,none,False,0.0652,False,none,0.65,54.011,17.059,71.07,False,0.20975,0.66667,0.35,0.65,0.64,0.45,0.34,True,0.075,False,0.01375,False,0.52,7.5,Data obfuscation: coarsened location; privacy exposure -0.14; Transport Layer Security: reduced tampering probability; latency +6 ms; Virtual objects: sensor and actuator abstractions enabled
EXP_20260507_152111_a31077,1,2,2.0,10,nurse,102.024,37.203,96.759,1.703,Pharmacy-zone,0.825,none,False,0.2013,False,none,0.65,55.723,15.496,71.219,False,0.20975,0.66667,0.35,0.65,0.64,0.45,0.34,True,0.075,False,0.01375,False,0.52,7.5,Data obfuscation: coarsened location; privacy exposure -0.14; Transport Layer Security: reduced tampering probability; latency +6 ms; Virtual objects: sensor and actuator abstractions enabled
EXP_20260507_152111_a31077,1,2,2.0,11,cleaning_staff,91.69,36.707,94.714,0.732,Emergency-zone,0.417,none,False,0.1979,False,none,0.65,53.947,17.092,71.039,False,0.20975,0.66667,0.35,0.65,0.64,0.45,0.34,True,0.075,False,0.01375,False,0.52,7.5,Data obfuscation: coarsened location; privacy exposure -0.14; Transport Layer Security: reduced tampering probability; latency +6 ms; Virtual objects: sensor and actuator abstractions enabled
EXP_20260507_152111_a31077,1,2,2.0,12,technician,88.485,36.995,96.599,1.005,Radiology-zone,0.359,none,False,0.0853,False,none,0.65,51.012,16.113,67.126,False,0.20975,0.66667,0.35,0.65,0.64,0.45,0.34,True,0.075,False,0.01375,False,0.52,7.5,Data obfuscation: coarsened location; privacy exposure -0.14; Transport Layer Security: reduced tampering probability; latency +6 ms; Virtual objects: sensor and actuator abstractions enabled
EXP_20260507_152111_a31077,1,2,2.0,13,physician,92.611,36.691,96.619,2.417,ICU-zone,0.509,none,False,0.2399,False,none,0.65,53.949,17.15,71.099,False,0.20975,0.66667,0.35,0.65,0.64,0.45,0.34,True,0.075,False,0.01375,False,0.52,7.5,Data obfuscation: coarsened location; privacy exposure -0.14; Transport Layer Security: reduced tampering probability; latency +6 ms; Virtual objects: sensor and actuator abstractions enabled
EXP_20260507_152111_a31077,1,2,2.0,14,technician,98.908,36.932,95.819,1.101,Radiology-zone,0.616,none,False,0.1437,False,none,0.65,42.963,16.858,59.82,False,0.20975,0.66667,0.35,0.65,0.64,0.45,0.34,True,0.075,False,0.01375,False,0.52,7.5,Data obfuscation: coarsened location; privacy exposure -0.14; Transport Layer Security: reduced tampering probability; latency +6 ms; Virtual objects: sensor and actuator abstractions enabled
EXP_20260507_152111_a31077,1,2,2.0,15,physician,86.639,37.02,95.275,1.413,ICU-zone,0.569,none,False,0.1796,False,none,0.65,55.504,14.113,69.618,False,0.20975,0.66667,0.35,0.65,0.64,0.45,0.34,True,0.075,False,0.01375,False,0.52,7.5,Data obfuscation: coarsened location; privacy exposure -0.14; Transport Layer Security: reduced tampering probability; latency +6 ms; Virtual objects: sensor and actuator abstractions enabled
EXP_20260507_152111_a31077,1,2,2.0,16,physician,92.187,37.003,94.756,1.329,Radiology-zone,0.638,none,False,0.1467,False,none,0.65,54.009,14.575,68.584,False,0.20975,0.66667,0.35,0.65,0.64,0.45,0.34,True,0.075,False,0.01375,False,0.52,7.5,Data obfuscation: coarsened location; privacy exposure -0.14; Transport Layer Security: reduced tampering probability; latency +6 ms; Virtual objects: sensor and actuator abstractions enabled
EXP_20260507_152111_a31077,1,2,2.0,17,porter,91.303,36.751,95.014,1.251,Surgery-zone,0.379,none,False,0.1869,False,none,0.65,43.484,17.094,60.578,False,0.20975,0.66667,0.35,0.65,0.64,0.45,0.34,True,0.075,False,0.01375,False,0.52,7.5,Data obfuscation: coarsened location; privacy exposure -0.14; Transport Layer Security: reduced tampering probability; latency +6 ms; Virtual objects: sensor and actuator abstractions enabled
EXP_20260507_152111_a31077,1,2,2.0,18,physician,104.879,36.928,95.216,1.69,Radiology-zone,0.508,none,False,0.1897,False,none,0.65,51.157,15.968,67.124,False,0.20975,0.66667,0.35,0.65,0.64,0.45,0.34,True,0.075,False,0.01375,False,0.52,7.5,Data obfuscation: coarsened location; privacy exposure -0.14; Transport Layer Security: reduced tampering probability; latency +6 ms; Virtual objects: sensor and actuator abstractions enabled
EXP_20260507_152111_a31077,1,2,2.0,19,nurse,91.17,37.23,95.224,1.336,Surgery-zone,0.414,none,False,0.2044,False,none,0.65,56.177,18.181,74.358,False,0.20975,0.66667,0.35,0.65,0.64,0.45,0.34,True,0.075,False,0.01375,False,0.52,7.5,Data obfuscation: coarsened location; privacy exposure -0.14; Transport Layer Security: reduced tampering probability; latency +6 ms; Virtual objects: sensor and actuator abstractions enabled
EXP_20260507_152111_a31077,1,2,2.0,20,technician,96.54,36.936,94.635,1.451,Surgery-zone,0.393,none,False,0.2185,False,none,0.65,30.255,17.204,47.459,False,0.20975,0.66667,0.35,0.65,0.64,0.45,0.34,True,0.075,False,0.01375,False,0.52,7.5,Data obfuscation: coarsened location; privacy exposure -0.14; Transport Layer Security: reduced tampering probability; latency +6 ms; Virtual objects: sensor and actuator abstractions enabled
EXP_20260507_152111_a31077,1,3,3.0,1,nurse,69.225,36.307,100.0,0.461,Pharmacy-zone,0.059,none,False,0.0528,False,none,0.65,54.748,13.571,68.319,False,0.20975,0.66667,0.35,0.65,0.64,0.45,0.34,True,0.075,False,0.01375,True,0.52,7.5,Data obfuscation: coarsened location; privacy exposure -0.14; Transport Layer Security: reduced tampering probability; latency +6 ms; Virtual objects: sensor and actuator abstractions enabled
EXP_20260507_152111_a31077,1,3,3.0,2,porter,96.889,36.753,96.919,1.654,Pharmacy-zone,0.677,none,False,0.1521,False,none,0.65,42.365,16.759,59.124,False,0.20975,0.66667,0.35,0.65,0.64,0.45,0.34,True,0.075,False,0.01375,False,0.52,7.5,Data obfuscation: coarsened location; privacy exposure -0.14; Transport Layer Security: reduced tampering probability; latency +6 ms; Virtual objects: sensor and actuator abstractions enabled
EXP_20260507_152111_a31077,1,3,3.0,3,technician,91.654,37.101,95.183,1.863,Ward-A-zone,0.753,none,False,0.1797,False,none,0.65,68.055,17.834,85.889,False,0.20975,0.66667,0.35,0.65,0.64,0.45,0.34,True,0.075,False,0.01375,False,0.52,7.5,Data obfuscation: coarsened location; privacy exposure -0.14; Transport Layer Security: reduced tampering probability; latency +6 ms; Virtual objects: sensor and actuator abstractions enabled
EXP_20260507_152111_a31077,1,3,3.0,4,porter,103.699,36.96,95.495,1.607,Surgery-zone,0.502,none,False,0.2407,False,none,0.65,56.422,17.058,73.479,False,0.20975,0.66667,0.35,0.65,0.64,0.45,0.34,True,0.075,False,0.01375,False,0.52,7.5,Data obfuscation: coarsened location; privacy exposure -0.14; Transport Layer Security: reduced tampering probability; latency +6 ms; Virtual objects: sensor and actuator abstractions enabled
EXP_20260507_152111_a31077,1,3,3.0,5,technician,97.875,37.484,95.662,1.309,Emergency-zone,0.631,none,False,0.2549,False,none,0.65,58.658,17.532,76.19,False,0.20975,0.66667,0.35,0.65,0.64,0.45,0.34,True,0.075,False,0.01375,False,0.52,7.5,Data obfuscation: coarsened location; privacy exposure -0.14; Transport Layer Security: reduced tampering probability; latency +6 ms; Virtual objects: sensor and actuator abstractions enabled
EXP_20260507_152111_a31077,1,3,3.0,6,porter,95.355,36.783,95.428,0.739,Emergency-zone,0.623,none,False,0.0,False,no_assessment_packet_loss,0.65,49.697,0.0,49.697,True,0.20975,0.66667,0.35,0.65,0.64,0.45,0.34,True,0.075,False,0.01375,False,0.52,7.5,Data obfuscation: coarsened location; privacy exposure -0.14; Transport Layer Security: reduced tampering probability; latency +6 ms; Virtual objects: sensor and actuator abstractions enabled
EXP_20260507_152111_a31077,1,3,3.0,7,porter,95.968,36.73,96.645,1.605,Radiology-zone,0.504,none,False,0.1342,False,none,0.65,46.826,17.175,64.001,False,0.20975,0.66667,0.35,0.65,0.64,0.45,0.34,True,0.075,False,0.01375,False,0.52,7.5,Data obfuscation: coarsened location; privacy exposure -0.14; Transport Layer Security: reduced tampering probability; latency +6 ms; Virtual objects: sensor and actuator abstractions enabled
EXP_20260507_152111_a31077,1,3,3.0,8,porter,99.753,36.91,96.829,1.537,Emergency-zone,0.639,none,False,0.2197,False,none,0.65,54.647,15.387,70.034,False,0.20975,0.66667,0.35,0.65,0.64,0.45,0.34,True,0.075,False,0.01375,False,0.52,7.5,Data obfuscation: coarsened location; privacy exposure -0.14; Transport Layer Security: reduced tampering probability; latency +6 ms; Virtual objects: sensor and actuator abstractions enabled
EXP_20260507_152111_a31077,1,3,3.0,9,technician,83.503,36.835,97.929,1.021,Ward-A-zone,0.317,none,False,0.0701,False,none,0.65,51.866,18.938,70.804,False,0.20975,0.66667,0.35,0.65,0.64,0.45,0.34,True,0.075,False,0.01375,False,0.52,7.5,Data obfuscation: coarsened location; privacy exposure -0.14; Transport Layer Security: reduced tampering probability; latency +6 ms; Virtual objects: sensor and actuator abstractions enabled
EXP_20260507_152111_a31077,1,3,3.0,10,nurse,97.444,37.139,96.879,1.975,Pharmacy-zone,0.622,none,False,0.1826,False,none,0.65,50.433,15.747,66.18,False,0.20975,0.66667,0.35,0.65,0.64,0.45,0.34,True,0.075,False,0.01375,False,0.52,7.5,Data obfuscation: coarsened location; privacy exposure -0.14; Transport Layer Security: reduced tampering probability; latency +6 ms; Virtual objects: sensor and actuator abstractions enabled
EXP_20260507_152111_a31077,1,3,3.0,11,cleaning_staff,91.33,36.655,95.009,1.457,Emergency-zone,0.386,none,False,0.1911,False,none,0.65,63.636,17.339,80.975,False,0.20975,0.66667,0.35,0.65,0.64,0.45,0.34,True,0.075,False,0.01375,False,0.52,7.5,Data obfuscation: coarsened location; privacy exposure -0.14; Transport Layer Security: reduced tampering probability; latency +6 ms; Virtual objects: sensor and actuator abstractions enabled
EXP_20260507_152111_a31077,1,3,3.0,12,technician,94.53,37.131,96.601,0.972,Radiology-zone,0.578,none,False,0.1331,False,none,0.65,44.482,18.567,63.049,False,0.20975,0.66667,0.35,0.65,0.64,0.45,0.34,True,0.075,False,0.01375,False,0.52,7.5,Data obfuscation: coarsened location; privacy exposure -0.14; Transport Layer Security: reduced tampering probability; latency +6 ms; Virtual objects: sensor and actuator abstractions enabled
EXP_20260507_152111_a31077,1,3,3.0,13,physician,92.753,36.716,96.372,0.959,Surgery-zone,0.508,none,False,0.1776,False,none,0.65,67.871,14.512,82.382,False,0.20975,0.66667,0.35,0.65,0.64,0.45,0.34,True,0.075,False,0.01375,False,0.52,7.5,Data obfuscation: coarsened location; privacy exposure -0.14; Transport Layer Security: reduced tampering probability; latency +6 ms; Virtual objects: sensor and actuator abstractions enabled
EXP_20260507_152111_a31077,1,3,3.0,14,technician,95.47,36.913,95.872,1.719,Radiology-zone,0.453,none,False,0.1391,False,none,0.65,67.45,16.329,83.779,False,0.20975,0.66667,0.35,0.65,0.64,0.45,0.34,True,0.075,False,0.01375,False,0.52,7.5,Data obfuscation: coarsened location; privacy exposure -0.14; Transport Layer Security: reduced tampering probability; latency +6 ms; Virtual objects: sensor and actuator abstractions enabled
EXP_20260507_152111_a31077,1,3,3.0,15,physician,87.474,37.09,95.272,1.244,ICU-zone,0.539,none,False,0.186,False,none,0.65,49.208,19.246,68.454,False,0.20975,0.66667,0.35,0.65,0.64,0.45,0.34,True,0.075,False,0.01375,False,0.52,7.5,Data obfuscation: coarsened location; privacy exposure -0.14; Transport Layer Security: reduced tampering probability; latency +6 ms; Virtual objects: sensor and actuator abstractions enabled
EXP_20260507_152111_a31077,1,3,3.0,16,physician,85.069,36.934,94.799,0.606,Radiology-zone,0.319,none,False,0.0,False,no_assessment_packet_loss,0.65,68.114,0.0,68.114,True,0.20975,0.66667,0.35,0.65,0.64,0.45,0.34,True,0.075,True,0.01375,False,0.52,7.5,Data obfuscation: coarsened location; privacy exposure -0.14; Transport Layer Security: reduced tampering probability; latency +6 ms; Virtual objects: sensor and actuator abstractions enabled
EXP_20260507_152111_a31077,1,3,3.0,17,porter,95.739,36.78,94.627,1.023,Surgery-zone,0.549,none,False,0.2232,False,none,0.65,57.04,17.566,74.605,False,0.20975,0.66667,0.35,0.65,0.64,0.45,0.34,True,0.075,False,0.01375,False,0.52,7.5,Data obfuscation: coarsened location; privacy exposure -0.14; Transport Layer Security: reduced tampering probability; latency +6 ms; Virtual objects: sensor and actuator abstractions enabled
EXP_20260507_152111_a31077,1,3,3.0,18,physician,128.01,36.92,93.99,5.007,Radiology-zone,0.585,fall,True,0.4606,False,none,0.65,46.288,15.328,61.615,False,0.20975,0.66667,0.35,0.65,0.64,0.45,0.34,True,0.075,False,0.01375,False,0.52,7.5,Data obfuscation: coarsened location; privacy exposure -0.14; Transport Layer Security: reduced tampering probability; latency +6 ms; Virtual objects: sensor and actuator abstractions enabled
EXP_20260507_152111_a31077,1,3,3.0,19,nurse,91.322,37.219,95.098,1.021,Surgery-zone,0.423,none,False,0.2074,False,none,0.65,60.794,10.997,71.791,False,0.20975,0.66667,0.35,0.65,0.64,0.45,0.34,True,0.075,False,0.01375,False,0.52,7.5,Data obfuscation: coarsened location; privacy exposure -0.14; Transport Layer Security: reduced tampering probability; latency +6 ms; Virtual objects: sensor and actuator abstractions enabled
EXP_20260507_152111_a31077,1,3,3.0,20,technician,89.994,36.867,94.673,0.055,Surgery-zone,0.15,none,False,0.1749,False,none,0.65,46.493,17.419,63.912,False,0.20975,0.66667,0.35,0.65,0.64,0.45,0.34,True,0.075,False,0.01375,False,0.52,7.5,Data obfuscation: coarsened location; privacy exposure -0.14; Transport Layer Security: reduced tampering probability; latency +6 ms; Virtual objects: sensor and actuator abstractions enabled
EXP_20260507_152111_a31077,1,4,4.0,1,nurse,73.451,36.947,97.557,0.373,Pharmacy-zone,0.133,none,False,0.0577,False,none,0.65,58.264,14.297,72.562,False,0.20975,0.66667,0.35,0.65,0.64,0.45,0.34,True,0.075,False,0.01375,False,0.52,7.5,Data obfuscation: coarsened location; privacy exposure -0.14; Transport Layer Security: reduced tampering probability; latency +6 ms; Virtual objects: sensor and actuator abstractions enabled
EXP_20260507_152111_a31077,1,4,4.0,2,porter,95.767,36.761,96.808,1.838,Pharmacy-zone,0.626,none,False,0.1561,False,none,0.65,65.834,15.043,80.877,False,0.20975,0.66667,0.35,0.65,0.64,0.45,0.34,True,0.075,False,0.01375,False,0.52,7.5,Data obfuscation: coarsened location; privacy exposure -0.14; Transport Layer Security: reduced tampering probability; latency +6 ms; Virtual objects: sensor and actuator abstractions enabled
EXP_20260507_152111_a31077,1,4,4.0,3,technician,91.087,37.109,95.224,2.214,Ward-A-zone,0.703,none,False,0.1957,False,none,0.65,53.304,17.6,70.904,False,0.20975,0.66667,0.35,0.65,0.64,0.45,0.34,True,0.075,False,0.01375,False,0.52,7.5,Data obfuscation: coarsened location; privacy exposure -0.14; Transport Layer Security: reduced tampering probability; latency +6 ms; Virtual objects: sensor and actuator abstractions enabled
EXP_20260507_152111_a31077,1,4,4.0,4,porter,108.435,37.058,95.339,2.047,Laboratory-zone,0.671,none,False,0.0,False,no_assessment_packet_loss,0.65,56.61,0.0,56.61,True,0.20975,0.66667,0.35,0.65,0.64,0.45,0.34,True,0.075,False,0.01375,False,0.52,7.5,Data obfuscation: coarsened location; privacy exposure -0.14; Transport Layer Security: reduced tampering probability; latency +6 ms; Virtual objects: sensor and actuator abstractions enabled
EXP_20260507_152111_a31077,1,4,4.0,5,technician,96.7,37.453,95.818,1.446,Emergency-zone,0.553,none,False,0.2419,False,none,0.65,50.188,17.991,68.179,False,0.20975,0.66667,0.35,0.65,0.64,0.45,0.34,True,0.075,False,0.01375,False,0.52,7.5,Data obfuscation: coarsened location; privacy exposure -0.14; Transport Layer Security: reduced tampering probability; latency +6 ms; Virtual objects: sensor and actuator abstractions enabled
EXP_20260507_152111_a31077,1,4,4.0,6,porter,94.516,36.787,95.008,1.033,Emergency-zone,0.588,none,False,0.2125,False,none,0.65,51.691,10.744,62.435,False,0.20975,0.66667,0.35,0.65,0.64,0.45,0.34,True,0.075,False,0.01375,False,0.52,7.5,Data obfuscation: coarsened location; privacy exposure -0.14; Transport Layer Security: reduced tampering probability; latency +6 ms; Virtual objects: sensor and actuator abstractions enabled
EXP_20260507_152111_a31077,1,4,4.0,7,porter,93.768,36.743,96.604,1.529,Laboratory-zone,0.429,none,False,0.1167,False,none,0.65,41.82,16.256,58.075,False,0.20975,0.66667,0.35,0.65,0.64,0.45,0.34,True,0.075,False,0.01375,False,0.52,7.5,Data obfuscation: coarsened location; privacy exposure -0.14; Transport Layer Security: reduced tampering probability; latency +6 ms; Virtual objects: sensor and actuator abstractions enabled
EXP_20260507_152111_a31077,1,4,4.0,8,porter,100.512,36.932,96.577,1.925,Emergency-zone,0.691,none,False,0.2498,False,none,0.65,60.712,17.237,77.949,False,0.20975,0.66667,0.35,0.65,0.64,0.45,0.34,True,0.075,False,0.01375,False,0.52,7.5,Data obfuscation: coarsened location; privacy exposure -0.14; Transport Layer Security: reduced tampering probability; latency +6 ms; Virtual objects: sensor and actuator abstractions enabled
EXP_20260507_152111_a31077,1,4,4.0,9,technician,94.256,36.98,97.585,1.519,Ward-A-zone,0.719,none,False,0.1373,False,none,0.65,72.179,16.082,88.26,False,0.20975,0.66667,0.35,0.65,0.64,0.45,0.34,True,0.075,False,0.01375,False,0.52,7.5,Data obfuscation: coarsened location; privacy exposure -0.14; Transport Layer Security: reduced tampering probability; latency +6 ms; Virtual objects: sensor and actuator abstractions enabled
EXP_20260507_152111_a31077,1,4,4.0,10,nurse,101.158,37.236,96.806,1.203,Pharmacy-zone,0.76,none,False,0.1781,False,none,0.65,51.668,18.024,69.692,False,0.20975,0.66667,0.35,0.65,0.64,0.45,0.34,True,0.075,True,0.01375,False,0.52,7.5,Data obfuscation: coarsened location; privacy exposure -0.14; Transport Layer Security: reduced tampering probability; latency +6 ms; Virtual objects: sensor and actuator abstractions enabled
EXP_20260507_152111_a31077,1,4,4.0,11,cleaning_staff,93.122,36.718,94.936,0.769,Emergency-zone,0.43,none,False,0.1986,False,none,0.65,56.939,17.412,74.351,False,0.20975,0.66667,0.35,0.65,0.64,0.45,0.34,True,0.075,False,0.01375,False,0.52,7.5,Data obfuscation: coarsened location; privacy exposure -0.14; Transport Layer Security: reduced tampering probability; latency +6 ms; Virtual objects: sensor and actuator abstractions enabled
EXP_20260507_152111_a31077,1,4,4.0,12,technician,94.396,37.03,96.449,1.853,Radiology-zone,0.529,none,False,0.1483,False,none,0.65,63.69,14.956,78.646,False,0.20975,0.66667,0.35,0.65,0.64,0.45,0.34,True,0.075,False,0.01375,False,0.52,7.5,Data obfuscation: coarsened location; privacy exposure -0.14; Transport Layer Security: reduced tampering probability; latency +6 ms; Virtual objects: sensor and actuator abstractions enabled
EXP_20260507_152111_a31077,1,4,4.0,13,physician,89.358,36.73,96.563,1.318,ICU-zone,0.4,none,False,0.1584,False,none,0.65,42.421,15.317,57.738,False,0.20975,0.66667,0.35,0.65,0.64,0.45,0.34,True,0.075,True,0.01375,False,0.52,7.5,Data obfuscation: coarsened location; privacy exposure -0.14; Transport Layer Security: reduced tampering probability; latency +6 ms; Virtual objects: sensor and actuator abstractions enabled
EXP_20260507_152111_a31077,1,4,4.0,14,technician,100.364,36.95,95.821,1.546,Radiology-zone,0.619,none,False,0.1581,False,none,0.65,63.787,18.291,82.078,False,0.20975,0.66667,0.35,0.65,0.64,0.45,0.34,True,0.075,False,0.01375,False,0.52,7.5,Data obfuscation: coarsened location; privacy exposure -0.14; Transport Layer Security: reduced tampering probability; latency +6 ms; Virtual objects: sensor and actuator abstractions enabled
EXP_20260507_152111_a31077,1,4,4.0,15,physician,86.07,37.071,95.405,1.208,ICU-zone,0.485,none,False,0.1727,False,none,0.65,60.295,15.758,76.054,False,0.20975,0.66667,0.35,0.65,0.64,0.45,0.34,True,0.075,False,0.01375,False,0.52,7.5,Data obfuscation: coarsened location; privacy exposure -0.14; Transport Layer Security: reduced tampering probability; latency +6 ms; Virtual objects: sensor and actuator abstractions enabled
EXP_20260507_152111_a31077,1,4,4.0,16,physician,87.334,36.97,94.87,0.492,Radiology-zone,0.385,none,False,0.1095,False,none,0.65,48.383,16.012,64.395,False,0.20975,0.66667,0.35,0.65,0.64,0.45,0.34,True,0.075,False,0.01375,False,0.52,7.5,Data obfuscation: coarsened location; privacy exposure -0.14; Transport Layer Security: reduced tampering probability; latency +6 ms; Virtual objects: sensor and actuator abstractions enabled
EXP_20260507_152111_a31077,1,4,4.0,17,porter,103.354,36.908,94.527,2.322,Surgery-zone,0.842,none,False,0.3291,False,none,0.65,50.538,16.481,67.02,False,0.20975,0.66667,0.35,0.65,0.64,0.45,0.34,True,0.075,False,0.01375,False,0.52,7.5,Data obfuscation: coarsened location; privacy exposure -0.14; Transport Layer Security: reduced tampering probability; latency +6 ms; Virtual objects: sensor and actuator abstractions enabled
EXP_20260507_152111_a31077,1,4,4.0,18,physician,107.391,36.923,95.128,1.837,Radiology-zone,0.625,none,False,0.2176,False,none,0.65,42.818,18.55,61.368,False,0.20975,0.66667,0.35,0.65,0.64,0.45,0.34,True,0.075,False,0.01375,False,0.52,7.5,Data obfuscation: coarsened location; privacy exposure -0.14; Transport Layer Security: reduced tampering probability; latency +6 ms; Virtual objects: sensor and actuator abstractions enabled
EXP_20260507_152111_a31077,1,4,4.0,19,nurse,84.925,37.195,95.143,0.752,Surgery-zone,0.164,none,False,0.1644,False,none,0.65,57.3,17.855,75.155,False,0.20975,0.66667,0.35,0.65,0.64,0.45,0.34,True,0.075,False,0.01375,False,0.52,7.5,Data obfuscation: coarsened location; privacy exposure -0.14; Transport Layer Security: reduced tampering probability; latency +6 ms; Virtual objects: sensor and actuator abstractions enabled
EXP_20260507_152111_a31077,1,4,4.0,20,technician,99.414,36.966,94.4,0.78,Surgery-zone,0.473,none,False,0.2364,False,none,0.65,50.871,17.724,68.595,False,0.20975,0.66667,0.35,0.65,0.64,0.45,0.34,True,0.075,False,0.01375,False,0.52,7.5,Data obfuscation: coarsened location; privacy exposure -0.14; Transport Layer Security: reduced tampering probability; latency +6 ms; Virtual objects: sensor and actuator abstractions enabled
EXP_20260507_152111_a31077,1,5,5.0,1,nurse,74.682,36.96,97.464,0.577,Pharmacy-zone,0.131,none,False,0.0576,False,none,0.65,53.355,17.396,70.751,False,0.20975,0.66667,0.35,0.65,0.64,0.45,0.34,True,0.075,False,0.01375,False,0.52,7.5,Data obfuscation: coarsened location; privacy exposure -0.14; Transport Layer Security: reduced tampering probability; latency +6 ms; Virtual objects: sensor and actuator abstractions enabled
EXP_20260507_152111_a31077,1,5,5.0,2,porter,91.685,36.706,97.245,0.634,Pharmacy-zone,0.45,none,False,0.1028,False,none,0.65,31.703,18.458,50.16,False,0.20975,0.66667,0.35,0.65,0.64,0.45,0.34,True,0.075,False,0.01375,False,0.52,7.5,Data obfuscation: coarsened location; privacy exposure -0.14; Transport Layer Security: reduced tampering probability; latency +6 ms; Virtual objects: sensor and actuator abstractions enabled
EXP_20260507_152111_a31077,1,5,5.0,3,technician,91.487,37.104,95.223,0.84,Ward-A-zone,0.688,none,False,0.1455,False,none,0.65,69.77,14.439,84.21,False,0.20975,0.66667,0.35,0.65,0.64,0.45,0.34,True,0.075,False,0.01375,False,0.52,7.5,Data obfuscation: coarsened location; privacy exposure -0.14; Transport Layer Security: reduced tampering probability; latency +6 ms; Virtual objects: sensor and actuator abstractions enabled
EXP_20260507_152111_a31077,1,5,5.0,4,porter,103.531,36.985,95.652,1.525,Surgery-zone,0.455,none,False,0.2282,False,none,0.65,58.11,15.137,73.246,False,0.20975,0.66667,0.35,0.65,0.64,0.45,0.34,True,0.075,False,0.01375,False,0.52,7.5,Data obfuscation: coarsened location; privacy exposure -0.14; Transport Layer Security: reduced tampering probability; latency +6 ms; Virtual objects: sensor and actuator abstractions enabled
EXP_20260507_152111_a31077,1,5,5.0,5,technician,89.617,37.411,96.044,0.786,Emergency-zone,0.293,none,False,0.1885,False,none,0.65,54.819,15.03,69.85,False,0.20975,0.66667,0.35,0.65,0.64,0.45,0.34,True,0.075,False,0.01375,False,0.52,7.5,Data obfuscation: coarsened location; privacy exposure -0.14; Transport Layer Security: reduced tampering probability; latency +6 ms; Virtual objects: sensor and actuator abstractions enabled
EXP_20260507_152111_a31077,1,5,5.0,6,porter,97.339,36.835,95.144,1.825,Emergency-zone,0.687,none,False,0.0,False,no_assessment_packet_loss,0.65,43.601,0.0,43.601,True,0.20975,0.66667,0.35,0.65,0.64,0.45,0.34,True,0.075,False,0.01375,False,0.52,7.5,Data obfuscation: coarsened location; privacy exposure -0.14; Transport Layer Security: reduced tampering probability; latency +6 ms; Virtual objects: sensor and actuator abstractions enabled
EXP_20260507_152111_a31077,1,5,5.0,7,porter,101.954,36.826,96.347,1.505,Radiology-zone,0.714,none,False,0.1633,False,none,0.65,61.242,13.48,74.722,False,0.20975,0.66667,0.35,0.65,0.64,0.45,0.34,True,0.075,False,0.01375,False,0.52,7.5,Data obfuscation: coarsened location; privacy exposure -0.14; Transport Layer Security: reduced tampering probability; latency +6 ms; Virtual objects: sensor and actuator abstractions enabled
EXP_20260507_152111_a31077,1,5,5.0,8,porter,97.866,36.943,96.653,1.578,Emergency-zone,0.576,none,False,0.2113,False,none,0.65,62.762,19.016,81.778,False,0.20975,0.66667,0.35,0.65,0.64,0.45,0.34,True,0.075,False,0.01375,False,0.52,7.5,Data obfuscation: coarsened location; privacy exposure -0.14; Transport Layer Security: reduced tampering probability; latency +6 ms; Virtual objects: sensor and actuator abstractions enabled
EXP_20260507_152111_a31077,1,5,5.0,9,technician,86.766,36.877,97.631,1.107,Ward-A-zone,0.418,none,False,0.0831,False,none,0.65,48.275,16.948,65.223,False,0.20975,0.66667,0.35,0.65,0.64,0.45,0.34,True,0.075,False,0.01375,False,0.52,7.5,Data obfuscation: coarsened location; privacy exposure -0.14; Transport Layer Security: reduced tampering probability; latency +6 ms; Virtual objects: sensor and actuator abstractions enabled
EXP_20260507_152111_a31077,1,5,5.0,10,nurse,111.734,37.848,94.315,1.789,Pharmacy-zone,0.64,high_fatigue,True,0.3253,False,none,0.65,54.868,12.77,67.637,False,0.20975,0.66667,0.35,0.65,0.64,0.45,0.34,True,0.075,False,0.01375,False,0.52,7.5,Data obfuscation: coarsened location; privacy exposure -0.14; Transport Layer Security: reduced tampering probability; latency +6 ms; Virtual objects: sensor and actuator abstractions enabled
EXP_20260507_152111_a31077,1,5,5.0,11,cleaning_staff,91.019,36.691,94.52,1.085,Emergency-zone,0.385,none,False,0.198,False,none,0.65,54.128,14.912,69.039,False,0.20975,0.66667,0.35,0.65,0.64,0.45,0.34,True,0.075,False,0.01375,False,0.52,7.5,Data obfuscation: coarsened location; privacy exposure -0.14; Transport Layer Security: reduced tampering probability; latency +6 ms; Virtual objects: sensor and actuator abstractions enabled
EXP_20260507_152111_a31077,1,5,5.0,12,technician,97.128,37.14,96.204,1.703,Radiology-zone,0.647,none,False,0.1664,False,none,0.65,54.729,19.897,74.626,False,0.20975,0.66667,0.35,0.65,0.64,0.45,0.34,True,0.075,False,0.01375,False,0.52,7.5,Data obfuscation: coarsened location; privacy exposure -0.14; Transport Layer Security: reduced tampering probability; latency +6 ms; Virtual objects: sensor and actuator abstractions enabled
EXP_20260507_152111_a31077,1,5,5.0,13,physician,89.934,36.697,96.381,1.211,ICU-zone,0.382,none,False,0.1592,False,none,0.65,54.781,18.277,73.058,False,0.20975,0.66667,0.35,0.65,0.64,0.45,0.34,True,0.075,False,0.01375,False,0.52,7.5,Data obfuscation: coarsened location; privacy exposure -0.14; Transport Layer Security: reduced tampering probability; latency +6 ms; Virtual objects: sensor and actuator abstractions enabled
EXP_20260507_152111_a31077,1,5,5.0,14,technician,95.32,36.875,95.751,1.16,Ward-A-zone,0.449,none,False,0.0,False,no_assessment_packet_loss,0.65,49.393,0.0,49.393,True,0.20975,0.66667,0.35,0.65,0.64,0.45,0.34,True,0.075,False,0.01375,False,0.52,7.5,Data obfuscation: coarsened location; privacy exposure -0.14; Transport Layer Security: reduced tampering probability; latency +6 ms; Virtual objects: sensor and actuator abstractions enabled
EXP_20260507_152111_a31077,1,5,5.0,15,physician,81.444,36.982,95.33,0.515,ICU-zone,0.293,none,False,0.1514,False,none,0.65,55.329,11.649,66.978,False,0.20975,0.66667,0.35,0.65,0.64,0.45,0.34,True,0.075,False,0.01375,False,0.52,7.5,Data obfuscation: coarsened location; privacy exposure -0.14; Transport Layer Security: reduced tampering probability; latency +6 ms; Virtual objects: sensor and actuator abstractions enabled
EXP_20260507_152111_a31077,1,5,5.0,16,physician,96.277,37.12,94.711,1.431,Radiology-zone,0.717,none,False,0.1798,False,none,0.65,58.828,15.133,73.961,False,0.20975,0.66667,0.35,0.65,0.64,0.45,0.34,True,0.075,False,0.01375,False,0.52,7.5,Data obfuscation: coarsened location; privacy exposure -0.14; Transport Layer Security: reduced tampering probability; latency +6 ms; Virtual objects: sensor and actuator abstractions enabled
EXP_20260507_152111_a31077,1,5,5.0,17,porter,98.614,36.82,94.58,1.07,ICU-zone,0.636,none,False,0.2403,False,none,0.65,46.176,16.118,62.294,False,0.20975,0.66667,0.35,0.65,0.64,0.45,0.34,True,0.075,False,0.01375,False,0.52,7.5,Data obfuscation: coarsened location; privacy exposure -0.14; Transport Layer Security: reduced tampering probability; latency +6 ms; Virtual objects: sensor and actuator abstractions enabled
EXP_20260507_152111_a31077,1,5,5.0,18,physician,105.805,36.943,94.923,0.87,Radiology-zone,0.557,none,False,0.1852,False,none,0.65,50.591,17.642,68.233,False,0.20975,0.66667,0.35,0.65,0.64,0.45,0.34,True,0.075,False,0.01375,False,0.52,7.5,Data obfuscation: coarsened location; privacy exposure -0.14; Transport Layer Security: reduced tampering probability; latency +6 ms; Virtual objects: sensor and actuator abstractions enabled
EXP_20260507_152111_a31077,1,5,5.0,19,nurse,90.189,37.243,95.113,1.206,Surgery-zone,0.366,none,False,0.2013,False,none,0.65,49.175,20.835,70.01,False,0.20975,0.66667,0.35,0.65,0.64,0.45,0.34,True,0.075,False,0.01375,False,0.52,7.5,Data obfuscation: coarsened location; privacy exposure -0.14; Transport Layer Security: reduced tampering probability; latency +6 ms; Virtual objects: sensor and actuator abstractions enabled
EXP_20260507_152111_a31077,1,5,5.0,20,technician,96.857,36.926,94.354,0.688,Surgery-zone,0.376,none,False,0.2219,False,none,0.65,60.437,15.678,76.115,False,0.20975,0.66667,0.35,0.65,0.64,0.45,0.34,True,0.075,False,0.01375,False,0.52,7.5,Data obfuscation: coarsened location; privacy exposure -0.14; Transport Layer Security: reduced tampering probability; latency +6 ms; Virtual objects: sensor and actuator abstractions enabled
EXP_20260507_152111_a31077,1,6,6.0,1,nurse,77.117,37.013,97.462,0.403,Pharmacy-zone,0.207,none,False,0.0639,False,none,0.65,44.729,11.427,56.156,False,0.20975,0.66667,0.35,0.65,0.64,0.45,0.34,True,0.075,True,0.01375,False,0.52,7.5,Data obfuscation: coarsened location; privacy exposure -0.14; Transport Layer Security: reduced tampering probability; latency +6 ms; Virtual objects: sensor and actuator abstractions enabled
EXP_20260507_152111_a31077,1,6,6.0,2,porter,100.87,36.812,96.914,2.131,Ward-B-zone,0.773,none,False,0.2021,False,none,0.65,55.891,15.645,71.536,False,0.20975,0.66667,0.35,0.65,0.64,0.45,0.34,True,0.075,False,0.01375,False,0.52,7.5,Data obfuscation: coarsened location; privacy exposure -0.14; Transport Layer Security: reduced tampering probability; latency +6 ms; Virtual objects: sensor and actuator abstractions enabled
EXP_20260507_152111_a31077,1,6,6.0,3,technician,90.384,37.097,95.133,1.331,Ward-A-zone,0.641,none,False,0.1398,False,none,0.65,57.516,12.394,69.911,False,0.20975,0.66667,0.35,0.65,0.64,0.45,0.34,True,0.075,False,0.01375,False,0.52,7.5,Data obfuscation: coarsened location; privacy exposure -0.14; Transport Layer Security: reduced tampering probability; latency +6 ms; Virtual objects: sensor and actuator abstractions enabled
EXP_20260507_152111_a31077,1,6,6.0,4,porter,105.617,37.013,95.49,1.348,Surgery-zone,0.519,none,False,0.2371,False,none,0.65,51.613,17.589,69.202,False,0.20975,0.66667,0.35,0.65,0.64,0.45,0.34,True,0.075,False,0.01375,False,0.52,7.5,Data obfuscation: coarsened location; privacy exposure -0.14; Transport Layer Security: reduced tampering probability; latency +6 ms; Virtual objects: sensor and actuator abstractions enabled
EXP_20260507_152111_a31077,1,6,6.0,5,technician,97.016,37.463,95.783,1.674,Emergency-zone,0.539,none,False,0.2578,False,none,0.65,57.017,15.783,72.8,False,0.20975,0.66667,0.35,0.65,0.64,0.45,0.34,True,0.075,False,0.01375,False,0.52,7.5,Data obfuscation: coarsened location; privacy exposure -0.14; Transport Layer Security: reduced tampering probability; latency +6 ms; Virtual objects: sensor and actuator abstractions enabled
EXP_20260507_152111_a31077,1,6,6.0,6,porter,95.176,36.825,94.999,1.144,Emergency-zone,0.559,none,False,0.2131,False,none,0.65,53.962,15.017,68.978,False,0.20975,0.66667,0.35,0.65,0.64,0.45,0.34,True,0.075,True,0.01375,False,0.52,7.5,Data obfuscation: coarsened location; privacy exposure -0.14; Transport Layer Security: reduced tampering probability; latency +6 ms; Virtual objects: sensor and actuator abstractions enabled
EXP_20260507_152111_a31077,1,6,6.0,7,porter,97.601,36.774,96.4,1.61,Radiology-zone,0.535,none,False,0.1424,False,none,0.65,58.945,16.88,75.825,False,0.20975,0.66667,0.35,0.65,0.64,0.45,0.34,True,0.075,True,0.01375,False,0.52,7.5,Data obfuscation: coarsened location; privacy exposure -0.14; Transport Layer Security: reduced tampering probability; latency +6 ms; Virtual objects: sensor and actuator abstractions enabled
EXP_20260507_152111_a31077,1,6,6.0,8,porter,113.522,38.072,96.053,1.705,Emergency-zone,0.639,heat_stress,True,0.3738,False,none,0.65,59.539,17.75,77.288,False,0.20975,0.66667,0.35,0.65,0.64,0.45,0.34,True,0.075,False,0.01375,False,0.52,7.5,Data obfuscation: coarsened location; privacy exposure -0.14; Transport Layer Security: reduced tampering probability; latency +6 ms; Virtual objects: sensor and actuator abstractions enabled
EXP_20260507_152111_a31077,1,6,6.0,9,technician,84.294,36.855,97.548,1.116,Ward-A-zone,0.339,none,False,0.0716,False,none,0.65,61.896,15.767,77.663,False,0.20975,0.66667,0.35,0.65,0.64,0.45,0.34,True,0.075,False,0.01375,False,0.52,7.5,Data obfuscation: coarsened location; privacy exposure -0.14; Transport Layer Security: reduced tampering probability; latency +6 ms; Virtual objects: sensor and actuator abstractions enabled
EXP_20260507_152111_a31077,1,6,6.0,10,nurse,88.781,37.434,94.057,1.903,Pharmacy-zone,0.507,none,False,0.2113,False,none,0.65,52.66,16.595,69.254,False,0.20975,0.66667,0.35,0.65,0.64,0.45,0.34,True,0.075,False,0.01375,True,0.52,7.5,Data obfuscation: coarsened location; privacy exposure -0.14; Transport Layer Security: reduced tampering probability; latency +6 ms; Virtual objects: sensor and actuator abstractions enabled
EXP_20260507_152111_a31077,1,6,6.0,11,cleaning_staff,81.817,36.553,95.104,1.079,Emergency-zone,0.05,none,False,0.1404,False,none,0.65,61.915,13.915,75.83,False,0.20975,0.66667,0.35,0.65,0.64,0.45,0.34,True,0.075,False,0.01375,False,0.52,7.5,Data obfuscation: coarsened location; privacy exposure -0.14; Transport Layer Security: reduced tampering probability; latency +6 ms; Virtual objects: sensor and actuator abstractions enabled
EXP_20260507_152111_a31077,1,6,6.0,12,technician,90.722,37.019,96.459,1.403,Radiology-zone,0.372,none,False,0.096,False,none,0.65,42.899,14.945,57.845,False,0.20975,0.66667,0.35,0.65,0.64,0.45,0.34,True,0.075,False,0.01375,False,0.52,7.5,Data obfuscation: coarsened location; privacy exposure -0.14; Transport Layer Security: reduced tampering probability; latency +6 ms; Virtual objects: sensor and actuator abstractions enabled
EXP_20260507_152111_a31077,1,6,6.0,13,physician,87.923,36.626,96.428,1.026,ICU-zone,0.313,none,False,0.1474,False,none,0.65,46.73,12.747,59.477,False,0.20975,0.66667,0.35,0.65,0.64,0.45,0.34,True,0.075,False,0.01375,False,0.52,7.5,Data obfuscation: coarsened location; privacy exposure -0.14; Transport Layer Security: reduced tampering probability; latency +6 ms; Virtual objects: sensor and actuator abstractions enabled
EXP_20260507_152111_a31077,1,6,6.0,14,technician,99.458,36.917,95.703,1.013,Radiology-zone,0.561,none,False,0.1448,False,none,0.65,48.576,17.27,65.846,False,0.20975,0.66667,0.35,0.65,0.64,0.45,0.34,True,0.075,False,0.01375,False,0.52,7.5,Data obfuscation: coarsened location; privacy exposure -0.14; Transport Layer Security: reduced tampering probability; latency +6 ms; Virtual objects: sensor and actuator abstractions enabled
EXP_20260507_152111_a31077,1,6,6.0,15,physician,87.121,37.082,95.102,1.112,ICU-zone,0.471,none,False,0.1835,False,none,0.65,59.859,17.277,77.136,False,0.20975,0.66667,0.35,0.65,0.64,0.45,0.34,True,0.075,True,0.01375,False,0.52,7.5,Data obfuscation: coarsened location; privacy exposure -0.14; Transport Layer Security: reduced tampering probability; latency +6 ms; Virtual objects: sensor and actuator abstractions enabled
EXP_20260507_152111_a31077,1,6,6.0,16,physician,88.651,36.984,94.818,1.206,Radiology-zone,0.422,none,False,0.1178,False,none,0.65,47.25,16.763,64.013,False,0.20975,0.66667,0.35,0.65,0.64,0.45,0.34,True,0.075,False,0.01375,False,0.52,7.5,Data obfuscation: coarsened location; privacy exposure -0.14; Transport Layer Security: reduced tampering probability; latency +6 ms; Virtual objects: sensor and actuator abstractions enabled
EXP_20260507_152111_a31077,1,6,6.0,17,porter,96.784,36.83,94.62,1.595,Surgery-zone,0.574,none,False,0.2408,False,none,0.65,57.172,16.112,73.284,False,0.20975,0.66667,0.35,0.65,0.64,0.45,0.34,True,0.075,False,0.01375,False,0.52,7.5,Data obfuscation: coarsened location; privacy exposure -0.14; Transport Layer Security: reduced tampering probability; latency +6 ms; Virtual objects: sensor and actuator abstractions enabled
EXP_20260507_152111_a31077,1,6,6.0,18,physician,110.009,37.025,95.08,1.834,Radiology-zone,0.725,none,False,0.2367,False,none,0.65,53.475,16.329,69.805,False,0.20975,0.66667,0.35,0.65,0.64,0.45,0.34,True,0.075,False,0.01375,False,0.52,7.5,Data obfuscation: coarsened location; privacy exposure -0.14; Transport Layer Security: reduced tampering probability; latency +6 ms; Virtual objects: sensor and actuator abstractions enabled
EXP_20260507_152111_a31077,1,6,6.0,19,nurse,92.216,37.224,95.223,1.141,Surgery-zone,0.45,none,False,0.21,False,none,0.65,49.875,15.506,65.382,False,0.20975,0.66667,0.35,0.65,0.64,0.45,0.34,True,0.075,False,0.01375,False,0.52,7.5,Data obfuscation: coarsened location; privacy exposure -0.14; Transport Layer Security: reduced tampering probability; latency +6 ms; Virtual objects: sensor and actuator abstractions enabled
EXP_20260507_152111_a31077,1,6,6.0,20,technician,100.033,36.958,94.446,1.099,Surgery-zone,0.456,none,False,0.2364,False,none,0.65,47.592,17.296,64.888,False,0.20975,0.66667,0.35,0.65,0.64,0.45,0.34,True,0.075,False,0.01375,False,0.52,7.5,Data obfuscation: coarsened location; privacy exposure -0.14; Transport Layer Security: reduced tampering probability; latency +6 ms; Virtual objects: sensor and actuator abstractions enabled
EXP_20260507_152111_a31077,1,7,7.0,1,nurse,72.519,36.973,97.824,0.967,Pharmacy-zone,0.064,none,False,0.0531,False,none,0.65,49.757,13.406,63.163,False,0.20975,0.66667,0.35,0.65,0.64,0.45,0.34,True,0.075,False,0.01375,False,0.52,7.5,Data obfuscation: coarsened location; privacy exposure -0.14; Transport Layer Security: reduced tampering probability; latency +6 ms; Virtual objects: sensor and actuator abstractions enabled
EXP_20260507_152111_a31077,1,7,7.0,2,porter,99.465,36.84,96.979,1.744,Pharmacy-zone,0.723,none,False,0.1699,False,none,0.65,50.963,16.413,67.376,False,0.20975,0.66667,0.35,0.65,0.64,0.45,0.34,True,0.075,False,0.01375,False,0.52,7.5,Data obfuscation: coarsened location; privacy exposure -0.14; Transport Layer Security: reduced tampering probability; latency +6 ms; Virtual objects: sensor and actuator abstractions enabled
EXP_20260507_152111_a31077,1,7,7.0,3,technician,91.591,37.1,95.152,1.614,Ward-A-zone,0.704,none,False,0.1615,False,none,0.65,54.968,15.364,70.332,False,0.20975,0.66667,0.35,0.65,0.64,0.45,0.34,True,0.075,False,0.01375,False,0.52,7.5,Data obfuscation: coarsened location; privacy exposure -0.14; Transport Layer Security: reduced tampering probability; latency +6 ms; Virtual objects: sensor and actuator abstractions enabled
EXP_20260507_152111_a31077,1,7,7.0,4,porter,106.833,37.047,95.457,1.431,Surgery-zone,0.543,none,False,0.2487,False,none,0.65,47.264,12.871,60.135,False,0.20975,0.66667,0.35,0.65,0.64,0.45,0.34,True,0.075,False,0.01375,False,0.52,7.5,Data obfuscation: coarsened location; privacy exposure -0.14; Transport Layer Security: reduced tampering probability; latency +6 ms; Virtual objects: sensor and actuator abstractions enabled
EXP_20260507_152111_a31077,1,7,7.0,5,technician,96.59,37.521,95.665,1.253,Emergency-zone,0.55,none,False,0.2481,False,none,0.65,56.824,17.279,74.102,False,0.20975,0.66667,0.35,0.65,0.64,0.45,0.34,True,0.075,False,0.01375,False,0.52,7.5,Data obfuscation: coarsened location; privacy exposure -0.14; Transport Layer Security: reduced tampering probability; latency +6 ms; Virtual objects: sensor and actuator abstractions enabled
EXP_20260507_152111_a31077,1,7,7.0,6,porter,98.786,36.879,95.148,1.583,Emergency-zone,0.675,none,False,0.2415,False,none,0.65,53.476,17.145,70.62,False,0.20975,0.66667,0.35,0.65,0.64,0.45,0.34,True,0.075,False,0.01375,False,0.52,7.5,Data obfuscation: coarsened location; privacy exposure -0.14; Transport Layer Security: reduced tampering probability; latency +6 ms; Virtual objects: sensor and actuator abstractions enabled
EXP_20260507_152111_a31077,1,7,7.0,7,porter,98.844,36.823,96.264,2.225,Radiology-zone,0.583,none,False,0.188,False,none,0.65,60.47,15.636,76.106,False,0.20975,0.66667,0.35,0.65,0.64,0.45,0.34,True,0.075,False,0.01375,False,0.52,7.5,Data obfuscation: coarsened location; privacy exposure -0.14; Transport Layer Security: reduced tampering probability; latency +6 ms; Virtual objects: sensor and actuator abstractions enabled
EXP_20260507_152111_a31077,1,7,7.0,8,porter,101.506,36.979,96.617,1.334,Emergency-zone,0.711,none,False,0.2223,False,none,0.65,59.552,17.502,77.054,False,0.20975,0.66667,0.35,0.65,0.64,0.45,0.34,True,0.075,False,0.01375,False,0.52,7.5,Data obfuscation: coarsened location; privacy exposure -0.14; Transport Layer Security: reduced tampering probability; latency +6 ms; Virtual objects: sensor and actuator abstractions enabled
EXP_20260507_152111_a31077,1,7,7.0,9,technician,83.932,36.83,97.562,1.285,Ward-A-zone,0.297,none,False,0.0688,False,none,0.65,58.54,14.823,73.363,False,0.20975,0.66667,0.35,0.65,0.64,0.45,0.34,True,0.075,False,0.01375,False,0.52,7.5,Data obfuscation: coarsened location; privacy exposure -0.14; Transport Layer Security: reduced tampering probability; latency +6 ms; Virtual objects: sensor and actuator abstractions enabled
EXP_20260507_152111_a31077,1,7,7.0,10,nurse,96.757,37.114,96.849,1.051,Pharmacy-zone,0.591,none,False,0.1403,False,none,0.65,58.524,12.575,71.099,False,0.20975,0.66667,0.35,0.65,0.64,0.45,0.34,True,0.075,False,0.01375,False,0.52,7.5,Data obfuscation: coarsened location; privacy exposure -0.14; Transport Layer Security: reduced tampering probability; latency +6 ms; Virtual objects: sensor and actuator abstractions enabled
EXP_20260507_152111_a31077,1,7,7.0,11,cleaning_staff,86.392,36.604,95.151,0.866,Emergency-zone,0.176,none,False,0.1527,False,none,0.65,46.251,12.587,58.839,False,0.20975,0.66667,0.35,0.65,0.64,0.45,0.34,True,0.075,False,0.01375,False,0.52,7.5,Data obfuscation: coarsened location; privacy exposure -0.14; Transport Layer Security: reduced tampering probability; latency +6 ms; Virtual objects: sensor and actuator abstractions enabled
EXP_20260507_152111_a31077,1,7,7.0,12,technician,93.592,37.097,96.4,1.221,Radiology-zone,0.496,none,False,0.1212,False,none,0.65,51.345,15.432,66.777,False,0.20975,0.66667,0.35,0.65,0.64,0.45,0.34,True,0.075,False,0.01375,False,0.52,7.5,Data obfuscation: coarsened location; privacy exposure -0.14; Transport Layer Security: reduced tampering probability; latency +6 ms; Virtual objects: sensor and actuator abstractions enabled
EXP_20260507_152111_a31077,1,7,7.0,13,physician,96.424,36.758,96.317,1.869,ICU-zone,0.583,none,False,0.2246,False,none,0.65,48.506,16.472,64.978,False,0.20975,0.66667,0.35,0.65,0.64,0.45,0.34,True,0.075,False,0.01375,False,0.52,7.5,Data obfuscation: coarsened location; privacy exposure -0.14; Transport Layer Security: reduced tampering probability; latency +6 ms; Virtual objects: sensor and actuator abstractions enabled
EXP_20260507_152111_a31077,1,7,7.0,14,technician,95.277,36.909,96.069,1.254,Radiology-zone,0.404,none,False,0.1124,False,none,0.65,43.405,16.222,59.627,False,0.20975,0.66667,0.35,0.65,0.64,0.45,0.34,True,0.075,False,0.01375,False,0.52,7.5,Data obfuscation: coarsened location; privacy exposure -0.14; Transport Layer Security: reduced tampering probability; latency +6 ms; Virtual objects: sensor and actuator abstractions enabled
EXP_20260507_152111_a31077,1,7,7.0,15,physician,72.849,36.983,97.327,0.0,ICU-zone,0.374,none,False,0.1411,False,none,0.65,48.736,18.631,67.367,False,0.20975,0.66667,0.35,0.65,0.64,0.45,0.34,True,0.075,True,0.01375,True,0.52,7.5,Data obfuscation: coarsened location; privacy exposure -0.14; Transport Layer Security: reduced tampering probability; latency +6 ms; Virtual objects: sensor and actuator abstractions enabled
EXP_20260507_152111_a31077,1,7,7.0,16,physician,87.153,37.007,94.937,1.143,Ward-A-zone,0.347,none,False,0.1053,False,none,0.65,52.14,15.871,68.012,False,0.20975,0.66667,0.35,0.65,0.64,0.45,0.34,True,0.075,False,0.01375,False,0.52,7.5,Data obfuscation: coarsened location; privacy exposure -0.14; Transport Layer Security: reduced tampering probability; latency +6 ms; Virtual objects: sensor and actuator abstractions enabled
EXP_20260507_152111_a31077,1,7,7.0,17,porter,94.619,36.826,94.824,1.461,Surgery-zone,0.508,none,False,0.2156,False,none,0.65,68.79,16.327,85.116,False,0.20975,0.66667,0.35,0.65,0.64,0.45,0.34,True,0.075,False,0.01375,False,0.52,7.5,Data obfuscation: coarsened location; privacy exposure -0.14; Transport Layer Security: reduced tampering probability; latency +6 ms; Virtual objects: sensor and actuator abstractions enabled
EXP_20260507_152111_a31077,1,7,7.0,18,physician,107.952,36.966,95.324,1.646,Emergency-zone,0.616,none,False,0.2698,False,none,0.65,62.832,18.155,80.987,False,0.20975,0.66667,0.35,0.65,0.64,0.45,0.34,True,0.075,False,0.01375,False,0.52,7.5,Data obfuscation: coarsened location; privacy exposure -0.14; Transport Layer Security: reduced tampering probability; latency +6 ms; Virtual objects: sensor and actuator abstractions enabled
EXP_20260507_152111_a31077,1,7,7.0,19,nurse,90.054,37.215,95.078,0.836,Surgery-zone,0.345,none,False,0.1978,False,none,0.65,56.655,18.882,75.537,False,0.20975,0.66667,0.35,0.65,0.64,0.45,0.34,True,0.075,False,0.01375,False,0.52,7.5,Data obfuscation: coarsened location; privacy exposure -0.14; Transport Layer Security: reduced tampering probability; latency +6 ms; Virtual objects: sensor and actuator abstractions enabled
EXP_20260507_152111_a31077,1,7,7.0,20,technician,100.828,36.996,94.431,1.36,Surgery-zone,0.466,none,False,0.2403,False,none,0.65,71.575,18.581,90.156,False,0.20975,0.66667,0.35,0.65,0.64,0.45,0.34,True,0.075,False,0.01375,False,0.52,7.5,Data obfuscation: coarsened location; privacy exposure -0.14; Transport Layer Security: reduced tampering probability; latency +6 ms; Virtual objects: sensor and actuator abstractions enabled
EXP_20260507_152111_a31077,1,8,8.0,1,nurse,72.068,36.984,97.466,0.876,Pharmacy-zone,0.05,none,False,0.0522,False,none,0.65,41.28,16.469,57.749,False,0.20975,0.66667,0.35,0.65,0.64,0.45,0.34,True,0.075,True,0.01375,False,0.52,7.5,Data obfuscation: coarsened location; privacy exposure -0.14; Transport Layer Security: reduced tampering probability; latency +6 ms; Virtual objects: sensor and actuator abstractions enabled
EXP_20260507_152111_a31077,1,8,8.0,2,porter,102.142,36.915,96.756,2.022,Surgery-zone,0.79,none,False,0.2683,False,none,0.65,45.942,17.799,63.741,False,0.20975,0.66667,0.35,0.65,0.64,0.45,0.34,True,0.075,False,0.01375,False,0.52,7.5,Data obfuscation: coarsened location; privacy exposure -0.14; Transport Layer Security: reduced tampering probability; latency +6 ms; Virtual objects: sensor and actuator abstractions enabled
EXP_20260507_152111_a31077,1,8,8.0,3,technician,94.995,37.134,94.748,1.687,Ward-A-zone,0.783,none,False,0.1957,False,none,0.65,66.271,17.261,83.531,False,0.20975,0.66667,0.35,0.65,0.64,0.45,0.34,True,0.075,False,0.01375,False,0.52,7.5,Data obfuscation: coarsened location; privacy exposure -0.14; Transport Layer Security: reduced tampering probability; latency +6 ms; Virtual objects: sensor and actuator abstractions enabled
EXP_20260507_152111_a31077,1,8,8.0,4,porter,109.992,37.079,95.353,1.894,Surgery-zone,0.664,none,False,0.3019,False,none,0.65,52.782,17.309,70.091,False,0.20975,0.66667,0.35,0.65,0.64,0.45,0.34,True,0.075,False,0.01375,False,0.52,7.5,Data obfuscation: coarsened location; privacy exposure -0.14; Transport Layer Security: reduced tampering probability; latency +6 ms; Virtual objects: sensor and actuator abstractions enabled
EXP_20260507_152111_a31077,1,8,8.0,5,technician,94.516,37.48,95.638,1.205,Emergency-zone,0.463,none,False,0.2318,False,none,0.65,40.83,12.378,53.208,False,0.20975,0.66667,0.35,0.65,0.64,0.45,0.34,True,0.075,False,0.01375,False,0.52,7.5,Data obfuscation: coarsened location; privacy exposure -0.14; Transport Layer Security: reduced tampering probability; latency +6 ms; Virtual objects: sensor and actuator abstractions enabled
EXP_20260507_152111_a31077,1,8,8.0,6,porter,93.5,36.778,95.076,1.359,Emergency-zone,0.468,none,False,0.1993,False,none,0.65,58.41,14.905,73.315,False,0.20975,0.66667,0.35,0.65,0.64,0.45,0.34,True,0.075,False,0.01375,False,0.52,7.5,Data obfuscation: coarsened location; privacy exposure -0.14; Transport Layer Security: reduced tampering probability; latency +6 ms; Virtual objects: sensor and actuator abstractions enabled
EXP_20260507_152111_a31077,1,8,8.0,7,porter,100.191,36.853,96.256,1.134,Radiology-zone,0.64,none,False,0.1457,False,none,0.65,66.305,19.014,85.319,False,0.20975,0.66667,0.35,0.65,0.64,0.45,0.34,True,0.075,False,0.01375,False,0.52,7.5,Data obfuscation: coarsened location; privacy exposure -0.14; Transport Layer Security: reduced tampering probability; latency +6 ms; Virtual objects: sensor and actuator abstractions enabled
EXP_20260507_152111_a31077,1,8,8.0,8,porter,97.96,36.924,96.497,1.677,ICU-zone,0.588,none,False,0.2186,False,none,0.65,62.77,19.944,82.714,False,0.20975,0.66667,0.35,0.65,0.64,0.45,0.34,True,0.075,False,0.01375,False,0.52,7.5,Data obfuscation: coarsened location; privacy exposure -0.14; Transport Layer Security: reduced tampering probability; latency +6 ms; Virtual objects: sensor and actuator abstractions enabled
EXP_20260507_152111_a31077,1,8,8.0,9,technician,90.257,36.921,97.426,0.943,Ward-A-zone,0.517,none,False,0.1022,False,none,0.65,61.664,14.357,76.021,False,0.20975,0.66667,0.35,0.65,0.64,0.45,0.34,True,0.075,False,0.01375,False,0.52,7.5,Data obfuscation: coarsened location; privacy exposure -0.14; Transport Layer Security: reduced tampering probability; latency +6 ms; Virtual objects: sensor and actuator abstractions enabled
EXP_20260507_152111_a31077,1,8,8.0,10,nurse,102.037,37.205,96.793,2.639,Pharmacy-zone,0.791,none,False,0.257,False,none,0.65,58.029,18.292,76.321,False,0.20975,0.66667,0.35,0.65,0.64,0.45,0.34,True,0.075,False,0.01375,False,0.52,7.5,Data obfuscation: coarsened location; privacy exposure -0.14; Transport Layer Security: reduced tampering probability; latency +6 ms; Virtual objects: sensor and actuator abstractions enabled
EXP_20260507_152111_a31077,1,8,8.0,11,cleaning_staff,85.745,36.585,94.874,0.128,Emergency-zone,0.163,none,False,0.156,False,none,0.65,47.507,16.332,63.84,False,0.20975,0.66667,0.35,0.65,0.64,0.45,0.34,True,0.075,False,0.01375,False,0.52,7.5,Data obfuscation: coarsened location; privacy exposure -0.14; Transport Layer Security: reduced tampering probability; latency +6 ms; Virtual objects: sensor and actuator abstractions enabled
EXP_20260507_152111_a31077,1,8,8.0,12,technician,93.005,37.077,96.43,1.283,Radiology-zone,0.442,none,False,0.1137,False,none,0.65,51.459,16.228,67.688,False,0.20975,0.66667,0.35,0.65,0.64,0.45,0.34,True,0.075,False,0.01375,False,0.52,7.5,Data obfuscation: coarsened location; privacy exposure -0.14; Transport Layer Security: reduced tampering probability; latency +6 ms; Virtual objects: sensor and actuator abstractions enabled
EXP_20260507_152111_a31077,1,8,8.0,13,physician,112.877,38.011,96.059,1.252,ICU-zone,0.452,heat_stress,True,0.3347,False,none,0.65,47.604,11.915,59.519,False,0.20975,0.66667,0.35,0.65,0.64,0.45,0.34,True,0.075,False,0.01375,False,0.52,7.5,Data obfuscation: coarsened location; privacy exposure -0.14; Transport Layer Security: reduced tampering probability; latency +6 ms; Virtual objects: sensor and actuator abstractions enabled
EXP_20260507_152111_a31077,1,8,8.0,14,technician,102.803,37.023,95.696,1.781,Radiology-zone,0.683,none,False,0.1905,False,none,0.65,56.57,19.714,76.284,False,0.20975,0.66667,0.35,0.65,0.64,0.45,0.34,True,0.075,False,0.01375,False,0.52,7.5,Data obfuscation: coarsened location; privacy exposure -0.14; Transport Layer Security: reduced tampering probability; latency +6 ms; Virtual objects: sensor and actuator abstractions enabled
EXP_20260507_152111_a31077,1,8,8.0,15,physician,90.437,37.157,95.163,1.467,ICU-zone,0.579,none,False,0.2119,False,none,0.65,51.978,15.872,67.85,False,0.20975,0.66667,0.35,0.65,0.64,0.45,0.34,True,0.075,False,0.01375,False,0.52,7.5,Data obfuscation: coarsened location; privacy exposure -0.14; Transport Layer Security: reduced tampering probability; latency +6 ms; Virtual objects: sensor and actuator abstractions enabled
EXP_20260507_152111_a31077,1,8,8.0,16,physician,96.844,37.11,94.797,1.828,Radiology-zone,0.716,none,False,0.2032,False,none,0.65,55.657,14.56,70.218,False,0.20975,0.66667,0.35,0.65,0.64,0.45,0.34,True,0.075,False,0.01375,False,0.52,7.5,Data obfuscation: coarsened location; privacy exposure -0.14; Transport Layer Security: reduced tampering probability; latency +6 ms; Virtual objects: sensor and actuator abstractions enabled
EXP_20260507_152111_a31077,1,8,8.0,17,porter,91.762,36.776,94.822,1.323,Surgery-zone,0.368,none,False,0.0,False,no_assessment_packet_loss,0.65,53.336,0.0,53.336,True,0.20975,0.66667,0.35,0.65,0.64,0.45,0.34,True,0.075,False,0.01375,False,0.52,7.5,Data obfuscation: coarsened location; privacy exposure -0.14; Transport Layer Security: reduced tampering probability; latency +6 ms; Virtual objects: sensor and actuator abstractions enabled
EXP_20260507_152111_a31077,1,8,8.0,18,physician,108.609,36.954,94.751,0.921,Radiology-zone,0.642,none,False,0.2049,False,none,0.65,60.417,16.392,76.809,False,0.20975,0.66667,0.35,0.65,0.64,0.45,0.34,True,0.075,False,0.01375,False,0.52,7.5,Data obfuscation: coarsened location; privacy exposure -0.14; Transport Layer Security: reduced tampering probability; latency +6 ms; Virtual objects: sensor and actuator abstractions enabled
EXP_20260507_152111_a31077,1,8,8.0,19,nurse,97.577,37.338,95.08,1.843,Surgery-zone,0.637,none,False,0.2822,False,none,0.65,71.884,16.154,88.037,False,0.20975,0.66667,0.35,0.65,0.64,0.45,0.34,True,0.075,False,0.01375,False,0.52,7.5,Data obfuscation: coarsened location; privacy exposure -0.14; Transport Layer Security: reduced tampering probability; latency +6 ms; Virtual objects: sensor and actuator abstractions enabled
EXP_20260507_152111_a31077,1,8,8.0,20,technician,96.01,36.967,94.311,0.664,Surgery-zone,0.269,none,False,0.2128,False,none,0.65,57.382,16.919,74.301,False,0.20975,0.66667,0.35,0.65,0.64,0.45,0.34,True,0.075,False,0.01375,False,0.52,7.5,Data obfuscation: coarsened location; privacy exposure -0.14; Transport Layer Security: reduced tampering probability; latency +6 ms; Virtual objects: sensor and actuator abstractions enabled
EXP_20260507_152111_a31077,1,9,9.0,1,nurse,74.735,36.994,97.188,1.473,Pharmacy-zone,0.099,none,False,0.06,False,none,0.65,55.995,19.123,75.118,False,0.20975,0.66667,0.35,0.65,0.64,0.45,0.34,True,0.075,False,0.01375,False,0.52,7.5,Data obfuscation: coarsened location; privacy exposure -0.14; Transport Layer Security: reduced tampering probability; latency +6 ms; Virtual objects: sensor and actuator abstractions enabled
EXP_20260507_152111_a31077,1,9,9.0,2,porter,99.949,36.846,96.748,2.034,Pharmacy-zone,0.715,none,False,0.1889,False,none,0.65,60.29,14.942,75.232,False,0.20975,0.66667,0.35,0.65,0.64,0.45,0.34,True,0.075,False,0.01375,False,0.52,7.5,Data obfuscation: coarsened location; privacy exposure -0.14; Transport Layer Security: reduced tampering probability; latency +6 ms; Virtual objects: sensor and actuator abstractions enabled
EXP_20260507_152111_a31077,1,9,9.0,3,technician,96.971,37.171,94.877,1.516,Ward-A-zone,0.82,none,False,0.195,False,none,0.65,49.284,14.666,63.95,False,0.20975,0.66667,0.35,0.65,0.64,0.45,0.34,True,0.075,False,0.01375,False,0.52,7.5,Data obfuscation: coarsened location; privacy exposure -0.14; Transport Layer Security: reduced tampering probability; latency +6 ms; Virtual objects: sensor and actuator abstractions enabled
EXP_20260507_152111_a31077,1,9,9.0,4,porter,106.177,37.052,95.443,0.981,Laboratory-zone,0.497,none,False,0.175,False,none,0.65,59.014,14.361,73.376,False,0.20975,0.66667,0.35,0.65,0.64,0.45,0.34,True,0.075,False,0.01375,False,0.52,7.5,Data obfuscation: coarsened location; privacy exposure -0.14; Transport Layer Security: reduced tampering probability; latency +6 ms; Virtual objects: sensor and actuator abstractions enabled
EXP_20260507_152111_a31077,1,9,9.0,5,technician,99.779,37.513,95.771,1.489,Emergency-zone,0.631,none,False,0.2671,False,none,0.65,55.0,15.128,70.128,False,0.20975,0.66667,0.35,0.65,0.64,0.45,0.34,True,0.075,False,0.01375,False,0.52,7.5,Data obfuscation: coarsened location; privacy exposure -0.14; Transport Layer Security: reduced tampering probability; latency +6 ms; Virtual objects: sensor and actuator abstractions enabled
EXP_20260507_152111_a31077,1,9,9.0,6,porter,114.713,38.102,94.457,1.314,Emergency-zone,0.553,heat_stress,True,0.0,False,no_assessment_packet_loss,0.65,51.529,0.0,51.529,True,0.20975,0.66667,0.35,0.65,0.64,0.45,0.34,True,0.075,False,0.01375,False,0.52,7.5,Data obfuscation: coarsened location; privacy exposure -0.14; Transport Layer Security: reduced tampering probability; latency +6 ms; Virtual objects: sensor and actuator abstractions enabled
EXP_20260507_152111_a31077,1,9,9.0,7,porter,97.89,36.823,96.522,1.504,Surgery-zone,0.515,none,False,0.2027,False,none,0.65,63.563,13.329,76.892,False,0.20975,0.66667,0.35,0.65,0.64,0.45,0.34,True,0.075,False,0.01375,False,0.52,7.5,Data obfuscation: coarsened location; privacy exposure -0.14; Transport Layer Security: reduced tampering probability; latency +6 ms; Virtual objects: sensor and actuator abstractions enabled
EXP_20260507_152111_a31077,1,9,9.0,8,porter,96.214,36.885,96.409,1.124,Emergency-zone,0.453,none,False,0.1862,False,none,0.65,64.893,17.086,81.98,False,0.20975,0.66667,0.35,0.65,0.64,0.45,0.34,True,0.075,False,0.01375,False,0.52,7.5,Data obfuscation: coarsened location; privacy exposure -0.14; Transport Layer Security: reduced tampering probability; latency +6 ms; Virtual objects: sensor and actuator abstractions enabled
EXP_20260507_152111_a31077,1,9,9.0,9,technician,90.296,36.954,97.556,0.902,Ward-A-zone,0.497,none,False,0.101,False,none,0.65,30.808,17.713,48.521,False,0.20975,0.66667,0.35,0.65,0.64,0.45,0.34,True,0.075,False,0.01375,False,0.52,7.5,Data obfuscation: coarsened location; privacy exposure -0.14; Transport Layer Security: reduced tampering probability; latency +6 ms; Virtual objects: sensor and actuator abstractions enabled
EXP_20260507_152111_a31077,1,9,9.0,10,nurse,96.209,37.138,96.825,1.355,ICU-zone,0.556,none,False,0.2054,False,none,0.65,64.019,15.559,79.578,False,0.20975,0.66667,0.35,0.65,0.64,0.45,0.34,True,0.075,False,0.01375,False,0.52,7.5,Data obfuscation: coarsened location; privacy exposure -0.14; Transport Layer Security: reduced tampering probability; latency +6 ms; Virtual objects: sensor and actuator abstractions enabled
EXP_20260507_152111_a31077,1,9,9.0,11,cleaning_staff,91.08,36.662,94.619,1.797,Emergency-zone,0.364,none,False,0.219,False,none,0.65,50.478,19.084,69.562,False,0.20975,0.66667,0.35,0.65,0.64,0.45,0.34,True,0.075,False,0.01375,False,0.52,7.5,Data obfuscation: coarsened location; privacy exposure -0.14; Transport Layer Security: reduced tampering probability; latency +6 ms; Virtual objects: sensor and actuator abstractions enabled
EXP_20260507_152111_a31077,1,9,9.0,12,technician,95.661,37.173,96.483,1.136,Radiology-zone,0.572,none,False,0.1403,False,none,0.65,52.366,15.513,67.879,False,0.20975,0.66667,0.35,0.65,0.64,0.45,0.34,True,0.075,False,0.01375,False,0.52,7.5,Data obfuscation: coarsened location; privacy exposure -0.14; Transport Layer Security: reduced tampering probability; latency +6 ms; Virtual objects: sensor and actuator abstractions enabled
EXP_20260507_152111_a31077,1,9,9.0,13,physician,93.005,36.77,96.363,1.667,Laboratory-zone,0.479,none,False,0.1259,False,none,0.65,40.764,14.912,55.676,False,0.20975,0.66667,0.35,0.65,0.64,0.45,0.34,True,0.075,False,0.01375,False,0.52,7.5,Data obfuscation: coarsened location; privacy exposure -0.14; Transport Layer Security: reduced tampering probability; latency +6 ms; Virtual objects: sensor and actuator abstractions enabled
EXP_20260507_152111_a31077,1,9,9.0,14,technician,104.836,37.05,95.658,1.927,Radiology-zone,0.746,none,False,0.2142,False,none,0.65,74.778,14.278,89.056,False,0.20975,0.66667,0.35,0.65,0.64,0.45,0.34,True,0.075,False,0.01375,False,0.52,7.5,Data obfuscation: coarsened location; privacy exposure -0.14; Transport Layer Security: reduced tampering probability; latency +6 ms; Virtual objects: sensor and actuator abstractions enabled
EXP_20260507_152111_a31077,1,9,9.0,15,physician,87.086,37.121,95.029,1.339,ICU-zone,0.403,none,False,0.1839,False,none,0.65,49.086,14.728,63.815,False,0.20975,0.66667,0.35,0.65,0.64,0.45,0.34,True,0.075,False,0.01375,False,0.52,7.5,Data obfuscation: coarsened location; privacy exposure -0.14; Transport Layer Security: reduced tampering probability; latency +6 ms; Virtual objects: sensor and actuator abstractions enabled
EXP_20260507_152111_a31077,1,9,9.0,16,physician,94.825,37.085,94.762,1.69,Radiology-zone,0.621,none,False,0.1798,False,none,0.65,60.694,19.752,80.446,False,0.20975,0.66667,0.35,0.65,0.64,0.45,0.34,True,0.075,False,0.01375,False,0.52,7.5,Data obfuscation: coarsened location; privacy exposure -0.14; Transport Layer Security: reduced tampering probability; latency +6 ms; Virtual objects: sensor and actuator abstractions enabled
EXP_20260507_152111_a31077,1,9,9.0,17,porter,97.286,36.84,94.595,0.94,ICU-zone,0.596,none,False,0.2326,False,none,0.65,42.0,13.219,55.219,False,0.20975,0.66667,0.35,0.65,0.64,0.45,0.34,True,0.075,False,0.01375,False,0.52,7.5,Data obfuscation: coarsened location; privacy exposure -0.14; Transport Layer Security: reduced tampering probability; latency +6 ms; Virtual objects: sensor and actuator abstractions enabled
EXP_20260507_152111_a31077,1,9,9.0,18,physician,116.457,37.699,92.794,1.461,Radiology-zone,0.595,high_fatigue,True,0.3412,False,none,0.65,45.734,16.761,62.496,False,0.20975,0.66667,0.35,0.65,0.64,0.45,0.34,True,0.075,False,0.01375,False,0.52,7.5,Data obfuscation: coarsened location; privacy exposure -0.14; Transport Layer Security: reduced tampering probability; latency +6 ms; Virtual objects: sensor and actuator abstractions enabled
EXP_20260507_152111_a31077,1,9,9.0,19,nurse,93.583,37.285,95.193,1.146,Surgery-zone,0.444,none,False,0.2204,False,none,0.65,48.733,19.162,67.895,False,0.20975,0.66667,0.35,0.65,0.64,0.45,0.34,True,0.075,False,0.01375,False,0.52,7.5,Data obfuscation: coarsened location; privacy exposure -0.14; Transport Layer Security: reduced tampering probability; latency +6 ms; Virtual objects: sensor and actuator abstractions enabled
EXP_20260507_152111_a31077,1,9,9.0,20,technician,99.765,36.989,94.356,0.859,Emergency-zone,0.396,none,False,0.2336,False,none,0.65,58.763,13.785,72.548,False,0.20975,0.66667,0.35,0.65,0.64,0.45,0.34,True,0.075,False,0.01375,False,0.52,7.5,Data obfuscation: coarsened location; privacy exposure -0.14; Transport Layer Security: reduced tampering probability; latency +6 ms; Virtual objects: sensor and actuator abstractions enabled
EXP_20260507_152111_a31077,1,10,10.0,1,nurse,82.476,37.045,97.131,1.131,Pharmacy-zone,0.382,none,False,0.0785,False,none,0.65,54.636,14.637,69.273,False,0.20975,0.66667,0.35,0.65,0.64,0.45,0.34,True,0.075,False,0.01375,False,0.52,7.5,Data obfuscation: coarsened location; privacy exposure -0.14; Transport Layer Security: reduced tampering probability; latency +6 ms; Virtual objects: sensor and actuator abstractions enabled
EXP_20260507_152111_a31077,1,10,10.0,2,porter,101.396,36.913,96.722,1.938,Pharmacy-zone,0.727,none,False,0.1889,False,none,0.65,50.522,16.112,66.634,False,0.20975,0.66667,0.35,0.65,0.64,0.45,0.34,True,0.075,False,0.01375,False,0.52,7.5,Data obfuscation: coarsened location; privacy exposure -0.14; Transport Layer Security: reduced tampering probability; latency +6 ms; Virtual objects: sensor and actuator abstractions enabled
EXP_20260507_152111_a31077,1,10,10.0,3,technician,91.588,37.106,95.137,1.254,Ward-A-zone,0.632,none,False,0.1442,False,none,0.65,60.168,15.226,75.394,False,0.20975,0.66667,0.35,0.65,0.64,0.45,0.34,True,0.075,False,0.01375,False,0.52,7.5,Data obfuscation: coarsened location; privacy exposure -0.14; Transport Layer Security: reduced tampering probability; latency +6 ms; Virtual objects: sensor and actuator abstractions enabled
EXP_20260507_152111_a31077,1,10,10.0,4,porter,106.422,37.034,95.337,1.676,Surgery-zone,0.492,none,False,0.2605,False,none,0.65,35.82,19.962,55.782,False,0.20975,0.66667,0.35,0.65,0.64,0.45,0.34,True,0.075,False,0.01375,False,0.52,7.5,Data obfuscation: coarsened location; privacy exposure -0.14; Transport Layer Security: reduced tampering probability; latency +6 ms; Virtual objects: sensor and actuator abstractions enabled
EXP_20260507_152111_a31077,1,10,10.0,5,technician,97.671,37.477,95.674,1.125,Emergency-zone,0.567,none,False,0.249,False,none,0.65,60.106,14.808,74.914,False,0.20975,0.66667,0.35,0.65,0.64,0.45,0.34,True,0.075,False,0.01375,False,0.52,7.5,Data obfuscation: coarsened location; privacy exposure -0.14; Transport Layer Security: reduced tampering probability; latency +6 ms; Virtual objects: sensor and actuator abstractions enabled
EXP_20260507_152111_a31077,1,10,10.0,6,porter,103.478,36.894,94.638,2.137,Emergency-zone,0.808,none,False,0.3133,False,none,0.65,66.841,16.036,82.877,False,0.20975,0.66667,0.35,0.65,0.64,0.45,0.34,True,0.075,False,0.01375,False,0.52,7.5,Data obfuscation: coarsened location; privacy exposure -0.14; Transport Layer Security: reduced tampering probability; latency +6 ms; Virtual objects: sensor and actuator abstractions enabled
EXP_20260507_152111_a31077,1,10,10.0,7,porter,105.118,36.939,96.018,1.835,Radiology-zone,0.763,none,False,0.1982,False,none,0.65,51.075,17.362,68.437,False,0.20975,0.66667,0.35,0.65,0.64,0.45,0.34,True,0.075,False,0.01375,False,0.52,7.5,Data obfuscation: coarsened location; privacy exposure -0.14; Transport Layer Security: reduced tampering probability; latency +6 ms; Virtual objects: sensor and actuator abstractions enabled
EXP_20260507_152111_a31077,1,10,10.0,8,porter,100.93,36.994,94.416,2.32,Emergency-zone,0.686,none,False,0.3125,False,none,0.65,64.979,18.356,83.335,False,0.20975,0.66667,0.35,0.65,0.64,0.45,0.34,True,0.075,False,0.01375,True,0.52,7.5,Data obfuscation: coarsened location; privacy exposure -0.14; Transport Layer Security: reduced tampering probability; latency +6 ms; Virtual objects: sensor and actuator abstractions enabled
EXP_20260507_152111_a31077,1,10,10.0,9,technician,84.897,36.919,97.588,1.015,Ward-A-zone,0.3,none,False,0.069,False,none,0.65,55.774,16.721,72.495,False,0.20975,0.66667,0.35,0.65,0.64,0.45,0.34,True,0.075,False,0.01375,False,0.52,7.5,Data obfuscation: coarsened location; privacy exposure -0.14; Transport Layer Security: reduced tampering probability; latency +6 ms; Virtual objects: sensor and actuator abstractions enabled
EXP_20260507_152111_a31077,1,10,10.0,10,nurse,100.806,37.233,96.704,2.151,Pharmacy-zone,0.719,none,False,0.2202,False,none,0.65,44.02,18.798,62.818,False,0.20975,0.66667,0.35,0.65,0.64,0.45,0.34,True,0.075,False,0.01375,False,0.52,7.5,Data obfuscation: coarsened location; privacy exposure -0.14; Transport Layer Security: reduced tampering probability; latency +6 ms; Virtual objects: sensor and actuator abstractions enabled
EXP_20260507_152111_a31077,1,10,10.0,11,cleaning_staff,98.252,36.77,94.397,0.953,Emergency-zone,0.62,none,False,0.2423,False,none,0.65,59.617,16.537,76.154,False,0.20975,0.66667,0.35,0.65,0.64,0.45,0.34,True,0.075,False,0.01375,False,0.52,7.5,Data obfuscation: coarsened location; privacy exposure -0.14; Transport Layer Security: reduced tampering probability; latency +6 ms; Virtual objects: sensor and actuator abstractions enabled
EXP_20260507_152111_a31077,1,10,10.0,12,technician,93.215,37.113,96.136,0.945,Radiology-zone,0.426,none,False,0.1166,False,none,0.65,47.602,17.771,65.374,False,0.20975,0.66667,0.35,0.65,0.64,0.45,0.34,True,0.075,False,0.01375,False,0.52,7.5,Data obfuscation: coarsened location; privacy exposure -0.14; Transport Layer Security: reduced tampering probability; latency +6 ms; Virtual objects: sensor and actuator abstractions enabled
EXP_20260507_152111_a31077,1,10,10.0,13,physician,90.673,36.734,96.205,1.215,ICU-zone,0.365,none,False,0.1606,False,none,0.65,57.595,16.156,73.751,False,0.20975,0.66667,0.35,0.65,0.64,0.45,0.34,True,0.075,False,0.01375,False,0.52,7.5,Data obfuscation: coarsened location; privacy exposure -0.14; Transport Layer Security: reduced tampering probability; latency +6 ms; Virtual objects: sensor and actuator abstractions enabled
EXP_20260507_152111_a31077,1,10,10.0,14,technician,98.678,36.959,95.633,1.031,Radiology-zone,0.521,none,False,0.1409,False,none,0.65,65.088,16.148,81.237,False,0.20975,0.66667,0.35,0.65,0.64,0.45,0.34,True,0.075,False,0.01375,False,0.52,7.5,Data obfuscation: coarsened location; privacy exposure -0.14; Transport Layer Security: reduced tampering probability; latency +6 ms; Virtual objects: sensor and actuator abstractions enabled
EXP_20260507_152111_a31077,1,10,10.0,15,physician,85.552,37.094,94.952,0.958,ICU-zone,0.345,none,False,0.174,False,none,0.65,73.474,16.813,90.287,False,0.20975,0.66667,0.35,0.65,0.64,0.45,0.34,True,0.075,False,0.01375,False,0.52,7.5,Data obfuscation: coarsened location; privacy exposure -0.14; Transport Layer Security: reduced tampering probability; latency +6 ms; Virtual objects: sensor and actuator abstractions enabled
EXP_20260507_152111_a31077,1,10,10.0,16,physician,98.174,37.142,94.418,1.357,Radiology-zone,0.738,none,False,0.1948,False,none,0.65,53.629,15.367,68.996,False,0.20975,0.66667,0.35,0.65,0.64,0.45,0.34,True,0.075,False,0.01375,False,0.52,7.5,Data obfuscation: coarsened location; privacy exposure -0.14; Transport Layer Security: reduced tampering probability; latency +6 ms; Virtual objects: sensor and actuator abstractions enabled
EXP_20260507_152111_a31077,1,10,10.0,17,porter,97.31,36.866,94.495,1.221,Surgery-zone,0.591,none,False,0.2346,False,none,0.65,61.455,14.732,76.187,False,0.20975,0.66667,0.35,0.65,0.64,0.45,0.34,True,0.075,False,0.01375,False,0.52,7.5,Data obfuscation: coarsened location; privacy exposure -0.14; Transport Layer Security: reduced tampering probability; latency +6 ms; Virtual objects: sensor and actuator abstractions enabled
EXP_20260507_152111_a31077,1,10,10.0,18,physician,103.641,36.951,95.151,1.664,Emergency-zone,0.446,none,False,0.0,False,no_assessment_packet_loss,0.65,62.121,0.0,62.121,True,0.20975,0.66667,0.35,0.65,0.64,0.45,0.34,True,0.075,False,0.01375,False,0.52,7.5,Data obfuscation: coarsened location; privacy exposure -0.14; Transport Layer Security: reduced tampering probability; latency +6 ms; Virtual objects: sensor and actuator abstractions enabled
EXP_20260507_152111_a31077,1,10,10.0,19,nurse,89.188,37.248,95.365,0.726,Surgery-zone,0.28,none,False,0.0,False,no_assessment_packet_loss,0.65,48.366,0.0,48.366,True,0.20975,0.66667,0.35,0.65,0.64,0.45,0.34,True,0.075,False,0.01375,False,0.52,7.5,Data obfuscation: coarsened location; privacy exposure -0.14; Transport Layer Security: reduced tampering probability; latency +6 ms; Virtual objects: sensor and actuator abstractions enabled
EXP_20260507_152111_a31077,1,10,10.0,20,technician,99.477,37.002,94.384,1.385,Surgery-zone,0.389,none,False,0.2316,False,none,0.65,47.891,16.404,64.295,False,0.20975,0.66667,0.35,0.65,0.64,0.45,0.34,True,0.075,False,0.01375,False,0.52,7.5,Data obfuscation: coarsened location; privacy exposure -0.14; Transport Layer Security: reduced tampering probability; latency +6 ms; Virtual objects: sensor and actuator abstractions enabled
EXP_20260507_152111_a31077,1,11,11.0,1,nurse,76.675,37.034,97.375,0.445,Pharmacy-zone,0.136,none,False,0.0,False,no_assessment_packet_loss,0.65,47.361,0.0,47.361,True,0.20975,0.66667,0.35,0.65,0.64,0.45,0.34,True,0.075,False,0.01375,False,0.52,7.5,Data obfuscation: coarsened location; privacy exposure -0.14; Transport Layer Security: reduced tampering probability; latency +6 ms; Virtual objects: sensor and actuator abstractions enabled
EXP_20260507_152111_a31077,1,11,11.0,2,porter,103.933,36.928,96.679,1.644,Pharmacy-zone,0.79,none,False,0.1841,False,none,0.65,52.628,15.773,68.401,False,0.20975,0.66667,0.35,0.65,0.64,0.45,0.34,True,0.075,False,0.01375,False,0.52,7.5,Data obfuscation: coarsened location; privacy exposure -0.14; Transport Layer Security: reduced tampering probability; latency +6 ms; Virtual objects: sensor and actuator abstractions enabled
EXP_20260507_152111_a31077,1,11,11.0,3,technician,92.332,37.156,95.06,1.44,Ward-A-zone,0.624,none,False,0.1551,False,none,0.65,48.743,17.677,66.42,False,0.20975,0.66667,0.35,0.65,0.64,0.45,0.34,True,0.075,False,0.01375,False,0.52,7.5,Data obfuscation: coarsened location; privacy exposure -0.14; Transport Layer Security: reduced tampering probability; latency +6 ms; Virtual objects: sensor and actuator abstractions enabled
EXP_20260507_152111_a31077,1,11,11.0,4,porter,106.05,37.09,95.258,1.575,Ward-B-zone,0.491,none,False,0.1927,False,none,0.65,41.716,13.564,55.28,False,0.20975,0.66667,0.35,0.65,0.64,0.45,0.34,True,0.075,False,0.01375,False,0.52,7.5,Data obfuscation: coarsened location; privacy exposure -0.14; Transport Layer Security: reduced tampering probability; latency +6 ms; Virtual objects: sensor and actuator abstractions enabled
EXP_20260507_152111_a31077,1,11,11.0,5,technician,92.074,37.409,95.737,0.997,Emergency-zone,0.371,none,False,0.2084,False,none,0.65,52.774,18.35,71.123,False,0.20975,0.66667,0.35,0.65,0.64,0.45,0.34,True,0.075,False,0.01375,False,0.52,7.5,Data obfuscation: coarsened location; privacy exposure -0.14; Transport Layer Security: reduced tampering probability; latency +6 ms; Virtual objects: sensor and actuator abstractions enabled
EXP_20260507_152111_a31077,1,11,11.0,6,porter,98.728,36.922,94.967,1.836,ICU-zone,0.598,none,False,0.256,False,none,0.65,61.867,17.708,79.575,False,0.20975,0.66667,0.35,0.65,0.64,0.45,0.34,True,0.075,False,0.01375,False,0.52,7.5,Data obfuscation: coarsened location; privacy exposure -0.14; Transport Layer Security: reduced tampering probability; latency +6 ms; Virtual objects: sensor and actuator abstractions enabled
EXP_20260507_152111_a31077,1,11,11.0,7,porter,102.898,36.928,96.439,1.759,Radiology-zone,0.693,none,False,0.1809,False,none,0.65,40.408,14.471,54.879,False,0.20975,0.66667,0.35,0.65,0.64,0.45,0.34,True,0.075,True,0.01375,False,0.52,7.5,Data obfuscation: coarsened location; privacy exposure -0.14; Transport Layer Security: reduced tampering probability; latency +6 ms; Virtual objects: sensor and actuator abstractions enabled
EXP_20260507_152111_a31077,1,11,11.0,8,porter,103.569,37.081,96.23,1.146,Emergency-zone,0.738,none,False,0.2386,False,none,0.65,58.066,13.997,72.063,False,0.20975,0.66667,0.35,0.65,0.64,0.45,0.34,True,0.075,False,0.01375,False,0.52,7.5,Data obfuscation: coarsened location; privacy exposure -0.14; Transport Layer Security: reduced tampering probability; latency +6 ms; Virtual objects: sensor and actuator abstractions enabled
EXP_20260507_152111_a31077,1,11,11.0,9,technician,85.355,36.885,97.614,1.078,Ward-A-zone,0.292,none,False,0.0697,False,none,0.65,55.187,18.232,73.419,False,0.20975,0.66667,0.35,0.65,0.64,0.45,0.34,True,0.075,False,0.01375,False,0.52,7.5,Data obfuscation: coarsened location; privacy exposure -0.14; Transport Layer Security: reduced tampering probability; latency +6 ms; Virtual objects: sensor and actuator abstractions enabled
EXP_20260507_152111_a31077,1,11,11.0,10,nurse,101.711,37.186,96.65,1.403,Pharmacy-zone,0.734,none,False,0.174,False,none,0.65,56.344,10.801,67.145,False,0.20975,0.66667,0.35,0.65,0.64,0.45,0.34,True,0.075,False,0.01375,False,0.52,7.5,Data obfuscation: coarsened location; privacy exposure -0.14; Transport Layer Security: reduced tampering probability; latency +6 ms; Virtual objects: sensor and actuator abstractions enabled
EXP_20260507_152111_a31077,1,11,11.0,11,cleaning_staff,91.785,36.681,94.748,0.79,Laboratory-zone,0.347,none,False,0.1255,False,none,0.65,61.389,19.787,81.176,False,0.20975,0.66667,0.35,0.65,0.64,0.45,0.34,True,0.075,False,0.01375,False,0.52,7.5,Data obfuscation: coarsened location; privacy exposure -0.14; Transport Layer Security: reduced tampering probability; latency +6 ms; Virtual objects: sensor and actuator abstractions enabled
EXP_20260507_152111_a31077,1,11,11.0,12,technician,92.716,37.134,96.203,1.682,Radiology-zone,0.427,none,False,0.1341,False,none,0.65,51.963,15.134,67.097,False,0.20975,0.66667,0.35,0.65,0.64,0.45,0.34,True,0.075,False,0.01375,False,0.52,7.5,Data obfuscation: coarsened location; privacy exposure -0.14; Transport Layer Security: reduced tampering probability; latency +6 ms; Virtual objects: sensor and actuator abstractions enabled
EXP_20260507_152111_a31077,1,11,11.0,13,physician,94.729,36.784,96.333,1.356,ICU-zone,0.519,none,False,0.1853,False,none,0.65,61.508,17.708,79.216,False,0.20975,0.66667,0.35,0.65,0.64,0.45,0.34,True,0.075,False,0.01375,False,0.52,7.5,Data obfuscation: coarsened location; privacy exposure -0.14; Transport Layer Security: reduced tampering probability; latency +6 ms; Virtual objects: sensor and actuator abstractions enabled
EXP_20260507_152111_a31077,1,11,11.0,14,technician,98.293,36.942,95.7,1.125,Radiology-zone,0.482,none,False,0.1354,False,none,0.65,48.34,15.674,64.014,False,0.20975,0.66667,0.35,0.65,0.64,0.45,0.34,True,0.075,True,0.01375,False,0.52,7.5,Data obfuscation: coarsened location; privacy exposure -0.14; Transport Layer Security: reduced tampering probability; latency +6 ms; Virtual objects: sensor and actuator abstractions enabled
EXP_20260507_152111_a31077,1,11,11.0,15,physician,92.417,37.22,94.829,1.707,ICU-zone,0.575,none,False,0.2468,False,none,0.65,53.852,16.412,70.264,False,0.20975,0.66667,0.35,0.65,0.64,0.45,0.34,True,0.075,False,0.01375,False,0.52,7.5,Data obfuscation: coarsened location; privacy exposure -0.14; Transport Layer Security: reduced tampering probability; latency +6 ms; Virtual objects: sensor and actuator abstractions enabled
EXP_20260507_152111_a31077,1,11,11.0,16,physician,90.316,37.008,94.694,1.433,Radiology-zone,0.459,none,False,0.1319,False,none,0.65,41.954,17.379,59.332,False,0.20975,0.66667,0.35,0.65,0.64,0.45,0.34,True,0.075,False,0.01375,False,0.52,7.5,Data obfuscation: coarsened location; privacy exposure -0.14; Transport Layer Security: reduced tampering probability; latency +6 ms; Virtual objects: sensor and actuator abstractions enabled
EXP_20260507_152111_a31077,1,11,11.0,17,porter,97.436,36.828,94.595,1.479,Surgery-zone,0.571,none,False,0.2363,False,none,0.65,63.779,16.188,79.967,False,0.20975,0.66667,0.35,0.65,0.64,0.45,0.34,True,0.075,False,0.01375,False,0.52,7.5,Data obfuscation: coarsened location; privacy exposure -0.14; Transport Layer Security: reduced tampering probability; latency +6 ms; Virtual objects: sensor and actuator abstractions enabled
EXP_20260507_152111_a31077,1,11,11.0,18,physician,108.507,36.94,94.98,1.119,Radiology-zone,0.608,none,False,0.1969,False,none,0.65,51.659,16.283,67.942,False,0.20975,0.66667,0.35,0.65,0.64,0.45,0.34,True,0.075,False,0.01375,False,0.52,7.5,Data obfuscation: coarsened location; privacy exposure -0.14; Transport Layer Security: reduced tampering probability; latency +6 ms; Virtual objects: sensor and actuator abstractions enabled
EXP_20260507_152111_a31077,1,11,11.0,19,nurse,94.93,37.302,95.054,1.224,Surgery-zone,0.51,none,False,0.0,False,no_assessment_packet_loss,0.65,48.349,0.0,48.349,True,0.20975,0.66667,0.35,0.65,0.64,0.45,0.34,True,0.075,False,0.01375,False,0.52,7.5,Data obfuscation: coarsened location; privacy exposure -0.14; Transport Layer Security: reduced tampering probability; latency +6 ms; Virtual objects: sensor and actuator abstractions enabled
EXP_20260507_152111_a31077,1,11,11.0,20,technician,93.701,36.893,94.292,0.649,Surgery-zone,0.181,none,False,0.1991,False,none,0.65,46.469,17.098,63.567,False,0.20975,0.66667,0.35,0.65,0.64,0.45,0.34,True,0.075,False,0.01375,False,0.52,7.5,Data obfuscation: coarsened location; privacy exposure -0.14; Transport Layer Security: reduced tampering probability; latency +6 ms; Virtual objects: sensor and actuator abstractions enabled
EXP_20260507_152111_a31077,1,12,12.0,1,nurse,75.32,36.984,97.375,1.168,Pharmacy-zone,0.113,none,False,0.0564,False,none,0.65,53.377,15.584,68.961,False,0.20975,0.66667,0.35,0.65,0.64,0.45,0.34,True,0.075,False,0.01375,False,0.52,7.5,Data obfuscation: coarsened location; privacy exposure -0.14; Transport Layer Security: reduced tampering probability; latency +6 ms; Virtual objects: sensor and actuator abstractions enabled
EXP_20260507_152111_a31077,1,12,12.0,2,porter,101.669,36.908,96.8,1.618,Pharmacy-zone,0.698,none,False,0.1682,False,none,0.65,45.872,17.35,63.223,False,0.20975,0.66667,0.35,0.65,0.64,0.45,0.34,True,0.075,False,0.01375,False,0.52,7.5,Data obfuscation: coarsened location; privacy exposure -0.14; Transport Layer Security: reduced tampering probability; latency +6 ms; Virtual objects: sensor and actuator abstractions enabled
EXP_20260507_152111_a31077,1,12,12.0,3,technician,97.78,37.212,94.856,1.131,Ward-A-zone,0.803,none,False,0.1937,False,none,0.65,48.489,20.265,68.754,False,0.20975,0.66667,0.35,0.65,0.64,0.45,0.34,True,0.075,False,0.01375,False,0.52,7.5,Data obfuscation: coarsened location; privacy exposure -0.14; Transport Layer Security: reduced tampering probability; latency +6 ms; Virtual objects: sensor and actuator abstractions enabled
EXP_20260507_152111_a31077,1,12,12.0,4,porter,107.598,37.074,95.151,1.186,Laboratory-zone,0.494,none,False,0.1886,False,none,0.65,41.05,19.224,60.273,False,0.20975,0.66667,0.35,0.65,0.64,0.45,0.34,True,0.075,False,0.01375,False,0.52,7.5,Data obfuscation: coarsened location; privacy exposure -0.14; Transport Layer Security: reduced tampering probability; latency +6 ms; Virtual objects: sensor and actuator abstractions enabled
EXP_20260507_152111_a31077,1,12,12.0,5,technician,95.675,37.503,95.78,0.915,Emergency-zone,0.486,none,False,0.2363,False,none,0.65,57.632,19.142,76.774,False,0.20975,0.66667,0.35,0.65,0.64,0.45,0.34,True,0.075,False,0.01375,False,0.52,7.5,Data obfuscation: coarsened location; privacy exposure -0.14; Transport Layer Security: reduced tampering probability; latency +6 ms; Virtual objects: sensor and actuator abstractions enabled
EXP_20260507_152111_a31077,1,12,12.0,6,porter,96.791,36.885,94.757,1.183,Emergency-zone,0.482,none,False,0.2193,False,none,0.65,51.917,18.079,69.996,False,0.20975,0.66667,0.35,0.65,0.64,0.45,0.34,True,0.075,False,0.01375,False,0.52,7.5,Data obfuscation: coarsened location; privacy exposure -0.14; Transport Layer Security: reduced tampering probability; latency +6 ms; Virtual objects: sensor and actuator abstractions enabled
EXP_20260507_152111_a31077,1,12,12.0,7,porter,105.204,36.942,96.134,1.928,Radiology-zone,0.728,none,False,0.2019,False,none,0.65,46.058,16.216,62.274,False,0.20975,0.66667,0.35,0.65,0.64,0.45,0.34,True,0.075,False,0.01375,False,0.52,7.5,Data obfuscation: coarsened location; privacy exposure -0.14; Transport Layer Security: reduced tampering probability; latency +6 ms; Virtual objects: sensor and actuator abstractions enabled
EXP_20260507_152111_a31077,1,12,12.0,8,porter,105.763,37.071,96.471,1.645,Emergency-zone,0.793,none,False,0.2643,False,none,0.65,54.992,17.392,72.384,False,0.20975,0.66667,0.35,0.65,0.64,0.45,0.34,True,0.075,False,0.01375,False,0.52,7.5,Data obfuscation: coarsened location; privacy exposure -0.14; Transport Layer Security: reduced tampering probability; latency +6 ms; Virtual objects: sensor and actuator abstractions enabled
EXP_20260507_152111_a31077,1,12,12.0,9,technician,70.576,36.229,100.0,1.05,Ward-A-zone,0.455,none,False,0.0794,False,none,0.65,53.801,15.675,69.476,False,0.20975,0.66667,0.35,0.65,0.64,0.45,0.34,True,0.075,False,0.01375,True,0.52,7.5,Data obfuscation: coarsened location; privacy exposure -0.14; Transport Layer Security: reduced tampering probability; latency +6 ms; Virtual objects: sensor and actuator abstractions enabled
EXP_20260507_152111_a31077,1,12,12.0,10,nurse,95.947,37.126,96.955,1.281,Pharmacy-zone,0.508,none,False,0.1329,False,none,0.65,43.014,14.672,57.686,False,0.20975,0.66667,0.35,0.65,0.64,0.45,0.34,True,0.075,False,0.01375,False,0.52,7.5,Data obfuscation: coarsened location; privacy exposure -0.14; Transport Layer Security: reduced tampering probability; latency +6 ms; Virtual objects: sensor and actuator abstractions enabled
EXP_20260507_152111_a31077,1,12,12.0,11,cleaning_staff,93.691,36.713,94.639,1.184,Emergency-zone,0.427,none,False,0.2074,False,none,0.65,58.248,12.892,71.139,False,0.20975,0.66667,0.35,0.65,0.64,0.45,0.34,True,0.075,True,0.01375,False,0.52,7.5,Data obfuscation: coarsened location; privacy exposure -0.14; Transport Layer Security: reduced tampering probability; latency +6 ms; Virtual objects: sensor and actuator abstractions enabled
EXP_20260507_152111_a31077,1,12,12.0,12,technician,94.299,37.142,96.234,1.193,Radiology-zone,0.464,none,False,0.1255,False,none,0.65,43.652,17.735,61.386,False,0.20975,0.66667,0.35,0.65,0.64,0.45,0.34,True,0.075,False,0.01375,False,0.52,7.5,Data obfuscation: coarsened location; privacy exposure -0.14; Transport Layer Security: reduced tampering probability; latency +6 ms; Virtual objects: sensor and actuator abstractions enabled
EXP_20260507_152111_a31077,1,12,12.0,13,physician,95.519,36.806,96.29,1.63,Emergency-zone,0.524,none,False,0.2027,False,none,0.65,56.417,17.59,74.007,False,0.20975,0.66667,0.35,0.65,0.64,0.45,0.34,True,0.075,False,0.01375,False,0.52,7.5,Data obfuscation: coarsened location; privacy exposure -0.14; Transport Layer Security: reduced tampering probability; latency +6 ms; Virtual objects: sensor and actuator abstractions enabled
EXP_20260507_152111_a31077,1,12,12.0,14,technician,99.948,37.019,95.509,1.347,Radiology-zone,0.545,none,False,0.1516,False,none,0.65,53.303,15.547,68.85,False,0.20975,0.66667,0.35,0.65,0.64,0.45,0.34,True,0.075,False,0.01375,False,0.52,7.5,Data obfuscation: coarsened location; privacy exposure -0.14; Transport Layer Security: reduced tampering probability; latency +6 ms; Virtual objects: sensor and actuator abstractions enabled
EXP_20260507_152111_a31077,1,12,12.0,15,physician,88.414,37.204,94.959,1.063,ICU-zone,0.431,none,False,0.1996,False,none,0.65,65.365,19.236,84.602,False,0.20975,0.66667,0.35,0.65,0.64,0.45,0.34,True,0.075,True,0.01375,False,0.52,7.5,Data obfuscation: coarsened location; privacy exposure -0.14; Transport Layer Security: reduced tampering probability; latency +6 ms; Virtual objects: sensor and actuator abstractions enabled
EXP_20260507_152111_a31077,1,12,12.0,16,physician,91.242,37.045,94.653,1.457,Radiology-zone,0.484,none,False,0.1426,False,none,0.65,48.089,15.045,63.134,False,0.20975,0.66667,0.35,0.65,0.64,0.45,0.34,True,0.075,False,0.01375,False,0.52,7.5,Data obfuscation: coarsened location; privacy exposure -0.14; Transport Layer Security: reduced tampering probability; latency +6 ms; Virtual objects: sensor and actuator abstractions enabled
EXP_20260507_152111_a31077,1,12,12.0,17,porter,101.128,36.893,94.451,1.573,Surgery-zone,0.689,none,False,0.2665,False,none,0.65,59.515,15.957,75.472,False,0.20975,0.66667,0.35,0.65,0.64,0.45,0.34,True,0.075,False,0.01375,False,0.52,7.5,Data obfuscation: coarsened location; privacy exposure -0.14; Transport Layer Security: reduced tampering probability; latency +6 ms; Virtual objects: sensor and actuator abstractions enabled
EXP_20260507_152111_a31077,1,12,12.0,18,physician,107.132,36.924,94.79,1.88,Radiology-zone,0.551,none,False,0.2223,False,none,0.65,51.508,19.035,70.543,False,0.20975,0.66667,0.35,0.65,0.64,0.45,0.34,True,0.075,False,0.01375,False,0.52,7.5,Data obfuscation: coarsened location; privacy exposure -0.14; Transport Layer Security: reduced tampering probability; latency +6 ms; Virtual objects: sensor and actuator abstractions enabled
EXP_20260507_152111_a31077,1,12,12.0,19,nurse,98.42,37.366,95.031,1.547,Surgery-zone,0.606,none,False,0.2686,False,none,0.65,69.023,17.105,86.128,False,0.20975,0.66667,0.35,0.65,0.64,0.45,0.34,True,0.075,False,0.01375,False,0.52,7.5,Data obfuscation: coarsened location; privacy exposure -0.14; Transport Layer Security: reduced tampering probability; latency +6 ms; Virtual objects: sensor and actuator abstractions enabled
EXP_20260507_152111_a31077,1,12,12.0,20,technician,99.576,37.018,94.117,1.064,Surgery-zone,0.405,none,False,0.2407,False,none,0.65,57.914,20.247,78.161,False,0.20975,0.66667,0.35,0.65,0.64,0.45,0.34,True,0.075,False,0.01375,False,0.52,7.5,Data obfuscation: coarsened location; privacy exposure -0.14; Transport Layer Security: reduced tampering probability; latency +6 ms; Virtual objects: sensor and actuator abstractions enabled
EXP_20260507_152111_a31077,1,13,13.0,1,nurse,80.432,37.064,97.244,0.744,Pharmacy-zone,0.272,none,False,0.0727,False,none,0.65,45.299,21.553,66.852,False,0.20975,0.66667,0.35,0.65,0.64,0.45,0.34,True,0.075,False,0.01375,False,0.52,7.5,Data obfuscation: coarsened location; privacy exposure -0.14; Transport Layer Security: reduced tampering probability; latency +6 ms; Virtual objects: sensor and actuator abstractions enabled
EXP_20260507_152111_a31077,1,13,13.0,2,porter,103.021,36.916,96.723,1.637,Pharmacy-zone,0.776,none,False,0.1795,False,none,0.65,45.204,14.818,60.022,False,0.20975,0.66667,0.35,0.65,0.64,0.45,0.34,True,0.075,False,0.01375,False,0.52,7.5,Data obfuscation: coarsened location; privacy exposure -0.14; Transport Layer Security: reduced tampering probability; latency +6 ms; Virtual objects: sensor and actuator abstractions enabled
EXP_20260507_152111_a31077,1,13,13.0,3,technician,96.763,37.236,94.797,1.591,Ward-A-zone,0.771,none,False,0.2032,False,none,0.65,59.046,14.579,73.624,False,0.20975,0.66667,0.35,0.65,0.64,0.45,0.34,True,0.075,True,0.01375,False,0.52,7.5,Data obfuscation: coarsened location; privacy exposure -0.14; Transport Layer Security: reduced tampering probability; latency +6 ms; Virtual objects: sensor and actuator abstractions enabled
EXP_20260507_152111_a31077,1,13,13.0,4,porter,108.758,37.107,95.239,1.539,Surgery-zone,0.54,none,False,0.2724,False,none,0.65,64.796,16.794,81.59,False,0.20975,0.66667,0.35,0.65,0.64,0.45,0.34,True,0.075,False,0.01375,False,0.52,7.5,Data obfuscation: coarsened location; privacy exposure -0.14; Transport Layer Security: reduced tampering probability; latency +6 ms; Virtual objects: sensor and actuator abstractions enabled
EXP_20260507_152111_a31077,1,13,13.0,5,technician,97.236,37.512,95.667,2.342,Emergency-zone,0.542,none,False,0.3071,False,none,0.65,48.316,12.883,61.199,False,0.20975,0.66667,0.35,0.65,0.64,0.45,0.34,True,0.075,False,0.01375,False,0.52,7.5,Data obfuscation: coarsened location; privacy exposure -0.14; Transport Layer Security: reduced tampering probability; latency +6 ms; Virtual objects: sensor and actuator abstractions enabled
EXP_20260507_152111_a31077,1,13,13.0,6,porter,109.69,37.09,94.52,1.904,Pharmacy-zone,1.0,none,False,0.2773,False,none,0.65,52.276,15.902,68.179,False,0.20975,0.66667,0.35,0.65,0.64,0.45,0.34,True,0.075,False,0.01375,False,0.52,7.5,Data obfuscation: coarsened location; privacy exposure -0.14; Transport Layer Security: reduced tampering probability; latency +6 ms; Virtual objects: sensor and actuator abstractions enabled
EXP_20260507_152111_a31077,1,13,13.0,7,porter,102.191,36.918,96.151,0.856,Radiology-zone,0.619,none,False,0.1513,False,none,0.65,61.098,15.421,76.519,False,0.20975,0.66667,0.35,0.65,0.64,0.45,0.34,True,0.075,False,0.01375,False,0.52,7.5,Data obfuscation: coarsened location; privacy exposure -0.14; Transport Layer Security: reduced tampering probability; latency +6 ms; Virtual objects: sensor and actuator abstractions enabled
EXP_20260507_152111_a31077,1,13,13.0,8,porter,104.236,37.037,96.2,1.802,Emergency-zone,0.714,none,False,0.2603,False,none,0.65,38.614,19.003,57.617,False,0.20975,0.66667,0.35,0.65,0.64,0.45,0.34,True,0.075,False,0.01375,False,0.52,7.5,Data obfuscation: coarsened location; privacy exposure -0.14; Transport Layer Security: reduced tampering probability; latency +6 ms; Virtual objects: sensor and actuator abstractions enabled
EXP_20260507_152111_a31077,1,13,13.0,9,technician,84.856,36.92,97.464,0.82,Ward-A-zone,0.248,none,False,0.0655,False,none,0.65,59.478,12.981,72.458,False,0.20975,0.66667,0.35,0.65,0.64,0.45,0.34,True,0.075,False,0.01375,False,0.52,7.5,Data obfuscation: coarsened location; privacy exposure -0.14; Transport Layer Security: reduced tampering probability; latency +6 ms; Virtual objects: sensor and actuator abstractions enabled
EXP_20260507_152111_a31077,1,13,13.0,10,nurse,102.775,37.218,96.606,1.701,Pharmacy-zone,0.794,none,False,0.203,False,none,0.65,32.699,17.107,49.806,False,0.20975,0.66667,0.35,0.65,0.64,0.45,0.34,True,0.075,False,0.01375,False,0.52,7.5,Data obfuscation: coarsened location; privacy exposure -0.14; Transport Layer Security: reduced tampering probability; latency +6 ms; Virtual objects: sensor and actuator abstractions enabled
EXP_20260507_152111_a31077,1,13,13.0,11,cleaning_staff,91.483,36.72,94.659,0.901,Emergency-zone,0.348,none,False,0.1938,False,none,0.65,51.298,15.879,67.176,False,0.20975,0.66667,0.35,0.65,0.64,0.45,0.34,True,0.075,False,0.01375,False,0.52,7.5,Data obfuscation: coarsened location; privacy exposure -0.14; Transport Layer Security: reduced tampering probability; latency +6 ms; Virtual objects: sensor and actuator abstractions enabled
EXP_20260507_152111_a31077,1,13,13.0,12,technician,94.375,37.139,96.182,1.524,Radiology-zone,0.464,none,False,0.1331,False,none,0.65,52.277,17.456,69.734,False,0.20975,0.66667,0.35,0.65,0.64,0.45,0.34,True,0.075,False,0.01375,False,0.52,7.5,Data obfuscation: coarsened location; privacy exposure -0.14; Transport Layer Security: reduced tampering probability; latency +6 ms; Virtual objects: sensor and actuator abstractions enabled
EXP_20260507_152111_a31077,1,13,13.0,13,physician,92.308,36.757,96.315,1.185,ICU-zone,0.427,none,False,0.1706,False,none,0.65,52.948,17.482,70.43,False,0.20975,0.66667,0.35,0.65,0.64,0.45,0.34,True,0.075,False,0.01375,False,0.52,7.5,Data obfuscation: coarsened location; privacy exposure -0.14; Transport Layer Security: reduced tampering probability; latency +6 ms; Virtual objects: sensor and actuator abstractions enabled
EXP_20260507_152111_a31077,1,13,13.0,14,technician,95.539,36.875,95.565,1.001,Radiology-zone,0.373,none,False,0.1215,False,none,0.65,56.858,19.585,76.444,False,0.20975,0.66667,0.35,0.65,0.64,0.45,0.34,True,0.075,False,0.01375,False,0.52,7.5,Data obfuscation: coarsened location; privacy exposure -0.14; Transport Layer Security: reduced tampering probability; latency +6 ms; Virtual objects: sensor and actuator abstractions enabled
EXP_20260507_152111_a31077,1,13,13.0,15,physician,88.303,37.169,94.892,1.238,ICU-zone,0.351,none,False,0.1923,False,none,0.65,44.005,14.054,58.058,False,0.20975,0.66667,0.35,0.65,0.64,0.45,0.34,True,0.075,False,0.01375,False,0.52,7.5,Data obfuscation: coarsened location; privacy exposure -0.14; Transport Layer Security: reduced tampering probability; latency +6 ms; Virtual objects: sensor and actuator abstractions enabled
EXP_20260507_152111_a31077,1,13,13.0,16,physician,87.551,37.04,94.814,1.2,Surgery-zone,0.333,none,False,0.1788,False,none,0.65,45.851,13.869,59.72,False,0.20975,0.66667,0.35,0.65,0.64,0.45,0.34,True,0.075,False,0.01375,False,0.52,7.5,Data obfuscation: coarsened location; privacy exposure -0.14; Transport Layer Security: reduced tampering probability; latency +6 ms; Virtual objects: sensor and actuator abstractions enabled
EXP_20260507_152111_a31077,1,13,13.0,17,porter,90.134,36.718,94.585,0.67,Surgery-zone,0.282,none,False,0.1864,False,none,0.65,56.268,15.838,72.106,False,0.20975,0.66667,0.35,0.65,0.64,0.45,0.34,True,0.075,False,0.01375,False,0.52,7.5,Data obfuscation: coarsened location; privacy exposure -0.14; Transport Layer Security: reduced tampering probability; latency +6 ms; Virtual objects: sensor and actuator abstractions enabled
EXP_20260507_152111_a31077,1,13,13.0,18,physician,115.311,37.052,94.612,1.302,Radiology-zone,0.876,none,False,0.2523,False,none,0.65,43.137,14.997,58.134,False,0.20975,0.66667,0.35,0.65,0.64,0.45,0.34,True,0.075,False,0.01375,False,0.52,7.5,Data obfuscation: coarsened location; privacy exposure -0.14; Transport Layer Security: reduced tampering probability; latency +6 ms; Virtual objects: sensor and actuator abstractions enabled
EXP_20260507_152111_a31077,1,13,13.0,19,nurse,94.993,37.29,95.073,1.389,Surgery-zone,0.482,none,False,0.2313,False,none,0.65,60.021,14.187,74.208,False,0.20975,0.66667,0.35,0.65,0.64,0.45,0.34,True,0.075,False,0.01375,False,0.52,7.5,Data obfuscation: coarsened location; privacy exposure -0.14; Transport Layer Security: reduced tampering probability; latency +6 ms; Virtual objects: sensor and actuator abstractions enabled
EXP_20260507_152111_a31077,1,13,13.0,20,technician,100.724,37.031,94.379,1.57,Surgery-zone,0.409,none,False,0.2505,False,none,0.65,54.621,17.706,72.327,False,0.20975,0.66667,0.35,0.65,0.64,0.45,0.34,True,0.075,False,0.01375,False,0.52,7.5,Data obfuscation: coarsened location; privacy exposure -0.14; Transport Layer Security: reduced tampering probability; latency +6 ms; Virtual objects: sensor and actuator abstractions enabled
EXP_20260507_152111_a31077,1,14,14.0,1,nurse,77.894,37.059,97.176,1.309,Pharmacy-zone,0.193,none,False,0.067,False,none,0.65,53.17,12.294,65.465,False,0.20975,0.66667,0.35,0.65,0.64,0.45,0.34,True,0.075,False,0.01375,False,0.52,7.5,Data obfuscation: coarsened location; privacy exposure -0.14; Transport Layer Security: reduced tampering probability; latency +6 ms; Virtual objects: sensor and actuator abstractions enabled
EXP_20260507_152111_a31077,1,14,14.0,2,porter,104.755,37.0,96.67,1.524,Pharmacy-zone,0.808,none,False,0.1808,False,none,0.65,47.267,14.231,61.497,False,0.20975,0.66667,0.35,0.65,0.64,0.45,0.34,True,0.075,False,0.01375,False,0.52,7.5,Data obfuscation: coarsened location; privacy exposure -0.14; Transport Layer Security: reduced tampering probability; latency +6 ms; Virtual objects: sensor and actuator abstractions enabled
EXP_20260507_152111_a31077,1,14,14.0,3,technician,97.032,37.208,94.826,1.718,Ward-A-zone,0.734,none,False,0.2064,False,none,0.65,59.655,15.585,75.24,False,0.20975,0.66667,0.35,0.65,0.64,0.45,0.34,True,0.075,True,0.01375,False,0.52,7.5,Data obfuscation: coarsened location; privacy exposure -0.14; Transport Layer Security: reduced tampering probability; latency +6 ms; Virtual objects: sensor and actuator abstractions enabled
EXP_20260507_152111_a31077,1,14,14.0,4,porter,104.574,37.072,95.35,0.905,Surgery-zone,0.39,none,False,0.2332,False,none,0.65,51.261,18.323,69.584,False,0.20975,0.66667,0.35,0.65,0.64,0.45,0.34,True,0.075,True,0.01375,False,0.52,7.5,Data obfuscation: coarsened location; privacy exposure -0.14; Transport Layer Security: reduced tampering probability; latency +6 ms; Virtual objects: sensor and actuator abstractions enabled
EXP_20260507_152111_a31077,1,14,14.0,5,technician,93.456,37.479,95.821,0.749,Emergency-zone,0.38,none,False,0.2182,False,none,0.65,51.24,18.633,69.872,False,0.20975,0.66667,0.35,0.65,0.64,0.45,0.34,True,0.075,False,0.01375,False,0.52,7.5,Data obfuscation: coarsened location; privacy exposure -0.14; Transport Layer Security: reduced tampering probability; latency +6 ms; Virtual objects: sensor and actuator abstractions enabled
EXP_20260507_152111_a31077,1,14,14.0,6,porter,103.712,36.983,94.698,1.855,Emergency-zone,0.698,none,False,0.2879,False,none,0.65,53.741,13.215,66.957,False,0.20975,0.66667,0.35,0.65,0.64,0.45,0.34,True,0.075,False,0.01375,False,0.52,7.5,Data obfuscation: coarsened location; privacy exposure -0.14; Transport Layer Security: reduced tampering probability; latency +6 ms; Virtual objects: sensor and actuator abstractions enabled
EXP_20260507_152111_a31077,1,14,14.0,7,porter,98.832,36.853,96.176,0.981,Radiology-zone,0.455,none,False,0.1284,False,none,0.65,58.398,20.698,79.096,False,0.20975,0.66667,0.35,0.65,0.64,0.45,0.34,True,0.075,False,0.01375,False,0.52,7.5,Data obfuscation: coarsened location; privacy exposure -0.14; Transport Layer Security: reduced tampering probability; latency +6 ms; Virtual objects: sensor and actuator abstractions enabled
EXP_20260507_152111_a31077,1,14,14.0,8,porter,100.693,37.018,96.345,1.316,Emergency-zone,0.58,none,False,0.2122,False,none,0.65,52.378,18.079,70.457,False,0.20975,0.66667,0.35,0.65,0.64,0.45,0.34,True,0.075,True,0.01375,False,0.52,7.5,Data obfuscation: coarsened location; privacy exposure -0.14; Transport Layer Security: reduced tampering probability; latency +6 ms; Virtual objects: sensor and actuator abstractions enabled
EXP_20260507_152111_a31077,1,14,14.0,9,technician,90.501,36.968,97.499,1.047,Ward-A-zone,0.442,none,False,0.098,False,none,0.65,52.913,15.043,67.956,False,0.20975,0.66667,0.35,0.65,0.64,0.45,0.34,True,0.075,True,0.01375,False,0.52,7.5,Data obfuscation: coarsened location; privacy exposure -0.14; Transport Layer Security: reduced tampering probability; latency +6 ms; Virtual objects: sensor and actuator abstractions enabled
EXP_20260507_152111_a31077,1,14,14.0,10,nurse,101.722,37.22,96.366,1.346,Pharmacy-zone,0.743,none,False,0.1775,False,none,0.65,65.027,15.338,80.365,False,0.20975,0.66667,0.35,0.65,0.64,0.45,0.34,True,0.075,False,0.01375,False,0.52,7.5,Data obfuscation: coarsened location; privacy exposure -0.14; Transport Layer Security: reduced tampering probability; latency +6 ms; Virtual objects: sensor and actuator abstractions enabled
EXP_20260507_152111_a31077,1,14,14.0,11,cleaning_staff,91.389,36.691,94.706,1.466,Emergency-zone,0.323,none,False,0.1948,False,none,0.65,47.154,20.853,68.007,False,0.20975,0.66667,0.35,0.65,0.64,0.45,0.34,True,0.075,False,0.01375,False,0.52,7.5,Data obfuscation: coarsened location; privacy exposure -0.14; Transport Layer Security: reduced tampering probability; latency +6 ms; Virtual objects: sensor and actuator abstractions enabled
EXP_20260507_152111_a31077,1,14,14.0,12,technician,93.057,37.077,96.409,0.769,Radiology-zone,0.402,none,False,0.1112,False,none,0.65,58.22,15.597,73.816,False,0.20975,0.66667,0.35,0.65,0.64,0.45,0.34,True,0.075,False,0.01375,False,0.52,7.5,Data obfuscation: coarsened location; privacy exposure -0.14; Transport Layer Security: reduced tampering probability; latency +6 ms; Virtual objects: sensor and actuator abstractions enabled
EXP_20260507_152111_a31077,1,14,14.0,13,physician,87.039,36.675,96.461,1.306,ICU-zone,0.175,none,False,0.135,False,none,0.65,58.077,18.249,76.326,False,0.20975,0.66667,0.35,0.65,0.64,0.45,0.34,True,0.075,False,0.01375,False,0.52,7.5,Data obfuscation: coarsened location; privacy exposure -0.14; Transport Layer Security: reduced tampering probability; latency +6 ms; Virtual objects: sensor and actuator abstractions enabled
EXP_20260507_152111_a31077,1,14,14.0,14,technician,97.866,36.925,95.703,1.019,Radiology-zone,0.448,none,False,0.1315,False,none,0.65,51.266,14.767,66.032,False,0.20975,0.66667,0.35,0.65,0.64,0.45,0.34,True,0.075,False,0.01375,False,0.52,7.5,Data obfuscation: coarsened location; privacy exposure -0.14; Transport Layer Security: reduced tampering probability; latency +6 ms; Virtual objects: sensor and actuator abstractions enabled
EXP_20260507_152111_a31077,1,14,14.0,15,physician,91.168,37.254,94.729,0.869,ICU-zone,0.473,none,False,0.222,False,none,0.65,81.332,12.618,93.95,False,0.20975,0.66667,0.35,0.65,0.64,0.45,0.34,True,0.075,False,0.01375,False,0.52,7.5,Data obfuscation: coarsened location; privacy exposure -0.14; Transport Layer Security: reduced tampering probability; latency +6 ms; Virtual objects: sensor and actuator abstractions enabled
EXP_20260507_152111_a31077,1,14,14.0,16,physician,97.466,37.142,94.745,1.588,Radiology-zone,0.728,none,False,0.1956,False,none,0.65,48.218,18.405,66.623,False,0.20975,0.66667,0.35,0.65,0.64,0.45,0.34,True,0.075,False,0.01375,False,0.52,7.5,Data obfuscation: coarsened location; privacy exposure -0.14; Transport Layer Security: reduced tampering probability; latency +6 ms; Virtual objects: sensor and actuator abstractions enabled
EXP_20260507_152111_a31077,1,14,14.0,17,porter,95.959,37.403,93.186,1.289,Surgery-zone,0.35,high_fatigue,True,0.2801,False,none,0.65,54.289,14.158,68.447,False,0.20975,0.66667,0.35,0.65,0.64,0.45,0.34,True,0.075,False,0.01375,False,0.52,7.5,Data obfuscation: coarsened location; privacy exposure -0.14; Transport Layer Security: reduced tampering probability; latency +6 ms; Virtual objects: sensor and actuator abstractions enabled
EXP_20260507_152111_a31077,1,14,14.0,18,physician,108.795,36.98,95.047,1.604,Radiology-zone,0.631,none,False,0.2105,False,none,0.65,72.547,15.565,88.111,False,0.20975,0.66667,0.35,0.65,0.64,0.45,0.34,True,0.075,False,0.01375,False,0.52,7.5,Data obfuscation: coarsened location; privacy exposure -0.14; Transport Layer Security: reduced tampering probability; latency +6 ms; Virtual objects: sensor and actuator abstractions enabled
EXP_20260507_152111_a31077,1,14,14.0,19,nurse,101.119,37.408,94.733,1.948,Surgery-zone,0.689,none,False,0.3192,False,none,0.65,40.585,12.322,52.907,False,0.20975,0.66667,0.35,0.65,0.64,0.45,0.34,True,0.075,False,0.01375,False,0.52,7.5,Data obfuscation: coarsened location; privacy exposure -0.14; Transport Layer Security: reduced tampering probability; latency +6 ms; Virtual objects: sensor and actuator abstractions enabled
EXP_20260507_152111_a31077,1,14,14.0,20,technician,106.203,37.108,94.213,1.985,Surgery-zone,0.622,none,False,0.3205,False,none,0.65,53.973,16.06,70.033,False,0.20975,0.66667,0.35,0.65,0.64,0.45,0.34,True,0.075,False,0.01375,False,0.52,7.5,Data obfuscation: coarsened location; privacy exposure -0.14; Transport Layer Security: reduced tampering probability; latency +6 ms; Virtual objects: sensor and actuator abstractions enabled
EXP_20260507_152111_a31077,1,15,15.0,1,nurse,83.646,37.115,97.275,1.262,Pharmacy-zone,0.344,none,False,0.0821,False,none,0.65,48.185,14.963,63.148,False,0.20975,0.66667,0.35,0.65,0.64,0.45,0.34,True,0.075,True,0.01375,False,0.52,7.5,Data obfuscation: coarsened location; privacy exposure -0.14; Transport Layer Security: reduced tampering probability; latency +6 ms; Virtual objects: sensor and actuator abstractions enabled
EXP_20260507_152111_a31077,1,15,15.0,2,porter,105.717,37.023,96.601,2.023,ICU-zone,0.829,none,False,0.2857,False,none,0.65,53.07,14.058,67.128,False,0.20975,0.66667,0.35,0.65,0.64,0.45,0.34,True,0.075,False,0.01375,False,0.52,7.5,Data obfuscation: coarsened location; privacy exposure -0.14; Transport Layer Security: reduced tampering probability; latency +6 ms; Virtual objects: sensor and actuator abstractions enabled
EXP_20260507_152111_a31077,1,15,15.0,3,technician,92.946,37.183,94.848,1.165,Ward-A-zone,0.582,none,False,0.1593,False,none,0.65,65.425,12.627,78.052,False,0.20975,0.66667,0.35,0.65,0.64,0.45,0.34,True,0.075,True,0.01375,False,0.52,7.5,Data obfuscation: coarsened location; privacy exposure -0.14; Transport Layer Security: reduced tampering probability; latency +6 ms; Virtual objects: sensor and actuator abstractions enabled
EXP_20260507_152111_a31077,1,15,15.0,4,porter,111.304,37.179,95.022,0.845,Surgery-zone,0.604,none,False,0.2886,False,none,0.65,46.49,14.701,61.192,False,0.20975,0.66667,0.35,0.65,0.64,0.45,0.34,True,0.075,False,0.01375,False,0.52,7.5,Data obfuscation: coarsened location; privacy exposure -0.14; Transport Layer Security: reduced tampering probability; latency +6 ms; Virtual objects: sensor and actuator abstractions enabled
EXP_20260507_152111_a31077,1,15,15.0,5,technician,98.686,37.517,95.708,1.417,Emergency-zone,0.597,none,False,0.0,False,no_assessment_packet_loss,0.65,50.605,0.0,50.605,True,0.20975,0.66667,0.35,0.65,0.64,0.45,0.34,True,0.075,False,0.01375,False,0.52,7.5,Data obfuscation: coarsened location; privacy exposure -0.14; Transport Layer Security: reduced tampering probability; latency +6 ms; Virtual objects: sensor and actuator abstractions enabled
EXP_20260507_152111_a31077,1,15,15.0,6,porter,107.447,37.032,94.543,0.924,Emergency-zone,0.836,none,False,0.2888,False,none,0.65,52.657,14.569,67.225,False,0.20975,0.66667,0.35,0.65,0.64,0.45,0.34,True,0.075,False,0.01375,False,0.52,7.5,Data obfuscation: coarsened location; privacy exposure -0.14; Transport Layer Security: reduced tampering probability; latency +6 ms; Virtual objects: sensor and actuator abstractions enabled
EXP_20260507_152111_a31077,1,15,15.0,7,porter,102.185,36.9,96.254,1.565,Radiology-zone,0.58,none,False,0.1589,False,none,0.65,62.469,16.301,78.77,False,0.20975,0.66667,0.35,0.65,0.64,0.45,0.34,True,0.075,False,0.01375,False,0.52,7.5,Data obfuscation: coarsened location; privacy exposure -0.14; Transport Layer Security: reduced tampering probability; latency +6 ms; Virtual objects: sensor and actuator abstractions enabled
EXP_20260507_152111_a31077,1,15,15.0,8,porter,108.723,37.155,96.155,1.999,Surgery-zone,0.915,none,False,0.3123,False,none,0.65,53.279,22.348,75.627,False,0.20975,0.66667,0.35,0.65,0.64,0.45,0.34,True,0.075,False,0.01375,False,0.52,7.5,Data obfuscation: coarsened location; privacy exposure -0.14; Transport Layer Security: reduced tampering probability; latency +6 ms; Virtual objects: sensor and actuator abstractions enabled
EXP_20260507_152111_a31077,1,15,15.0,9,technician,89.803,36.938,97.314,0.671,Ward-A-zone,0.406,none,False,0.0931,False,none,0.65,39.53,18.343,57.873,False,0.20975,0.66667,0.35,0.65,0.64,0.45,0.34,True,0.075,False,0.01375,False,0.52,7.5,Data obfuscation: coarsened location; privacy exposure -0.14; Transport Layer Security: reduced tampering probability; latency +6 ms; Virtual objects: sensor and actuator abstractions enabled
EXP_20260507_152111_a31077,1,15,15.0,10,nurse,97.789,37.175,96.67,1.428,Pharmacy-zone,0.59,none,False,0.1511,False,none,0.65,53.051,14.512,67.564,False,0.20975,0.66667,0.35,0.65,0.64,0.45,0.34,True,0.075,False,0.01375,False,0.52,7.5,Data obfuscation: coarsened location; privacy exposure -0.14; Transport Layer Security: reduced tampering probability; latency +6 ms; Virtual objects: sensor and actuator abstractions enabled
EXP_20260507_152111_a31077,1,15,15.0,11,cleaning_staff,93.934,36.705,94.698,1.352,Radiology-zone,0.433,none,False,0.1401,False,none,0.65,60.452,17.005,77.456,False,0.20975,0.66667,0.35,0.65,0.64,0.45,0.34,True,0.075,False,0.01375,False,0.52,7.5,Data obfuscation: coarsened location; privacy exposure -0.14; Transport Layer Security: reduced tampering probability; latency +6 ms; Virtual objects: sensor and actuator abstractions enabled
EXP_20260507_152111_a31077,1,15,15.0,12,technician,93.327,37.158,96.36,1.017,Radiology-zone,0.45,none,False,0.1226,False,none,0.65,41.262,18.051,59.314,False,0.20975,0.66667,0.35,0.65,0.64,0.45,0.34,True,0.075,False,0.01375,False,0.52,7.5,Data obfuscation: coarsened location; privacy exposure -0.14; Transport Layer Security: reduced tampering probability; latency +6 ms; Virtual objects: sensor and actuator abstractions enabled
EXP_20260507_152111_a31077,1,15,15.0,13,physician,89.216,36.687,96.567,0.959,ICU-zone,0.284,none,False,0.15,False,none,0.65,48.164,17.522,65.686,False,0.20975,0.66667,0.35,0.65,0.64,0.45,0.34,True,0.075,False,0.01375,False,0.52,7.5,Data obfuscation: coarsened location; privacy exposure -0.14; Transport Layer Security: reduced tampering probability; latency +6 ms; Virtual objects: sensor and actuator abstractions enabled
EXP_20260507_152111_a31077,1,15,15.0,14,technician,105.48,37.024,95.391,1.653,Radiology-zone,0.727,none,False,0.2023,False,none,0.65,49.985,15.369,65.354,False,0.20975,0.66667,0.35,0.65,0.64,0.45,0.34,True,0.075,False,0.01375,False,0.52,7.5,Data obfuscation: coarsened location; privacy exposure -0.14; Transport Layer Security: reduced tampering probability; latency +6 ms; Virtual objects: sensor and actuator abstractions enabled
EXP_20260507_152111_a31077,1,15,15.0,15,physician,97.555,37.296,94.582,1.504,ICU-zone,0.668,none,False,0.2713,False,none,0.65,65.127,15.97,81.097,False,0.20975,0.66667,0.35,0.65,0.64,0.45,0.34,True,0.075,False,0.01375,False,0.52,7.5,Data obfuscation: coarsened location; privacy exposure -0.14; Transport Layer Security: reduced tampering probability; latency +6 ms; Virtual objects: sensor and actuator abstractions enabled
EXP_20260507_152111_a31077,1,15,15.0,16,physician,96.059,37.153,94.742,1.62,Radiology-zone,0.637,none,False,0.1875,False,none,0.65,45.669,15.923,61.591,False,0.20975,0.66667,0.35,0.65,0.64,0.45,0.34,True,0.075,False,0.01375,False,0.52,7.5,Data obfuscation: coarsened location; privacy exposure -0.14; Transport Layer Security: reduced tampering probability; latency +6 ms; Virtual objects: sensor and actuator abstractions enabled
EXP_20260507_152111_a31077,1,15,15.0,17,porter,97.566,36.868,94.825,0.821,Radiology-zone,0.557,none,False,0.1583,False,none,0.65,42.519,16.226,58.744,False,0.20975,0.66667,0.35,0.65,0.64,0.45,0.34,True,0.075,False,0.01375,False,0.52,7.5,Data obfuscation: coarsened location; privacy exposure -0.14; Transport Layer Security: reduced tampering probability; latency +6 ms; Virtual objects: sensor and actuator abstractions enabled
EXP_20260507_152111_a31077,1,15,15.0,18,physician,109.121,36.993,95.064,1.055,Radiology-zone,0.594,none,False,0.1962,False,none,0.65,51.725,21.238,72.963,False,0.20975,0.66667,0.35,0.65,0.64,0.45,0.34,True,0.075,True,0.01375,False,0.52,7.5,Data obfuscation: coarsened location; privacy exposure -0.14; Transport Layer Security: reduced tampering probability; latency +6 ms; Virtual objects: sensor and actuator abstractions enabled
EXP_20260507_152111_a31077,1,15,15.0,19,nurse,93.719,37.312,94.967,0.989,Surgery-zone,0.403,none,False,0.2259,False,none,0.65,58.008,14.666,72.674,False,0.20975,0.66667,0.35,0.65,0.64,0.45,0.34,True,0.075,False,0.01375,False,0.52,7.5,Data obfuscation: coarsened location; privacy exposure -0.14; Transport Layer Security: reduced tampering probability; latency +6 ms; Virtual objects: sensor and actuator abstractions enabled
EXP_20260507_152111_a31077,1,15,15.0,20,technician,97.908,36.978,94.319,1.619,Surgery-zone,0.277,none,False,0.2334,False,none,0.65,59.765,17.162,76.927,False,0.20975,0.66667,0.35,0.65,0.64,0.45,0.34,True,0.075,False,0.01375,False,0.52,7.5,Data obfuscation: coarsened location; privacy exposure -0.14; Transport Layer Security: reduced tampering probability; latency +6 ms; Virtual objects: sensor and actuator abstractions enabled
EXP_20260507_152111_a31077,1,16,16.0,1,nurse,80.391,37.062,97.162,0.656,Pharmacy-zone,0.206,none,False,0.0681,False,none,0.65,47.818,15.343,63.161,False,0.20975,0.66667,0.35,0.65,0.64,0.45,0.34,True,0.075,False,0.01375,False,0.52,7.5,Data obfuscation: coarsened location; privacy exposure -0.14; Transport Layer Security: reduced tampering probability; latency +6 ms; Virtual objects: sensor and actuator abstractions enabled
EXP_20260507_152111_a31077,1,16,16.0,2,porter,103.076,36.991,96.297,1.451,Pharmacy-zone,0.719,none,False,0.1643,False,none,0.65,66.513,17.511,84.024,False,0.20975,0.66667,0.35,0.65,0.64,0.45,0.34,True,0.075,False,0.01375,False,0.52,7.5,Data obfuscation: coarsened location; privacy exposure -0.14; Transport Layer Security: reduced tampering probability; latency +6 ms; Virtual objects: sensor and actuator abstractions enabled
EXP_20260507_152111_a31077,1,16,16.0,3,technician,95.762,37.236,94.844,2.028,Ward-A-zone,0.688,none,False,0.22,False,none,0.65,39.789,16.937,56.726,False,0.20975,0.66667,0.35,0.65,0.64,0.45,0.34,True,0.075,False,0.01375,False,0.52,7.5,Data obfuscation: coarsened location; privacy exposure -0.14; Transport Layer Security: reduced tampering probability; latency +6 ms; Virtual objects: sensor and actuator abstractions enabled
EXP_20260507_152111_a31077,1,16,16.0,4,porter,107.792,37.108,95.123,1.64,Surgery-zone,0.496,none,False,0.2751,False,none,0.65,60.969,16.285,77.253,False,0.20975,0.66667,0.35,0.65,0.64,0.45,0.34,True,0.075,False,0.01375,False,0.52,7.5,Data obfuscation: coarsened location; privacy exposure -0.14; Transport Layer Security: reduced tampering probability; latency +6 ms; Virtual objects: sensor and actuator abstractions enabled
EXP_20260507_152111_a31077,1,16,16.0,5,technician,92.503,37.476,95.895,1.199,Emergency-zone,0.348,none,False,0.2106,False,none,0.65,58.218,18.786,77.003,False,0.20975,0.66667,0.35,0.65,0.64,0.45,0.34,True,0.075,False,0.01375,False,0.52,7.5,Data obfuscation: coarsened location; privacy exposure -0.14; Transport Layer Security: reduced tampering probability; latency +6 ms; Virtual objects: sensor and actuator abstractions enabled
EXP_20260507_152111_a31077,1,16,16.0,6,porter,100.406,36.948,94.725,1.789,Pharmacy-zone,0.569,none,False,0.1956,False,none,0.65,57.399,15.687,73.086,False,0.20975,0.66667,0.35,0.65,0.64,0.45,0.34,True,0.075,False,0.01375,False,0.52,7.5,Data obfuscation: coarsened location; privacy exposure -0.14; Transport Layer Security: reduced tampering probability; latency +6 ms; Virtual objects: sensor and actuator abstractions enabled
EXP_20260507_152111_a31077,1,16,16.0,7,porter,100.151,36.906,96.062,1.311,Radiology-zone,0.483,none,False,0.135,False,none,0.65,58.837,16.095,74.932,False,0.20975,0.66667,0.35,0.65,0.64,0.45,0.34,True,0.075,False,0.01375,False,0.52,7.5,Data obfuscation: coarsened location; privacy exposure -0.14; Transport Layer Security: reduced tampering probability; latency +6 ms; Virtual objects: sensor and actuator abstractions enabled
EXP_20260507_152111_a31077,1,16,16.0,8,porter,104.863,37.091,96.114,1.674,Emergency-zone,0.701,none,False,0.2585,False,none,0.65,50.875,15.71,66.585,False,0.20975,0.66667,0.35,0.65,0.64,0.45,0.34,True,0.075,False,0.01375,False,0.52,7.5,Data obfuscation: coarsened location; privacy exposure -0.14; Transport Layer Security: reduced tampering probability; latency +6 ms; Virtual objects: sensor and actuator abstractions enabled
EXP_20260507_152111_a31077,1,16,16.0,9,technician,90.779,36.979,97.409,1.801,Ward-A-zone,0.455,none,False,0.1246,False,none,0.65,51.358,18.037,69.396,False,0.20975,0.66667,0.35,0.65,0.64,0.45,0.34,True,0.075,False,0.01375,False,0.52,7.5,Data obfuscation: coarsened location; privacy exposure -0.14; Transport Layer Security: reduced tampering probability; latency +6 ms; Virtual objects: sensor and actuator abstractions enabled
EXP_20260507_152111_a31077,1,16,16.0,10,nurse,102.637,37.247,96.616,2.037,Pharmacy-zone,0.732,none,False,0.2218,False,none,0.65,55.217,15.436,70.653,False,0.20975,0.66667,0.35,0.65,0.64,0.45,0.34,True,0.075,True,0.01375,False,0.52,7.5,Data obfuscation: coarsened location; privacy exposure -0.14; Transport Layer Security: reduced tampering probability; latency +6 ms; Virtual objects: sensor and actuator abstractions enabled
EXP_20260507_152111_a31077,1,16,16.0,11,cleaning_staff,98.804,36.788,94.789,1.255,Emergency-zone,0.623,none,False,0.2352,False,none,0.65,75.55,16.435,91.985,False,0.20975,0.66667,0.35,0.65,0.64,0.45,0.34,True,0.075,True,0.01375,False,0.52,7.5,Data obfuscation: coarsened location; privacy exposure -0.14; Transport Layer Security: reduced tampering probability; latency +6 ms; Virtual objects: sensor and actuator abstractions enabled
EXP_20260507_152111_a31077,1,16,16.0,12,technician,100.998,37.251,96.072,1.711,Radiology-zone,0.715,none,False,0.195,False,none,0.65,46.528,10.013,56.541,False,0.20975,0.66667,0.35,0.65,0.64,0.45,0.34,True,0.075,False,0.01375,False,0.52,7.5,Data obfuscation: coarsened location; privacy exposure -0.14; Transport Layer Security: reduced tampering probability; latency +6 ms; Virtual objects: sensor and actuator abstractions enabled
EXP_20260507_152111_a31077,1,16,16.0,13,physician,93.382,36.75,96.36,0.96,ICU-zone,0.409,none,False,0.1732,False,none,0.65,47.017,15.828,62.844,False,0.20975,0.66667,0.35,0.65,0.64,0.45,0.34,True,0.075,False,0.01375,False,0.52,7.5,Data obfuscation: coarsened location; privacy exposure -0.14; Transport Layer Security: reduced tampering probability; latency +6 ms; Virtual objects: sensor and actuator abstractions enabled
EXP_20260507_152111_a31077,1,16,16.0,14,technician,103.012,37.03,95.522,1.644,Pharmacy-zone,0.655,none,False,0.1856,False,none,0.65,46.141,14.911,61.051,False,0.20975,0.66667,0.35,0.65,0.64,0.45,0.34,True,0.075,False,0.01375,False,0.52,7.5,Data obfuscation: coarsened location; privacy exposure -0.14; Transport Layer Security: reduced tampering probability; latency +6 ms; Virtual objects: sensor and actuator abstractions enabled
EXP_20260507_152111_a31077,1,16,16.0,15,physician,95.882,37.339,94.437,1.816,ICU-zone,0.588,none,False,0.2865,False,none,0.65,54.912,17.898,72.81,False,0.20975,0.66667,0.35,0.65,0.64,0.45,0.34,True,0.075,False,0.01375,False,0.52,7.5,Data obfuscation: coarsened location; privacy exposure -0.14; Transport Layer Security: reduced tampering probability; latency +6 ms; Virtual objects: sensor and actuator abstractions enabled
EXP_20260507_152111_a31077,1,16,16.0,16,physician,88.792,37.014,94.649,1.649,Radiology-zone,0.358,none,False,0.1346,False,none,0.65,43.435,18.514,61.949,False,0.20975,0.66667,0.35,0.65,0.64,0.45,0.34,True,0.075,False,0.01375,False,0.52,7.5,Data obfuscation: coarsened location; privacy exposure -0.14; Transport Layer Security: reduced tampering probability; latency +6 ms; Virtual objects: sensor and actuator abstractions enabled
EXP_20260507_152111_a31077,1,16,16.0,17,porter,98.493,36.887,94.639,1.17,Surgery-zone,0.595,none,False,0.2357,False,none,0.65,60.043,17.751,77.793,False,0.20975,0.66667,0.35,0.65,0.64,0.45,0.34,True,0.075,False,0.01375,False,0.52,7.5,Data obfuscation: coarsened location; privacy exposure -0.14; Transport Layer Security: reduced tampering probability; latency +6 ms; Virtual objects: sensor and actuator abstractions enabled
EXP_20260507_152111_a31077,1,16,16.0,18,physician,109.93,37.028,94.894,1.35,Radiology-zone,0.633,none,False,0.2081,False,none,0.65,46.637,15.584,62.221,False,0.20975,0.66667,0.35,0.65,0.64,0.45,0.34,True,0.075,False,0.01375,False,0.52,7.5,Data obfuscation: coarsened location; privacy exposure -0.14; Transport Layer Security: reduced tampering probability; latency +6 ms; Virtual objects: sensor and actuator abstractions enabled
EXP_20260507_152111_a31077,1,16,16.0,19,nurse,94.903,37.33,94.874,0.28,Surgery-zone,0.453,none,False,0.2372,False,none,0.65,45.239,15.716,60.955,False,0.20975,0.66667,0.35,0.65,0.64,0.45,0.34,True,0.075,False,0.01375,False,0.52,7.5,Data obfuscation: coarsened location; privacy exposure -0.14; Transport Layer Security: reduced tampering probability; latency +6 ms; Virtual objects: sensor and actuator abstractions enabled
EXP_20260507_152111_a31077,1,16,16.0,20,technician,93.086,36.918,94.439,0.622,Surgery-zone,0.098,none,False,0.1879,False,none,0.65,51.535,15.924,67.459,False,0.20975,0.66667,0.35,0.65,0.64,0.45,0.34,True,0.075,False,0.01375,False,0.52,7.5,Data obfuscation: coarsened location; privacy exposure -0.14; Transport Layer Security: reduced tampering probability; latency +6 ms; Virtual objects: sensor and actuator abstractions enabled
EXP_20260507_152111_a31077,1,17,17.0,1,nurse,81.799,37.085,97.143,0.581,Pharmacy-zone,0.289,none,False,0.0758,False,none,0.65,67.98,14.326,82.306,False,0.20975,0.66667,0.35,0.65,0.64,0.45,0.34,True,0.075,False,0.01375,False,0.52,7.5,Data obfuscation: coarsened location; privacy exposure -0.14; Transport Layer Security: reduced tampering probability; latency +6 ms; Virtual objects: sensor and actuator abstractions enabled
EXP_20260507_152111_a31077,1,17,17.0,2,porter,104.036,37.013,96.573,2.605,Pharmacy-zone,0.712,none,False,0.2396,False,none,0.65,62.178,11.0,73.178,False,0.20975,0.66667,0.35,0.65,0.64,0.45,0.34,True,0.075,False,0.01375,False,0.52,7.5,Data obfuscation: coarsened location; privacy exposure -0.14; Transport Layer Security: reduced tampering probability; latency +6 ms; Virtual objects: sensor and actuator abstractions enabled
EXP_20260507_152111_a31077,1,17,17.0,3,technician,99.373,37.263,94.468,1.616,Ward-A-zone,0.787,none,False,0.2252,False,none,0.65,63.518,13.187,76.705,False,0.20975,0.66667,0.35,0.65,0.64,0.45,0.34,True,0.075,False,0.01375,False,0.52,7.5,Data obfuscation: coarsened location; privacy exposure -0.14; Transport Layer Security: reduced tampering probability; latency +6 ms; Virtual objects: sensor and actuator abstractions enabled
EXP_20260507_152111_a31077,1,17,17.0,4,porter,108.52,37.079,94.694,1.995,Surgery-zone,0.488,none,False,0.3065,False,none,0.65,62.83,17.202,80.032,False,0.20975,0.66667,0.35,0.65,0.64,0.45,0.34,True,0.075,False,0.01375,False,0.52,7.5,Data obfuscation: coarsened location; privacy exposure -0.14; Transport Layer Security: reduced tampering probability; latency +6 ms; Virtual objects: sensor and actuator abstractions enabled
EXP_20260507_152111_a31077,1,17,17.0,5,technician,94.92,37.488,95.833,1.167,Emergency-zone,0.407,none,False,0.2256,False,none,0.65,48.863,15.527,64.39,False,0.20975,0.66667,0.35,0.65,0.64,0.45,0.34,True,0.075,False,0.01375,False,0.52,7.5,Data obfuscation: coarsened location; privacy exposure -0.14; Transport Layer Security: reduced tampering probability; latency +6 ms; Virtual objects: sensor and actuator abstractions enabled
EXP_20260507_152111_a31077,1,17,17.0,6,porter,102.65,37.053,94.569,1.603,Emergency-zone,0.662,none,False,0.2739,False,none,0.65,49.932,17.816,67.748,False,0.20975,0.66667,0.35,0.65,0.64,0.45,0.34,True,0.075,False,0.01375,False,0.52,7.5,Data obfuscation: coarsened location; privacy exposure -0.14; Transport Layer Security: reduced tampering probability; latency +6 ms; Virtual objects: sensor and actuator abstractions enabled
EXP_20260507_152111_a31077,1,17,17.0,7,porter,102.115,36.878,95.82,1.189,Radiology-zone,0.517,none,False,0.1484,False,none,0.65,40.784,18.701,59.485,False,0.20975,0.66667,0.35,0.65,0.64,0.45,0.34,True,0.075,False,0.01375,False,0.52,7.5,Data obfuscation: coarsened location; privacy exposure -0.14; Transport Layer Security: reduced tampering probability; latency +6 ms; Virtual objects: sensor and actuator abstractions enabled
EXP_20260507_152111_a31077,1,17,17.0,8,porter,103.766,37.062,96.197,1.231,Emergency-zone,0.686,none,False,0.2341,False,none,0.65,58.745,15.898,74.643,False,0.20975,0.66667,0.35,0.65,0.64,0.45,0.34,True,0.075,False,0.01375,False,0.52,7.5,Data obfuscation: coarsened location; privacy exposure -0.14; Transport Layer Security: reduced tampering probability; latency +6 ms; Virtual objects: sensor and actuator abstractions enabled
EXP_20260507_152111_a31077,1,17,17.0,9,technician,85.33,36.874,97.314,0.76,Ward-A-zone,0.183,none,False,0.0622,False,none,0.65,58.462,16.473,74.935,False,0.20975,0.66667,0.35,0.65,0.64,0.45,0.34,True,0.075,False,0.01375,False,0.52,7.5,Data obfuscation: coarsened location; privacy exposure -0.14; Transport Layer Security: reduced tampering probability; latency +6 ms; Virtual objects: sensor and actuator abstractions enabled
EXP_20260507_152111_a31077,1,17,17.0,10,nurse,100.075,37.182,96.651,2.234,Pharmacy-zone,0.653,none,False,0.2137,False,none,0.65,45.371,17.346,62.717,False,0.20975,0.66667,0.35,0.65,0.64,0.45,0.34,True,0.075,False,0.01375,False,0.52,7.5,Data obfuscation: coarsened location; privacy exposure -0.14; Transport Layer Security: reduced tampering probability; latency +6 ms; Virtual objects: sensor and actuator abstractions enabled
EXP_20260507_152111_a31077,1,17,17.0,11,cleaning_staff,91.041,36.692,94.777,1.134,Emergency-zone,0.32,none,False,0.1876,False,none,0.65,52.325,14.096,66.421,False,0.20975,0.66667,0.35,0.65,0.64,0.45,0.34,True,0.075,False,0.01375,False,0.52,7.5,Data obfuscation: coarsened location; privacy exposure -0.14; Transport Layer Security: reduced tampering probability; latency +6 ms; Virtual objects: sensor and actuator abstractions enabled
EXP_20260507_152111_a31077,1,17,17.0,12,technician,93.166,37.151,96.349,1.106,Radiology-zone,0.392,none,False,0.1175,False,none,0.65,54.265,18.781,73.046,False,0.20975,0.66667,0.35,0.65,0.64,0.45,0.34,True,0.075,False,0.01375,False,0.52,7.5,Data obfuscation: coarsened location; privacy exposure -0.14; Transport Layer Security: reduced tampering probability; latency +6 ms; Virtual objects: sensor and actuator abstractions enabled
EXP_20260507_152111_a31077,1,17,17.0,13,physician,91.316,36.729,96.332,0.919,ICU-zone,0.35,none,False,0.1619,False,none,0.65,54.518,18.246,72.764,False,0.20975,0.66667,0.35,0.65,0.64,0.45,0.34,True,0.075,False,0.01375,False,0.52,7.5,Data obfuscation: coarsened location; privacy exposure -0.14; Transport Layer Security: reduced tampering probability; latency +6 ms; Virtual objects: sensor and actuator abstractions enabled
EXP_20260507_152111_a31077,1,17,17.0,14,technician,102.256,36.991,95.673,1.584,Radiology-zone,0.635,none,False,0.1717,False,none,0.65,65.666,19.763,85.429,False,0.20975,0.66667,0.35,0.65,0.64,0.45,0.34,True,0.075,False,0.01375,False,0.52,7.5,Data obfuscation: coarsened location; privacy exposure -0.14; Transport Layer Security: reduced tampering probability; latency +6 ms; Virtual objects: sensor and actuator abstractions enabled
EXP_20260507_152111_a31077,1,17,17.0,15,physician,92.272,37.223,94.645,0.952,ICU-zone,0.436,none,False,0.2226,False,none,0.65,51.585,19.07,70.655,False,0.20975,0.66667,0.35,0.65,0.64,0.45,0.34,True,0.075,False,0.01375,False,0.52,7.5,Data obfuscation: coarsened location; privacy exposure -0.14; Transport Layer Security: reduced tampering probability; latency +6 ms; Virtual objects: sensor and actuator abstractions enabled
EXP_20260507_152111_a31077,1,17,17.0,16,physician,92.651,37.058,94.642,1.53,Radiology-zone,0.486,none,False,0.1536,False,none,0.65,70.22,14.492,84.712,False,0.20975,0.66667,0.35,0.65,0.64,0.45,0.34,True,0.075,False,0.01375,False,0.52,7.5,Data obfuscation: coarsened location; privacy exposure -0.14; Transport Layer Security: reduced tampering probability; latency +6 ms; Virtual objects: sensor and actuator abstractions enabled
EXP_20260507_152111_a31077,1,17,17.0,17,porter,99.684,36.885,94.523,1.572,Surgery-zone,0.638,none,False,0.2562,False,none,0.65,56.417,10.822,67.239,False,0.20975,0.66667,0.35,0.65,0.64,0.45,0.34,True,0.075,False,0.01375,False,0.52,7.5,Data obfuscation: coarsened location; privacy exposure -0.14; Transport Layer Security: reduced tampering probability; latency +6 ms; Virtual objects: sensor and actuator abstractions enabled
EXP_20260507_152111_a31077,1,17,17.0,18,physician,107.546,37.006,94.783,1.378,Surgery-zone,0.508,none,False,0.2592,False,none,0.65,68.904,16.851,85.756,False,0.20975,0.66667,0.35,0.65,0.64,0.45,0.34,True,0.075,False,0.01375,False,0.52,7.5,Data obfuscation: coarsened location; privacy exposure -0.14; Transport Layer Security: reduced tampering probability; latency +6 ms; Virtual objects: sensor and actuator abstractions enabled
EXP_20260507_152111_a31077,1,17,17.0,19,nurse,97.663,37.356,94.762,0.812,Surgery-zone,0.534,none,False,0.2574,False,none,0.65,50.954,15.784,66.738,False,0.20975,0.66667,0.35,0.65,0.64,0.45,0.34,True,0.075,False,0.01375,False,0.52,7.5,Data obfuscation: coarsened location; privacy exposure -0.14; Transport Layer Security: reduced tampering probability; latency +6 ms; Virtual objects: sensor and actuator abstractions enabled
EXP_20260507_152111_a31077,1,17,17.0,20,technician,98.167,36.97,94.011,1.158,Surgery-zone,0.284,none,False,0.2284,False,none,0.65,59.947,16.299,76.246,False,0.20975,0.66667,0.35,0.65,0.64,0.45,0.34,True,0.075,False,0.01375,False,0.52,7.5,Data obfuscation: coarsened location; privacy exposure -0.14; Transport Layer Security: reduced tampering probability; latency +6 ms; Virtual objects: sensor and actuator abstractions enabled
EXP_20260507_152111_a31077,1,18,18.0,1,nurse,78.694,37.059,97.183,0.462,Pharmacy-zone,0.149,none,False,0.064,False,none,0.65,50.495,16.058,66.553,False,0.20975,0.66667,0.35,0.65,0.64,0.45,0.34,True,0.075,False,0.01375,False,0.52,7.5,Data obfuscation: coarsened location; privacy exposure -0.14; Transport Layer Security: reduced tampering probability; latency +6 ms; Virtual objects: sensor and actuator abstractions enabled
EXP_20260507_152111_a31077,1,18,18.0,2,porter,106.817,37.035,96.5,1.043,Pharmacy-zone,0.789,none,False,0.1822,False,none,0.65,59.404,16.311,75.715,False,0.20975,0.66667,0.35,0.65,0.64,0.45,0.34,True,0.075,False,0.01375,False,0.52,7.5,Data obfuscation: coarsened location; privacy exposure -0.14; Transport Layer Security: reduced tampering probability; latency +6 ms; Virtual objects: sensor and actuator abstractions enabled
EXP_20260507_152111_a31077,1,18,18.0,3,technician,97.821,37.315,94.718,0.995,Ward-A-zone,0.753,none,False,0.2028,False,none,0.65,61.856,14.839,76.695,False,0.20975,0.66667,0.35,0.65,0.64,0.45,0.34,True,0.075,False,0.01375,False,0.52,7.5,Data obfuscation: coarsened location; privacy exposure -0.14; Transport Layer Security: reduced tampering probability; latency +6 ms; Virtual objects: sensor and actuator abstractions enabled
EXP_20260507_152111_a31077,1,18,18.0,4,porter,131.569,37.161,93.441,3.0,Surgery-zone,0.657,fall,True,0.4982,False,none,0.65,60.827,16.202,77.03,False,0.20975,0.66667,0.35,0.65,0.64,0.45,0.34,True,0.075,False,0.01375,False,0.52,7.5,Data obfuscation: coarsened location; privacy exposure -0.14; Transport Layer Security: reduced tampering probability; latency +6 ms; Virtual objects: sensor and actuator abstractions enabled
EXP_20260507_152111_a31077,1,18,18.0,5,technician,95.432,37.511,95.687,1.649,Emergency-zone,0.425,none,False,0.2495,False,none,0.65,45.828,17.721,63.548,False,0.20975,0.66667,0.35,0.65,0.64,0.45,0.34,True,0.075,True,0.01375,False,0.52,7.5,Data obfuscation: coarsened location; privacy exposure -0.14; Transport Layer Security: reduced tampering probability; latency +6 ms; Virtual objects: sensor and actuator abstractions enabled
EXP_20260507_152111_a31077,1,18,18.0,6,porter,100.567,37.031,94.637,1.125,Emergency-zone,0.55,none,False,0.2429,False,none,0.65,57.774,14.406,72.18,False,0.20975,0.66667,0.35,0.65,0.64,0.45,0.34,True,0.075,False,0.01375,False,0.52,7.5,Data obfuscation: coarsened location; privacy exposure -0.14; Transport Layer Security: reduced tampering probability; latency +6 ms; Virtual objects: sensor and actuator abstractions enabled
EXP_20260507_152111_a31077,1,18,18.0,7,porter,101.178,36.914,95.968,1.794,Radiology-zone,0.466,none,False,0.1625,False,none,0.65,50.661,15.83,66.491,False,0.20975,0.66667,0.35,0.65,0.64,0.45,0.34,True,0.075,False,0.01375,False,0.52,7.5,Data obfuscation: coarsened location; privacy exposure -0.14; Transport Layer Security: reduced tampering probability; latency +6 ms; Virtual objects: sensor and actuator abstractions enabled
EXP_20260507_152111_a31077,1,18,18.0,8,porter,106.827,37.14,96.111,2.221,Emergency-zone,0.759,none,False,0.3075,False,none,0.65,42.319,19.263,61.582,False,0.20975,0.66667,0.35,0.65,0.64,0.45,0.34,True,0.075,False,0.01375,False,0.52,7.5,Data obfuscation: coarsened location; privacy exposure -0.14; Transport Layer Security: reduced tampering probability; latency +6 ms; Virtual objects: sensor and actuator abstractions enabled
EXP_20260507_152111_a31077,1,18,18.0,9,technician,95.138,37.032,97.163,1.475,Ward-A-zone,0.559,none,False,0.1298,False,none,0.65,49.384,15.137,64.521,False,0.20975,0.66667,0.35,0.65,0.64,0.45,0.34,True,0.075,False,0.01375,False,0.52,7.5,Data obfuscation: coarsened location; privacy exposure -0.14; Transport Layer Security: reduced tampering probability; latency +6 ms; Virtual objects: sensor and actuator abstractions enabled
EXP_20260507_152111_a31077,1,18,18.0,10,nurse,100.554,37.247,96.386,0.538,Pharmacy-zone,0.671,none,False,0.1709,False,none,0.65,53.717,16.393,70.11,False,0.20975,0.66667,0.35,0.65,0.64,0.45,0.34,True,0.075,False,0.01375,False,0.52,7.5,Data obfuscation: coarsened location; privacy exposure -0.14; Transport Layer Security: reduced tampering probability; latency +6 ms; Virtual objects: sensor and actuator abstractions enabled
EXP_20260507_152111_a31077,1,18,18.0,11,cleaning_staff,94.92,36.764,94.559,0.89,Emergency-zone,0.464,none,False,0.2162,False,none,0.65,41.858,14.903,56.761,False,0.20975,0.66667,0.35,0.65,0.64,0.45,0.34,True,0.075,False,0.01375,False,0.52,7.5,Data obfuscation: coarsened location; privacy exposure -0.14; Transport Layer Security: reduced tampering probability; latency +6 ms; Virtual objects: sensor and actuator abstractions enabled
EXP_20260507_152111_a31077,1,18,18.0,12,technician,93.156,37.132,96.304,1.452,Radiology-zone,0.362,none,False,0.117,False,none,0.65,52.19,14.968,67.158,False,0.20975,0.66667,0.35,0.65,0.64,0.45,0.34,True,0.075,False,0.01375,False,0.52,7.5,Data obfuscation: coarsened location; privacy exposure -0.14; Transport Layer Security: reduced tampering probability; latency +6 ms; Virtual objects: sensor and actuator abstractions enabled
EXP_20260507_152111_a31077,1,18,18.0,13,physician,95.407,36.762,96.235,1.233,ICU-zone,0.456,none,False,0.1835,False,none,0.65,59.722,17.323,77.045,False,0.20975,0.66667,0.35,0.65,0.64,0.45,0.34,True,0.075,False,0.01375,False,0.52,7.5,Data obfuscation: coarsened location; privacy exposure -0.14; Transport Layer Security: reduced tampering probability; latency +6 ms; Virtual objects: sensor and actuator abstractions enabled
EXP_20260507_152111_a31077,1,18,18.0,14,technician,102.445,37.016,95.393,1.925,Radiology-zone,0.604,none,False,0.1993,False,none,0.65,49.873,15.83,65.703,False,0.20975,0.66667,0.35,0.65,0.64,0.45,0.34,True,0.075,False,0.01375,False,0.52,7.5,Data obfuscation: coarsened location; privacy exposure -0.14; Transport Layer Security: reduced tampering probability; latency +6 ms; Virtual objects: sensor and actuator abstractions enabled
EXP_20260507_152111_a31077,1,18,18.0,15,physician,90.279,37.26,94.633,0.955,ICU-zone,0.362,none,False,0.2142,False,none,0.65,57.999,18.068,76.068,False,0.20975,0.66667,0.35,0.65,0.64,0.45,0.34,True,0.075,True,0.01375,False,0.52,7.5,Data obfuscation: coarsened location; privacy exposure -0.14; Transport Layer Security: reduced tampering probability; latency +6 ms; Virtual objects: sensor and actuator abstractions enabled
EXP_20260507_152111_a31077,1,18,18.0,16,physician,95.816,37.128,94.711,0.758,Radiology-zone,0.6,none,False,0.1691,False,none,0.65,56.637,15.217,71.854,False,0.20975,0.66667,0.35,0.65,0.64,0.45,0.34,True,0.075,False,0.01375,False,0.52,7.5,Data obfuscation: coarsened location; privacy exposure -0.14; Transport Layer Security: reduced tampering probability; latency +6 ms; Virtual objects: sensor and actuator abstractions enabled
EXP_20260507_152111_a31077,1,18,18.0,17,porter,95.845,36.862,94.469,1.195,Surgery-zone,0.488,none,False,0.2232,False,none,0.65,48.11,16.581,64.691,False,0.20975,0.66667,0.35,0.65,0.64,0.45,0.34,True,0.075,False,0.01375,False,0.52,7.5,Data obfuscation: coarsened location; privacy exposure -0.14; Transport Layer Security: reduced tampering probability; latency +6 ms; Virtual objects: sensor and actuator abstractions enabled
EXP_20260507_152111_a31077,1,18,18.0,18,physician,109.009,36.988,94.804,1.781,Radiology-zone,0.555,none,False,0.2228,False,none,0.65,59.982,13.325,73.307,False,0.20975,0.66667,0.35,0.65,0.64,0.45,0.34,True,0.075,False,0.01375,False,0.52,7.5,Data obfuscation: coarsened location; privacy exposure -0.14; Transport Layer Security: reduced tampering probability; latency +6 ms; Virtual objects: sensor and actuator abstractions enabled
EXP_20260507_152111_a31077,1,18,18.0,19,nurse,97.277,37.378,94.71,1.61,Surgery-zone,0.498,none,False,0.2697,False,none,0.65,37.673,18.517,56.19,False,0.20975,0.66667,0.35,0.65,0.64,0.45,0.34,True,0.075,False,0.01375,False,0.52,7.5,Data obfuscation: coarsened location; privacy exposure -0.14; Transport Layer Security: reduced tampering probability; latency +6 ms; Virtual objects: sensor and actuator abstractions enabled
EXP_20260507_152111_a31077,1,18,18.0,20,technician,101.503,37.067,94.067,0.971,Surgery-zone,0.438,none,False,0.2552,False,none,0.65,56.763,17.059,73.822,False,0.20975,0.66667,0.35,0.65,0.64,0.45,0.34,True,0.075,False,0.01375,False,0.52,7.5,Data obfuscation: coarsened location; privacy exposure -0.14; Transport Layer Security: reduced tampering probability; latency +6 ms; Virtual objects: sensor and actuator abstractions enabled
EXP_20260507_152111_a31077,1,19,19.0,1,nurse,83.624,36.478,94.116,1.873,Pharmacy-zone,0.107,none,False,0.1294,False,none,0.65,54.519,17.539,72.059,False,0.20975,0.66667,0.35,0.65,0.64,0.45,0.34,True,0.075,False,0.01375,True,0.52,7.5,Data obfuscation: coarsened location; privacy exposure -0.14; Transport Layer Security: reduced tampering probability; latency +6 ms; Virtual objects: sensor and actuator abstractions enabled
EXP_20260507_152111_a31077,1,19,19.0,2,porter,108.958,37.05,96.432,2.469,Pharmacy-zone,0.871,none,False,0.2627,False,none,0.65,57.635,17.818,75.454,False,0.20975,0.66667,0.35,0.65,0.64,0.45,0.34,True,0.075,False,0.01375,False,0.52,7.5,Data obfuscation: coarsened location; privacy exposure -0.14; Transport Layer Security: reduced tampering probability; latency +6 ms; Virtual objects: sensor and actuator abstractions enabled
EXP_20260507_152111_a31077,1,19,19.0,3,technician,92.194,37.166,94.619,1.335,Emergency-zone,0.476,none,False,0.2206,False,none,0.65,69.881,17.075,86.956,False,0.20975,0.66667,0.35,0.65,0.64,0.45,0.34,True,0.075,False,0.01375,False,0.52,7.5,Data obfuscation: coarsened location; privacy exposure -0.14; Transport Layer Security: reduced tampering probability; latency +6 ms; Virtual objects: sensor and actuator abstractions enabled
EXP_20260507_152111_a31077,1,19,19.0,4,porter,110.017,37.117,95.129,1.945,Ward-B-zone,0.523,none,False,0.2371,False,none,0.65,55.205,16.139,71.344,False,0.20975,0.66667,0.35,0.65,0.64,0.45,0.34,True,0.075,False,0.01375,False,0.52,7.5,Data obfuscation: coarsened location; privacy exposure -0.14; Transport Layer Security: reduced tampering probability; latency +6 ms; Virtual objects: sensor and actuator abstractions enabled
EXP_20260507_152111_a31077,1,19,19.0,5,technician,93.048,37.471,95.637,1.551,Emergency-zone,0.315,none,False,0.0,False,no_assessment_packet_loss,0.65,47.084,0.0,47.084,True,0.20975,0.66667,0.35,0.65,0.64,0.45,0.34,True,0.075,False,0.01375,False,0.52,7.5,Data obfuscation: coarsened location; privacy exposure -0.14; Transport Layer Security: reduced tampering probability; latency +6 ms; Virtual objects: sensor and actuator abstractions enabled
EXP_20260507_152111_a31077,1,19,19.0,6,porter,103.098,37.025,94.763,1.407,Emergency-zone,0.616,none,False,0.2532,False,none,0.65,49.3,17.8,67.1,False,0.20975,0.66667,0.35,0.65,0.64,0.45,0.34,True,0.075,False,0.01375,False,0.52,7.5,Data obfuscation: coarsened location; privacy exposure -0.14; Transport Layer Security: reduced tampering probability; latency +6 ms; Virtual objects: sensor and actuator abstractions enabled
EXP_20260507_152111_a31077,1,19,19.0,7,porter,115.618,37.441,93.306,1.315,Radiology-zone,0.474,high_fatigue,True,0.2915,False,none,0.65,48.363,18.592,66.955,False,0.20975,0.66667,0.35,0.65,0.64,0.45,0.34,True,0.075,False,0.01375,False,0.52,7.5,Data obfuscation: coarsened location; privacy exposure -0.14; Transport Layer Security: reduced tampering probability; latency +6 ms; Virtual objects: sensor and actuator abstractions enabled
EXP_20260507_152111_a31077,1,19,19.0,8,porter,103.488,37.123,95.992,1.119,Emergency-zone,0.632,none,False,0.2351,False,none,0.65,58.666,18.651,77.317,False,0.20975,0.66667,0.35,0.65,0.64,0.45,0.34,True,0.075,False,0.01375,False,0.52,7.5,Data obfuscation: coarsened location; privacy exposure -0.14; Transport Layer Security: reduced tampering probability; latency +6 ms; Virtual objects: sensor and actuator abstractions enabled
EXP_20260507_152111_a31077,1,19,19.0,9,technician,95.317,37.03,97.126,1.248,Ward-A-zone,0.537,none,False,0.0,False,no_assessment_packet_loss,0.65,41.018,0.0,41.018,True,0.20975,0.66667,0.35,0.65,0.64,0.45,0.34,True,0.075,False,0.01375,False,0.52,7.5,Data obfuscation: coarsened location; privacy exposure -0.14; Transport Layer Security: reduced tampering probability; latency +6 ms; Virtual objects: sensor and actuator abstractions enabled
EXP_20260507_152111_a31077,1,19,19.0,10,nurse,105.964,37.323,96.278,1.614,Pharmacy-zone,0.847,none,False,0.2219,False,none,0.65,44.014,16.22,60.234,False,0.20975,0.66667,0.35,0.65,0.64,0.45,0.34,True,0.075,False,0.01375,False,0.52,7.5,Data obfuscation: coarsened location; privacy exposure -0.14; Transport Layer Security: reduced tampering probability; latency +6 ms; Virtual objects: sensor and actuator abstractions enabled
EXP_20260507_152111_a31077,1,19,19.0,11,cleaning_staff,91.346,36.725,94.986,0.756,Emergency-zone,0.309,none,False,0.1831,False,none,0.65,45.008,15.121,60.129,False,0.20975,0.66667,0.35,0.65,0.64,0.45,0.34,True,0.075,False,0.01375,False,0.52,7.5,Data obfuscation: coarsened location; privacy exposure -0.14; Transport Layer Security: reduced tampering probability; latency +6 ms; Virtual objects: sensor and actuator abstractions enabled
EXP_20260507_152111_a31077,1,19,19.0,12,technician,96.802,37.149,96.311,1.514,Radiology-zone,0.533,none,False,0.1467,False,none,0.65,40.882,15.901,56.782,False,0.20975,0.66667,0.35,0.65,0.64,0.45,0.34,True,0.075,False,0.01375,False,0.52,7.5,Data obfuscation: coarsened location; privacy exposure -0.14; Transport Layer Security: reduced tampering probability; latency +6 ms; Virtual objects: sensor and actuator abstractions enabled
EXP_20260507_152111_a31077,1,19,19.0,13,physician,99.749,36.879,95.855,1.219,ICU-zone,0.676,none,False,0.2171,False,none,0.65,60.894,16.02,76.914,False,0.20975,0.66667,0.35,0.65,0.64,0.45,0.34,True,0.075,True,0.01375,False,0.52,7.5,Data obfuscation: coarsened location; privacy exposure -0.14; Transport Layer Security: reduced tampering probability; latency +6 ms; Virtual objects: sensor and actuator abstractions enabled
EXP_20260507_152111_a31077,1,19,19.0,14,technician,102.483,37.022,95.652,1.707,Radiology-zone,0.594,none,False,0.1797,False,none,0.65,50.608,17.571,68.179,False,0.20975,0.66667,0.35,0.65,0.64,0.45,0.34,True,0.075,False,0.01375,False,0.52,7.5,Data obfuscation: coarsened location; privacy exposure -0.14; Transport Layer Security: reduced tampering probability; latency +6 ms; Virtual objects: sensor and actuator abstractions enabled
EXP_20260507_152111_a31077,1,19,19.0,15,physician,97.802,37.571,92.683,0.683,ICU-zone,0.21,high_fatigue,True,0.3039,False,none,0.65,51.664,17.868,69.532,False,0.20975,0.66667,0.35,0.65,0.64,0.45,0.34,True,0.075,True,0.01375,False,0.52,7.5,Data obfuscation: coarsened location; privacy exposure -0.14; Transport Layer Security: reduced tampering probability; latency +6 ms; Virtual objects: sensor and actuator abstractions enabled
EXP_20260507_152111_a31077,1,19,19.0,16,physician,90.91,37.041,94.604,1.334,Ward-A-zone,0.417,none,False,0.1342,False,none,0.65,54.293,16.642,70.936,False,0.20975,0.66667,0.35,0.65,0.64,0.45,0.34,True,0.075,True,0.01375,False,0.52,7.5,Data obfuscation: coarsened location; privacy exposure -0.14; Transport Layer Security: reduced tampering probability; latency +6 ms; Virtual objects: sensor and actuator abstractions enabled
EXP_20260507_152111_a31077,1,19,19.0,17,porter,99.036,36.891,94.425,1.45,Surgery-zone,0.611,none,False,0.2469,False,none,0.65,60.197,14.688,74.885,False,0.20975,0.66667,0.35,0.65,0.64,0.45,0.34,True,0.075,False,0.01375,False,0.52,7.5,Data obfuscation: coarsened location; privacy exposure -0.14; Transport Layer Security: reduced tampering probability; latency +6 ms; Virtual objects: sensor and actuator abstractions enabled
EXP_20260507_152111_a31077,1,19,19.0,18,physician,109.641,37.026,94.749,0.894,Radiology-zone,0.563,none,False,0.2056,False,none,0.65,58.581,13.991,72.572,False,0.20975,0.66667,0.35,0.65,0.64,0.45,0.34,True,0.075,False,0.01375,False,0.52,7.5,Data obfuscation: coarsened location; privacy exposure -0.14; Transport Layer Security: reduced tampering probability; latency +6 ms; Virtual objects: sensor and actuator abstractions enabled
EXP_20260507_152111_a31077,1,19,19.0,19,nurse,88.414,37.264,95.01,1.05,Surgery-zone,0.17,none,False,0.1861,False,none,0.65,67.062,14.29,81.352,False,0.20975,0.66667,0.35,0.65,0.64,0.45,0.34,True,0.075,False,0.01375,False,0.52,7.5,Data obfuscation: coarsened location; privacy exposure -0.14; Transport Layer Security: reduced tampering probability; latency +6 ms; Virtual objects: sensor and actuator abstractions enabled
EXP_20260507_152111_a31077,1,19,19.0,20,technician,99.792,37.033,94.178,1.29,Pharmacy-zone,0.348,none,False,0.1703,False,none,0.65,42.954,17.195,60.149,False,0.20975,0.66667,0.35,0.65,0.64,0.45,0.34,True,0.075,False,0.01375,False,0.52,7.5,Data obfuscation: coarsened location; privacy exposure -0.14; Transport Layer Security: reduced tampering probability; latency +6 ms; Virtual objects: sensor and actuator abstractions enabled
EXP_20260507_152111_a31077,1,20,20.0,1,nurse,78.983,37.062,97.016,0.932,Pharmacy-zone,0.106,none,False,0.0615,False,none,0.65,50.951,16.135,67.086,False,0.20975,0.66667,0.35,0.65,0.64,0.45,0.34,True,0.075,True,0.01375,False,0.52,7.5,Data obfuscation: coarsened location; privacy exposure -0.14; Transport Layer Security: reduced tampering probability; latency +6 ms; Virtual objects: sensor and actuator abstractions enabled
EXP_20260507_152111_a31077,1,20,20.0,2,porter,103.508,36.994,96.407,1.228,Laboratory-zone,0.633,none,False,0.1569,False,none,0.65,54.963,14.315,69.278,False,0.20975,0.66667,0.35,0.65,0.64,0.45,0.34,True,0.075,True,0.01375,False,0.52,7.5,Data obfuscation: coarsened location; privacy exposure -0.14; Transport Layer Security: reduced tampering probability; latency +6 ms; Virtual objects: sensor and actuator abstractions enabled
EXP_20260507_152111_a31077,1,20,20.0,3,technician,99.065,37.312,94.573,1.942,Ward-A-zone,0.729,none,False,0.2422,False,none,0.65,51.035,17.057,68.092,False,0.20975,0.66667,0.35,0.65,0.64,0.45,0.34,True,0.075,False,0.01375,False,0.52,7.5,Data obfuscation: coarsened location; privacy exposure -0.14; Transport Layer Security: reduced tampering probability; latency +6 ms; Virtual objects: sensor and actuator abstractions enabled
EXP_20260507_152111_a31077,1,20,20.0,4,porter,104.898,37.085,95.166,1.017,Surgery-zone,0.335,none,False,0.2362,False,none,0.65,48.235,16.086,64.321,False,0.20975,0.66667,0.35,0.65,0.64,0.45,0.34,True,0.075,False,0.01375,False,0.52,7.5,Data obfuscation: coarsened location; privacy exposure -0.14; Transport Layer Security: reduced tampering probability; latency +6 ms; Virtual objects: sensor and actuator abstractions enabled
EXP_20260507_152111_a31077,1,20,20.0,5,technician,97.944,37.535,95.69,1.369,Radiology-zone,0.462,none,False,0.1804,False,none,0.65,56.919,17.648,74.567,False,0.20975,0.66667,0.35,0.65,0.64,0.45,0.34,True,0.075,False,0.01375,False,0.52,7.5,Data obfuscation: coarsened location; privacy exposure -0.14; Transport Layer Security: reduced tampering probability; latency +6 ms; Virtual objects: sensor and actuator abstractions enabled
EXP_20260507_152111_a31077,1,20,20.0,6,porter,97.735,36.99,94.574,1.672,Emergency-zone,0.428,none,False,0.2401,False,none,0.65,56.611,17.684,74.295,False,0.20975,0.66667,0.35,0.65,0.64,0.45,0.34,True,0.075,False,0.01375,False,0.52,7.5,Data obfuscation: coarsened location; privacy exposure -0.14; Transport Layer Security: reduced tampering probability; latency +6 ms; Virtual objects: sensor and actuator abstractions enabled
EXP_20260507_152111_a31077,1,20,20.0,7,porter,107.392,37.011,95.551,0.895,Radiology-zone,0.707,none,False,0.1872,False,none,0.65,42.258,15.955,58.213,False,0.20975,0.66667,0.35,0.65,0.64,0.45,0.34,True,0.075,False,0.01375,False,0.52,7.5,Data obfuscation: coarsened location; privacy exposure -0.14; Transport Layer Security: reduced tampering probability; latency +6 ms; Virtual objects: sensor and actuator abstractions enabled
EXP_20260507_152111_a31077,1,20,20.0,8,porter,103.75,37.101,96.176,1.469,Emergency-zone,0.624,none,False,0.2376,False,none,0.65,52.936,17.346,70.282,False,0.20975,0.66667,0.35,0.65,0.64,0.45,0.34,True,0.075,False,0.01375,False,0.52,7.5,Data obfuscation: coarsened location; privacy exposure -0.14; Transport Layer Security: reduced tampering probability; latency +6 ms; Virtual objects: sensor and actuator abstractions enabled
EXP_20260507_152111_a31077,1,20,20.0,9,technician,92.911,37.034,97.061,1.185,Ward-A-zone,0.44,none,False,0.1095,False,none,0.65,55.552,15.541,71.093,False,0.20975,0.66667,0.35,0.65,0.64,0.45,0.34,True,0.075,False,0.01375,False,0.52,7.5,Data obfuscation: coarsened location; privacy exposure -0.14; Transport Layer Security: reduced tampering probability; latency +6 ms; Virtual objects: sensor and actuator abstractions enabled
EXP_20260507_152111_a31077,1,20,20.0,10,nurse,99.368,37.235,96.669,0.774,Pharmacy-zone,0.574,none,False,0.1591,False,none,0.65,51.548,16.797,68.345,False,0.20975,0.66667,0.35,0.65,0.64,0.45,0.34,True,0.075,False,0.01375,False,0.52,7.5,Data obfuscation: coarsened location; privacy exposure -0.14; Transport Layer Security: reduced tampering probability; latency +6 ms; Virtual objects: sensor and actuator abstractions enabled
EXP_20260507_152111_a31077,1,20,20.0,11,cleaning_staff,91.402,36.734,94.759,0.39,Emergency-zone,0.311,none,False,0.1887,False,none,0.65,55.515,14.706,70.221,False,0.20975,0.66667,0.35,0.65,0.64,0.45,0.34,True,0.075,False,0.01375,False,0.52,7.5,Data obfuscation: coarsened location; privacy exposure -0.14; Transport Layer Security: reduced tampering probability; latency +6 ms; Virtual objects: sensor and actuator abstractions enabled
EXP_20260507_152111_a31077,1,20,20.0,12,technician,87.153,37.003,96.387,0.9,Ward-B-zone,0.118,none,False,0.0646,False,none,0.65,57.48,22.66,80.139,False,0.20975,0.66667,0.35,0.65,0.64,0.45,0.34,True,0.075,False,0.01375,False,0.52,7.5,Data obfuscation: coarsened location; privacy exposure -0.14; Transport Layer Security: reduced tampering probability; latency +6 ms; Virtual objects: sensor and actuator abstractions enabled
EXP_20260507_152111_a31077,1,20,20.0,13,physician,108.964,37.435,93.906,1.038,Ward-A-zone,0.454,high_fatigue,True,0.252,False,none,0.65,58.99,18.565,77.555,False,0.20975,0.66667,0.35,0.65,0.64,0.45,0.34,True,0.075,False,0.01375,False,0.52,7.5,Data obfuscation: coarsened location; privacy exposure -0.14; Transport Layer Security: reduced tampering probability; latency +6 ms; Virtual objects: sensor and actuator abstractions enabled
EXP_20260507_152111_a31077,1,20,20.0,14,technician,102.84,36.982,95.331,1.624,Radiology-zone,0.614,none,False,0.1828,False,none,0.65,56.297,16.777,73.075,False,0.20975,0.66667,0.35,0.65,0.64,0.45,0.34,True,0.075,False,0.01375,False,0.52,7.5,Data obfuscation: coarsened location; privacy exposure -0.14; Transport Layer Security: reduced tampering probability; latency +6 ms; Virtual objects: sensor and actuator abstractions enabled
EXP_20260507_152111_a31077,1,20,20.0,15,physician,93.069,37.372,94.459,1.341,ICU-zone,0.459,none,False,0.2446,False,none,0.65,50.921,16.09,67.011,False,0.20975,0.66667,0.35,0.65,0.64,0.45,0.34,True,0.075,False,0.01375,False,0.52,7.5,Data obfuscation: coarsened location; privacy exposure -0.14; Transport Layer Security: reduced tampering probability; latency +6 ms; Virtual objects: sensor and actuator abstractions enabled
EXP_20260507_152111_a31077,1,20,20.0,16,physician,96.342,37.163,94.864,1.7,Radiology-zone,0.633,none,False,0.1911,False,none,0.65,64.183,13.932,78.116,False,0.20975,0.66667,0.35,0.65,0.64,0.45,0.34,True,0.075,False,0.01375,False,0.52,7.5,Data obfuscation: coarsened location; privacy exposure -0.14; Transport Layer Security: reduced tampering probability; latency +6 ms; Virtual objects: sensor and actuator abstractions enabled
EXP_20260507_152111_a31077,1,20,20.0,17,porter,98.7,36.873,94.387,2.032,Surgery-zone,0.556,none,False,0.2788,False,none,0.65,53.925,17.084,71.009,False,0.20975,0.66667,0.35,0.65,0.64,0.45,0.34,True,0.075,False,0.01375,False,0.52,7.5,Data obfuscation: coarsened location; privacy exposure -0.14; Transport Layer Security: reduced tampering probability; latency +6 ms; Virtual objects: sensor and actuator abstractions enabled
EXP_20260507_152111_a31077,1,20,20.0,18,physician,109.252,37.038,94.688,1.41,Radiology-zone,0.552,none,False,0.2067,False,none,0.65,51.213,15.175,66.388,False,0.20975,0.66667,0.35,0.65,0.64,0.45,0.34,True,0.075,True,0.01375,False,0.52,7.5,Data obfuscation: coarsened location; privacy exposure -0.14; Transport Layer Security: reduced tampering probability; latency +6 ms; Virtual objects: sensor and actuator abstractions enabled
EXP_20260507_152111_a31077,1,20,20.0,19,nurse,102.284,37.464,94.78,1.68,Surgery-zone,0.662,none,False,0.3087,False,none,0.65,51.548,13.641,65.189,False,0.20975,0.66667,0.35,0.65,0.64,0.45,0.34,True,0.075,False,0.01375,False,0.52,7.5,Data obfuscation: coarsened location; privacy exposure -0.14; Transport Layer Security: reduced tampering probability; latency +6 ms; Virtual objects: sensor and actuator abstractions enabled
EXP_20260507_152111_a31077,1,20,20.0,20,technician,118.41,38.582,93.617,0.423,Surgery-zone,0.343,heat_stress,True,0.4536,False,none,0.65,52.301,16.231,68.531,False,0.20975,0.66667,0.35,0.65,0.64,0.45,0.34,True,0.075,False,0.01375,False,0.52,7.5,Data obfuscation: coarsened location; privacy exposure -0.14; Transport Layer Security: reduced tampering probability; latency +6 ms; Virtual objects: sensor and actuator abstractions enabled
EXP_20260507_152111_a31077,1,21,21.0,1,nurse,79.352,37.118,97.17,0.701,Pharmacy-zone,0.129,none,False,0.0679,False,none,0.65,65.269,18.446,83.715,False,0.20975,0.66667,0.35,0.65,0.64,0.45,0.34,True,0.075,False,0.01375,False,0.52,7.5,Data obfuscation: coarsened location; privacy exposure -0.14; Transport Layer Security: reduced tampering probability; latency +6 ms; Virtual objects: sensor and actuator abstractions enabled
EXP_20260507_152111_a31077,1,21,21.0,2,porter,100.304,36.973,96.366,1.056,Pharmacy-zone,0.515,none,False,0.1377,False,none,0.65,63.344,17.265,80.61,False,0.20975,0.66667,0.35,0.65,0.64,0.45,0.34,True,0.075,False,0.01375,False,0.52,7.5,Data obfuscation: coarsened location; privacy exposure -0.14; Transport Layer Security: reduced tampering probability; latency +6 ms; Virtual objects: sensor and actuator abstractions enabled
EXP_20260507_152111_a31077,1,21,21.0,3,technician,94.184,37.248,94.854,1.218,Ward-A-zone,0.51,none,False,0.1645,False,none,0.65,55.12,15.296,70.416,False,0.20975,0.66667,0.35,0.65,0.64,0.45,0.34,True,0.075,False,0.01375,False,0.52,7.5,Data obfuscation: coarsened location; privacy exposure -0.14; Transport Layer Security: reduced tampering probability; latency +6 ms; Virtual objects: sensor and actuator abstractions enabled
EXP_20260507_152111_a31077,1,21,21.0,4,porter,113.391,37.183,94.934,1.9,Surgery-zone,0.64,none,False,0.3318,False,none,0.65,56.645,17.957,74.603,False,0.20975,0.66667,0.35,0.65,0.64,0.45,0.34,True,0.075,False,0.01375,False,0.52,7.5,Data obfuscation: coarsened location; privacy exposure -0.14; Transport Layer Security: reduced tampering probability; latency +6 ms; Virtual objects: sensor and actuator abstractions enabled
EXP_20260507_152111_a31077,1,21,21.0,5,technician,103.374,37.617,95.533,2.034,Emergency-zone,0.698,none,False,0.0,False,no_assessment_packet_loss,0.65,57.336,0.0,57.336,True,0.20975,0.66667,0.35,0.65,0.64,0.45,0.34,True,0.075,False,0.01375,False,0.52,7.5,Data obfuscation: coarsened location; privacy exposure -0.14; Transport Layer Security: reduced tampering probability; latency +6 ms; Virtual objects: sensor and actuator abstractions enabled
EXP_20260507_152111_a31077,1,21,21.0,6,porter,105.665,37.053,94.433,1.532,Emergency-zone,0.648,none,False,0.0,False,no_assessment_packet_loss,0.65,66.696,0.0,66.696,True,0.20975,0.66667,0.35,0.65,0.64,0.45,0.34,True,0.075,True,0.01375,False,0.52,7.5,Data obfuscation: coarsened location; privacy exposure -0.14; Transport Layer Security: reduced tampering probability; latency +6 ms; Virtual objects: sensor and actuator abstractions enabled
EXP_20260507_152111_a31077,1,21,21.0,7,porter,105.992,37.021,95.716,1.466,Radiology-zone,0.609,none,False,0.1767,False,none,0.65,75.384,16.093,91.478,False,0.20975,0.66667,0.35,0.65,0.64,0.45,0.34,True,0.075,False,0.01375,False,0.52,7.5,Data obfuscation: coarsened location; privacy exposure -0.14; Transport Layer Security: reduced tampering probability; latency +6 ms; Virtual objects: sensor and actuator abstractions enabled
EXP_20260507_152111_a31077,1,21,21.0,8,porter,107.066,37.124,96.032,1.688,Emergency-zone,0.735,none,False,0.2724,False,none,0.65,44.727,12.621,57.348,False,0.20975,0.66667,0.35,0.65,0.64,0.45,0.34,True,0.075,True,0.01375,False,0.52,7.5,Data obfuscation: coarsened location; privacy exposure -0.14; Transport Layer Security: reduced tampering probability; latency +6 ms; Virtual objects: sensor and actuator abstractions enabled
EXP_20260507_152111_a31077,1,21,21.0,9,technician,94.912,37.028,97.163,0.268,ICU-zone,0.474,none,False,0.1854,False,none,0.65,35.515,17.154,52.668,False,0.20975,0.66667,0.35,0.65,0.64,0.45,0.34,True,0.075,False,0.01375,False,0.52,7.5,Data obfuscation: coarsened location; privacy exposure -0.14; Transport Layer Security: reduced tampering probability; latency +6 ms; Virtual objects: sensor and actuator abstractions enabled
EXP_20260507_152111_a31077,1,21,21.0,10,nurse,102.87,37.228,96.653,1.262,Pharmacy-zone,0.708,none,False,0.1799,False,none,0.65,66.459,14.704,81.163,False,0.20975,0.66667,0.35,0.65,0.64,0.45,0.34,True,0.075,False,0.01375,False,0.52,7.5,Data obfuscation: coarsened location; privacy exposure -0.14; Transport Layer Security: reduced tampering probability; latency +6 ms; Virtual objects: sensor and actuator abstractions enabled
EXP_20260507_152111_a31077,1,21,21.0,11,cleaning_staff,94.152,36.748,94.598,1.692,Emergency-zone,0.399,none,False,0.2262,False,none,0.65,50.54,14.799,65.339,False,0.20975,0.66667,0.35,0.65,0.64,0.45,0.34,True,0.075,False,0.01375,False,0.52,7.5,Data obfuscation: coarsened location; privacy exposure -0.14; Transport Layer Security: reduced tampering probability; latency +6 ms; Virtual objects: sensor and actuator abstractions enabled
EXP_20260507_152111_a31077,1,21,21.0,12,technician,94.362,37.175,96.212,1.492,Radiology-zone,0.47,none,False,0.1347,False,none,0.65,49.733,15.672,65.406,False,0.20975,0.66667,0.35,0.65,0.64,0.45,0.34,True,0.075,False,0.01375,False,0.52,7.5,Data obfuscation: coarsened location; privacy exposure -0.14; Transport Layer Security: reduced tampering probability; latency +6 ms; Virtual objects: sensor and actuator abstractions enabled
EXP_20260507_152111_a31077,1,21,21.0,13,physician,90.8,36.741,96.09,1.089,ICU-zone,0.289,none,False,0.156,False,none,0.65,58.554,13.457,72.01,False,0.20975,0.66667,0.35,0.65,0.64,0.45,0.34,True,0.075,False,0.01375,False,0.52,7.5,Data obfuscation: coarsened location; privacy exposure -0.14; Transport Layer Security: reduced tampering probability; latency +6 ms; Virtual objects: sensor and actuator abstractions enabled
EXP_20260507_152111_a31077,1,21,21.0,14,technician,102.088,37.032,95.532,0.823,Radiology-zone,0.585,none,False,0.1625,False,none,0.65,61.907,16.108,78.016,False,0.20975,0.66667,0.35,0.65,0.64,0.45,0.34,True,0.075,False,0.01375,False,0.52,7.5,Data obfuscation: coarsened location; privacy exposure -0.14; Transport Layer Security: reduced tampering probability; latency +6 ms; Virtual objects: sensor and actuator abstractions enabled
EXP_20260507_152111_a31077,1,21,21.0,15,physician,94.546,37.346,94.347,1.449,ICU-zone,0.464,none,False,0.2535,False,none,0.65,56.473,15.697,72.17,False,0.20975,0.66667,0.35,0.65,0.64,0.45,0.34,True,0.075,False,0.01375,False,0.52,7.5,Data obfuscation: coarsened location; privacy exposure -0.14; Transport Layer Security: reduced tampering probability; latency +6 ms; Virtual objects: sensor and actuator abstractions enabled
EXP_20260507_152111_a31077,1,21,21.0,16,physician,91.458,37.095,94.893,1.422,Radiology-zone,0.453,none,False,0.1379,False,none,0.65,42.942,15.233,58.175,False,0.20975,0.66667,0.35,0.65,0.64,0.45,0.34,True,0.075,False,0.01375,False,0.52,7.5,Data obfuscation: coarsened location; privacy exposure -0.14; Transport Layer Security: reduced tampering probability; latency +6 ms; Virtual objects: sensor and actuator abstractions enabled
EXP_20260507_152111_a31077,1,21,21.0,17,porter,98.287,36.87,94.706,1.103,Surgery-zone,0.544,none,False,0.23,False,none,0.65,58.856,18.502,77.358,False,0.20975,0.66667,0.35,0.65,0.64,0.45,0.34,True,0.075,False,0.01375,False,0.52,7.5,Data obfuscation: coarsened location; privacy exposure -0.14; Transport Layer Security: reduced tampering probability; latency +6 ms; Virtual objects: sensor and actuator abstractions enabled
EXP_20260507_152111_a31077,1,21,21.0,18,physician,121.559,37.221,92.73,1.238,Radiology-zone,0.35,high_fatigue,True,0.2983,False,none,0.65,60.064,20.411,80.475,False,0.20975,0.66667,0.35,0.65,0.64,0.45,0.34,True,0.075,False,0.01375,False,0.52,7.5,Data obfuscation: coarsened location; privacy exposure -0.14; Transport Layer Security: reduced tampering probability; latency +6 ms; Virtual objects: sensor and actuator abstractions enabled
EXP_20260507_152111_a31077,1,21,21.0,19,nurse,102.593,37.412,94.684,1.019,Surgery-zone,0.681,none,False,0.2915,False,none,0.65,59.919,16.738,76.656,False,0.20975,0.66667,0.35,0.65,0.64,0.45,0.34,True,0.075,False,0.01375,False,0.52,7.5,Data obfuscation: coarsened location; privacy exposure -0.14; Transport Layer Security: reduced tampering probability; latency +6 ms; Virtual objects: sensor and actuator abstractions enabled
EXP_20260507_152111_a31077,1,21,21.0,20,technician,99.923,37.06,94.269,0.855,Surgery-zone,0.327,none,False,0.2368,False,none,0.65,53.347,19.785,73.132,False,0.20975,0.66667,0.35,0.65,0.64,0.45,0.34,True,0.075,False,0.01375,False,0.52,7.5,Data obfuscation: coarsened location; privacy exposure -0.14; Transport Layer Security: reduced tampering probability; latency +6 ms; Virtual objects: sensor and actuator abstractions enabled
EXP_20260507_152111_a31077,1,22,22.0,1,nurse,83.001,37.177,96.825,0.809,Pharmacy-zone,0.22,none,False,0.0793,False,none,0.65,48.09,14.044,62.134,False,0.20975,0.66667,0.35,0.65,0.64,0.45,0.34,True,0.075,False,0.01375,False,0.52,7.5,Data obfuscation: coarsened location; privacy exposure -0.14; Transport Layer Security: reduced tampering probability; latency +6 ms; Virtual objects: sensor and actuator abstractions enabled
EXP_20260507_152111_a31077,1,22,22.0,2,porter,111.425,37.162,95.381,1.567,Pharmacy-zone,0.418,high_fatigue,True,0.2097,False,none,0.65,52.566,17.772,70.338,False,0.20975,0.66667,0.35,0.65,0.64,0.45,0.34,True,0.075,False,0.01375,False,0.52,7.5,Data obfuscation: coarsened location; privacy exposure -0.14; Transport Layer Security: reduced tampering probability; latency +6 ms; Virtual objects: sensor and actuator abstractions enabled
EXP_20260507_152111_a31077,1,22,22.0,3,technician,95.852,37.307,94.737,0.693,Ward-A-zone,0.581,none,False,0.1831,False,none,0.65,61.326,12.179,73.505,False,0.20975,0.66667,0.35,0.65,0.64,0.45,0.34,True,0.075,False,0.01375,False,0.52,7.5,Data obfuscation: coarsened location; privacy exposure -0.14; Transport Layer Security: reduced tampering probability; latency +6 ms; Virtual objects: sensor and actuator abstractions enabled
EXP_20260507_152111_a31077,1,22,22.0,4,porter,106.603,37.11,95.264,0.945,Surgery-zone,0.41,none,False,0.2471,False,none,0.65,50.864,15.027,65.891,False,0.20975,0.66667,0.35,0.65,0.64,0.45,0.34,True,0.075,False,0.01375,False,0.52,7.5,Data obfuscation: coarsened location; privacy exposure -0.14; Transport Layer Security: reduced tampering probability; latency +6 ms; Virtual objects: sensor and actuator abstractions enabled
EXP_20260507_152111_a31077,1,22,22.0,5,technician,96.172,37.543,95.246,1.724,Emergency-zone,0.401,none,False,0.2683,False,none,0.65,38.923,16.789,55.712,False,0.20975,0.66667,0.35,0.65,0.64,0.45,0.34,True,0.075,False,0.01375,False,0.52,7.5,Data obfuscation: coarsened location; privacy exposure -0.14; Transport Layer Security: reduced tampering probability; latency +6 ms; Virtual objects: sensor and actuator abstractions enabled
EXP_20260507_152111_a31077,1,22,22.0,6,porter,106.951,37.032,94.223,1.323,Emergency-zone,0.708,none,False,0.2859,False,none,0.65,38.169,16.758,54.928,False,0.20975,0.66667,0.35,0.65,0.64,0.45,0.34,True,0.075,False,0.01375,False,0.52,7.5,Data obfuscation: coarsened location; privacy exposure -0.14; Transport Layer Security: reduced tampering probability; latency +6 ms; Virtual objects: sensor and actuator abstractions enabled
EXP_20260507_152111_a31077,1,22,22.0,7,porter,110.717,37.103,95.457,1.601,Radiology-zone,0.777,none,False,0.2264,False,none,0.65,60.487,14.803,75.29,False,0.20975,0.66667,0.35,0.65,0.64,0.45,0.34,True,0.075,False,0.01375,False,0.52,7.5,Data obfuscation: coarsened location; privacy exposure -0.14; Transport Layer Security: reduced tampering probability; latency +6 ms; Virtual objects: sensor and actuator abstractions enabled
EXP_20260507_152111_a31077,1,22,22.0,8,porter,109.997,37.182,95.974,1.448,Emergency-zone,0.842,none,False,0.2809,False,none,0.65,47.505,16.056,63.561,False,0.20975,0.66667,0.35,0.65,0.64,0.45,0.34,True,0.075,False,0.01375,False,0.52,7.5,Data obfuscation: coarsened location; privacy exposure -0.14; Transport Layer Security: reduced tampering probability; latency +6 ms; Virtual objects: sensor and actuator abstractions enabled
EXP_20260507_152111_a31077,1,22,22.0,9,technician,96.757,37.125,96.937,1.703,Ward-A-zone,0.54,none,False,0.1565,False,none,0.65,48.153,17.817,65.97,False,0.20975,0.66667,0.35,0.65,0.64,0.45,0.34,True,0.075,False,0.01375,False,0.52,7.5,Data obfuscation: coarsened location; privacy exposure -0.14; Transport Layer Security: reduced tampering probability; latency +6 ms; Virtual objects: sensor and actuator abstractions enabled
EXP_20260507_152111_a31077,1,22,22.0,10,nurse,101.896,37.237,96.478,1.51,Pharmacy-zone,0.657,none,False,0.1806,False,none,0.65,52.901,15.958,68.859,False,0.20975,0.66667,0.35,0.65,0.64,0.45,0.34,True,0.075,False,0.01375,False,0.52,7.5,Data obfuscation: coarsened location; privacy exposure -0.14; Transport Layer Security: reduced tampering probability; latency +6 ms; Virtual objects: sensor and actuator abstractions enabled
EXP_20260507_152111_a31077,1,22,22.0,11,cleaning_staff,91.014,36.7,94.613,0.809,Emergency-zone,0.26,none,False,0.1873,False,none,0.65,46.875,15.765,62.64,False,0.20975,0.66667,0.35,0.65,0.64,0.45,0.34,True,0.075,False,0.01375,False,0.52,7.5,Data obfuscation: coarsened location; privacy exposure -0.14; Transport Layer Security: reduced tampering probability; latency +6 ms; Virtual objects: sensor and actuator abstractions enabled
EXP_20260507_152111_a31077,1,22,22.0,12,technician,99.333,37.237,96.004,1.262,Radiology-zone,0.615,none,False,0.162,False,none,0.65,45.831,15.003,60.835,False,0.20975,0.66667,0.35,0.65,0.64,0.45,0.34,True,0.075,False,0.01375,False,0.52,7.5,Data obfuscation: coarsened location; privacy exposure -0.14; Transport Layer Security: reduced tampering probability; latency +6 ms; Virtual objects: sensor and actuator abstractions enabled
EXP_20260507_152111_a31077,1,22,22.0,13,physician,96.45,37.121,94.898,1.254,ICU-zone,0.186,high_fatigue,True,0.2057,False,none,0.65,66.863,21.444,88.307,False,0.20975,0.66667,0.35,0.65,0.64,0.45,0.34,True,0.075,False,0.01375,False,0.52,7.5,Data obfuscation: coarsened location; privacy exposure -0.14; Transport Layer Security: reduced tampering probability; latency +6 ms; Virtual objects: sensor and actuator abstractions enabled
EXP_20260507_152111_a31077,1,22,22.0,14,technician,96.476,36.979,95.494,1.256,Radiology-zone,0.397,none,False,0.128,False,none,0.65,49.328,14.01,63.338,False,0.20975,0.66667,0.35,0.65,0.64,0.45,0.34,True,0.075,False,0.01375,False,0.52,7.5,Data obfuscation: coarsened location; privacy exposure -0.14; Transport Layer Security: reduced tampering probability; latency +6 ms; Virtual objects: sensor and actuator abstractions enabled
EXP_20260507_152111_a31077,1,22,22.0,15,physician,92.525,37.291,94.551,1.086,ICU-zone,0.332,none,False,0.2247,False,none,0.65,61.626,12.776,74.402,False,0.20975,0.66667,0.35,0.65,0.64,0.45,0.34,True,0.075,False,0.01375,False,0.52,7.5,Data obfuscation: coarsened location; privacy exposure -0.14; Transport Layer Security: reduced tampering probability; latency +6 ms; Virtual objects: sensor and actuator abstractions enabled
EXP_20260507_152111_a31077,1,22,22.0,16,physician,97.026,37.175,94.53,1.004,Radiology-zone,0.641,none,False,0.1845,False,none,0.65,69.287,18.254,87.541,False,0.20975,0.66667,0.35,0.65,0.64,0.45,0.34,True,0.075,False,0.01375,False,0.52,7.5,Data obfuscation: coarsened location; privacy exposure -0.14; Transport Layer Security: reduced tampering probability; latency +6 ms; Virtual objects: sensor and actuator abstractions enabled
EXP_20260507_152111_a31077,1,22,22.0,17,porter,98.25,36.908,94.755,1.379,Surgery-zone,0.533,none,False,0.228,False,none,0.65,55.617,12.733,68.349,False,0.20975,0.66667,0.35,0.65,0.64,0.45,0.34,True,0.075,True,0.01375,False,0.52,7.5,Data obfuscation: coarsened location; privacy exposure -0.14; Transport Layer Security: reduced tampering probability; latency +6 ms; Virtual objects: sensor and actuator abstractions enabled
EXP_20260507_152111_a31077,1,22,22.0,18,physician,104.881,37.014,94.768,1.233,Pharmacy-zone,0.362,none,False,0.1738,False,none,0.65,47.264,15.83,63.094,False,0.20975,0.66667,0.35,0.65,0.64,0.45,0.34,True,0.075,False,0.01375,False,0.52,7.5,Data obfuscation: coarsened location; privacy exposure -0.14; Transport Layer Security: reduced tampering probability; latency +6 ms; Virtual objects: sensor and actuator abstractions enabled
EXP_20260507_152111_a31077,1,22,22.0,19,nurse,96.589,37.433,94.654,1.383,Surgery-zone,0.436,none,False,0.2564,False,none,0.65,60.157,18.451,78.608,False,0.20975,0.66667,0.35,0.65,0.64,0.45,0.34,True,0.075,True,0.01375,False,0.52,7.5,Data obfuscation: coarsened location; privacy exposure -0.14; Transport Layer Security: reduced tampering probability; latency +6 ms; Virtual objects: sensor and actuator abstractions enabled
EXP_20260507_152111_a31077,1,22,22.0,20,technician,101.99,37.057,94.05,1.125,Surgery-zone,0.409,none,False,0.2545,False,none,0.65,66.587,16.553,83.14,False,0.20975,0.66667,0.35,0.65,0.64,0.45,0.34,True,0.075,False,0.01375,False,0.52,7.5,Data obfuscation: coarsened location; privacy exposure -0.14; Transport Layer Security: reduced tampering probability; latency +6 ms; Virtual objects: sensor and actuator abstractions enabled
EXP_20260507_152111_a31077,1,23,23.0,1,nurse,82.493,37.162,96.882,0.272,ICU-zone,0.216,none,False,0.1449,False,none,0.65,44.331,13.29,57.621,False,0.20975,0.66667,0.35,0.65,0.64,0.45,0.34,True,0.075,False,0.01375,False,0.52,7.5,Data obfuscation: coarsened location; privacy exposure -0.14; Transport Layer Security: reduced tampering probability; latency +6 ms; Virtual objects: sensor and actuator abstractions enabled
EXP_20260507_152111_a31077,1,23,23.0,2,porter,106.402,37.063,96.188,1.66,Pharmacy-zone,0.741,none,False,0.1961,False,none,0.65,63.044,18.467,81.511,False,0.20975,0.66667,0.35,0.65,0.64,0.45,0.34,True,0.075,False,0.01375,False,0.52,7.5,Data obfuscation: coarsened location; privacy exposure -0.14; Transport Layer Security: reduced tampering probability; latency +6 ms; Virtual objects: sensor and actuator abstractions enabled
EXP_20260507_152111_a31077,1,23,23.0,3,technician,99.608,37.35,94.37,1.106,Ward-A-zone,0.711,none,False,0.2176,False,none,0.65,67.765,13.105,80.87,False,0.20975,0.66667,0.35,0.65,0.64,0.45,0.34,True,0.075,False,0.01375,False,0.52,7.5,Data obfuscation: coarsened location; privacy exposure -0.14; Transport Layer Security: reduced tampering probability; latency +6 ms; Virtual objects: sensor and actuator abstractions enabled
EXP_20260507_152111_a31077,1,23,23.0,4,porter,114.202,37.2,94.907,1.476,Surgery-zone,0.65,none,False,0.3112,False,none,0.65,55.34,14.033,69.372,False,0.20975,0.66667,0.35,0.65,0.64,0.45,0.34,True,0.075,False,0.01375,False,0.52,7.5,Data obfuscation: coarsened location; privacy exposure -0.14; Transport Layer Security: reduced tampering probability; latency +6 ms; Virtual objects: sensor and actuator abstractions enabled
EXP_20260507_152111_a31077,1,23,23.0,5,technician,92.537,37.468,95.643,1.394,Laboratory-zone,0.261,none,False,0.1429,False,none,0.65,55.345,19.139,74.484,False,0.20975,0.66667,0.35,0.65,0.64,0.45,0.34,True,0.075,False,0.01375,False,0.52,7.5,Data obfuscation: coarsened location; privacy exposure -0.14; Transport Layer Security: reduced tampering probability; latency +6 ms; Virtual objects: sensor and actuator abstractions enabled
EXP_20260507_152111_a31077,1,23,23.0,6,porter,106.731,37.095,94.549,2.036,Emergency-zone,0.687,none,False,0.321,False,none,0.65,65.405,16.963,82.369,False,0.20975,0.66667,0.35,0.65,0.64,0.45,0.34,True,0.075,False,0.01375,False,0.52,7.5,Data obfuscation: coarsened location; privacy exposure -0.14; Transport Layer Security: reduced tampering probability; latency +6 ms; Virtual objects: sensor and actuator abstractions enabled
EXP_20260507_152111_a31077,1,23,23.0,7,porter,125.882,37.066,94.906,4.285,Radiology-zone,0.704,fall,True,0.4453,False,none,0.65,59.082,17.722,76.804,False,0.20975,0.66667,0.35,0.65,0.64,0.45,0.34,True,0.075,False,0.01375,False,0.52,7.5,Data obfuscation: coarsened location; privacy exposure -0.14; Transport Layer Security: reduced tampering probability; latency +6 ms; Virtual objects: sensor and actuator abstractions enabled
EXP_20260507_152111_a31077,1,23,23.0,8,porter,105.372,37.119,96.03,1.153,Surgery-zone,0.683,none,False,0.2446,False,none,0.65,51.977,17.624,69.601,False,0.20975,0.66667,0.35,0.65,0.64,0.45,0.34,True,0.075,False,0.01375,False,0.52,7.5,Data obfuscation: coarsened location; privacy exposure -0.14; Transport Layer Security: reduced tampering probability; latency +6 ms; Virtual objects: sensor and actuator abstractions enabled
EXP_20260507_152111_a31077,1,23,23.0,9,technician,92.913,37.053,97.125,1.12,Ward-A-zone,0.386,none,False,0.1074,False,none,0.65,54.644,17.202,71.847,False,0.20975,0.66667,0.35,0.65,0.64,0.45,0.34,True,0.075,False,0.01375,False,0.52,7.5,Data obfuscation: coarsened location; privacy exposure -0.14; Transport Layer Security: reduced tampering probability; latency +6 ms; Virtual objects: sensor and actuator abstractions enabled
EXP_20260507_152111_a31077,1,23,23.0,10,nurse,107.824,37.344,96.389,2.312,Pharmacy-zone,0.843,none,False,0.2731,False,none,0.65,54.561,14.926,69.488,False,0.20975,0.66667,0.35,0.65,0.64,0.45,0.34,True,0.075,False,0.01375,False,0.52,7.5,Data obfuscation: coarsened location; privacy exposure -0.14; Transport Layer Security: reduced tampering probability; latency +6 ms; Virtual objects: sensor and actuator abstractions enabled
EXP_20260507_152111_a31077,1,23,23.0,11,cleaning_staff,92.996,36.719,94.489,0.451,Emergency-zone,0.368,none,False,0.2045,False,none,0.65,59.722,18.499,78.221,False,0.20975,0.66667,0.35,0.65,0.64,0.45,0.34,True,0.075,True,0.01375,False,0.52,7.5,Data obfuscation: coarsened location; privacy exposure -0.14; Transport Layer Security: reduced tampering probability; latency +6 ms; Virtual objects: sensor and actuator abstractions enabled
EXP_20260507_152111_a31077,1,23,23.0,12,technician,96.448,37.187,96.139,1.829,Radiology-zone,0.539,none,False,0.1687,False,none,0.65,42.099,15.831,57.93,False,0.20975,0.66667,0.35,0.65,0.64,0.45,0.34,True,0.075,False,0.01375,False,0.52,7.5,Data obfuscation: coarsened location; privacy exposure -0.14; Transport Layer Security: reduced tampering probability; latency +6 ms; Virtual objects: sensor and actuator abstractions enabled
EXP_20260507_152111_a31077,1,23,23.0,13,physician,90.341,36.762,96.196,1.216,ICU-zone,0.278,none,False,0.1536,False,none,0.65,31.026,15.783,46.809,False,0.20975,0.66667,0.35,0.65,0.64,0.45,0.34,True,0.075,False,0.01375,False,0.52,7.5,Data obfuscation: coarsened location; privacy exposure -0.14; Transport Layer Security: reduced tampering probability; latency +6 ms; Virtual objects: sensor and actuator abstractions enabled
EXP_20260507_152111_a31077,1,23,23.0,14,technician,98.854,36.968,95.521,1.258,Radiology-zone,0.457,none,False,0.1398,False,none,0.65,39.777,17.482,57.26,False,0.20975,0.66667,0.35,0.65,0.64,0.45,0.34,True,0.075,False,0.01375,False,0.52,7.5,Data obfuscation: coarsened location; privacy exposure -0.14; Transport Layer Security: reduced tampering probability; latency +6 ms; Virtual objects: sensor and actuator abstractions enabled
EXP_20260507_152111_a31077,1,23,23.0,15,physician,92.864,37.312,94.451,1.012,ICU-zone,0.361,none,False,0.2321,False,none,0.65,53.09,17.279,70.37,False,0.20975,0.66667,0.35,0.65,0.64,0.45,0.34,True,0.075,False,0.01375,False,0.52,7.5,Data obfuscation: coarsened location; privacy exposure -0.14; Transport Layer Security: reduced tampering probability; latency +6 ms; Virtual objects: sensor and actuator abstractions enabled
EXP_20260507_152111_a31077,1,23,23.0,16,physician,91.762,37.076,94.564,1.287,ICU-zone,0.435,none,False,0.2097,False,none,0.65,54.002,18.729,72.731,False,0.20975,0.66667,0.35,0.65,0.64,0.45,0.34,True,0.075,False,0.01375,False,0.52,7.5,Data obfuscation: coarsened location; privacy exposure -0.14; Transport Layer Security: reduced tampering probability; latency +6 ms; Virtual objects: sensor and actuator abstractions enabled
EXP_20260507_152111_a31077,1,23,23.0,17,porter,97.862,36.877,94.579,1.24,Surgery-zone,0.5,none,False,0.2285,False,none,0.65,58.834,16.009,74.842,False,0.20975,0.66667,0.35,0.65,0.64,0.45,0.34,True,0.075,False,0.01375,False,0.52,7.5,Data obfuscation: coarsened location; privacy exposure -0.14; Transport Layer Security: reduced tampering probability; latency +6 ms; Virtual objects: sensor and actuator abstractions enabled
EXP_20260507_152111_a31077,1,23,23.0,18,physician,112.529,37.078,94.568,1.302,Radiology-zone,0.657,none,False,0.231,False,none,0.65,54.352,16.019,70.372,False,0.20975,0.66667,0.35,0.65,0.64,0.45,0.34,True,0.075,False,0.01375,False,0.52,7.5,Data obfuscation: coarsened location; privacy exposure -0.14; Transport Layer Security: reduced tampering probability; latency +6 ms; Virtual objects: sensor and actuator abstractions enabled
EXP_20260507_152111_a31077,1,23,23.0,19,nurse,101.408,37.455,94.669,1.578,Surgery-zone,0.605,none,False,0.2973,False,none,0.65,48.466,13.628,62.094,False,0.20975,0.66667,0.35,0.65,0.64,0.45,0.34,True,0.075,False,0.01375,False,0.52,7.5,Data obfuscation: coarsened location; privacy exposure -0.14; Transport Layer Security: reduced tampering probability; latency +6 ms; Virtual objects: sensor and actuator abstractions enabled
EXP_20260507_152111_a31077,1,23,23.0,20,technician,100.508,37.066,94.203,0.985,Surgery-zone,0.345,none,False,0.2422,False,none,0.65,45.349,16.492,61.841,False,0.20975,0.66667,0.35,0.65,0.64,0.45,0.34,True,0.075,False,0.01375,False,0.52,7.5,Data obfuscation: coarsened location; privacy exposure -0.14; Transport Layer Security: reduced tampering probability; latency +6 ms; Virtual objects: sensor and actuator abstractions enabled
EXP_20260507_152111_a31077,1,24,24.0,1,nurse,77.994,37.087,96.809,0.967,Pharmacy-zone,0.05,none,False,0.0,False,no_assessment_packet_loss,0.65,50.475,0.0,50.475,True,0.20975,0.66667,0.35,0.65,0.64,0.45,0.34,True,0.075,False,0.01375,False,0.52,7.5,Data obfuscation: coarsened location; privacy exposure -0.14; Transport Layer Security: reduced tampering probability; latency +6 ms; Virtual objects: sensor and actuator abstractions enabled
EXP_20260507_152111_a31077,1,24,24.0,2,porter,113.551,37.133,96.005,1.019,Emergency-zone,0.983,none,False,0.295,False,none,0.65,46.413,13.008,59.42,False,0.20975,0.66667,0.35,0.65,0.64,0.45,0.34,True,0.075,False,0.01375,False,0.52,7.5,Data obfuscation: coarsened location; privacy exposure -0.14; Transport Layer Security: reduced tampering probability; latency +6 ms; Virtual objects: sensor and actuator abstractions enabled
EXP_20260507_152111_a31077,1,24,24.0,3,technician,97.822,37.327,94.65,1.45,Ward-A-zone,0.631,none,False,0.2004,False,none,0.65,50.508,14.127,64.636,False,0.20975,0.66667,0.35,0.65,0.64,0.45,0.34,True,0.075,False,0.01375,False,0.52,7.5,Data obfuscation: coarsened location; privacy exposure -0.14; Transport Layer Security: reduced tampering probability; latency +6 ms; Virtual objects: sensor and actuator abstractions enabled
EXP_20260507_152111_a31077,1,24,24.0,4,porter,115.173,37.197,94.951,1.488,Surgery-zone,0.705,none,False,0.3179,False,none,0.65,51.385,14.729,66.115,False,0.20975,0.66667,0.35,0.65,0.64,0.45,0.34,True,0.075,False,0.01375,False,0.52,7.5,Data obfuscation: coarsened location; privacy exposure -0.14; Transport Layer Security: reduced tampering probability; latency +6 ms; Virtual objects: sensor and actuator abstractions enabled
EXP_20260507_152111_a31077,1,24,24.0,5,technician,93.569,37.512,95.506,1.575,Emergency-zone,0.299,none,False,0.2342,False,none,0.65,63.224,14.317,77.541,False,0.20975,0.66667,0.35,0.65,0.64,0.45,0.34,True,0.075,False,0.01375,False,0.52,7.5,Data obfuscation: coarsened location; privacy exposure -0.14; Transport Layer Security: reduced tampering probability; latency +6 ms; Virtual objects: sensor and actuator abstractions enabled
EXP_20260507_152111_a31077,1,24,24.0,6,porter,104.462,37.078,94.526,1.576,ICU-zone,0.615,none,False,0.2786,False,none,0.65,57.379,19.963,77.341,False,0.20975,0.66667,0.35,0.65,0.64,0.45,0.34,True,0.075,False,0.01375,False,0.52,7.5,Data obfuscation: coarsened location; privacy exposure -0.14; Transport Layer Security: reduced tampering probability; latency +6 ms; Virtual objects: sensor and actuator abstractions enabled
EXP_20260507_152111_a31077,1,24,24.0,7,porter,109.104,37.047,95.656,1.535,Radiology-zone,0.681,none,False,0.2006,False,none,0.65,61.764,19.246,81.011,False,0.20975,0.66667,0.35,0.65,0.64,0.45,0.34,True,0.075,False,0.01375,False,0.52,7.5,Data obfuscation: coarsened location; privacy exposure -0.14; Transport Layer Security: reduced tampering probability; latency +6 ms; Virtual objects: sensor and actuator abstractions enabled
EXP_20260507_152111_a31077,1,24,24.0,8,porter,110.562,37.194,96.015,1.961,Emergency-zone,0.841,none,False,0.315,False,none,0.65,52.548,17.278,69.826,False,0.20975,0.66667,0.35,0.65,0.64,0.45,0.34,True,0.075,False,0.01375,False,0.52,7.5,Data obfuscation: coarsened location; privacy exposure -0.14; Transport Layer Security: reduced tampering probability; latency +6 ms; Virtual objects: sensor and actuator abstractions enabled
EXP_20260507_152111_a31077,1,24,24.0,9,technician,90.831,37.058,96.966,1.548,Ward-A-zone,0.249,none,False,0.1005,False,none,0.65,50.869,19.837,70.706,False,0.20975,0.66667,0.35,0.65,0.64,0.45,0.34,True,0.075,True,0.01375,False,0.52,7.5,Data obfuscation: coarsened location; privacy exposure -0.14; Transport Layer Security: reduced tampering probability; latency +6 ms; Virtual objects: sensor and actuator abstractions enabled
EXP_20260507_152111_a31077,1,24,24.0,10,nurse,104.778,37.3,96.233,2.409,Pharmacy-zone,0.755,none,False,0.2585,False,none,0.65,43.824,13.992,57.816,False,0.20975,0.66667,0.35,0.65,0.64,0.45,0.34,True,0.075,False,0.01375,False,0.52,7.5,Data obfuscation: coarsened location; privacy exposure -0.14; Transport Layer Security: reduced tampering probability; latency +6 ms; Virtual objects: sensor and actuator abstractions enabled
EXP_20260507_152111_a31077,1,24,24.0,11,cleaning_staff,92.396,36.728,94.409,0.674,Emergency-zone,0.341,none,False,0.2024,False,none,0.65,50.697,15.297,65.994,False,0.20975,0.66667,0.35,0.65,0.64,0.45,0.34,True,0.075,False,0.01375,False,0.52,7.5,Data obfuscation: coarsened location; privacy exposure -0.14; Transport Layer Security: reduced tampering probability; latency +6 ms; Virtual objects: sensor and actuator abstractions enabled
EXP_20260507_152111_a31077,1,24,24.0,12,technician,94.617,37.201,96.149,1.394,Radiology-zone,0.452,none,False,0.1311,False,none,0.65,59.068,17.856,76.924,False,0.20975,0.66667,0.35,0.65,0.64,0.45,0.34,True,0.075,False,0.01375,False,0.52,7.5,Data obfuscation: coarsened location; privacy exposure -0.14; Transport Layer Security: reduced tampering probability; latency +6 ms; Virtual objects: sensor and actuator abstractions enabled
EXP_20260507_152111_a31077,1,24,24.0,13,physician,96.144,36.797,96.157,1.15,Laboratory-zone,0.507,none,False,0.1224,False,none,0.65,54.772,20.991,75.764,False,0.20975,0.66667,0.35,0.65,0.64,0.45,0.34,True,0.075,False,0.01375,False,0.52,7.5,Data obfuscation: coarsened location; privacy exposure -0.14; Transport Layer Security: reduced tampering probability; latency +6 ms; Virtual objects: sensor and actuator abstractions enabled
EXP_20260507_152111_a31077,1,24,24.0,14,technician,94.539,38.064,95.104,3.191,Radiology-zone,0.568,none,False,0.3466,False,none,0.65,61.063,16.995,78.058,False,0.20975,0.66667,0.35,0.65,0.64,0.45,0.34,True,0.075,True,0.01375,True,0.52,7.5,Data obfuscation: coarsened location; privacy exposure -0.14; Transport Layer Security: reduced tampering probability; latency +6 ms; Virtual objects: sensor and actuator abstractions enabled
EXP_20260507_152111_a31077,1,24,24.0,15,physician,99.159,37.429,94.108,1.312,ICU-zone,0.571,none,False,0.287,False,none,0.65,63.879,20.075,83.954,False,0.20975,0.66667,0.35,0.65,0.64,0.45,0.34,True,0.075,False,0.01375,False,0.52,7.5,Data obfuscation: coarsened location; privacy exposure -0.14; Transport Layer Security: reduced tampering probability; latency +6 ms; Virtual objects: sensor and actuator abstractions enabled
EXP_20260507_152111_a31077,1,24,24.0,16,physician,89.112,37.026,94.852,0.977,Radiology-zone,0.334,none,False,0.115,False,none,0.65,43.34,17.262,60.603,False,0.20975,0.66667,0.35,0.65,0.64,0.45,0.34,True,0.075,False,0.01375,False,0.52,7.5,Data obfuscation: coarsened location; privacy exposure -0.14; Transport Layer Security: reduced tampering probability; latency +6 ms; Virtual objects: sensor and actuator abstractions enabled
EXP_20260507_152111_a31077,1,24,24.0,17,porter,100.779,36.935,94.494,0.903,Surgery-zone,0.581,none,False,0.2463,False,none,0.65,44.001,16.302,60.304,False,0.20975,0.66667,0.35,0.65,0.64,0.45,0.34,True,0.075,False,0.01375,False,0.52,7.5,Data obfuscation: coarsened location; privacy exposure -0.14; Transport Layer Security: reduced tampering probability; latency +6 ms; Virtual objects: sensor and actuator abstractions enabled
EXP_20260507_152111_a31077,1,24,24.0,18,physician,107.023,37.009,94.645,1.052,Radiology-zone,0.378,none,False,0.1848,False,none,0.65,53.409,13.537,66.946,False,0.20975,0.66667,0.35,0.65,0.64,0.45,0.34,True,0.075,False,0.01375,False,0.52,7.5,Data obfuscation: coarsened location; privacy exposure -0.14; Transport Layer Security: reduced tampering probability; latency +6 ms; Virtual objects: sensor and actuator abstractions enabled
EXP_20260507_152111_a31077,1,24,24.0,19,nurse,97.392,37.378,94.531,0.859,Surgery-zone,0.424,none,False,0.2564,False,none,0.65,64.559,17.819,82.378,False,0.20975,0.66667,0.35,0.65,0.64,0.45,0.34,True,0.075,False,0.01375,False,0.52,7.5,Data obfuscation: coarsened location; privacy exposure -0.14; Transport Layer Security: reduced tampering probability; latency +6 ms; Virtual objects: sensor and actuator abstractions enabled
EXP_20260507_152111_a31077,1,24,24.0,20,technician,102.147,37.076,94.019,1.156,Surgery-zone,0.372,none,False,0.255,False,none,0.65,46.96,13.692,60.652,False,0.20975,0.66667,0.35,0.65,0.64,0.45,0.34,True,0.075,False,0.01375,False,0.52,7.5,Data obfuscation: coarsened location; privacy exposure -0.14; Transport Layer Security: reduced tampering probability; latency +6 ms; Virtual objects: sensor and actuator abstractions enabled
EXP_20260507_152111_a31077,1,25,25.0,1,nurse,78.871,37.113,96.797,0.566,Pharmacy-zone,0.05,none,False,0.0621,False,none,0.65,47.644,16.531,64.175,False,0.20975,0.66667,0.35,0.65,0.64,0.45,0.34,True,0.075,False,0.01375,False,0.52,7.5,Data obfuscation: coarsened location; privacy exposure -0.14; Transport Layer Security: reduced tampering probability; latency +6 ms; Virtual objects: sensor and actuator abstractions enabled
EXP_20260507_152111_a31077,1,25,25.0,2,porter,110.468,37.103,96.046,1.653,Pharmacy-zone,0.863,none,False,0.2218,False,none,0.65,49.213,20.211,69.424,False,0.20975,0.66667,0.35,0.65,0.64,0.45,0.34,True,0.075,True,0.01375,False,0.52,7.5,Data obfuscation: coarsened location; privacy exposure -0.14; Transport Layer Security: reduced tampering probability; latency +6 ms; Virtual objects: sensor and actuator abstractions enabled
EXP_20260507_152111_a31077,1,25,25.0,3,technician,105.345,37.452,94.391,2.11,Ward-A-zone,0.874,none,False,0.3012,False,none,0.65,53.369,15.918,69.287,False,0.20975,0.66667,0.35,0.65,0.64,0.45,0.34,True,0.075,False,0.01375,False,0.52,7.5,Data obfuscation: coarsened location; privacy exposure -0.14; Transport Layer Security: reduced tampering probability; latency +6 ms; Virtual objects: sensor and actuator abstractions enabled
EXP_20260507_152111_a31077,1,25,25.0,4,porter,114.984,37.257,94.906,1.53,Surgery-zone,0.693,none,False,0.3253,False,none,0.65,62.397,15.723,78.12,False,0.20975,0.66667,0.35,0.65,0.64,0.45,0.34,True,0.075,False,0.01375,False,0.52,7.5,Data obfuscation: coarsened location; privacy exposure -0.14; Transport Layer Security: reduced tampering probability; latency +6 ms; Virtual objects: sensor and actuator abstractions enabled
EXP_20260507_152111_a31077,1,25,25.0,5,technician,92.849,37.543,95.368,1.164,Emergency-zone,0.234,none,False,0.2225,False,none,0.65,50.124,14.075,64.199,False,0.20975,0.66667,0.35,0.65,0.64,0.45,0.34,True,0.075,False,0.01375,False,0.52,7.5,Data obfuscation: coarsened location; privacy exposure -0.14; Transport Layer Security: reduced tampering probability; latency +6 ms; Virtual objects: sensor and actuator abstractions enabled
EXP_20260507_152111_a31077,1,25,25.0,6,porter,104.636,37.087,94.285,0.999,Emergency-zone,0.588,none,False,0.273,False,none,0.65,51.219,13.379,64.598,False,0.20975,0.66667,0.35,0.65,0.64,0.45,0.34,True,0.075,True,0.01375,False,0.52,7.5,Data obfuscation: coarsened location; privacy exposure -0.14; Transport Layer Security: reduced tampering probability; latency +6 ms; Virtual objects: sensor and actuator abstractions enabled
EXP_20260507_152111_a31077,1,25,25.0,7,porter,104.275,37.038,95.436,1.166,Radiology-zone,0.485,none,False,0.1663,False,none,0.65,52.295,15.513,67.808,False,0.20975,0.66667,0.35,0.65,0.64,0.45,0.34,True,0.075,False,0.01375,False,0.52,7.5,Data obfuscation: coarsened location; privacy exposure -0.14; Transport Layer Security: reduced tampering probability; latency +6 ms; Virtual objects: sensor and actuator abstractions enabled
EXP_20260507_152111_a31077,1,25,25.0,8,porter,104.185,37.1,96.05,1.938,Emergency-zone,0.584,none,False,0.0,False,no_assessment_packet_loss,0.65,59.839,0.0,59.839,True,0.20975,0.66667,0.35,0.65,0.64,0.45,0.34,True,0.075,False,0.01375,False,0.52,7.5,Data obfuscation: coarsened location; privacy exposure -0.14; Transport Layer Security: reduced tampering probability; latency +6 ms; Virtual objects: sensor and actuator abstractions enabled
EXP_20260507_152111_a31077,1,25,25.0,9,technician,93.65,37.132,96.914,1.275,Ward-A-zone,0.363,none,False,0.1155,False,none,0.65,43.996,13.714,57.71,False,0.20975,0.66667,0.35,0.65,0.64,0.45,0.34,True,0.075,True,0.01375,False,0.52,7.5,Data obfuscation: coarsened location; privacy exposure -0.14; Transport Layer Security: reduced tampering probability; latency +6 ms; Virtual objects: sensor and actuator abstractions enabled
EXP_20260507_152111_a31077,1,25,25.0,10,nurse,107.91,37.334,96.324,1.024,Radiology-zone,0.831,none,False,0.2154,False,none,0.65,61.679,20.229,81.908,False,0.20975,0.66667,0.35,0.65,0.64,0.45,0.34,True,0.075,False,0.01375,False,0.52,7.5,Data obfuscation: coarsened location; privacy exposure -0.14; Transport Layer Security: reduced tampering probability; latency +6 ms; Virtual objects: sensor and actuator abstractions enabled
EXP_20260507_152111_a31077,1,25,25.0,11,cleaning_staff,88.633,36.723,94.656,1.775,Emergency-zone,0.168,none,False,0.1949,False,none,0.65,51.674,11.972,63.646,False,0.20975,0.66667,0.35,0.65,0.64,0.45,0.34,True,0.075,False,0.01375,False,0.52,7.5,Data obfuscation: coarsened location; privacy exposure -0.14; Transport Layer Security: reduced tampering probability; latency +6 ms; Virtual objects: sensor and actuator abstractions enabled
EXP_20260507_152111_a31077,1,25,25.0,12,technician,98.123,37.194,96.158,1.469,Radiology-zone,0.544,none,False,0.1533,False,none,0.65,58.415,18.755,77.17,False,0.20975,0.66667,0.35,0.65,0.64,0.45,0.34,True,0.075,False,0.01375,False,0.52,7.5,Data obfuscation: coarsened location; privacy exposure -0.14; Transport Layer Security: reduced tampering probability; latency +6 ms; Virtual objects: sensor and actuator abstractions enabled
EXP_20260507_152111_a31077,1,25,25.0,13,physician,95.068,36.802,96.058,1.52,ICU-zone,0.449,none,False,0.1893,False,none,0.65,45.331,16.961,62.291,False,0.20975,0.66667,0.35,0.65,0.64,0.45,0.34,True,0.075,False,0.01375,False,0.52,7.5,Data obfuscation: coarsened location; privacy exposure -0.14; Transport Layer Security: reduced tampering probability; latency +6 ms; Virtual objects: sensor and actuator abstractions enabled
EXP_20260507_152111_a31077,1,25,25.0,14,technician,96.625,36.958,95.76,1.081,Radiology-zone,0.379,none,False,0.1211,False,none,0.65,61.952,16.99,78.942,False,0.20975,0.66667,0.35,0.65,0.64,0.45,0.34,True,0.075,False,0.01375,False,0.52,7.5,Data obfuscation: coarsened location; privacy exposure -0.14; Transport Layer Security: reduced tampering probability; latency +6 ms; Virtual objects: sensor and actuator abstractions enabled
EXP_20260507_152111_a31077,1,25,25.0,15,physician,99.553,37.446,94.139,0.988,ICU-zone,0.549,none,False,0.2877,False,none,0.65,44.543,16.632,61.175,False,0.20975,0.66667,0.35,0.65,0.64,0.45,0.34,True,0.075,False,0.01375,False,0.52,7.5,Data obfuscation: coarsened location; privacy exposure -0.14; Transport Layer Security: reduced tampering probability; latency +6 ms; Virtual objects: sensor and actuator abstractions enabled
EXP_20260507_152111_a31077,1,25,25.0,16,physician,94.608,37.114,94.431,1.305,Radiology-zone,0.531,none,False,0.1654,False,none,0.65,53.851,15.597,69.448,False,0.20975,0.66667,0.35,0.65,0.64,0.45,0.34,True,0.075,False,0.01375,False,0.52,7.5,Data obfuscation: coarsened location; privacy exposure -0.14; Transport Layer Security: reduced tampering probability; latency +6 ms; Virtual objects: sensor and actuator abstractions enabled
EXP_20260507_152111_a31077,1,25,25.0,17,porter,99.145,36.919,94.198,1.084,Radiology-zone,0.47,none,False,0.1728,False,none,0.65,52.012,18.246,70.258,False,0.20975,0.66667,0.35,0.65,0.64,0.45,0.34,True,0.075,False,0.01375,False,0.52,7.5,Data obfuscation: coarsened location; privacy exposure -0.14; Transport Layer Security: reduced tampering probability; latency +6 ms; Virtual objects: sensor and actuator abstractions enabled
EXP_20260507_152111_a31077,1,25,25.0,18,physician,111.581,37.087,94.779,1.576,Radiology-zone,0.529,none,False,0.2258,False,none,0.65,54.798,15.468,70.266,False,0.20975,0.66667,0.35,0.65,0.64,0.45,0.34,True,0.075,False,0.01375,False,0.52,7.5,Data obfuscation: coarsened location; privacy exposure -0.14; Transport Layer Security: reduced tampering probability; latency +6 ms; Virtual objects: sensor and actuator abstractions enabled
EXP_20260507_152111_a31077,1,25,25.0,19,nurse,98.356,37.425,94.446,1.528,Surgery-zone,0.437,none,False,0.0,False,no_assessment_packet_loss,0.65,53.053,0.0,53.053,True,0.20975,0.66667,0.35,0.65,0.64,0.45,0.34,True,0.075,False,0.01375,False,0.52,7.5,Data obfuscation: coarsened location; privacy exposure -0.14; Transport Layer Security: reduced tampering probability; latency +6 ms; Virtual objects: sensor and actuator abstractions enabled
EXP_20260507_152111_a31077,1,25,25.0,20,technician,102.826,37.083,94.035,1.16,Surgery-zone,0.421,none,False,0.2609,False,none,0.65,55.334,14.487,69.821,False,0.20975,0.66667,0.35,0.65,0.64,0.45,0.34,True,0.075,False,0.01375,False,0.52,7.5,Data obfuscation: coarsened location; privacy exposure -0.14; Transport Layer Security: reduced tampering probability; latency +6 ms; Virtual objects: sensor and actuator abstractions enabled
EXP_20260507_152111_a31077,1,26,26.0,1,nurse,81.333,37.129,96.765,0.446,Pharmacy-zone,0.135,none,False,0.0693,False,none,0.65,52.195,17.778,69.973,False,0.20975,0.66667,0.35,0.65,0.64,0.45,0.34,True,0.075,False,0.01375,False,0.52,7.5,Data obfuscation: coarsened location; privacy exposure -0.14; Transport Layer Security: reduced tampering probability; latency +6 ms; Virtual objects: sensor and actuator abstractions enabled
EXP_20260507_152111_a31077,1,26,26.0,2,porter,106.443,37.095,96.221,1.378,Pharmacy-zone,0.699,none,False,0.1802,False,none,0.65,44.674,13.342,58.016,False,0.20975,0.66667,0.35,0.65,0.64,0.45,0.34,True,0.075,True,0.01375,False,0.52,7.5,Data obfuscation: coarsened location; privacy exposure -0.14; Transport Layer Security: reduced tampering probability; latency +6 ms; Virtual objects: sensor and actuator abstractions enabled
EXP_20260507_152111_a31077,1,26,26.0,3,technician,99.184,37.361,94.336,1.514,Ward-A-zone,0.664,none,False,0.0,False,no_assessment_packet_loss,0.65,47.403,0.0,47.403,True,0.20975,0.66667,0.35,0.65,0.64,0.45,0.34,True,0.075,False,0.01375,False,0.52,7.5,Data obfuscation: coarsened location; privacy exposure -0.14; Transport Layer Security: reduced tampering probability; latency +6 ms; Virtual objects: sensor and actuator abstractions enabled
EXP_20260507_152111_a31077,1,26,26.0,4,porter,112.82,37.168,94.822,1.327,Surgery-zone,0.597,none,False,0.2973,False,none,0.65,54.031,14.416,68.447,False,0.20975,0.66667,0.35,0.65,0.64,0.45,0.34,True,0.075,False,0.01375,False,0.52,7.5,Data obfuscation: coarsened location; privacy exposure -0.14; Transport Layer Security: reduced tampering probability; latency +6 ms; Virtual objects: sensor and actuator abstractions enabled
EXP_20260507_152111_a31077,1,26,26.0,5,technician,91.704,37.46,95.613,0.478,Emergency-zone,0.177,none,False,0.2015,False,none,0.65,45.948,16.504,62.453,False,0.20975,0.66667,0.35,0.65,0.64,0.45,0.34,True,0.075,False,0.01375,False,0.52,7.5,Data obfuscation: coarsened location; privacy exposure -0.14; Transport Layer Security: reduced tampering probability; latency +6 ms; Virtual objects: sensor and actuator abstractions enabled
EXP_20260507_152111_a31077,1,26,26.0,6,porter,112.997,37.163,94.159,1.593,Emergency-zone,0.868,none,False,0.3431,False,none,0.65,58.141,15.094,73.234,False,0.20975,0.66667,0.35,0.65,0.64,0.45,0.34,True,0.075,False,0.01375,False,0.52,7.5,Data obfuscation: coarsened location; privacy exposure -0.14; Transport Layer Security: reduced tampering probability; latency +6 ms; Virtual objects: sensor and actuator abstractions enabled
EXP_20260507_152111_a31077,1,26,26.0,7,porter,113.299,37.159,95.257,1.889,Radiology-zone,0.795,none,False,0.2642,False,none,0.65,48.981,18.605,67.586,False,0.20975,0.66667,0.35,0.65,0.64,0.45,0.34,True,0.075,False,0.01375,False,0.52,7.5,Data obfuscation: coarsened location; privacy exposure -0.14; Transport Layer Security: reduced tampering probability; latency +6 ms; Virtual objects: sensor and actuator abstractions enabled
EXP_20260507_152111_a31077,1,26,26.0,8,porter,104.513,37.347,93.82,1.258,Emergency-zone,0.427,high_fatigue,True,0.2958,False,none,0.65,56.809,15.81,72.619,False,0.20975,0.66667,0.35,0.65,0.64,0.45,0.34,True,0.075,False,0.01375,False,0.52,7.5,Data obfuscation: coarsened location; privacy exposure -0.14; Transport Layer Security: reduced tampering probability; latency +6 ms; Virtual objects: sensor and actuator abstractions enabled
EXP_20260507_152111_a31077,1,26,26.0,9,technician,95.081,37.112,96.816,1.22,Ward-A-zone,0.403,none,False,0.1216,False,none,0.65,56.292,14.839,71.131,False,0.20975,0.66667,0.35,0.65,0.64,0.45,0.34,True,0.075,False,0.01375,False,0.52,7.5,Data obfuscation: coarsened location; privacy exposure -0.14; Transport Layer Security: reduced tampering probability; latency +6 ms; Virtual objects: sensor and actuator abstractions enabled
EXP_20260507_152111_a31077,1,26,26.0,10,nurse,101.229,37.274,96.331,1.996,Pharmacy-zone,0.59,none,False,0.2071,False,none,0.65,46.204,19.228,65.432,False,0.20975,0.66667,0.35,0.65,0.64,0.45,0.34,True,0.075,False,0.01375,False,0.52,7.5,Data obfuscation: coarsened location; privacy exposure -0.14; Transport Layer Security: reduced tampering probability; latency +6 ms; Virtual objects: sensor and actuator abstractions enabled
EXP_20260507_152111_a31077,1,26,26.0,11,cleaning_staff,99.158,36.819,94.309,1.874,Emergency-zone,0.543,none,False,0.2716,False,none,0.65,73.652,18.972,92.624,False,0.20975,0.66667,0.35,0.65,0.64,0.45,0.34,True,0.075,False,0.01375,False,0.52,7.5,Data obfuscation: coarsened location; privacy exposure -0.14; Transport Layer Security: reduced tampering probability; latency +6 ms; Virtual objects: sensor and actuator abstractions enabled
EXP_20260507_152111_a31077,1,26,26.0,12,technician,92.992,37.118,96.308,0.946,Radiology-zone,0.372,none,False,0.1126,False,none,0.65,38.841,17.541,56.382,False,0.20975,0.66667,0.35,0.65,0.64,0.45,0.34,True,0.075,False,0.01375,False,0.52,7.5,Data obfuscation: coarsened location; privacy exposure -0.14; Transport Layer Security: reduced tampering probability; latency +6 ms; Virtual objects: sensor and actuator abstractions enabled
EXP_20260507_152111_a31077,1,26,26.0,13,physician,94.957,36.814,96.002,0.495,ICU-zone,0.453,none,False,0.1817,False,none,0.65,42.958,15.375,58.333,False,0.20975,0.66667,0.35,0.65,0.64,0.45,0.34,True,0.075,False,0.01375,False,0.52,7.5,Data obfuscation: coarsened location; privacy exposure -0.14; Transport Layer Security: reduced tampering probability; latency +6 ms; Virtual objects: sensor and actuator abstractions enabled
EXP_20260507_152111_a31077,1,26,26.0,14,technician,100.536,37.015,95.692,1.387,Radiology-zone,0.531,none,False,0.1481,False,none,0.65,42.658,14.171,56.829,False,0.20975,0.66667,0.35,0.65,0.64,0.45,0.34,True,0.075,False,0.01375,False,0.52,7.5,Data obfuscation: coarsened location; privacy exposure -0.14; Transport Layer Security: reduced tampering probability; latency +6 ms; Virtual objects: sensor and actuator abstractions enabled
EXP_20260507_152111_a31077,1,26,26.0,15,physician,93.587,37.334,94.201,0.948,ICU-zone,0.32,none,False,0.2398,False,none,0.65,52.407,16.119,68.526,False,0.20975,0.66667,0.35,0.65,0.64,0.45,0.34,True,0.075,False,0.01375,False,0.52,7.5,Data obfuscation: coarsened location; privacy exposure -0.14; Transport Layer Security: reduced tampering probability; latency +6 ms; Virtual objects: sensor and actuator abstractions enabled
EXP_20260507_152111_a31077,1,26,26.0,16,physician,93.302,37.078,94.543,1.02,Radiology-zone,0.476,none,False,0.1513,False,none,0.65,53.842,14.478,68.32,False,0.20975,0.66667,0.35,0.65,0.64,0.45,0.34,True,0.075,False,0.01375,False,0.52,7.5,Data obfuscation: coarsened location; privacy exposure -0.14; Transport Layer Security: reduced tampering probability; latency +6 ms; Virtual objects: sensor and actuator abstractions enabled
EXP_20260507_152111_a31077,1,26,26.0,17,porter,99.507,36.879,94.337,0.701,Surgery-zone,0.53,none,False,0.2421,False,none,0.65,49.934,15.844,65.778,False,0.20975,0.66667,0.35,0.65,0.64,0.45,0.34,True,0.075,False,0.01375,False,0.52,7.5,Data obfuscation: coarsened location; privacy exposure -0.14; Transport Layer Security: reduced tampering probability; latency +6 ms; Virtual objects: sensor and actuator abstractions enabled
EXP_20260507_152111_a31077,1,26,26.0,18,physician,112.12,37.101,94.569,0.929,Radiology-zone,0.547,none,False,0.2242,False,none,0.65,57.641,14.861,72.502,False,0.20975,0.66667,0.35,0.65,0.64,0.45,0.34,True,0.075,False,0.01375,False,0.52,7.5,Data obfuscation: coarsened location; privacy exposure -0.14; Transport Layer Security: reduced tampering probability; latency +6 ms; Virtual objects: sensor and actuator abstractions enabled
EXP_20260507_152111_a31077,1,26,26.0,19,nurse,102.518,37.443,94.63,1.718,Surgery-zone,0.608,none,False,0.3099,False,none,0.65,63.088,14.073,77.161,False,0.20975,0.66667,0.35,0.65,0.64,0.45,0.34,True,0.075,False,0.01375,False,0.52,7.5,Data obfuscation: coarsened location; privacy exposure -0.14; Transport Layer Security: reduced tampering probability; latency +6 ms; Virtual objects: sensor and actuator abstractions enabled
EXP_20260507_152111_a31077,1,26,26.0,20,technician,105.188,37.137,94.012,1.313,Surgery-zone,0.498,none,False,0.0,False,no_assessment_packet_loss,0.65,41.298,0.0,41.298,True,0.20975,0.66667,0.35,0.65,0.64,0.45,0.34,True,0.075,False,0.01375,False,0.52,7.5,Data obfuscation: coarsened location; privacy exposure -0.14; Transport Layer Security: reduced tampering probability; latency +6 ms; Virtual objects: sensor and actuator abstractions enabled
EXP_20260507_152111_a31077,1,27,27.0,1,nurse,80.951,37.15,96.968,0.732,Pharmacy-zone,0.122,none,False,0.0702,False,none,0.65,40.949,16.598,57.547,False,0.20975,0.66667,0.35,0.65,0.64,0.45,0.34,True,0.075,True,0.01375,False,0.52,7.5,Data obfuscation: coarsened location; privacy exposure -0.14; Transport Layer Security: reduced tampering probability; latency +6 ms; Virtual objects: sensor and actuator abstractions enabled
EXP_20260507_152111_a31077,1,27,27.0,2,porter,107.149,37.065,96.246,1.746,Pharmacy-zone,0.713,none,False,0.2023,False,none,0.65,34.71,16.536,51.246,False,0.20975,0.66667,0.35,0.65,0.64,0.45,0.34,True,0.075,False,0.01375,False,0.52,7.5,Data obfuscation: coarsened location; privacy exposure -0.14; Transport Layer Security: reduced tampering probability; latency +6 ms; Virtual objects: sensor and actuator abstractions enabled
EXP_20260507_152111_a31077,1,27,27.0,3,technician,99.981,37.377,94.289,1.64,Ward-A-zone,0.661,none,False,0.2347,False,none,0.65,52.064,19.317,71.381,False,0.20975,0.66667,0.35,0.65,0.64,0.45,0.34,True,0.075,False,0.01375,False,0.52,7.5,Data obfuscation: coarsened location; privacy exposure -0.14; Transport Layer Security: reduced tampering probability; latency +6 ms; Virtual objects: sensor and actuator abstractions enabled
EXP_20260507_152111_a31077,1,27,27.0,4,porter,109.602,37.188,94.667,1.125,ICU-zone,0.513,none,False,0.2856,False,none,0.65,55.544,14.802,70.346,False,0.20975,0.66667,0.35,0.65,0.64,0.45,0.34,True,0.075,False,0.01375,False,0.52,7.5,Data obfuscation: coarsened location; privacy exposure -0.14; Transport Layer Security: reduced tampering probability; latency +6 ms; Virtual objects: sensor and actuator abstractions enabled
EXP_20260507_152111_a31077,1,27,27.0,5,technician,102.341,37.644,95.446,0.976,Emergency-zone,0.574,none,False,0.2861,False,none,0.65,57.175,17.162,74.338,False,0.20975,0.66667,0.35,0.65,0.64,0.45,0.34,True,0.075,False,0.01375,False,0.52,7.5,Data obfuscation: coarsened location; privacy exposure -0.14; Transport Layer Security: reduced tampering probability; latency +6 ms; Virtual objects: sensor and actuator abstractions enabled
EXP_20260507_152111_a31077,1,27,27.0,6,porter,105.673,37.112,94.33,2.01,Emergency-zone,0.604,none,False,0.3166,False,none,0.65,48.474,17.206,65.681,False,0.20975,0.66667,0.35,0.65,0.64,0.45,0.34,True,0.075,False,0.01375,False,0.52,7.5,Data obfuscation: coarsened location; privacy exposure -0.14; Transport Layer Security: reduced tampering probability; latency +6 ms; Virtual objects: sensor and actuator abstractions enabled
EXP_20260507_152111_a31077,1,27,27.0,7,porter,108.622,37.069,95.442,0.988,Radiology-zone,0.61,none,False,0.1928,False,none,0.65,66.44,17.242,83.682,False,0.20975,0.66667,0.35,0.65,0.64,0.45,0.34,True,0.075,False,0.01375,False,0.52,7.5,Data obfuscation: coarsened location; privacy exposure -0.14; Transport Layer Security: reduced tampering probability; latency +6 ms; Virtual objects: sensor and actuator abstractions enabled
EXP_20260507_152111_a31077,1,27,27.0,8,porter,108.903,37.205,95.935,1.686,Emergency-zone,0.746,none,False,0.2881,False,none,0.65,49.877,14.684,64.561,False,0.20975,0.66667,0.35,0.65,0.64,0.45,0.34,True,0.075,False,0.01375,False,0.52,7.5,Data obfuscation: coarsened location; privacy exposure -0.14; Transport Layer Security: reduced tampering probability; latency +6 ms; Virtual objects: sensor and actuator abstractions enabled
EXP_20260507_152111_a31077,1,27,27.0,9,technician,93.858,37.124,96.97,0.573,Ward-A-zone,0.335,none,False,0.1137,False,none,0.65,49.235,16.096,65.33,False,0.20975,0.66667,0.35,0.65,0.64,0.45,0.34,True,0.075,False,0.01375,False,0.52,7.5,Data obfuscation: coarsened location; privacy exposure -0.14; Transport Layer Security: reduced tampering probability; latency +6 ms; Virtual objects: sensor and actuator abstractions enabled
EXP_20260507_152111_a31077,1,27,27.0,10,nurse,135.417,37.415,95.599,3.091,Pharmacy-zone,1.0,fall,True,0.4452,False,none,0.65,69.511,15.46,84.971,False,0.20975,0.66667,0.35,0.65,0.64,0.45,0.34,True,0.075,False,0.01375,False,0.52,7.5,Data obfuscation: coarsened location; privacy exposure -0.14; Transport Layer Security: reduced tampering probability; latency +6 ms; Virtual objects: sensor and actuator abstractions enabled
EXP_20260507_152111_a31077,1,27,27.0,11,cleaning_staff,90.579,36.719,94.683,0.921,Emergency-zone,0.228,none,False,0.182,False,none,0.65,53.643,13.969,67.612,False,0.20975,0.66667,0.35,0.65,0.64,0.45,0.34,True,0.075,False,0.01375,False,0.52,7.5,Data obfuscation: coarsened location; privacy exposure -0.14; Transport Layer Security: reduced tampering probability; latency +6 ms; Virtual objects: sensor and actuator abstractions enabled
EXP_20260507_152111_a31077,1,27,27.0,12,technician,96.534,37.219,96.084,1.222,Radiology-zone,0.492,none,False,0.1422,False,none,0.65,64.314,17.796,82.11,False,0.20975,0.66667,0.35,0.65,0.64,0.45,0.34,True,0.075,False,0.01375,False,0.52,7.5,Data obfuscation: coarsened location; privacy exposure -0.14; Transport Layer Security: reduced tampering probability; latency +6 ms; Virtual objects: sensor and actuator abstractions enabled
EXP_20260507_152111_a31077,1,27,27.0,13,physician,101.267,37.233,94.746,0.696,ICU-zone,0.309,high_fatigue,True,0.2445,False,none,0.65,61.381,15.48,76.86,False,0.20975,0.66667,0.35,0.65,0.64,0.45,0.34,True,0.075,False,0.01375,False,0.52,7.5,Data obfuscation: coarsened location; privacy exposure -0.14; Transport Layer Security: reduced tampering probability; latency +6 ms; Virtual objects: sensor and actuator abstractions enabled
EXP_20260507_152111_a31077,1,27,27.0,14,technician,99.266,36.975,95.593,1.622,Radiology-zone,0.493,none,False,0.1558,False,none,0.65,64.696,13.241,77.937,False,0.20975,0.66667,0.35,0.65,0.64,0.45,0.34,True,0.075,False,0.01375,False,0.52,7.5,Data obfuscation: coarsened location; privacy exposure -0.14; Transport Layer Security: reduced tampering probability; latency +6 ms; Virtual objects: sensor and actuator abstractions enabled
EXP_20260507_152111_a31077,1,27,27.0,15,physician,97.775,37.392,94.026,1.486,ICU-zone,0.474,none,False,0.2795,False,none,0.65,60.912,18.45,79.361,False,0.20975,0.66667,0.35,0.65,0.64,0.45,0.34,True,0.075,False,0.01375,False,0.52,7.5,Data obfuscation: coarsened location; privacy exposure -0.14; Transport Layer Security: reduced tampering probability; latency +6 ms; Virtual objects: sensor and actuator abstractions enabled
EXP_20260507_152111_a31077,1,27,27.0,16,physician,92.377,37.094,94.712,1.518,Emergency-zone,0.406,none,False,0.0,False,no_assessment_packet_loss,0.65,43.44,0.0,43.44,True,0.20975,0.66667,0.35,0.65,0.64,0.45,0.34,True,0.075,False,0.01375,False,0.52,7.5,Data obfuscation: coarsened location; privacy exposure -0.14; Transport Layer Security: reduced tampering probability; latency +6 ms; Virtual objects: sensor and actuator abstractions enabled
EXP_20260507_152111_a31077,1,27,27.0,17,porter,100.022,36.91,94.179,1.488,Surgery-zone,0.529,none,False,0.253,False,none,0.65,57.727,15.36,73.086,False,0.20975,0.66667,0.35,0.65,0.64,0.45,0.34,True,0.075,False,0.01375,False,0.52,7.5,Data obfuscation: coarsened location; privacy exposure -0.14; Transport Layer Security: reduced tampering probability; latency +6 ms; Virtual objects: sensor and actuator abstractions enabled
EXP_20260507_152111_a31077,1,27,27.0,18,physician,116.121,37.148,94.54,1.814,Radiology-zone,0.671,none,False,0.2771,False,none,0.65,51.908,15.48,67.388,False,0.20975,0.66667,0.35,0.65,0.64,0.45,0.34,True,0.075,False,0.01375,False,0.52,7.5,Data obfuscation: coarsened location; privacy exposure -0.14; Transport Layer Security: reduced tampering probability; latency +6 ms; Virtual objects: sensor and actuator abstractions enabled
EXP_20260507_152111_a31077,1,27,27.0,19,nurse,94.793,37.381,94.745,0.853,Surgery-zone,0.295,none,False,0.2338,False,none,0.65,47.916,16.088,64.004,False,0.20975,0.66667,0.35,0.65,0.64,0.45,0.34,True,0.075,False,0.01375,False,0.52,7.5,Data obfuscation: coarsened location; privacy exposure -0.14; Transport Layer Security: reduced tampering probability; latency +6 ms; Virtual objects: sensor and actuator abstractions enabled
EXP_20260507_152111_a31077,1,27,27.0,20,technician,97.536,36.968,94.105,0.995,Surgery-zone,0.21,none,False,0.219,False,none,0.65,58.892,14.395,73.287,False,0.20975,0.66667,0.35,0.65,0.64,0.45,0.34,True,0.075,False,0.01375,False,0.52,7.5,Data obfuscation: coarsened location; privacy exposure -0.14; Transport Layer Security: reduced tampering probability; latency +6 ms; Virtual objects: sensor and actuator abstractions enabled
EXP_20260507_152111_a31077,1,28,28.0,1,nurse,88.177,37.24,96.683,0.803,Pharmacy-zone,0.38,none,False,0.1069,False,none,0.65,58.243,15.846,74.09,False,0.20975,0.66667,0.35,0.65,0.64,0.45,0.34,True,0.075,False,0.01375,False,0.52,7.5,Data obfuscation: coarsened location; privacy exposure -0.14; Transport Layer Security: reduced tampering probability; latency +6 ms; Virtual objects: sensor and actuator abstractions enabled
EXP_20260507_152111_a31077,1,28,28.0,2,porter,108.508,37.088,96.068,1.165,Pharmacy-zone,0.765,none,False,0.1913,False,none,0.65,51.436,12.428,63.863,False,0.20975,0.66667,0.35,0.65,0.64,0.45,0.34,True,0.075,False,0.01375,False,0.52,7.5,Data obfuscation: coarsened location; privacy exposure -0.14; Transport Layer Security: reduced tampering probability; latency +6 ms; Virtual objects: sensor and actuator abstractions enabled
EXP_20260507_152111_a31077,1,28,28.0,3,technician,98.544,37.373,94.314,1.243,Ward-A-zone,0.594,none,False,0.2093,False,none,0.65,55.664,15.817,71.481,False,0.20975,0.66667,0.35,0.65,0.64,0.45,0.34,True,0.075,False,0.01375,False,0.52,7.5,Data obfuscation: coarsened location; privacy exposure -0.14; Transport Layer Security: reduced tampering probability; latency +6 ms; Virtual objects: sensor and actuator abstractions enabled
EXP_20260507_152111_a31077,1,28,28.0,4,porter,110.469,37.133,94.939,0.886,Surgery-zone,0.476,none,False,0.2749,False,none,0.65,52.222,15.86,68.082,False,0.20975,0.66667,0.35,0.65,0.64,0.45,0.34,True,0.075,False,0.01375,False,0.52,7.5,Data obfuscation: coarsened location; privacy exposure -0.14; Transport Layer Security: reduced tampering probability; latency +6 ms; Virtual objects: sensor and actuator abstractions enabled
EXP_20260507_152111_a31077,1,28,28.0,5,technician,98.346,37.561,95.348,1.05,Emergency-zone,0.418,none,False,0.2564,False,none,0.65,44.126,14.503,58.63,False,0.20975,0.66667,0.35,0.65,0.64,0.45,0.34,True,0.075,False,0.01375,False,0.52,7.5,Data obfuscation: coarsened location; privacy exposure -0.14; Transport Layer Security: reduced tampering probability; latency +6 ms; Virtual objects: sensor and actuator abstractions enabled
EXP_20260507_152111_a31077,1,28,28.0,6,porter,105.427,37.092,94.08,1.551,Emergency-zone,0.563,none,False,0.2887,False,none,0.65,56.836,14.433,71.269,False,0.20975,0.66667,0.35,0.65,0.64,0.45,0.34,True,0.075,True,0.01375,False,0.52,7.5,Data obfuscation: coarsened location; privacy exposure -0.14; Transport Layer Security: reduced tampering probability; latency +6 ms; Virtual objects: sensor and actuator abstractions enabled
EXP_20260507_152111_a31077,1,28,28.0,7,porter,109.225,37.134,95.3,1.311,Radiology-zone,0.657,none,False,0.2072,False,none,0.65,53.834,14.176,68.01,False,0.20975,0.66667,0.35,0.65,0.64,0.45,0.34,True,0.075,False,0.01375,False,0.52,7.5,Data obfuscation: coarsened location; privacy exposure -0.14; Transport Layer Security: reduced tampering probability; latency +6 ms; Virtual objects: sensor and actuator abstractions enabled
EXP_20260507_152111_a31077,1,28,28.0,8,porter,109.26,37.184,96.155,1.629,Emergency-zone,0.744,none,False,0.2824,False,none,0.65,63.233,16.848,80.081,False,0.20975,0.66667,0.35,0.65,0.64,0.45,0.34,True,0.075,False,0.01375,False,0.52,7.5,Data obfuscation: coarsened location; privacy exposure -0.14; Transport Layer Security: reduced tampering probability; latency +6 ms; Virtual objects: sensor and actuator abstractions enabled
EXP_20260507_152111_a31077,1,28,28.0,9,technician,96.166,37.138,96.843,0.343,Ward-A-zone,0.395,none,False,0.1272,False,none,0.65,56.864,18.79,75.654,False,0.20975,0.66667,0.35,0.65,0.64,0.45,0.34,True,0.075,False,0.01375,False,0.52,7.5,Data obfuscation: coarsened location; privacy exposure -0.14; Transport Layer Security: reduced tampering probability; latency +6 ms; Virtual objects: sensor and actuator abstractions enabled
EXP_20260507_152111_a31077,1,28,28.0,10,nurse,99.109,37.263,96.367,1.144,Pharmacy-zone,0.49,none,False,0.155,False,none,0.65,45.371,16.203,61.574,False,0.20975,0.66667,0.35,0.65,0.64,0.45,0.34,True,0.075,False,0.01375,False,0.52,7.5,Data obfuscation: coarsened location; privacy exposure -0.14; Transport Layer Security: reduced tampering probability; latency +6 ms; Virtual objects: sensor and actuator abstractions enabled
EXP_20260507_152111_a31077,1,28,28.0,11,cleaning_staff,92.914,36.783,94.482,1.311,Emergency-zone,0.29,none,False,0.1992,False,none,0.65,53.644,14.675,68.318,False,0.20975,0.66667,0.35,0.65,0.64,0.45,0.34,True,0.075,False,0.01375,False,0.52,7.5,Data obfuscation: coarsened location; privacy exposure -0.14; Transport Layer Security: reduced tampering probability; latency +6 ms; Virtual objects: sensor and actuator abstractions enabled
EXP_20260507_152111_a31077,1,28,28.0,12,technician,95.133,37.208,96.023,1.456,Radiology-zone,0.425,none,False,0.1352,False,none,0.65,42.638,15.526,58.164,False,0.20975,0.66667,0.35,0.65,0.64,0.45,0.34,True,0.075,False,0.01375,False,0.52,7.5,Data obfuscation: coarsened location; privacy exposure -0.14; Transport Layer Security: reduced tampering probability; latency +6 ms; Virtual objects: sensor and actuator abstractions enabled
EXP_20260507_152111_a31077,1,28,28.0,13,physician,100.153,36.909,95.973,1.323,Ward-B-zone,0.664,none,False,0.1477,False,none,0.65,62.358,17.45,79.807,False,0.20975,0.66667,0.35,0.65,0.64,0.45,0.34,True,0.075,False,0.01375,False,0.52,7.5,Data obfuscation: coarsened location; privacy exposure -0.14; Transport Layer Security: reduced tampering probability; latency +6 ms; Virtual objects: sensor and actuator abstractions enabled
EXP_20260507_152111_a31077,1,28,28.0,14,technician,97.69,36.957,95.556,0.23,Radiology-zone,0.4,none,False,0.1311,False,none,0.65,49.876,20.839,70.716,False,0.20975,0.66667,0.35,0.65,0.64,0.45,0.34,True,0.075,False,0.01375,False,0.52,7.5,Data obfuscation: coarsened location; privacy exposure -0.14; Transport Layer Security: reduced tampering probability; latency +6 ms; Virtual objects: sensor and actuator abstractions enabled
EXP_20260507_152111_a31077,1,28,28.0,15,physician,101.371,37.469,93.772,1.172,ICU-zone,0.616,none,False,0.3093,False,none,0.65,67.588,14.843,82.431,False,0.20975,0.66667,0.35,0.65,0.64,0.45,0.34,True,0.075,False,0.01375,False,0.52,7.5,Data obfuscation: coarsened location; privacy exposure -0.14; Transport Layer Security: reduced tampering probability; latency +6 ms; Virtual objects: sensor and actuator abstractions enabled
EXP_20260507_152111_a31077,1,28,28.0,16,physician,91.756,37.108,94.635,0.97,Radiology-zone,0.401,none,False,0.1413,False,none,0.65,59.665,17.498,77.163,False,0.20975,0.66667,0.35,0.65,0.64,0.45,0.34,True,0.075,False,0.01375,False,0.52,7.5,Data obfuscation: coarsened location; privacy exposure -0.14; Transport Layer Security: reduced tampering probability; latency +6 ms; Virtual objects: sensor and actuator abstractions enabled
EXP_20260507_152111_a31077,1,28,28.0,17,porter,99.488,36.995,94.24,1.774,Surgery-zone,0.513,none,False,0.2662,False,none,0.65,52.583,11.915,64.498,False,0.20975,0.66667,0.35,0.65,0.64,0.45,0.34,True,0.075,False,0.01375,False,0.52,7.5,Data obfuscation: coarsened location; privacy exposure -0.14; Transport Layer Security: reduced tampering probability; latency +6 ms; Virtual objects: sensor and actuator abstractions enabled
EXP_20260507_152111_a31077,1,28,28.0,18,physician,120.881,37.21,94.245,1.393,Radiology-zone,0.829,none,False,0.2914,False,none,0.65,66.438,17.617,84.055,False,0.20975,0.66667,0.35,0.65,0.64,0.45,0.34,True,0.075,False,0.01375,False,0.52,7.5,Data obfuscation: coarsened location; privacy exposure -0.14; Transport Layer Security: reduced tampering probability; latency +6 ms; Virtual objects: sensor and actuator abstractions enabled
EXP_20260507_152111_a31077,1,28,28.0,19,nurse,98.501,37.465,94.579,1.765,Surgery-zone,0.419,none,False,0.2891,False,none,0.65,46.874,16.163,63.037,False,0.20975,0.66667,0.35,0.65,0.64,0.45,0.34,True,0.075,False,0.01375,False,0.52,7.5,Data obfuscation: coarsened location; privacy exposure -0.14; Transport Layer Security: reduced tampering probability; latency +6 ms; Virtual objects: sensor and actuator abstractions enabled
EXP_20260507_152111_a31077,1,28,28.0,20,technician,100.096,37.116,93.902,1.087,Surgery-zone,0.323,none,False,0.2508,False,none,0.65,70.024,16.967,86.991,False,0.20975,0.66667,0.35,0.65,0.64,0.45,0.34,True,0.075,False,0.01375,False,0.52,7.5,Data obfuscation: coarsened location; privacy exposure -0.14; Transport Layer Security: reduced tampering probability; latency +6 ms; Virtual objects: sensor and actuator abstractions enabled
EXP_20260507_152111_a31077,1,29,29.0,1,nurse,82.34,37.188,96.537,1.267,Pharmacy-zone,0.171,none,False,0.0769,False,none,0.65,40.217,13.847,54.064,False,0.20975,0.66667,0.35,0.65,0.64,0.45,0.34,True,0.075,False,0.01375,False,0.52,7.5,Data obfuscation: coarsened location; privacy exposure -0.14; Transport Layer Security: reduced tampering probability; latency +6 ms; Virtual objects: sensor and actuator abstractions enabled
EXP_20260507_152111_a31077,1,29,29.0,2,porter,111.315,37.168,95.896,2.003,Pharmacy-zone,0.829,none,False,0.2523,False,none,0.65,59.669,18.19,77.859,False,0.20975,0.66667,0.35,0.65,0.64,0.45,0.34,True,0.075,False,0.01375,False,0.52,7.5,Data obfuscation: coarsened location; privacy exposure -0.14; Transport Layer Security: reduced tampering probability; latency +6 ms; Virtual objects: sensor and actuator abstractions enabled
EXP_20260507_152111_a31077,1,29,29.0,3,technician,102.494,37.405,94.289,1.679,Ward-A-zone,0.734,none,False,0.2534,False,none,0.65,52.65,15.352,68.002,False,0.20975,0.66667,0.35,0.65,0.64,0.45,0.34,True,0.075,False,0.01375,False,0.52,7.5,Data obfuscation: coarsened location; privacy exposure -0.14; Transport Layer Security: reduced tampering probability; latency +6 ms; Virtual objects: sensor and actuator abstractions enabled
EXP_20260507_152111_a31077,1,29,29.0,4,porter,111.992,37.204,94.524,0.66,Surgery-zone,0.577,none,False,0.3032,False,none,0.65,61.724,17.411,79.135,False,0.20975,0.66667,0.35,0.65,0.64,0.45,0.34,True,0.075,True,0.01375,False,0.52,7.5,Data obfuscation: coarsened location; privacy exposure -0.14; Transport Layer Security: reduced tampering probability; latency +6 ms; Virtual objects: sensor and actuator abstractions enabled
EXP_20260507_152111_a31077,1,29,29.0,5,technician,100.823,37.661,95.477,1.029,Emergency-zone,0.472,none,False,0.2746,False,none,0.65,46.07,15.033,61.103,False,0.20975,0.66667,0.35,0.65,0.64,0.45,0.34,True,0.075,False,0.01375,False,0.52,7.5,Data obfuscation: coarsened location; privacy exposure -0.14; Transport Layer Security: reduced tampering probability; latency +6 ms; Virtual objects: sensor and actuator abstractions enabled
EXP_20260507_152111_a31077,1,29,29.0,6,porter,105.152,37.13,94.331,1.539,Emergency-zone,0.537,none,False,0.2828,False,none,0.65,70.817,17.534,88.352,False,0.20975,0.66667,0.35,0.65,0.64,0.45,0.34,True,0.075,False,0.01375,False,0.52,7.5,Data obfuscation: coarsened location; privacy exposure -0.14; Transport Layer Security: reduced tampering probability; latency +6 ms; Virtual objects: sensor and actuator abstractions enabled
EXP_20260507_152111_a31077,1,29,29.0,7,porter,106.688,37.044,95.454,0.928,Radiology-zone,0.483,none,False,0.1748,False,none,0.65,57.357,18.367,75.724,False,0.20975,0.66667,0.35,0.65,0.64,0.45,0.34,True,0.075,False,0.01375,False,0.52,7.5,Data obfuscation: coarsened location; privacy exposure -0.14; Transport Layer Security: reduced tampering probability; latency +6 ms; Virtual objects: sensor and actuator abstractions enabled
EXP_20260507_152111_a31077,1,29,29.0,8,porter,108.523,37.185,95.851,1.667,ICU-zone,0.747,none,False,0.2859,False,none,0.65,63.677,16.202,79.879,False,0.20975,0.66667,0.35,0.65,0.64,0.45,0.34,True,0.075,False,0.01375,False,0.52,7.5,Data obfuscation: coarsened location; privacy exposure -0.14; Transport Layer Security: reduced tampering probability; latency +6 ms; Virtual objects: sensor and actuator abstractions enabled
EXP_20260507_152111_a31077,1,29,29.0,9,technician,98.008,37.182,96.621,1.649,Emergency-zone,0.48,none,False,0.2258,False,none,0.65,59.517,13.595,73.113,False,0.20975,0.66667,0.35,0.65,0.64,0.45,0.34,True,0.075,False,0.01375,False,0.52,7.5,Data obfuscation: coarsened location; privacy exposure -0.14; Transport Layer Security: reduced tampering probability; latency +6 ms; Virtual objects: sensor and actuator abstractions enabled
EXP_20260507_152111_a31077,1,29,29.0,10,nurse,105.674,37.335,96.379,1.897,Pharmacy-zone,0.723,none,False,0.231,False,none,0.65,60.581,13.71,74.291,False,0.20975,0.66667,0.35,0.65,0.64,0.45,0.34,True,0.075,False,0.01375,False,0.52,7.5,Data obfuscation: coarsened location; privacy exposure -0.14; Transport Layer Security: reduced tampering probability; latency +6 ms; Virtual objects: sensor and actuator abstractions enabled
EXP_20260507_152111_a31077,1,29,29.0,11,cleaning_staff,97.325,36.844,94.444,1.512,Emergency-zone,0.462,none,False,0.2341,False,none,0.65,62.169,16.057,78.225,False,0.20975,0.66667,0.35,0.65,0.64,0.45,0.34,True,0.075,False,0.01375,False,0.52,7.5,Data obfuscation: coarsened location; privacy exposure -0.14; Transport Layer Security: reduced tampering probability; latency +6 ms; Virtual objects: sensor and actuator abstractions enabled
EXP_20260507_152111_a31077,1,29,29.0,12,technician,96.596,37.202,96.107,1.388,Radiology-zone,0.465,none,False,0.1391,False,none,0.65,45.551,17.314,62.865,False,0.20975,0.66667,0.35,0.65,0.64,0.45,0.34,True,0.075,False,0.01375,False,0.52,7.5,Data obfuscation: coarsened location; privacy exposure -0.14; Transport Layer Security: reduced tampering probability; latency +6 ms; Virtual objects: sensor and actuator abstractions enabled
EXP_20260507_152111_a31077,1,29,29.0,13,physician,93.434,36.818,96.392,1.737,ICU-zone,0.397,none,False,0.1933,False,none,0.65,44.627,14.861,59.488,False,0.20975,0.66667,0.35,0.65,0.64,0.45,0.34,True,0.075,False,0.01375,False,0.52,7.5,Data obfuscation: coarsened location; privacy exposure -0.14; Transport Layer Security: reduced tampering probability; latency +6 ms; Virtual objects: sensor and actuator abstractions enabled
EXP_20260507_152111_a31077,1,29,29.0,14,technician,100.231,36.993,95.487,1.498,Radiology-zone,0.523,none,False,0.156,False,none,0.65,40.791,13.873,54.664,False,0.20975,0.66667,0.35,0.65,0.64,0.45,0.34,True,0.075,False,0.01375,False,0.52,7.5,Data obfuscation: coarsened location; privacy exposure -0.14; Transport Layer Security: reduced tampering probability; latency +6 ms; Virtual objects: sensor and actuator abstractions enabled
EXP_20260507_152111_a31077,1,29,29.0,15,physician,95.638,37.409,94.284,1.34,Ward-B-zone,0.354,none,False,0.1867,False,none,0.65,48.651,16.403,65.054,False,0.20975,0.66667,0.35,0.65,0.64,0.45,0.34,True,0.075,False,0.01375,False,0.52,7.5,Data obfuscation: coarsened location; privacy exposure -0.14; Transport Layer Security: reduced tampering probability; latency +6 ms; Virtual objects: sensor and actuator abstractions enabled
EXP_20260507_152111_a31077,1,29,29.0,16,physician,88.507,37.09,94.53,1.145,Radiology-zone,0.285,none,False,0.1228,False,none,0.65,46.37,17.484,63.854,False,0.20975,0.66667,0.35,0.65,0.64,0.45,0.34,True,0.075,False,0.01375,False,0.52,7.5,Data obfuscation: coarsened location; privacy exposure -0.14; Transport Layer Security: reduced tampering probability; latency +6 ms; Virtual objects: sensor and actuator abstractions enabled
EXP_20260507_152111_a31077,1,29,29.0,17,porter,97.282,36.908,94.362,1.328,Surgery-zone,0.408,none,False,0.2254,False,none,0.65,46.47,17.452,63.923,False,0.20975,0.66667,0.35,0.65,0.64,0.45,0.34,True,0.075,False,0.01375,False,0.52,7.5,Data obfuscation: coarsened location; privacy exposure -0.14; Transport Layer Security: reduced tampering probability; latency +6 ms; Virtual objects: sensor and actuator abstractions enabled
EXP_20260507_152111_a31077,1,29,29.0,18,physician,112.476,37.128,94.416,1.341,Radiology-zone,0.502,none,False,0.2284,False,none,0.65,51.331,16.697,68.028,False,0.20975,0.66667,0.35,0.65,0.64,0.45,0.34,True,0.075,False,0.01375,False,0.52,7.5,Data obfuscation: coarsened location; privacy exposure -0.14; Transport Layer Security: reduced tampering probability; latency +6 ms; Virtual objects: sensor and actuator abstractions enabled
EXP_20260507_152111_a31077,1,29,29.0,19,nurse,96.996,37.426,94.484,1.186,Surgery-zone,0.315,none,False,0.253,False,none,0.65,44.605,15.966,60.572,False,0.20975,0.66667,0.35,0.65,0.64,0.45,0.34,True,0.075,False,0.01375,False,0.52,7.5,Data obfuscation: coarsened location; privacy exposure -0.14; Transport Layer Security: reduced tampering probability; latency +6 ms; Virtual objects: sensor and actuator abstractions enabled
EXP_20260507_152111_a31077,1,29,29.0,20,technician,105.77,37.143,93.874,1.268,Surgery-zone,0.525,none,False,0.2875,False,none,0.65,55.722,16.818,72.54,False,0.20975,0.66667,0.35,0.65,0.64,0.45,0.34,True,0.075,False,0.01375,False,0.52,7.5,Data obfuscation: coarsened location; privacy exposure -0.14; Transport Layer Security: reduced tampering probability; latency +6 ms; Virtual objects: sensor and actuator abstractions enabled
EXP_20260507_152111_a31077,1,30,30.0,1,nurse,80.04,37.16,96.866,0.629,Pharmacy-zone,0.057,none,False,0.0668,False,none,0.65,62.748,17.724,80.471,False,0.20975,0.66667,0.35,0.65,0.64,0.45,0.34,True,0.075,False,0.01375,False,0.52,7.5,Data obfuscation: coarsened location; privacy exposure -0.14; Transport Layer Security: reduced tampering probability; latency +6 ms; Virtual objects: sensor and actuator abstractions enabled
EXP_20260507_152111_a31077,1,30,30.0,2,porter,108.56,37.103,96.109,1.58,Pharmacy-zone,0.738,none,False,0.2021,False,none,0.65,48.494,15.464,63.958,False,0.20975,0.66667,0.35,0.65,0.64,0.45,0.34,True,0.075,False,0.01375,False,0.52,7.5,Data obfuscation: coarsened location; privacy exposure -0.14; Transport Layer Security: reduced tampering probability; latency +6 ms; Virtual objects: sensor and actuator abstractions enabled
EXP_20260507_152111_a31077,1,30,30.0,3,technician,103.744,37.417,94.108,1.376,Ward-A-zone,0.781,none,False,0.2491,False,none,0.65,48.912,17.338,66.25,False,0.20975,0.66667,0.35,0.65,0.64,0.45,0.34,True,0.075,False,0.01375,False,0.52,7.5,Data obfuscation: coarsened location; privacy exposure -0.14; Transport Layer Security: reduced tampering probability; latency +6 ms; Virtual objects: sensor and actuator abstractions enabled
EXP_20260507_152111_a31077,1,30,30.0,4,porter,111.913,37.164,94.899,1.232,Surgery-zone,0.562,none,False,0.2896,False,none,0.65,57.337,17.357,74.694,False,0.20975,0.66667,0.35,0.65,0.64,0.45,0.34,True,0.075,False,0.01375,False,0.52,7.5,Data obfuscation: coarsened location; privacy exposure -0.14; Transport Layer Security: reduced tampering probability; latency +6 ms; Virtual objects: sensor and actuator abstractions enabled
EXP_20260507_152111_a31077,1,30,30.0,5,technician,100.167,37.614,95.351,0.562,Emergency-zone,0.441,none,False,0.2691,False,none,0.65,60.615,19.565,80.181,False,0.20975,0.66667,0.35,0.65,0.64,0.45,0.34,True,0.075,False,0.01375,False,0.52,7.5,Data obfuscation: coarsened location; privacy exposure -0.14; Transport Layer Security: reduced tampering probability; latency +6 ms; Virtual objects: sensor and actuator abstractions enabled
EXP_20260507_152111_a31077,1,30,30.0,6,porter,107.898,37.107,94.35,1.956,Emergency-zone,0.657,none,False,0.3238,False,none,0.65,43.899,13.093,56.992,False,0.20975,0.66667,0.35,0.65,0.64,0.45,0.34,True,0.075,False,0.01375,False,0.52,7.5,Data obfuscation: coarsened location; privacy exposure -0.14; Transport Layer Security: reduced tampering probability; latency +6 ms; Virtual objects: sensor and actuator abstractions enabled
EXP_20260507_152111_a31077,1,30,30.0,7,porter,106.321,37.069,95.555,0.727,Radiology-zone,0.47,none,False,0.1725,False,none,0.65,67.394,16.485,83.879,False,0.20975,0.66667,0.35,0.65,0.64,0.45,0.34,True,0.075,False,0.01375,False,0.52,7.5,Data obfuscation: coarsened location; privacy exposure -0.14; Transport Layer Security: reduced tampering probability; latency +6 ms; Virtual objects: sensor and actuator abstractions enabled
EXP_20260507_152111_a31077,1,30,30.0,8,porter,105.921,37.168,95.919,1.77,Emergency-zone,0.628,none,False,0.272,False,none,0.65,56.047,16.555,72.601,False,0.20975,0.66667,0.35,0.65,0.64,0.45,0.34,True,0.075,False,0.01375,False,0.52,7.5,Data obfuscation: coarsened location; privacy exposure -0.14; Transport Layer Security: reduced tampering probability; latency +6 ms; Virtual objects: sensor and actuator abstractions enabled
EXP_20260507_152111_a31077,1,30,30.0,9,technician,96.052,37.169,96.639,1.494,Ward-A-zone,0.374,none,False,0.1339,False,none,0.65,65.354,16.669,82.023,False,0.20975,0.66667,0.35,0.65,0.64,0.45,0.34,True,0.075,False,0.01375,False,0.52,7.5,Data obfuscation: coarsened location; privacy exposure -0.14; Transport Layer Security: reduced tampering probability; latency +6 ms; Virtual objects: sensor and actuator abstractions enabled
EXP_20260507_152111_a31077,1,30,30.0,10,nurse,106.776,37.357,96.129,2.081,Pharmacy-zone,0.747,none,False,0.2498,False,none,0.65,50.613,17.841,68.454,False,0.20975,0.66667,0.35,0.65,0.64,0.45,0.34,True,0.075,False,0.01375,False,0.52,7.5,Data obfuscation: coarsened location; privacy exposure -0.14; Transport Layer Security: reduced tampering probability; latency +6 ms; Virtual objects: sensor and actuator abstractions enabled
EXP_20260507_152111_a31077,1,30,30.0,11,cleaning_staff,99.966,36.865,94.415,1.198,Ward-B-zone,0.524,none,False,0.1742,False,none,0.65,52.999,14.47,67.469,False,0.20975,0.66667,0.35,0.65,0.64,0.45,0.34,True,0.075,False,0.01375,False,0.52,7.5,Data obfuscation: coarsened location; privacy exposure -0.14; Transport Layer Security: reduced tampering probability; latency +6 ms; Virtual objects: sensor and actuator abstractions enabled
EXP_20260507_152111_a31077,1,30,30.0,12,technician,116.97,38.182,96.444,1.748,Radiology-zone,0.458,none,False,0.3191,False,none,0.65,63.243,16.549,79.792,False,0.20975,0.66667,0.35,0.65,0.64,0.45,0.34,True,0.075,False,0.01375,True,0.52,7.5,Data obfuscation: coarsened location; privacy exposure -0.14; Transport Layer Security: reduced tampering probability; latency +6 ms; Virtual objects: sensor and actuator abstractions enabled
EXP_20260507_152111_a31077,1,30,30.0,13,physician,95.662,36.841,95.939,1.355,ICU-zone,0.445,none,False,0.1851,False,none,0.65,45.804,17.718,63.522,False,0.20975,0.66667,0.35,0.65,0.64,0.45,0.34,True,0.075,False,0.01375,False,0.52,7.5,Data obfuscation: coarsened location; privacy exposure -0.14; Transport Layer Security: reduced tampering probability; latency +6 ms; Virtual objects: sensor and actuator abstractions enabled
EXP_20260507_152111_a31077,1,30,30.0,14,technician,104.949,37.119,95.543,1.826,Radiology-zone,0.703,none,False,0.2144,False,none,0.65,51.474,14.068,65.542,False,0.20975,0.66667,0.35,0.65,0.64,0.45,0.34,True,0.075,False,0.01375,False,0.52,7.5,Data obfuscation: coarsened location; privacy exposure -0.14; Transport Layer Security: reduced tampering probability; latency +6 ms; Virtual objects: sensor and actuator abstractions enabled
EXP_20260507_152111_a31077,1,30,30.0,15,physician,97.004,37.421,94.099,1.251,ICU-zone,0.418,none,False,0.2686,False,none,0.65,44.354,15.276,59.63,False,0.20975,0.66667,0.35,0.65,0.64,0.45,0.34,True,0.075,False,0.01375,False,0.52,7.5,Data obfuscation: coarsened location; privacy exposure -0.14; Transport Layer Security: reduced tampering probability; latency +6 ms; Virtual objects: sensor and actuator abstractions enabled
EXP_20260507_152111_a31077,1,30,30.0,16,physician,98.442,37.208,94.612,1.577,Radiology-zone,0.669,none,False,0.0,False,no_assessment_packet_loss,0.65,54.467,0.0,54.467,True,0.20975,0.66667,0.35,0.65,0.64,0.45,0.34,True,0.075,False,0.01375,False,0.52,7.5,Data obfuscation: coarsened location; privacy exposure -0.14; Transport Layer Security: reduced tampering probability; latency +6 ms; Virtual objects: sensor and actuator abstractions enabled
EXP_20260507_152111_a31077,1,30,30.0,17,porter,101.512,36.953,94.183,1.297,Surgery-zone,0.549,none,False,0.254,False,none,0.65,59.194,20.317,79.511,False,0.20975,0.66667,0.35,0.65,0.64,0.45,0.34,True,0.075,False,0.01375,False,0.52,7.5,Data obfuscation: coarsened location; privacy exposure -0.14; Transport Layer Security: reduced tampering probability; latency +6 ms; Virtual objects: sensor and actuator abstractions enabled
EXP_20260507_152111_a31077,1,30,30.0,18,physician,117.477,37.19,94.069,1.535,Radiology-zone,0.679,none,False,0.0,False,no_assessment_packet_loss,0.65,41.944,0.0,41.944,True,0.20975,0.66667,0.35,0.65,0.64,0.45,0.34,True,0.075,True,0.01375,False,0.52,7.5,Data obfuscation: coarsened location; privacy exposure -0.14; Transport Layer Security: reduced tampering probability; latency +6 ms; Virtual objects: sensor and actuator abstractions enabled
EXP_20260507_152111_a31077,1,30,30.0,19,nurse,99.254,37.419,94.212,0.939,Surgery-zone,0.396,none,False,0.2722,False,none,0.65,56.934,15.417,72.351,False,0.20975,0.66667,0.35,0.65,0.64,0.45,0.34,True,0.075,False,0.01375,False,0.52,7.5,Data obfuscation: coarsened location; privacy exposure -0.14; Transport Layer Security: reduced tampering probability; latency +6 ms; Virtual objects: sensor and actuator abstractions enabled
EXP_20260507_152111_a31077,1,30,30.0,20,technician,101.718,37.061,94.122,1.057,Surgery-zone,0.328,none,False,0.0,False,no_assessment_packet_loss,0.65,55.251,0.0,55.251,True,0.20975,0.66667,0.35,0.65,0.64,0.45,0.34,True,0.075,False,0.01375,False,0.52,7.5,Data obfuscation: coarsened location; privacy exposure -0.14; Transport Layer Security: reduced tampering probability; latency +6 ms; Virtual objects: sensor and actuator abstractions enabled
EXP_20260507_152111_a31077,1,31,31.0,1,nurse,87.756,37.236,96.615,1.212,Pharmacy-zone,0.344,none,False,0.1026,False,none,0.65,47.533,19.947,67.48,False,0.20975,0.66667,0.35,0.65,0.64,0.45,0.34,True,0.075,False,0.01375,False,0.52,7.5,Data obfuscation: coarsened location; privacy exposure -0.14; Transport Layer Security: reduced tampering probability; latency +6 ms; Virtual objects: sensor and actuator abstractions enabled
EXP_20260507_152111_a31077,1,31,31.0,2,porter,108.779,37.136,95.881,1.492,Pharmacy-zone,0.72,none,False,0.202,False,none,0.65,49.753,16.725,66.478,False,0.20975,0.66667,0.35,0.65,0.64,0.45,0.34,True,0.075,False,0.01375,False,0.52,7.5,Data obfuscation: coarsened location; privacy exposure -0.14; Transport Layer Security: reduced tampering probability; latency +6 ms; Virtual objects: sensor and actuator abstractions enabled
EXP_20260507_152111_a31077,1,31,31.0,3,technician,99.347,37.345,94.15,1.458,Ward-A-zone,0.601,none,False,0.2176,False,none,0.65,37.959,12.695,50.653,False,0.20975,0.66667,0.35,0.65,0.64,0.45,0.34,True,0.075,False,0.01375,False,0.52,7.5,Data obfuscation: coarsened location; privacy exposure -0.14; Transport Layer Security: reduced tampering probability; latency +6 ms; Virtual objects: sensor and actuator abstractions enabled
EXP_20260507_152111_a31077,1,31,31.0,4,porter,114.46,37.246,94.688,2.113,Surgery-zone,0.683,none,False,0.3629,False,none,0.65,58.497,14.794,73.291,False,0.20975,0.66667,0.35,0.65,0.64,0.45,0.34,True,0.075,False,0.01375,False,0.52,7.5,Data obfuscation: coarsened location; privacy exposure -0.14; Transport Layer Security: reduced tampering probability; latency +6 ms; Virtual objects: sensor and actuator abstractions enabled
EXP_20260507_152111_a31077,1,31,31.0,5,technician,100.923,37.644,95.235,1.197,Emergency-zone,0.467,none,False,0.0,False,no_assessment_packet_loss,0.65,51.425,0.0,51.425,True,0.20975,0.66667,0.35,0.65,0.64,0.45,0.34,True,0.075,False,0.01375,False,0.52,7.5,Data obfuscation: coarsened location; privacy exposure -0.14; Transport Layer Security: reduced tampering probability; latency +6 ms; Virtual objects: sensor and actuator abstractions enabled
EXP_20260507_152111_a31077,1,31,31.0,6,porter,112.743,37.169,94.025,1.319,Emergency-zone,0.807,none,False,0.3299,False,none,0.65,49.693,16.034,65.727,False,0.20975,0.66667,0.35,0.65,0.64,0.45,0.34,True,0.075,False,0.01375,False,0.52,7.5,Data obfuscation: coarsened location; privacy exposure -0.14; Transport Layer Security: reduced tampering probability; latency +6 ms; Virtual objects: sensor and actuator abstractions enabled
EXP_20260507_152111_a31077,1,31,31.0,7,porter,109.804,37.155,95.339,1.436,Pharmacy-zone,0.578,none,False,0.207,False,none,0.65,49.12,16.662,65.782,False,0.20975,0.66667,0.35,0.65,0.64,0.45,0.34,True,0.075,False,0.01375,False,0.52,7.5,Data obfuscation: coarsened location; privacy exposure -0.14; Transport Layer Security: reduced tampering probability; latency +6 ms; Virtual objects: sensor and actuator abstractions enabled
EXP_20260507_152111_a31077,1,31,31.0,8,porter,104.62,37.154,95.959,1.787,Emergency-zone,0.574,none,False,0.2626,False,none,0.65,47.787,12.63,60.416,False,0.20975,0.66667,0.35,0.65,0.64,0.45,0.34,True,0.075,False,0.01375,False,0.52,7.5,Data obfuscation: coarsened location; privacy exposure -0.14; Transport Layer Security: reduced tampering probability; latency +6 ms; Virtual objects: sensor and actuator abstractions enabled
EXP_20260507_152111_a31077,1,31,31.0,9,technician,97.011,37.178,96.562,1.048,Ward-A-zone,0.354,none,False,0.131,False,none,0.65,43.815,13.175,56.99,False,0.20975,0.66667,0.35,0.65,0.64,0.45,0.34,True,0.075,False,0.01375,False,0.52,7.5,Data obfuscation: coarsened location; privacy exposure -0.14; Transport Layer Security: reduced tampering probability; latency +6 ms; Virtual objects: sensor and actuator abstractions enabled
EXP_20260507_152111_a31077,1,31,31.0,10,nurse,108.201,37.4,96.178,1.571,Pharmacy-zone,0.775,none,False,0.2291,False,none,0.65,52.944,16.372,69.317,False,0.20975,0.66667,0.35,0.65,0.64,0.45,0.34,True,0.075,True,0.01375,False,0.52,7.5,Data obfuscation: coarsened location; privacy exposure -0.14; Transport Layer Security: reduced tampering probability; latency +6 ms; Virtual objects: sensor and actuator abstractions enabled
EXP_20260507_152111_a31077,1,31,31.0,11,cleaning_staff,97.184,36.825,94.325,1.608,Surgery-zone,0.394,none,False,0.0,False,no_assessment_packet_loss,0.65,55.47,0.0,55.47,True,0.20975,0.66667,0.35,0.65,0.64,0.45,0.34,True,0.075,False,0.01375,False,0.52,7.5,Data obfuscation: coarsened location; privacy exposure -0.14; Transport Layer Security: reduced tampering probability; latency +6 ms; Virtual objects: sensor and actuator abstractions enabled
EXP_20260507_152111_a31077,1,31,31.0,12,technician,104.12,37.3,95.89,1.771,Radiology-zone,0.768,none,False,0.2202,False,none,0.65,52.412,18.633,71.045,False,0.20975,0.66667,0.35,0.65,0.64,0.45,0.34,True,0.075,False,0.01375,False,0.52,7.5,Data obfuscation: coarsened location; privacy exposure -0.14; Transport Layer Security: reduced tampering probability; latency +6 ms; Virtual objects: sensor and actuator abstractions enabled
EXP_20260507_152111_a31077,1,31,31.0,13,physician,99.247,36.86,95.979,1.006,ICU-zone,0.61,none,False,0.208,False,none,0.65,49.886,15.233,65.12,False,0.20975,0.66667,0.35,0.65,0.64,0.45,0.34,True,0.075,False,0.01375,False,0.52,7.5,Data obfuscation: coarsened location; privacy exposure -0.14; Transport Layer Security: reduced tampering probability; latency +6 ms; Virtual objects: sensor and actuator abstractions enabled
EXP_20260507_152111_a31077,1,31,31.0,14,technician,99.464,36.977,95.674,1.651,Radiology-zone,0.467,none,False,0.1546,False,none,0.65,54.148,15.652,69.8,False,0.20975,0.66667,0.35,0.65,0.64,0.45,0.34,True,0.075,False,0.01375,False,0.52,7.5,Data obfuscation: coarsened location; privacy exposure -0.14; Transport Layer Security: reduced tampering probability; latency +6 ms; Virtual objects: sensor and actuator abstractions enabled
EXP_20260507_152111_a31077,1,31,31.0,15,physician,101.417,37.494,93.76,1.868,ICU-zone,0.566,none,False,0.3375,False,none,0.65,61.344,14.564,75.908,False,0.20975,0.66667,0.35,0.65,0.64,0.45,0.34,True,0.075,False,0.01375,False,0.52,7.5,Data obfuscation: coarsened location; privacy exposure -0.14; Transport Layer Security: reduced tampering probability; latency +6 ms; Virtual objects: sensor and actuator abstractions enabled
EXP_20260507_152111_a31077,1,31,31.0,16,physician,77.676,37.219,100.0,0.743,Radiology-zone,0.668,none,False,0.1131,False,none,0.65,36.588,11.92,48.507,False,0.20975,0.66667,0.35,0.65,0.64,0.45,0.34,True,0.075,False,0.01375,True,0.52,7.5,Data obfuscation: coarsened location; privacy exposure -0.14; Transport Layer Security: reduced tampering probability; latency +6 ms; Virtual objects: sensor and actuator abstractions enabled
EXP_20260507_152111_a31077,1,31,31.0,17,porter,101.544,36.983,94.045,1.362,Surgery-zone,0.505,none,False,0.2545,False,none,0.65,62.43,17.17,79.599,False,0.20975,0.66667,0.35,0.65,0.64,0.45,0.34,True,0.075,False,0.01375,False,0.52,7.5,Data obfuscation: coarsened location; privacy exposure -0.14; Transport Layer Security: reduced tampering probability; latency +6 ms; Virtual objects: sensor and actuator abstractions enabled
EXP_20260507_152111_a31077,1,31,31.0,18,physician,113.614,37.188,94.257,1.292,Radiology-zone,0.522,none,False,0.2428,False,none,0.65,58.644,16.171,74.814,False,0.20975,0.66667,0.35,0.65,0.64,0.45,0.34,True,0.075,True,0.01375,False,0.52,7.5,Data obfuscation: coarsened location; privacy exposure -0.14; Transport Layer Security: reduced tampering probability; latency +6 ms; Virtual objects: sensor and actuator abstractions enabled
EXP_20260507_152111_a31077,1,31,31.0,19,nurse,100.602,37.502,94.603,0.329,Surgery-zone,0.454,none,False,0.279,False,none,0.65,50.902,17.001,67.903,False,0.20975,0.66667,0.35,0.65,0.64,0.45,0.34,True,0.075,False,0.01375,False,0.52,7.5,Data obfuscation: coarsened location; privacy exposure -0.14; Transport Layer Security: reduced tampering probability; latency +6 ms; Virtual objects: sensor and actuator abstractions enabled
EXP_20260507_152111_a31077,1,31,31.0,20,technician,128.28,38.716,93.688,1.761,Surgery-zone,0.533,heat_stress,True,0.5339,False,none,0.65,47.705,15.255,62.96,False,0.20975,0.66667,0.35,0.65,0.64,0.45,0.34,True,0.075,False,0.01375,False,0.52,7.5,Data obfuscation: coarsened location; privacy exposure -0.14; Transport Layer Security: reduced tampering probability; latency +6 ms; Virtual objects: sensor and actuator abstractions enabled
EXP_20260507_152111_a31077,1,32,32.0,1,nurse,85.825,37.217,96.667,1.104,Pharmacy-zone,0.249,none,False,0.0877,False,none,0.65,59.683,17.823,77.506,False,0.20975,0.66667,0.35,0.65,0.64,0.45,0.34,True,0.075,False,0.01375,False,0.52,7.5,Data obfuscation: coarsened location; privacy exposure -0.14; Transport Layer Security: reduced tampering probability; latency +6 ms; Virtual objects: sensor and actuator abstractions enabled
EXP_20260507_152111_a31077,1,32,32.0,2,porter,107.723,37.124,95.788,1.842,Pharmacy-zone,0.715,none,False,0.2206,False,none,0.65,65.15,15.473,80.623,False,0.20975,0.66667,0.35,0.65,0.64,0.45,0.34,True,0.075,True,0.01375,False,0.52,7.5,Data obfuscation: coarsened location; privacy exposure -0.14; Transport Layer Security: reduced tampering probability; latency +6 ms; Virtual objects: sensor and actuator abstractions enabled
EXP_20260507_152111_a31077,1,32,32.0,3,technician,103.583,37.421,94.232,1.015,Ward-A-zone,0.771,none,False,0.0,False,no_assessment_packet_loss,0.65,34.282,0.0,34.282,True,0.20975,0.66667,0.35,0.65,0.64,0.45,0.34,True,0.075,False,0.01375,False,0.52,7.5,Data obfuscation: coarsened location; privacy exposure -0.14; Transport Layer Security: reduced tampering probability; latency +6 ms; Virtual objects: sensor and actuator abstractions enabled
EXP_20260507_152111_a31077,1,32,32.0,4,porter,107.256,37.093,94.826,0.921,Surgery-zone,0.344,none,False,0.2537,False,none,0.65,44.246,14.008,58.254,False,0.20975,0.66667,0.35,0.65,0.64,0.45,0.34,True,0.075,False,0.01375,False,0.52,7.5,Data obfuscation: coarsened location; privacy exposure -0.14; Transport Layer Security: reduced tampering probability; latency +6 ms; Virtual objects: sensor and actuator abstractions enabled
EXP_20260507_152111_a31077,1,32,32.0,5,technician,101.407,37.644,95.137,1.762,Emergency-zone,0.455,none,False,0.0,False,no_assessment_packet_loss,0.65,58.098,0.0,58.098,True,0.20975,0.66667,0.35,0.65,0.64,0.45,0.34,True,0.075,False,0.01375,False,0.52,7.5,Data obfuscation: coarsened location; privacy exposure -0.14; Transport Layer Security: reduced tampering probability; latency +6 ms; Virtual objects: sensor and actuator abstractions enabled
EXP_20260507_152111_a31077,1,32,32.0,6,porter,106.918,37.135,94.022,1.215,Emergency-zone,0.611,none,False,0.2931,False,none,0.65,68.057,15.144,83.2,False,0.20975,0.66667,0.35,0.65,0.64,0.45,0.34,True,0.075,False,0.01375,False,0.52,7.5,Data obfuscation: coarsened location; privacy exposure -0.14; Transport Layer Security: reduced tampering probability; latency +6 ms; Virtual objects: sensor and actuator abstractions enabled
EXP_20260507_152111_a31077,1,32,32.0,7,porter,112.074,37.176,95.449,1.109,Radiology-zone,0.657,none,False,0.2175,False,none,0.65,46.799,17.43,64.229,False,0.20975,0.66667,0.35,0.65,0.64,0.45,0.34,True,0.075,False,0.01375,False,0.52,7.5,Data obfuscation: coarsened location; privacy exposure -0.14; Transport Layer Security: reduced tampering probability; latency +6 ms; Virtual objects: sensor and actuator abstractions enabled
EXP_20260507_152111_a31077,1,32,32.0,8,porter,107.156,37.181,95.628,1.93,Emergency-zone,0.686,none,False,0.2982,False,none,0.65,43.477,17.44,60.918,False,0.20975,0.66667,0.35,0.65,0.64,0.45,0.34,True,0.075,False,0.01375,False,0.52,7.5,Data obfuscation: coarsened location; privacy exposure -0.14; Transport Layer Security: reduced tampering probability; latency +6 ms; Virtual objects: sensor and actuator abstractions enabled
EXP_20260507_152111_a31077,1,32,32.0,9,technician,97.892,37.222,96.651,0.74,Ward-A-zone,0.368,none,False,0.1389,False,none,0.65,53.689,18.078,71.767,False,0.20975,0.66667,0.35,0.65,0.64,0.45,0.34,True,0.075,False,0.01375,False,0.52,7.5,Data obfuscation: coarsened location; privacy exposure -0.14; Transport Layer Security: reduced tampering probability; latency +6 ms; Virtual objects: sensor and actuator abstractions enabled
EXP_20260507_152111_a31077,1,32,32.0,10,nurse,103.925,37.362,95.957,1.322,Ward-A-zone,0.574,none,False,0.1875,False,none,0.65,33.528,14.558,48.087,False,0.20975,0.66667,0.35,0.65,0.64,0.45,0.34,True,0.075,False,0.01375,False,0.52,7.5,Data obfuscation: coarsened location; privacy exposure -0.14; Transport Layer Security: reduced tampering probability; latency +6 ms; Virtual objects: sensor and actuator abstractions enabled
EXP_20260507_152111_a31077,1,32,32.0,11,cleaning_staff,89.766,36.768,94.612,0.659,Emergency-zone,0.117,none,False,0.1733,False,none,0.65,60.601,15.089,75.69,False,0.20975,0.66667,0.35,0.65,0.64,0.45,0.34,True,0.075,False,0.01375,False,0.52,7.5,Data obfuscation: coarsened location; privacy exposure -0.14; Transport Layer Security: reduced tampering probability; latency +6 ms; Virtual objects: sensor and actuator abstractions enabled
EXP_20260507_152111_a31077,1,32,32.0,12,technician,97.127,37.224,96.051,0.773,Radiology-zone,0.473,none,False,0.0,False,no_assessment_packet_loss,0.65,51.017,0.0,51.017,True,0.20975,0.66667,0.35,0.65,0.64,0.45,0.34,True,0.075,False,0.01375,False,0.52,7.5,Data obfuscation: coarsened location; privacy exposure -0.14; Transport Layer Security: reduced tampering probability; latency +6 ms; Virtual objects: sensor and actuator abstractions enabled
EXP_20260507_152111_a31077,1,32,32.0,13,physician,91.638,36.762,96.315,1.005,ICU-zone,0.306,none,False,0.1601,False,none,0.65,37.609,11.992,49.601,False,0.20975,0.66667,0.35,0.65,0.64,0.45,0.34,True,0.075,False,0.01375,False,0.52,7.5,Data obfuscation: coarsened location; privacy exposure -0.14; Transport Layer Security: reduced tampering probability; latency +6 ms; Virtual objects: sensor and actuator abstractions enabled
EXP_20260507_152111_a31077,1,32,32.0,14,technician,102.189,36.986,95.33,1.833,Radiology-zone,0.58,none,False,0.1912,False,none,0.65,50.113,13.016,63.13,False,0.20975,0.66667,0.35,0.65,0.64,0.45,0.34,True,0.075,False,0.01375,False,0.52,7.5,Data obfuscation: coarsened location; privacy exposure -0.14; Transport Layer Security: reduced tampering probability; latency +6 ms; Virtual objects: sensor and actuator abstractions enabled
EXP_20260507_152111_a31077,1,32,32.0,15,physician,104.278,37.501,93.851,1.523,ICU-zone,0.654,none,False,0.3307,False,none,0.65,75.523,12.931,88.454,False,0.20975,0.66667,0.35,0.65,0.64,0.45,0.34,True,0.075,False,0.01375,False,0.52,7.5,Data obfuscation: coarsened location; privacy exposure -0.14; Transport Layer Security: reduced tampering probability; latency +6 ms; Virtual objects: sensor and actuator abstractions enabled
EXP_20260507_152111_a31077,1,32,32.0,16,physician,92.052,37.148,94.427,0.972,Radiology-zone,0.365,none,False,0.1484,False,none,0.65,49.109,17.178,66.287,False,0.20975,0.66667,0.35,0.65,0.64,0.45,0.34,True,0.075,False,0.01375,False,0.52,7.5,Data obfuscation: coarsened location; privacy exposure -0.14; Transport Layer Security: reduced tampering probability; latency +6 ms; Virtual objects: sensor and actuator abstractions enabled
EXP_20260507_152111_a31077,1,32,32.0,17,porter,99.338,36.987,94.214,1.393,Surgery-zone,0.434,none,False,0.2379,False,none,0.65,65.124,13.426,78.55,False,0.20975,0.66667,0.35,0.65,0.64,0.45,0.34,True,0.075,False,0.01375,False,0.52,7.5,Data obfuscation: coarsened location; privacy exposure -0.14; Transport Layer Security: reduced tampering probability; latency +6 ms; Virtual objects: sensor and actuator abstractions enabled
EXP_20260507_152111_a31077,1,32,32.0,18,physician,112.984,37.188,94.121,1.038,Radiology-zone,0.463,none,False,0.2399,False,none,0.65,60.532,13.707,74.239,False,0.20975,0.66667,0.35,0.65,0.64,0.45,0.34,True,0.075,False,0.01375,False,0.52,7.5,Data obfuscation: coarsened location; privacy exposure -0.14; Transport Layer Security: reduced tampering probability; latency +6 ms; Virtual objects: sensor and actuator abstractions enabled
EXP_20260507_152111_a31077,1,32,32.0,19,nurse,97.827,37.446,94.679,1.196,Surgery-zone,0.322,none,False,0.2536,False,none,0.65,58.813,18.402,77.215,False,0.20975,0.66667,0.35,0.65,0.64,0.45,0.34,True,0.075,False,0.01375,False,0.52,7.5,Data obfuscation: coarsened location; privacy exposure -0.14; Transport Layer Security: reduced tampering probability; latency +6 ms; Virtual objects: sensor and actuator abstractions enabled
EXP_20260507_152111_a31077,1,32,32.0,20,technician,102.859,37.518,92.847,1.552,Surgery-zone,0.312,high_fatigue,True,0.3295,False,none,0.65,49.528,15.758,65.286,False,0.20975,0.66667,0.35,0.65,0.64,0.45,0.34,True,0.075,False,0.01375,False,0.52,7.5,Data obfuscation: coarsened location; privacy exposure -0.14; Transport Layer Security: reduced tampering probability; latency +6 ms; Virtual objects: sensor and actuator abstractions enabled
EXP_20260507_152111_a31077,1,33,33.0,1,nurse,89.943,37.28,96.503,1.013,Pharmacy-zone,0.424,none,False,0.0,False,no_assessment_packet_loss,0.65,44.044,0.0,44.044,True,0.20975,0.66667,0.35,0.65,0.64,0.45,0.34,True,0.075,False,0.01375,False,0.52,7.5,Data obfuscation: coarsened location; privacy exposure -0.14; Transport Layer Security: reduced tampering probability; latency +6 ms; Virtual objects: sensor and actuator abstractions enabled
EXP_20260507_152111_a31077,1,33,33.0,2,porter,104.115,37.037,96.071,1.28,Pharmacy-zone,0.526,none,False,0.1552,False,none,0.65,54.971,13.566,68.537,False,0.20975,0.66667,0.35,0.65,0.64,0.45,0.34,True,0.075,False,0.01375,False,0.52,7.5,Data obfuscation: coarsened location; privacy exposure -0.14; Transport Layer Security: reduced tampering probability; latency +6 ms; Virtual objects: sensor and actuator abstractions enabled
EXP_20260507_152111_a31077,1,33,33.0,3,technician,102.532,37.424,94.113,1.786,Laboratory-zone,0.694,none,False,0.2632,False,none,0.65,28.138,12.358,40.495,False,0.20975,0.66667,0.35,0.65,0.64,0.45,0.34,True,0.075,False,0.01375,False,0.52,7.5,Data obfuscation: coarsened location; privacy exposure -0.14; Transport Layer Security: reduced tampering probability; latency +6 ms; Virtual objects: sensor and actuator abstractions enabled
EXP_20260507_152111_a31077,1,33,33.0,4,porter,111.962,37.186,94.853,1.015,Surgery-zone,0.543,none,False,0.2914,False,none,0.65,54.44,14.257,68.697,False,0.20975,0.66667,0.35,0.65,0.64,0.45,0.34,True,0.075,False,0.01375,False,0.52,7.5,Data obfuscation: coarsened location; privacy exposure -0.14; Transport Layer Security: reduced tampering probability; latency +6 ms; Virtual objects: sensor and actuator abstractions enabled
EXP_20260507_152111_a31077,1,33,33.0,5,technician,99.202,38.163,93.819,0.677,Emergency-zone,0.297,high_fatigue,True,0.3405,False,none,0.65,54.348,14.135,68.483,False,0.20975,0.66667,0.35,0.65,0.64,0.45,0.34,True,0.075,False,0.01375,False,0.52,7.5,Data obfuscation: coarsened location; privacy exposure -0.14; Transport Layer Security: reduced tampering probability; latency +6 ms; Virtual objects: sensor and actuator abstractions enabled
EXP_20260507_152111_a31077,1,33,33.0,6,porter,110.248,37.218,94.0,1.715,Emergency-zone,0.724,none,False,0.3399,False,none,0.65,62.572,17.238,79.81,False,0.20975,0.66667,0.35,0.65,0.64,0.45,0.34,True,0.075,False,0.01375,False,0.52,7.5,Data obfuscation: coarsened location; privacy exposure -0.14; Transport Layer Security: reduced tampering probability; latency +6 ms; Virtual objects: sensor and actuator abstractions enabled
EXP_20260507_152111_a31077,1,33,33.0,7,porter,109.058,37.102,95.309,1.738,Radiology-zone,0.526,none,False,0.2156,False,none,0.65,55.569,18.315,73.884,False,0.20975,0.66667,0.35,0.65,0.64,0.45,0.34,True,0.075,False,0.01375,False,0.52,7.5,Data obfuscation: coarsened location; privacy exposure -0.14; Transport Layer Security: reduced tampering probability; latency +6 ms; Virtual objects: sensor and actuator abstractions enabled
EXP_20260507_152111_a31077,1,33,33.0,8,porter,106.709,37.152,95.777,1.834,Emergency-zone,0.609,none,False,0.2794,False,none,0.65,51.551,13.698,65.249,False,0.20975,0.66667,0.35,0.65,0.64,0.45,0.34,True,0.075,False,0.01375,False,0.52,7.5,Data obfuscation: coarsened location; privacy exposure -0.14; Transport Layer Security: reduced tampering probability; latency +6 ms; Virtual objects: sensor and actuator abstractions enabled
EXP_20260507_152111_a31077,1,33,33.0,9,technician,92.468,37.191,96.861,0.708,Ward-A-zone,0.171,none,False,0.1037,False,none,0.65,51.225,14.415,65.64,False,0.20975,0.66667,0.35,0.65,0.64,0.45,0.34,True,0.075,True,0.01375,False,0.52,7.5,Data obfuscation: coarsened location; privacy exposure -0.14; Transport Layer Security: reduced tampering probability; latency +6 ms; Virtual objects: sensor and actuator abstractions enabled
EXP_20260507_152111_a31077,1,33,33.0,10,nurse,96.613,37.241,96.365,0.897,Pharmacy-zone,0.301,none,False,0.1315,False,none,0.65,70.448,15.293,85.74,False,0.20975,0.66667,0.35,0.65,0.64,0.45,0.34,True,0.075,False,0.01375,False,0.52,7.5,Data obfuscation: coarsened location; privacy exposure -0.14; Transport Layer Security: reduced tampering probability; latency +6 ms; Virtual objects: sensor and actuator abstractions enabled
EXP_20260507_152111_a31077,1,33,33.0,11,cleaning_staff,96.834,36.842,94.182,1.175,Emergency-zone,0.38,none,False,0.2262,False,none,0.65,50.339,11.879,62.218,False,0.20975,0.66667,0.35,0.65,0.64,0.45,0.34,True,0.075,False,0.01375,False,0.52,7.5,Data obfuscation: coarsened location; privacy exposure -0.14; Transport Layer Security: reduced tampering probability; latency +6 ms; Virtual objects: sensor and actuator abstractions enabled
EXP_20260507_152111_a31077,1,33,33.0,12,technician,98.343,37.228,96.047,1.56,Radiology-zone,0.495,none,False,0.1594,False,none,0.65,38.669,15.835,54.504,False,0.20975,0.66667,0.35,0.65,0.64,0.45,0.34,True,0.075,False,0.01375,False,0.52,7.5,Data obfuscation: coarsened location; privacy exposure -0.14; Transport Layer Security: reduced tampering probability; latency +6 ms; Virtual objects: sensor and actuator abstractions enabled
EXP_20260507_152111_a31077,1,33,33.0,13,physician,101.019,36.891,96.009,2.618,ICU-zone,0.621,none,False,0.2897,False,none,0.65,53.194,17.445,70.639,False,0.20975,0.66667,0.35,0.65,0.64,0.45,0.34,True,0.075,False,0.01375,False,0.52,7.5,Data obfuscation: coarsened location; privacy exposure -0.14; Transport Layer Security: reduced tampering probability; latency +6 ms; Virtual objects: sensor and actuator abstractions enabled
EXP_20260507_152111_a31077,1,33,33.0,14,technician,106.772,37.049,95.128,1.092,Radiology-zone,0.706,none,False,0.1982,False,none,0.65,53.39,17.165,70.555,False,0.20975,0.66667,0.35,0.65,0.64,0.45,0.34,True,0.075,False,0.01375,False,0.52,7.5,Data obfuscation: coarsened location; privacy exposure -0.14; Transport Layer Security: reduced tampering probability; latency +6 ms; Virtual objects: sensor and actuator abstractions enabled
EXP_20260507_152111_a31077,1,33,33.0,15,physician,103.049,37.481,93.814,1.365,Pharmacy-zone,0.614,none,False,0.248,False,none,0.65,39.479,14.23,53.709,False,0.20975,0.66667,0.35,0.65,0.64,0.45,0.34,True,0.075,False,0.01375,False,0.52,7.5,Data obfuscation: coarsened location; privacy exposure -0.14; Transport Layer Security: reduced tampering probability; latency +6 ms; Virtual objects: sensor and actuator abstractions enabled
EXP_20260507_152111_a31077,1,33,33.0,16,physician,95.403,37.13,94.155,1.016,Radiology-zone,0.489,none,False,0.1733,False,none,0.65,62.092,14.414,76.506,False,0.20975,0.66667,0.35,0.65,0.64,0.45,0.34,True,0.075,False,0.01375,False,0.52,7.5,Data obfuscation: coarsened location; privacy exposure -0.14; Transport Layer Security: reduced tampering probability; latency +6 ms; Virtual objects: sensor and actuator abstractions enabled
EXP_20260507_152111_a31077,1,33,33.0,17,porter,103.197,37.029,94.008,1.147,Surgery-zone,0.555,none,False,0.2671,False,none,0.65,54.298,17.768,72.066,False,0.20975,0.66667,0.35,0.65,0.64,0.45,0.34,True,0.075,False,0.01375,False,0.52,7.5,Data obfuscation: coarsened location; privacy exposure -0.14; Transport Layer Security: reduced tampering probability; latency +6 ms; Virtual objects: sensor and actuator abstractions enabled
EXP_20260507_152111_a31077,1,33,33.0,18,physician,114.93,37.14,94.291,1.079,Radiology-zone,0.519,none,False,0.2422,False,none,0.65,71.061,12.575,83.636,False,0.20975,0.66667,0.35,0.65,0.64,0.45,0.34,True,0.075,False,0.01375,False,0.52,7.5,Data obfuscation: coarsened location; privacy exposure -0.14; Transport Layer Security: reduced tampering probability; latency +6 ms; Virtual objects: sensor and actuator abstractions enabled
EXP_20260507_152111_a31077,1,33,33.0,19,nurse,99.259,37.472,94.484,0.782,Surgery-zone,0.369,none,False,0.2687,False,none,0.65,46.667,16.628,63.296,False,0.20975,0.66667,0.35,0.65,0.64,0.45,0.34,True,0.075,True,0.01375,False,0.52,7.5,Data obfuscation: coarsened location; privacy exposure -0.14; Transport Layer Security: reduced tampering probability; latency +6 ms; Virtual objects: sensor and actuator abstractions enabled
EXP_20260507_152111_a31077,1,33,33.0,20,technician,100.066,37.047,94.031,0.831,Surgery-zone,0.288,none,False,0.2392,False,none,0.65,57.022,15.426,72.448,False,0.20975,0.66667,0.35,0.65,0.64,0.45,0.34,True,0.075,False,0.01375,False,0.52,7.5,Data obfuscation: coarsened location; privacy exposure -0.14; Transport Layer Security: reduced tampering probability; latency +6 ms; Virtual objects: sensor and actuator abstractions enabled
EXP_20260507_152111_a31077,1,34,34.0,1,nurse,80.028,37.158,96.679,0.88,Emergency-zone,0.05,none,False,0.1333,False,none,0.65,40.901,18.858,59.758,False,0.20975,0.66667,0.35,0.65,0.64,0.45,0.34,True,0.075,False,0.01375,False,0.52,7.5,Data obfuscation: coarsened location; privacy exposure -0.14; Transport Layer Security: reduced tampering probability; latency +6 ms; Virtual objects: sensor and actuator abstractions enabled
EXP_20260507_152111_a31077,1,34,34.0,2,porter,107.567,37.121,96.043,1.426,Pharmacy-zone,0.667,none,False,0.1859,False,none,0.65,69.55,17.38,86.93,False,0.20975,0.66667,0.35,0.65,0.64,0.45,0.34,True,0.075,False,0.01375,False,0.52,7.5,Data obfuscation: coarsened location; privacy exposure -0.14; Transport Layer Security: reduced tampering probability; latency +6 ms; Virtual objects: sensor and actuator abstractions enabled
EXP_20260507_152111_a31077,1,34,34.0,3,technician,103.385,37.434,94.032,1.933,Ward-A-zone,0.721,none,False,0.28,False,none,0.65,75.13,16.562,91.693,False,0.20975,0.66667,0.35,0.65,0.64,0.45,0.34,True,0.075,False,0.01375,False,0.52,7.5,Data obfuscation: coarsened location; privacy exposure -0.14; Transport Layer Security: reduced tampering probability; latency +6 ms; Virtual objects: sensor and actuator abstractions enabled
EXP_20260507_152111_a31077,1,34,34.0,4,porter,107.473,37.123,95.039,0.853,Surgery-zone,0.371,none,False,0.2541,False,none,0.65,43.066,19.337,62.403,False,0.20975,0.66667,0.35,0.65,0.64,0.45,0.34,True,0.075,False,0.01375,False,0.52,7.5,Data obfuscation: coarsened location; privacy exposure -0.14; Transport Layer Security: reduced tampering probability; latency +6 ms; Virtual objects: sensor and actuator abstractions enabled
EXP_20260507_152111_a31077,1,34,34.0,5,technician,98.431,37.602,95.443,1.186,Emergency-zone,0.333,none,False,0.2524,False,none,0.65,59.382,15.846,75.229,False,0.20975,0.66667,0.35,0.65,0.64,0.45,0.34,True,0.075,False,0.01375,False,0.52,7.5,Data obfuscation: coarsened location; privacy exposure -0.14; Transport Layer Security: reduced tampering probability; latency +6 ms; Virtual objects: sensor and actuator abstractions enabled
EXP_20260507_152111_a31077,1,34,34.0,6,porter,104.932,37.116,94.017,2.012,Emergency-zone,0.527,none,False,0.3166,False,none,0.65,45.936,14.342,60.278,False,0.20975,0.66667,0.35,0.65,0.64,0.45,0.34,True,0.075,False,0.01375,False,0.52,7.5,Data obfuscation: coarsened location; privacy exposure -0.14; Transport Layer Security: reduced tampering probability; latency +6 ms; Virtual objects: sensor and actuator abstractions enabled
EXP_20260507_152111_a31077,1,34,34.0,7,porter,107.547,37.14,95.35,0.953,Radiology-zone,0.477,none,False,0.1884,False,none,0.65,43.473,14.577,58.049,False,0.20975,0.66667,0.35,0.65,0.64,0.45,0.34,True,0.075,False,0.01375,False,0.52,7.5,Data obfuscation: coarsened location; privacy exposure -0.14; Transport Layer Security: reduced tampering probability; latency +6 ms; Virtual objects: sensor and actuator abstractions enabled
EXP_20260507_152111_a31077,1,34,34.0,8,porter,105.226,37.151,96.159,1.112,Emergency-zone,0.565,none,False,0.239,False,none,0.65,59.071,19.561,78.631,False,0.20975,0.66667,0.35,0.65,0.64,0.45,0.34,True,0.075,False,0.01375,False,0.52,7.5,Data obfuscation: coarsened location; privacy exposure -0.14; Transport Layer Security: reduced tampering probability; latency +6 ms; Virtual objects: sensor and actuator abstractions enabled
EXP_20260507_152111_a31077,1,34,34.0,9,technician,100.837,37.225,96.646,1.236,Ward-A-zone,0.426,none,False,0.1535,False,none,0.65,40.494,18.568,59.062,False,0.20975,0.66667,0.35,0.65,0.64,0.45,0.34,True,0.075,False,0.01375,False,0.52,7.5,Data obfuscation: coarsened location; privacy exposure -0.14; Transport Layer Security: reduced tampering probability; latency +6 ms; Virtual objects: sensor and actuator abstractions enabled
EXP_20260507_152111_a31077,1,34,34.0,10,nurse,106.255,37.452,96.133,1.062,Pharmacy-zone,0.661,none,False,0.2086,False,none,0.65,53.359,14.393,67.752,False,0.20975,0.66667,0.35,0.65,0.64,0.45,0.34,True,0.075,False,0.01375,False,0.52,7.5,Data obfuscation: coarsened location; privacy exposure -0.14; Transport Layer Security: reduced tampering probability; latency +6 ms; Virtual objects: sensor and actuator abstractions enabled
EXP_20260507_152111_a31077,1,34,34.0,11,cleaning_staff,99.194,36.877,93.983,0.794,Ward-B-zone,0.429,none,False,0.1753,False,none,0.65,51.71,12.259,63.969,False,0.20975,0.66667,0.35,0.65,0.64,0.45,0.34,True,0.075,False,0.01375,False,0.52,7.5,Data obfuscation: coarsened location; privacy exposure -0.14; Transport Layer Security: reduced tampering probability; latency +6 ms; Virtual objects: sensor and actuator abstractions enabled
EXP_20260507_152111_a31077,1,34,34.0,12,technician,94.508,37.21,96.036,1.721,Radiology-zone,0.348,none,False,0.1443,False,none,0.65,56.193,15.389,71.582,False,0.20975,0.66667,0.35,0.65,0.64,0.45,0.34,True,0.075,False,0.01375,False,0.52,7.5,Data obfuscation: coarsened location; privacy exposure -0.14; Transport Layer Security: reduced tampering probability; latency +6 ms; Virtual objects: sensor and actuator abstractions enabled
EXP_20260507_152111_a31077,1,34,34.0,13,physician,98.748,36.874,95.875,1.384,ICU-zone,0.542,none,False,0.2041,False,none,0.65,58.813,15.292,74.104,False,0.20975,0.66667,0.35,0.65,0.64,0.45,0.34,True,0.075,False,0.01375,False,0.52,7.5,Data obfuscation: coarsened location; privacy exposure -0.14; Transport Layer Security: reduced tampering probability; latency +6 ms; Virtual objects: sensor and actuator abstractions enabled
EXP_20260507_152111_a31077,1,34,34.0,14,technician,96.67,36.947,95.284,1.199,Radiology-zone,0.373,none,False,0.132,False,none,0.65,58.849,15.045,73.894,False,0.20975,0.66667,0.35,0.65,0.64,0.45,0.34,True,0.075,False,0.01375,False,0.52,7.5,Data obfuscation: coarsened location; privacy exposure -0.14; Transport Layer Security: reduced tampering probability; latency +6 ms; Virtual objects: sensor and actuator abstractions enabled
EXP_20260507_152111_a31077,1,34,34.0,15,physician,98.629,37.476,93.714,0.953,ICU-zone,0.406,none,False,0.2874,False,none,0.65,58.493,15.469,73.961,False,0.20975,0.66667,0.35,0.65,0.64,0.45,0.34,True,0.075,False,0.01375,False,0.52,7.5,Data obfuscation: coarsened location; privacy exposure -0.14; Transport Layer Security: reduced tampering probability; latency +6 ms; Virtual objects: sensor and actuator abstractions enabled
EXP_20260507_152111_a31077,1,34,34.0,16,physician,93.392,37.09,94.381,1.116,Radiology-zone,0.407,none,False,0.1519,False,none,0.65,43.662,17.571,61.233,False,0.20975,0.66667,0.35,0.65,0.64,0.45,0.34,True,0.075,False,0.01375,False,0.52,7.5,Data obfuscation: coarsened location; privacy exposure -0.14; Transport Layer Security: reduced tampering probability; latency +6 ms; Virtual objects: sensor and actuator abstractions enabled
EXP_20260507_152111_a31077,1,34,34.0,17,porter,114.474,37.342,92.167,1.461,Surgery-zone,0.652,high_fatigue,True,0.3884,False,none,0.65,45.053,16.503,61.556,False,0.20975,0.66667,0.35,0.65,0.64,0.45,0.34,True,0.075,True,0.01375,False,0.52,7.5,Data obfuscation: coarsened location; privacy exposure -0.14; Transport Layer Security: reduced tampering probability; latency +6 ms; Virtual objects: sensor and actuator abstractions enabled
EXP_20260507_152111_a31077,1,34,34.0,18,physician,116.824,37.213,94.03,1.437,Ward-B-zone,0.575,none,False,0.2676,False,none,0.65,53.038,12.885,65.923,False,0.20975,0.66667,0.35,0.65,0.64,0.45,0.34,True,0.075,False,0.01375,False,0.52,7.5,Data obfuscation: coarsened location; privacy exposure -0.14; Transport Layer Security: reduced tampering probability; latency +6 ms; Virtual objects: sensor and actuator abstractions enabled
EXP_20260507_152111_a31077,1,34,34.0,19,nurse,103.322,37.564,94.364,1.64,Surgery-zone,0.514,none,False,0.3186,False,none,0.65,52.342,19.44,71.782,False,0.20975,0.66667,0.35,0.65,0.64,0.45,0.34,True,0.075,False,0.01375,False,0.52,7.5,Data obfuscation: coarsened location; privacy exposure -0.14; Transport Layer Security: reduced tampering probability; latency +6 ms; Virtual objects: sensor and actuator abstractions enabled
EXP_20260507_152111_a31077,1,34,34.0,20,technician,108.531,37.148,93.895,1.644,Surgery-zone,0.601,none,False,0.0,False,no_assessment_packet_loss,0.65,54.136,0.0,54.136,True,0.20975,0.66667,0.35,0.65,0.64,0.45,0.34,True,0.075,False,0.01375,False,0.52,7.5,Data obfuscation: coarsened location; privacy exposure -0.14; Transport Layer Security: reduced tampering probability; latency +6 ms; Virtual objects: sensor and actuator abstractions enabled
EXP_20260507_152111_a31077,1,35,35.0,1,nurse,85.568,37.246,96.863,1.335,Pharmacy-zone,0.222,none,False,0.0875,False,none,0.65,53.674,17.357,71.031,False,0.20975,0.66667,0.35,0.65,0.64,0.45,0.34,True,0.075,False,0.01375,False,0.52,7.5,Data obfuscation: coarsened location; privacy exposure -0.14; Transport Layer Security: reduced tampering probability; latency +6 ms; Virtual objects: sensor and actuator abstractions enabled
EXP_20260507_152111_a31077,1,35,35.0,2,porter,132.2,37.169,94.944,3.563,Pharmacy-zone,0.79,fall,True,0.4424,False,none,0.65,66.654,17.718,84.371,False,0.20975,0.66667,0.35,0.65,0.64,0.45,0.34,True,0.075,False,0.01375,False,0.52,7.5,Data obfuscation: coarsened location; privacy exposure -0.14; Transport Layer Security: reduced tampering probability; latency +6 ms; Virtual objects: sensor and actuator abstractions enabled
EXP_20260507_152111_a31077,1,35,35.0,3,technician,95.989,37.323,94.404,1.036,Radiology-zone,0.428,none,False,0.1826,False,none,0.65,49.52,18.206,67.726,False,0.20975,0.66667,0.35,0.65,0.64,0.45,0.34,True,0.075,False,0.01375,False,0.52,7.5,Data obfuscation: coarsened location; privacy exposure -0.14; Transport Layer Security: reduced tampering probability; latency +6 ms; Virtual objects: sensor and actuator abstractions enabled
EXP_20260507_152111_a31077,1,35,35.0,4,porter,113.399,37.234,95.151,1.102,Surgery-zone,0.619,none,False,0.2989,False,none,0.65,59.521,16.119,75.639,False,0.20975,0.66667,0.35,0.65,0.64,0.45,0.34,True,0.075,False,0.01375,False,0.52,7.5,Data obfuscation: coarsened location; privacy exposure -0.14; Transport Layer Security: reduced tampering probability; latency +6 ms; Virtual objects: sensor and actuator abstractions enabled
EXP_20260507_152111_a31077,1,35,35.0,5,technician,105.173,37.746,94.765,1.161,Emergency-zone,0.595,none,False,0.3226,False,none,0.65,58.333,15.124,73.456,False,0.20975,0.66667,0.35,0.65,0.64,0.45,0.34,True,0.075,True,0.01375,False,0.52,7.5,Data obfuscation: coarsened location; privacy exposure -0.14; Transport Layer Security: reduced tampering probability; latency +6 ms; Virtual objects: sensor and actuator abstractions enabled
EXP_20260507_152111_a31077,1,35,35.0,6,porter,107.624,37.189,94.039,1.83,Emergency-zone,0.615,none,False,0.3269,False,none,0.65,58.04,14.897,72.936,False,0.20975,0.66667,0.35,0.65,0.64,0.45,0.34,True,0.075,False,0.01375,False,0.52,7.5,Data obfuscation: coarsened location; privacy exposure -0.14; Transport Layer Security: reduced tampering probability; latency +6 ms; Virtual objects: sensor and actuator abstractions enabled
EXP_20260507_152111_a31077,1,35,35.0,7,porter,104.673,37.083,95.432,1.432,Radiology-zone,0.369,none,False,0.166,False,none,0.65,52.965,14.656,67.622,False,0.20975,0.66667,0.35,0.65,0.64,0.45,0.34,True,0.075,True,0.01375,False,0.52,7.5,Data obfuscation: coarsened location; privacy exposure -0.14; Transport Layer Security: reduced tampering probability; latency +6 ms; Virtual objects: sensor and actuator abstractions enabled
EXP_20260507_152111_a31077,1,35,35.0,8,porter,143.462,36.83,94.213,2.221,Emergency-zone,0.761,none,False,0.4669,False,none,0.65,54.396,13.321,67.717,False,0.20975,0.66667,0.35,0.65,0.64,0.45,0.34,True,0.075,True,0.01375,True,0.52,7.5,Data obfuscation: coarsened location; privacy exposure -0.14; Transport Layer Security: reduced tampering probability; latency +6 ms; Virtual objects: sensor and actuator abstractions enabled
EXP_20260507_152111_a31077,1,35,35.0,9,technician,103.387,37.265,96.433,0.88,Ward-A-zone,0.529,none,False,0.0,False,no_assessment_packet_loss,0.65,57.26,0.0,57.26,True,0.20975,0.66667,0.35,0.65,0.64,0.45,0.34,True,0.075,False,0.01375,False,0.52,7.5,Data obfuscation: coarsened location; privacy exposure -0.14; Transport Layer Security: reduced tampering probability; latency +6 ms; Virtual objects: sensor and actuator abstractions enabled
EXP_20260507_152111_a31077,1,35,35.0,10,nurse,103.523,37.406,96.305,1.971,Pharmacy-zone,0.545,none,False,0.2223,False,none,0.65,29.037,13.861,42.897,False,0.20975,0.66667,0.35,0.65,0.64,0.45,0.34,True,0.075,False,0.01375,False,0.52,7.5,Data obfuscation: coarsened location; privacy exposure -0.14; Transport Layer Security: reduced tampering probability; latency +6 ms; Virtual objects: sensor and actuator abstractions enabled
EXP_20260507_152111_a31077,1,35,35.0,11,cleaning_staff,89.536,36.794,94.491,0.845,Emergency-zone,0.08,none,False,0.1729,False,none,0.65,55.635,12.64,68.275,False,0.20975,0.66667,0.35,0.65,0.64,0.45,0.34,True,0.075,False,0.01375,False,0.52,7.5,Data obfuscation: coarsened location; privacy exposure -0.14; Transport Layer Security: reduced tampering probability; latency +6 ms; Virtual objects: sensor and actuator abstractions enabled
EXP_20260507_152111_a31077,1,35,35.0,12,technician,97.711,37.283,96.002,1.358,Radiology-zone,0.469,none,False,0.1504,False,none,0.65,61.723,12.651,74.374,False,0.20975,0.66667,0.35,0.65,0.64,0.45,0.34,True,0.075,False,0.01375,False,0.52,7.5,Data obfuscation: coarsened location; privacy exposure -0.14; Transport Layer Security: reduced tampering probability; latency +6 ms; Virtual objects: sensor and actuator abstractions enabled
EXP_20260507_152111_a31077,1,35,35.0,13,physician,96.988,36.862,96.037,1.139,ICU-zone,0.456,none,False,0.1892,False,none,0.65,56.795,13.362,70.157,False,0.20975,0.66667,0.35,0.65,0.64,0.45,0.34,True,0.075,False,0.01375,False,0.52,7.5,Data obfuscation: coarsened location; privacy exposure -0.14; Transport Layer Security: reduced tampering probability; latency +6 ms; Virtual objects: sensor and actuator abstractions enabled
EXP_20260507_152111_a31077,1,35,35.0,14,technician,90.913,36.701,90.577,0.861,Radiology-zone,0.643,none,False,0.2402,False,none,0.65,58.182,15.753,73.936,False,0.20975,0.66667,0.35,0.65,0.64,0.45,0.34,True,0.075,False,0.01375,True,0.52,7.5,Data obfuscation: coarsened location; privacy exposure -0.14; Transport Layer Security: reduced tampering probability; latency +6 ms; Virtual objects: sensor and actuator abstractions enabled
EXP_20260507_152111_a31077,1,35,35.0,15,physician,109.156,39.179,93.388,2.316,ICU-zone,0.468,heat_stress,True,0.544,False,none,0.65,42.492,17.418,59.909,False,0.20975,0.66667,0.35,0.65,0.64,0.45,0.34,True,0.075,False,0.01375,False,0.52,7.5,Data obfuscation: coarsened location; privacy exposure -0.14; Transport Layer Security: reduced tampering probability; latency +6 ms; Virtual objects: sensor and actuator abstractions enabled
EXP_20260507_152111_a31077,1,35,35.0,16,physician,95.493,37.163,94.398,0.673,Radiology-zone,0.459,none,False,0.1689,False,none,0.65,45.514,15.172,60.685,False,0.20975,0.66667,0.35,0.65,0.64,0.45,0.34,True,0.075,False,0.01375,False,0.52,7.5,Data obfuscation: coarsened location; privacy exposure -0.14; Transport Layer Security: reduced tampering probability; latency +6 ms; Virtual objects: sensor and actuator abstractions enabled
EXP_20260507_152111_a31077,1,35,35.0,17,porter,105.111,37.091,93.818,1.356,Surgery-zone,0.623,none,False,0.0,False,no_assessment_packet_loss,0.65,54.349,0.0,54.349,True,0.20975,0.66667,0.35,0.65,0.64,0.45,0.34,True,0.075,False,0.01375,False,0.52,7.5,Data obfuscation: coarsened location; privacy exposure -0.14; Transport Layer Security: reduced tampering probability; latency +6 ms; Virtual objects: sensor and actuator abstractions enabled
EXP_20260507_152111_a31077,1,35,35.0,18,physician,120.773,37.28,94.023,1.791,Radiology-zone,0.736,none,False,0.3203,False,none,0.65,60.304,14.505,74.809,False,0.20975,0.66667,0.35,0.65,0.64,0.45,0.34,True,0.075,False,0.01375,False,0.52,7.5,Data obfuscation: coarsened location; privacy exposure -0.14; Transport Layer Security: reduced tampering probability; latency +6 ms; Virtual objects: sensor and actuator abstractions enabled
EXP_20260507_152111_a31077,1,35,35.0,19,nurse,107.699,37.605,94.219,1.598,Surgery-zone,0.682,none,False,0.3499,False,none,0.65,45.334,15.05,60.384,False,0.20975,0.66667,0.35,0.65,0.64,0.45,0.34,True,0.075,False,0.01375,False,0.52,7.5,Data obfuscation: coarsened location; privacy exposure -0.14; Transport Layer Security: reduced tampering probability; latency +6 ms; Virtual objects: sensor and actuator abstractions enabled
EXP_20260507_152111_a31077,1,35,35.0,20,technician,119.614,38.803,93.664,1.93,Surgery-zone,0.44,heat_stress,True,0.5155,False,none,0.65,52.924,13.832,66.756,False,0.20975,0.66667,0.35,0.65,0.64,0.45,0.34,True,0.075,True,0.01375,False,0.52,7.5,Data obfuscation: coarsened location; privacy exposure -0.14; Transport Layer Security: reduced tampering probability; latency +6 ms; Virtual objects: sensor and actuator abstractions enabled
EXP_20260507_152111_a31077,1,36,36.0,1,nurse,83.234,37.219,96.73,0.545,Pharmacy-zone,0.152,none,False,0.0784,False,none,0.65,49.653,14.42,64.072,False,0.20975,0.66667,0.35,0.65,0.64,0.45,0.34,True,0.075,False,0.01375,False,0.52,7.5,Data obfuscation: coarsened location; privacy exposure -0.14; Transport Layer Security: reduced tampering probability; latency +6 ms; Virtual objects: sensor and actuator abstractions enabled
EXP_20260507_152111_a31077,1,36,36.0,2,porter,110.901,37.181,95.907,1.981,Laboratory-zone,0.795,none,False,0.2481,False,none,0.65,51.617,16.209,67.825,False,0.20975,0.66667,0.35,0.65,0.64,0.45,0.34,True,0.075,False,0.01375,False,0.52,7.5,Data obfuscation: coarsened location; privacy exposure -0.14; Transport Layer Security: reduced tampering probability; latency +6 ms; Virtual objects: sensor and actuator abstractions enabled
EXP_20260507_152111_a31077,1,36,36.0,3,technician,102.699,37.407,93.94,1.023,Ward-A-zone,0.684,none,False,0.2419,False,none,0.65,52.928,15.397,68.325,False,0.20975,0.66667,0.35,0.65,0.64,0.45,0.34,True,0.075,False,0.01375,False,0.52,7.5,Data obfuscation: coarsened location; privacy exposure -0.14; Transport Layer Security: reduced tampering probability; latency +6 ms; Virtual objects: sensor and actuator abstractions enabled
EXP_20260507_152111_a31077,1,36,36.0,4,porter,109.826,37.473,91.927,1.591,Surgery-zone,0.452,high_fatigue,True,0.3837,False,none,0.65,62.299,15.787,78.087,False,0.20975,0.66667,0.35,0.65,0.64,0.45,0.34,True,0.075,False,0.01375,False,0.52,7.5,Data obfuscation: coarsened location; privacy exposure -0.14; Transport Layer Security: reduced tampering probability; latency +6 ms; Virtual objects: sensor and actuator abstractions enabled
EXP_20260507_152111_a31077,1,36,36.0,5,technician,106.33,37.741,94.723,1.852,Emergency-zone,0.582,none,False,0.3543,False,none,0.65,52.662,13.739,66.401,False,0.20975,0.66667,0.35,0.65,0.64,0.45,0.34,True,0.075,True,0.01375,False,0.52,7.5,Data obfuscation: coarsened location; privacy exposure -0.14; Transport Layer Security: reduced tampering probability; latency +6 ms; Virtual objects: sensor and actuator abstractions enabled
EXP_20260507_152111_a31077,1,36,36.0,6,porter,106.496,37.153,94.225,1.379,Emergency-zone,0.551,none,False,0.2844,False,none,0.65,57.1,15.046,72.146,False,0.20975,0.66667,0.35,0.65,0.64,0.45,0.34,True,0.075,False,0.01375,False,0.52,7.5,Data obfuscation: coarsened location; privacy exposure -0.14; Transport Layer Security: reduced tampering probability; latency +6 ms; Virtual objects: sensor and actuator abstractions enabled
EXP_20260507_152111_a31077,1,36,36.0,7,porter,110.921,37.159,95.252,1.441,Radiology-zone,0.563,none,False,0.2127,False,none,0.65,51.418,13.148,64.566,False,0.20975,0.66667,0.35,0.65,0.64,0.45,0.34,True,0.075,True,0.01375,False,0.52,7.5,Data obfuscation: coarsened location; privacy exposure -0.14; Transport Layer Security: reduced tampering probability; latency +6 ms; Virtual objects: sensor and actuator abstractions enabled
EXP_20260507_152111_a31077,1,36,36.0,8,porter,110.151,37.24,95.876,1.941,Emergency-zone,0.756,none,False,0.3135,False,none,0.65,60.933,17.136,78.069,False,0.20975,0.66667,0.35,0.65,0.64,0.45,0.34,True,0.075,False,0.01375,False,0.52,7.5,Data obfuscation: coarsened location; privacy exposure -0.14; Transport Layer Security: reduced tampering probability; latency +6 ms; Virtual objects: sensor and actuator abstractions enabled
EXP_20260507_152111_a31077,1,36,36.0,9,technician,98.314,37.244,96.179,1.479,Ward-A-zone,0.329,none,False,0.1446,False,none,0.65,56.265,14.804,71.069,False,0.20975,0.66667,0.35,0.65,0.64,0.45,0.34,True,0.075,False,0.01375,False,0.52,7.5,Data obfuscation: coarsened location; privacy exposure -0.14; Transport Layer Security: reduced tampering probability; latency +6 ms; Virtual objects: sensor and actuator abstractions enabled
EXP_20260507_152111_a31077,1,36,36.0,10,nurse,104.442,37.389,96.157,1.186,Pharmacy-zone,0.567,none,False,0.1903,False,none,0.65,50.849,14.79,65.639,False,0.20975,0.66667,0.35,0.65,0.64,0.45,0.34,True,0.075,False,0.01375,False,0.52,7.5,Data obfuscation: coarsened location; privacy exposure -0.14; Transport Layer Security: reduced tampering probability; latency +6 ms; Virtual objects: sensor and actuator abstractions enabled
EXP_20260507_152111_a31077,1,36,36.0,11,cleaning_staff,97.882,36.884,94.277,1.055,Emergency-zone,0.372,none,False,0.2271,False,none,0.65,47.223,14.699,61.922,False,0.20975,0.66667,0.35,0.65,0.64,0.45,0.34,True,0.075,False,0.01375,False,0.52,7.5,Data obfuscation: coarsened location; privacy exposure -0.14; Transport Layer Security: reduced tampering probability; latency +6 ms; Virtual objects: sensor and actuator abstractions enabled
EXP_20260507_152111_a31077,1,36,36.0,12,technician,100.545,37.259,95.789,1.052,Radiology-zone,0.545,none,False,0.1684,False,none,0.65,59.692,14.055,73.748,False,0.20975,0.66667,0.35,0.65,0.64,0.45,0.34,True,0.075,True,0.01375,False,0.52,7.5,Data obfuscation: coarsened location; privacy exposure -0.14; Transport Layer Security: reduced tampering probability; latency +6 ms; Virtual objects: sensor and actuator abstractions enabled
EXP_20260507_152111_a31077,1,36,36.0,13,physician,91.742,35.927,95.174,2.237,ICU-zone,0.673,none,False,0.2562,False,none,0.65,49.183,12.787,61.969,False,0.20975,0.66667,0.35,0.65,0.64,0.45,0.34,True,0.075,False,0.01375,True,0.52,7.5,Data obfuscation: coarsened location; privacy exposure -0.14; Transport Layer Security: reduced tampering probability; latency +6 ms; Virtual objects: sensor and actuator abstractions enabled
EXP_20260507_152111_a31077,1,36,36.0,14,technician,104.644,37.06,95.764,1.494,Radiology-zone,0.629,none,False,0.1773,False,none,0.65,45.49,12.489,57.979,False,0.20975,0.66667,0.35,0.65,0.64,0.45,0.34,True,0.075,False,0.01375,False,0.52,7.5,Data obfuscation: coarsened location; privacy exposure -0.14; Transport Layer Security: reduced tampering probability; latency +6 ms; Virtual objects: sensor and actuator abstractions enabled
EXP_20260507_152111_a31077,1,36,36.0,15,physician,96.613,37.485,93.792,0.91,ICU-zone,0.32,none,False,0.2735,False,none,0.65,47.98,17.132,65.112,False,0.20975,0.66667,0.35,0.65,0.64,0.45,0.34,True,0.075,False,0.01375,False,0.52,7.5,Data obfuscation: coarsened location; privacy exposure -0.14; Transport Layer Security: reduced tampering probability; latency +6 ms; Virtual objects: sensor and actuator abstractions enabled
EXP_20260507_152111_a31077,1,36,36.0,16,physician,95.639,37.149,94.105,0.928,Radiology-zone,0.445,none,False,0.174,False,none,0.65,63.564,17.889,81.454,False,0.20975,0.66667,0.35,0.65,0.64,0.45,0.34,True,0.075,False,0.01375,False,0.52,7.5,Data obfuscation: coarsened location; privacy exposure -0.14; Transport Layer Security: reduced tampering probability; latency +6 ms; Virtual objects: sensor and actuator abstractions enabled
EXP_20260507_152111_a31077,1,36,36.0,17,porter,98.476,36.993,94.03,1.237,Surgery-zone,0.342,none,False,0.233,False,none,0.65,55.26,15.907,71.167,False,0.20975,0.66667,0.35,0.65,0.64,0.45,0.34,True,0.075,False,0.01375,False,0.52,7.5,Data obfuscation: coarsened location; privacy exposure -0.14; Transport Layer Security: reduced tampering probability; latency +6 ms; Virtual objects: sensor and actuator abstractions enabled
EXP_20260507_152111_a31077,1,36,36.0,18,physician,118.009,37.288,94.111,1.623,Radiology-zone,0.604,none,False,0.29,False,none,0.65,61.974,18.089,80.063,False,0.20975,0.66667,0.35,0.65,0.64,0.45,0.34,True,0.075,False,0.01375,False,0.52,7.5,Data obfuscation: coarsened location; privacy exposure -0.14; Transport Layer Security: reduced tampering probability; latency +6 ms; Virtual objects: sensor and actuator abstractions enabled
EXP_20260507_152111_a31077,1,36,36.0,19,nurse,98.888,37.521,94.178,1.058,Surgery-zone,0.349,none,False,0.2776,False,none,0.65,50.951,14.754,65.704,False,0.20975,0.66667,0.35,0.65,0.64,0.45,0.34,True,0.075,False,0.01375,False,0.52,7.5,Data obfuscation: coarsened location; privacy exposure -0.14; Transport Layer Security: reduced tampering probability; latency +6 ms; Virtual objects: sensor and actuator abstractions enabled
EXP_20260507_152111_a31077,1,36,36.0,20,technician,96.033,37.031,93.878,0.676,Surgery-zone,0.115,none,False,0.2154,False,none,0.65,62.261,18.072,80.333,False,0.20975,0.66667,0.35,0.65,0.64,0.45,0.34,True,0.075,False,0.01375,False,0.52,7.5,Data obfuscation: coarsened location; privacy exposure -0.14; Transport Layer Security: reduced tampering probability; latency +6 ms; Virtual objects: sensor and actuator abstractions enabled
EXP_20260507_152111_a31077,1,37,37.0,1,nurse,84.05,37.286,96.595,0.873,Pharmacy-zone,0.189,none,False,0.0868,False,none,0.65,60.666,14.011,74.677,False,0.20975,0.66667,0.35,0.65,0.64,0.45,0.34,True,0.075,False,0.01375,False,0.52,7.5,Data obfuscation: coarsened location; privacy exposure -0.14; Transport Layer Security: reduced tampering probability; latency +6 ms; Virtual objects: sensor and actuator abstractions enabled
EXP_20260507_152111_a31077,1,37,37.0,2,porter,107.409,37.078,95.951,0.669,Pharmacy-zone,0.624,none,False,0.1782,False,none,0.65,52.393,17.026,69.419,False,0.20975,0.66667,0.35,0.65,0.64,0.45,0.34,True,0.075,False,0.01375,False,0.52,7.5,Data obfuscation: coarsened location; privacy exposure -0.14; Transport Layer Security: reduced tampering probability; latency +6 ms; Virtual objects: sensor and actuator abstractions enabled
EXP_20260507_152111_a31077,1,37,37.0,3,technician,100.999,37.428,94.129,1.567,Ward-A-zone,0.65,none,False,0.2413,False,none,0.65,53.294,13.78,67.074,False,0.20975,0.66667,0.35,0.65,0.64,0.45,0.34,True,0.075,False,0.01375,False,0.52,7.5,Data obfuscation: coarsened location; privacy exposure -0.14; Transport Layer Security: reduced tampering probability; latency +6 ms; Virtual objects: sensor and actuator abstractions enabled
EXP_20260507_152111_a31077,1,37,37.0,4,porter,111.885,37.229,94.929,1.816,Surgery-zone,0.518,none,False,0.3172,False,none,0.65,55.262,15.375,70.637,False,0.20975,0.66667,0.35,0.65,0.64,0.45,0.34,True,0.075,True,0.01375,False,0.52,7.5,Data obfuscation: coarsened location; privacy exposure -0.14; Transport Layer Security: reduced tampering probability; latency +6 ms; Virtual objects: sensor and actuator abstractions enabled
EXP_20260507_152111_a31077,1,37,37.0,5,technician,103.124,37.655,95.029,1.201,Emergency-zone,0.444,none,False,0.2909,False,none,0.65,47.904,17.449,65.353,False,0.20975,0.66667,0.35,0.65,0.64,0.45,0.34,True,0.075,False,0.01375,False,0.52,7.5,Data obfuscation: coarsened location; privacy exposure -0.14; Transport Layer Security: reduced tampering probability; latency +6 ms; Virtual objects: sensor and actuator abstractions enabled
EXP_20260507_152111_a31077,1,37,37.0,6,porter,109.063,37.152,93.891,2.22,Emergency-zone,0.647,none,False,0.3584,False,none,0.65,42.268,17.183,59.452,False,0.20975,0.66667,0.35,0.65,0.64,0.45,0.34,True,0.075,True,0.01375,False,0.52,7.5,Data obfuscation: coarsened location; privacy exposure -0.14; Transport Layer Security: reduced tampering probability; latency +6 ms; Virtual objects: sensor and actuator abstractions enabled
EXP_20260507_152111_a31077,1,37,37.0,7,porter,112.7,37.187,95.308,1.324,Radiology-zone,0.647,none,False,0.2233,False,none,0.65,47.79,15.616,63.406,False,0.20975,0.66667,0.35,0.65,0.64,0.45,0.34,True,0.075,True,0.01375,False,0.52,7.5,Data obfuscation: coarsened location; privacy exposure -0.14; Transport Layer Security: reduced tampering probability; latency +6 ms; Virtual objects: sensor and actuator abstractions enabled
EXP_20260507_152111_a31077,1,37,37.0,8,porter,106.6,37.18,96.016,1.297,Emergency-zone,0.593,none,False,0.2484,False,none,0.65,50.577,15.777,66.354,False,0.20975,0.66667,0.35,0.65,0.64,0.45,0.34,True,0.075,False,0.01375,False,0.52,7.5,Data obfuscation: coarsened location; privacy exposure -0.14; Transport Layer Security: reduced tampering probability; latency +6 ms; Virtual objects: sensor and actuator abstractions enabled
EXP_20260507_152111_a31077,1,37,37.0,9,technician,102.025,37.292,96.24,1.132,Ward-A-zone,0.464,none,False,0.1663,False,none,0.65,48.921,15.441,64.362,False,0.20975,0.66667,0.35,0.65,0.64,0.45,0.34,True,0.075,False,0.01375,False,0.52,7.5,Data obfuscation: coarsened location; privacy exposure -0.14; Transport Layer Security: reduced tampering probability; latency +6 ms; Virtual objects: sensor and actuator abstractions enabled
EXP_20260507_152111_a31077,1,37,37.0,10,nurse,109.78,37.458,96.008,1.57,Pharmacy-zone,0.751,none,False,0.2381,False,none,0.65,63.718,16.229,79.947,False,0.20975,0.66667,0.35,0.65,0.64,0.45,0.34,True,0.075,False,0.01375,False,0.52,7.5,Data obfuscation: coarsened location; privacy exposure -0.14; Transport Layer Security: reduced tampering probability; latency +6 ms; Virtual objects: sensor and actuator abstractions enabled
EXP_20260507_152111_a31077,1,37,37.0,11,cleaning_staff,102.185,36.911,94.213,1.676,Emergency-zone,0.484,none,False,0.2684,False,none,0.65,60.349,16.58,76.929,False,0.20975,0.66667,0.35,0.65,0.64,0.45,0.34,True,0.075,False,0.01375,False,0.52,7.5,Data obfuscation: coarsened location; privacy exposure -0.14; Transport Layer Security: reduced tampering probability; latency +6 ms; Virtual objects: sensor and actuator abstractions enabled
EXP_20260507_152111_a31077,1,37,37.0,12,technician,97.067,37.208,96.052,1.305,Radiology-zone,0.409,none,False,0.1375,False,none,0.65,42.476,15.326,57.802,False,0.20975,0.66667,0.35,0.65,0.64,0.45,0.34,True,0.075,False,0.01375,False,0.52,7.5,Data obfuscation: coarsened location; privacy exposure -0.14; Transport Layer Security: reduced tampering probability; latency +6 ms; Virtual objects: sensor and actuator abstractions enabled
EXP_20260507_152111_a31077,1,37,37.0,13,physician,97.3,36.849,95.828,0.983,ICU-zone,0.483,none,False,0.1961,False,none,0.65,52.967,19.546,72.512,False,0.20975,0.66667,0.35,0.65,0.64,0.45,0.34,True,0.075,False,0.01375,False,0.52,7.5,Data obfuscation: coarsened location; privacy exposure -0.14; Transport Layer Security: reduced tampering probability; latency +6 ms; Virtual objects: sensor and actuator abstractions enabled
EXP_20260507_152111_a31077,1,37,37.0,14,technician,99.504,36.978,95.674,0.917,Radiology-zone,0.439,none,False,0.1374,False,none,0.65,66.442,13.559,80.001,False,0.20975,0.66667,0.35,0.65,0.64,0.45,0.34,True,0.075,False,0.01375,False,0.52,7.5,Data obfuscation: coarsened location; privacy exposure -0.14; Transport Layer Security: reduced tampering probability; latency +6 ms; Virtual objects: sensor and actuator abstractions enabled
EXP_20260507_152111_a31077,1,37,37.0,15,physician,107.684,37.565,93.812,1.83,ICU-zone,0.744,none,False,0.3743,False,none,0.65,69.336,13.019,82.355,False,0.20975,0.66667,0.35,0.65,0.64,0.45,0.34,True,0.075,False,0.01375,False,0.52,7.5,Data obfuscation: coarsened location; privacy exposure -0.14; Transport Layer Security: reduced tampering probability; latency +6 ms; Virtual objects: sensor and actuator abstractions enabled
EXP_20260507_152111_a31077,1,37,37.0,16,physician,97.754,37.216,94.271,1.571,Radiology-zone,0.508,none,False,0.1984,False,none,0.65,49.642,17.889,67.531,False,0.20975,0.66667,0.35,0.65,0.64,0.45,0.34,True,0.075,False,0.01375,False,0.52,7.5,Data obfuscation: coarsened location; privacy exposure -0.14; Transport Layer Security: reduced tampering probability; latency +6 ms; Virtual objects: sensor and actuator abstractions enabled
EXP_20260507_152111_a31077,1,37,37.0,17,porter,101.143,37.03,93.882,1.147,Surgery-zone,0.435,none,False,0.2548,False,none,0.65,56.113,18.687,74.8,False,0.20975,0.66667,0.35,0.65,0.64,0.45,0.34,True,0.075,False,0.01375,False,0.52,7.5,Data obfuscation: coarsened location; privacy exposure -0.14; Transport Layer Security: reduced tampering probability; latency +6 ms; Virtual objects: sensor and actuator abstractions enabled
EXP_20260507_152111_a31077,1,37,37.0,18,physician,112.893,37.148,94.308,0.552,Surgery-zone,0.385,none,False,0.2936,False,none,0.65,61.925,16.528,78.453,False,0.20975,0.66667,0.35,0.65,0.64,0.45,0.34,True,0.075,False,0.01375,False,0.52,7.5,Data obfuscation: coarsened location; privacy exposure -0.14; Transport Layer Security: reduced tampering probability; latency +6 ms; Virtual objects: sensor and actuator abstractions enabled
EXP_20260507_152111_a31077,1,37,37.0,19,nurse,105.821,37.613,94.074,1.729,Surgery-zone,0.578,none,False,0.3485,False,none,0.65,47.25,17.54,64.79,False,0.20975,0.66667,0.35,0.65,0.64,0.45,0.34,True,0.075,False,0.01375,False,0.52,7.5,Data obfuscation: coarsened location; privacy exposure -0.14; Transport Layer Security: reduced tampering probability; latency +6 ms; Virtual objects: sensor and actuator abstractions enabled
EXP_20260507_152111_a31077,1,37,37.0,20,technician,97.323,37.062,93.989,0.355,Surgery-zone,0.16,none,False,0.2231,False,none,0.65,53.55,15.818,69.368,False,0.20975,0.66667,0.35,0.65,0.64,0.45,0.34,True,0.075,False,0.01375,False,0.52,7.5,Data obfuscation: coarsened location; privacy exposure -0.14; Transport Layer Security: reduced tampering probability; latency +6 ms; Virtual objects: sensor and actuator abstractions enabled
EXP_20260507_152111_a31077,1,38,38.0,1,nurse,87.847,37.3,96.635,1.109,Pharmacy-zone,0.31,none,False,0.1063,False,none,0.65,57.425,16.881,74.306,False,0.20975,0.66667,0.35,0.65,0.64,0.45,0.34,True,0.075,False,0.01375,False,0.52,7.5,Data obfuscation: coarsened location; privacy exposure -0.14; Transport Layer Security: reduced tampering probability; latency +6 ms; Virtual objects: sensor and actuator abstractions enabled
EXP_20260507_152111_a31077,1,38,38.0,2,porter,107.933,37.137,95.994,1.614,Pharmacy-zone,0.659,none,False,0.1999,False,none,0.65,66.99,16.907,83.897,False,0.20975,0.66667,0.35,0.65,0.64,0.45,0.34,True,0.075,False,0.01375,False,0.52,7.5,Data obfuscation: coarsened location; privacy exposure -0.14; Transport Layer Security: reduced tampering probability; latency +6 ms; Virtual objects: sensor and actuator abstractions enabled
EXP_20260507_152111_a31077,1,38,38.0,3,technician,101.601,37.411,94.255,1.155,Ward-A-zone,0.614,none,False,0.2262,False,none,0.65,57.088,17.475,74.563,False,0.20975,0.66667,0.35,0.65,0.64,0.45,0.34,True,0.075,False,0.01375,False,0.52,7.5,Data obfuscation: coarsened location; privacy exposure -0.14; Transport Layer Security: reduced tampering probability; latency +6 ms; Virtual objects: sensor and actuator abstractions enabled
EXP_20260507_152111_a31077,1,38,38.0,4,porter,111.084,37.151,94.879,1.16,Surgery-zone,0.448,none,False,0.2782,False,none,0.65,59.039,18.838,77.877,False,0.20975,0.66667,0.35,0.65,0.64,0.45,0.34,True,0.075,False,0.01375,False,0.52,7.5,Data obfuscation: coarsened location; privacy exposure -0.14; Transport Layer Security: reduced tampering probability; latency +6 ms; Virtual objects: sensor and actuator abstractions enabled
EXP_20260507_152111_a31077,1,38,38.0,5,technician,101.881,37.682,94.82,1.272,Emergency-zone,0.392,none,False,0.2903,False,none,0.65,56.084,18.999,75.083,False,0.20975,0.66667,0.35,0.65,0.64,0.45,0.34,True,0.075,False,0.01375,False,0.52,7.5,Data obfuscation: coarsened location; privacy exposure -0.14; Transport Layer Security: reduced tampering probability; latency +6 ms; Virtual objects: sensor and actuator abstractions enabled
EXP_20260507_152111_a31077,1,38,38.0,6,porter,109.732,37.478,91.536,1.432,Emergency-zone,0.396,high_fatigue,True,0.3794,False,none,0.65,65.135,14.932,80.068,False,0.20975,0.66667,0.35,0.65,0.64,0.45,0.34,True,0.075,False,0.01375,False,0.52,7.5,Data obfuscation: coarsened location; privacy exposure -0.14; Transport Layer Security: reduced tampering probability; latency +6 ms; Virtual objects: sensor and actuator abstractions enabled
EXP_20260507_152111_a31077,1,38,38.0,7,porter,107.274,37.12,95.137,1.169,Radiology-zone,0.416,none,False,0.1865,False,none,0.65,45.371,13.648,59.018,False,0.20975,0.66667,0.35,0.65,0.64,0.45,0.34,True,0.075,False,0.01375,False,0.52,7.5,Data obfuscation: coarsened location; privacy exposure -0.14; Transport Layer Security: reduced tampering probability; latency +6 ms; Virtual objects: sensor and actuator abstractions enabled
EXP_20260507_152111_a31077,1,38,38.0,8,porter,108.731,37.194,95.911,1.838,Emergency-zone,0.697,none,False,0.2933,False,none,0.65,49.142,11.638,60.779,False,0.20975,0.66667,0.35,0.65,0.64,0.45,0.34,True,0.075,False,0.01375,False,0.52,7.5,Data obfuscation: coarsened location; privacy exposure -0.14; Transport Layer Security: reduced tampering probability; latency +6 ms; Virtual objects: sensor and actuator abstractions enabled
EXP_20260507_152111_a31077,1,38,38.0,9,technician,100.056,37.306,96.409,1.715,Ward-A-zone,0.374,none,False,0.1738,False,none,0.65,54.833,17.345,72.178,False,0.20975,0.66667,0.35,0.65,0.64,0.45,0.34,True,0.075,False,0.01375,False,0.52,7.5,Data obfuscation: coarsened location; privacy exposure -0.14; Transport Layer Security: reduced tampering probability; latency +6 ms; Virtual objects: sensor and actuator abstractions enabled
EXP_20260507_152111_a31077,1,38,38.0,10,nurse,109.612,37.448,96.042,1.825,Pharmacy-zone,0.706,none,False,0.2494,False,none,0.65,45.538,17.289,62.828,False,0.20975,0.66667,0.35,0.65,0.64,0.45,0.34,True,0.075,False,0.01375,False,0.52,7.5,Data obfuscation: coarsened location; privacy exposure -0.14; Transport Layer Security: reduced tampering probability; latency +6 ms; Virtual objects: sensor and actuator abstractions enabled
EXP_20260507_152111_a31077,1,38,38.0,11,cleaning_staff,101.131,36.949,93.999,1.01,Emergency-zone,0.454,none,False,0.2506,False,none,0.65,62.435,16.103,78.538,False,0.20975,0.66667,0.35,0.65,0.64,0.45,0.34,True,0.075,False,0.01375,False,0.52,7.5,Data obfuscation: coarsened location; privacy exposure -0.14; Transport Layer Security: reduced tampering probability; latency +6 ms; Virtual objects: sensor and actuator abstractions enabled
EXP_20260507_152111_a31077,1,38,38.0,12,technician,102.887,37.318,95.778,1.902,Radiology-zone,0.611,none,False,0.2176,False,none,0.65,57.747,19.394,77.141,False,0.20975,0.66667,0.35,0.65,0.64,0.45,0.34,True,0.075,False,0.01375,False,0.52,7.5,Data obfuscation: coarsened location; privacy exposure -0.14; Transport Layer Security: reduced tampering probability; latency +6 ms; Virtual objects: sensor and actuator abstractions enabled
EXP_20260507_152111_a31077,1,38,38.0,13,physician,96.532,36.888,95.724,1.151,ICU-zone,0.396,none,False,0.19,False,none,0.65,52.48,18.408,70.888,False,0.20975,0.66667,0.35,0.65,0.64,0.45,0.34,True,0.075,False,0.01375,False,0.52,7.5,Data obfuscation: coarsened location; privacy exposure -0.14; Transport Layer Security: reduced tampering probability; latency +6 ms; Virtual objects: sensor and actuator abstractions enabled
EXP_20260507_152111_a31077,1,38,38.0,14,technician,98.813,36.983,95.394,0.999,Radiology-zone,0.361,none,False,0.1362,False,none,0.65,64.96,16.625,81.585,False,0.20975,0.66667,0.35,0.65,0.64,0.45,0.34,True,0.075,False,0.01375,False,0.52,7.5,Data obfuscation: coarsened location; privacy exposure -0.14; Transport Layer Security: reduced tampering probability; latency +6 ms; Virtual objects: sensor and actuator abstractions enabled
EXP_20260507_152111_a31077,1,38,38.0,15,physician,117.158,38.899,93.104,1.612,ICU-zone,0.648,heat_stress,True,0.5228,False,none,0.65,64.876,16.904,81.781,False,0.20975,0.66667,0.35,0.65,0.64,0.45,0.34,True,0.075,False,0.01375,False,0.52,7.5,Data obfuscation: coarsened location; privacy exposure -0.14; Transport Layer Security: reduced tampering probability; latency +6 ms; Virtual objects: sensor and actuator abstractions enabled
EXP_20260507_152111_a31077,1,38,38.0,16,physician,92.337,37.159,94.249,1.383,Radiology-zone,0.335,none,False,0.1525,False,none,0.65,62.532,17.71,80.242,False,0.20975,0.66667,0.35,0.65,0.64,0.45,0.34,True,0.075,False,0.01375,False,0.52,7.5,Data obfuscation: coarsened location; privacy exposure -0.14; Transport Layer Security: reduced tampering probability; latency +6 ms; Virtual objects: sensor and actuator abstractions enabled
EXP_20260507_152111_a31077,1,38,38.0,17,porter,99.486,37.035,93.936,1.084,Surgery-zone,0.327,none,False,0.2409,False,none,0.65,50.654,15.221,65.875,False,0.20975,0.66667,0.35,0.65,0.64,0.45,0.34,True,0.075,False,0.01375,False,0.52,7.5,Data obfuscation: coarsened location; privacy exposure -0.14; Transport Layer Security: reduced tampering probability; latency +6 ms; Virtual objects: sensor and actuator abstractions enabled
EXP_20260507_152111_a31077,1,38,38.0,18,physician,113.565,37.208,94.188,0.994,Radiology-zone,0.408,none,False,0.2384,False,none,0.65,53.479,17.801,71.28,False,0.20975,0.66667,0.35,0.65,0.64,0.45,0.34,True,0.075,False,0.01375,False,0.52,7.5,Data obfuscation: coarsened location; privacy exposure -0.14; Transport Layer Security: reduced tampering probability; latency +6 ms; Virtual objects: sensor and actuator abstractions enabled
EXP_20260507_152111_a31077,1,38,38.0,19,nurse,99.964,37.544,94.384,0.753,Surgery-zone,0.358,none,False,0.2792,False,none,0.65,48.302,15.253,63.555,False,0.20975,0.66667,0.35,0.65,0.64,0.45,0.34,True,0.075,False,0.01375,False,0.52,7.5,Data obfuscation: coarsened location; privacy exposure -0.14; Transport Layer Security: reduced tampering probability; latency +6 ms; Virtual objects: sensor and actuator abstractions enabled
EXP_20260507_152111_a31077,1,38,38.0,20,technician,104.415,37.151,93.923,1.354,Surgery-zone,0.408,none,False,0.2744,False,none,0.65,62.941,15.43,78.371,False,0.20975,0.66667,0.35,0.65,0.64,0.45,0.34,True,0.075,False,0.01375,False,0.52,7.5,Data obfuscation: coarsened location; privacy exposure -0.14; Transport Layer Security: reduced tampering probability; latency +6 ms; Virtual objects: sensor and actuator abstractions enabled
EXP_20260507_152111_a31077,1,39,39.0,1,nurse,83.801,37.181,96.242,0.461,Pharmacy-zone,0.184,none,False,0.0773,False,none,0.65,68.074,13.676,81.75,False,0.20975,0.66667,0.35,0.65,0.64,0.45,0.34,True,0.075,False,0.01375,False,0.52,7.5,Data obfuscation: coarsened location; privacy exposure -0.14; Transport Layer Security: reduced tampering probability; latency +6 ms; Virtual objects: sensor and actuator abstractions enabled
EXP_20260507_152111_a31077,1,39,39.0,2,porter,108.025,37.13,95.902,1.465,Pharmacy-zone,0.663,none,False,0.1928,False,none,0.65,41.708,16.174,57.882,False,0.20975,0.66667,0.35,0.65,0.64,0.45,0.34,True,0.075,False,0.01375,False,0.52,7.5,Data obfuscation: coarsened location; privacy exposure -0.14; Transport Layer Security: reduced tampering probability; latency +6 ms; Virtual objects: sensor and actuator abstractions enabled
EXP_20260507_152111_a31077,1,39,39.0,3,technician,108.94,37.539,93.837,1.67,Ward-A-zone,0.907,none,False,0.3098,False,none,0.65,54.624,15.328,69.952,False,0.20975,0.66667,0.35,0.65,0.64,0.45,0.34,True,0.075,False,0.01375,False,0.52,7.5,Data obfuscation: coarsened location; privacy exposure -0.14; Transport Layer Security: reduced tampering probability; latency +6 ms; Virtual objects: sensor and actuator abstractions enabled
EXP_20260507_152111_a31077,1,39,39.0,4,porter,114.504,37.266,94.805,1.707,Surgery-zone,0.597,none,False,0.3313,False,none,0.65,61.157,15.888,77.044,False,0.20975,0.66667,0.35,0.65,0.64,0.45,0.34,True,0.075,False,0.01375,False,0.52,7.5,Data obfuscation: coarsened location; privacy exposure -0.14; Transport Layer Security: reduced tampering probability; latency +6 ms; Virtual objects: sensor and actuator abstractions enabled
EXP_20260507_152111_a31077,1,39,39.0,5,technician,104.643,37.777,94.603,1.816,Emergency-zone,0.518,none,False,0.3478,False,none,0.65,51.073,16.444,67.518,False,0.20975,0.66667,0.35,0.65,0.64,0.45,0.34,True,0.075,False,0.01375,False,0.52,7.5,Data obfuscation: coarsened location; privacy exposure -0.14; Transport Layer Security: reduced tampering probability; latency +6 ms; Virtual objects: sensor and actuator abstractions enabled
EXP_20260507_152111_a31077,1,39,39.0,6,porter,115.131,37.24,93.794,1.442,Emergency-zone,0.891,none,False,0.3583,False,none,0.65,49.557,15.783,65.34,False,0.20975,0.66667,0.35,0.65,0.64,0.45,0.34,True,0.075,False,0.01375,False,0.52,7.5,Data obfuscation: coarsened location; privacy exposure -0.14; Transport Layer Security: reduced tampering probability; latency +6 ms; Virtual objects: sensor and actuator abstractions enabled
EXP_20260507_152111_a31077,1,39,39.0,7,porter,109.033,37.14,95.194,1.38,Laboratory-zone,0.48,none,False,0.1976,False,none,0.65,46.384,16.779,63.164,False,0.20975,0.66667,0.35,0.65,0.64,0.45,0.34,True,0.075,False,0.01375,False,0.52,7.5,Data obfuscation: coarsened location; privacy exposure -0.14; Transport Layer Security: reduced tampering probability; latency +6 ms; Virtual objects: sensor and actuator abstractions enabled
EXP_20260507_152111_a31077,1,39,39.0,8,porter,108.254,37.192,95.938,1.753,Emergency-zone,0.662,none,False,0.2832,False,none,0.65,49.0,15.446,64.447,False,0.20975,0.66667,0.35,0.65,0.64,0.45,0.34,True,0.075,False,0.01375,False,0.52,7.5,Data obfuscation: coarsened location; privacy exposure -0.14; Transport Layer Security: reduced tampering probability; latency +6 ms; Virtual objects: sensor and actuator abstractions enabled
EXP_20260507_152111_a31077,1,39,39.0,9,technician,101.025,37.309,96.156,0.923,Ward-A-zone,0.366,none,False,0.1576,False,none,0.65,47.122,16.914,64.036,False,0.20975,0.66667,0.35,0.65,0.64,0.45,0.34,True,0.075,False,0.01375,False,0.52,7.5,Data obfuscation: coarsened location; privacy exposure -0.14; Transport Layer Security: reduced tampering probability; latency +6 ms; Virtual objects: sensor and actuator abstractions enabled
EXP_20260507_152111_a31077,1,39,39.0,10,nurse,114.319,37.52,95.708,2.117,Pharmacy-zone,0.847,none,False,0.3068,False,none,0.65,54.648,17.003,71.651,False,0.20975,0.66667,0.35,0.65,0.64,0.45,0.34,True,0.075,False,0.01375,False,0.52,7.5,Data obfuscation: coarsened location; privacy exposure -0.14; Transport Layer Security: reduced tampering probability; latency +6 ms; Virtual objects: sensor and actuator abstractions enabled
EXP_20260507_152111_a31077,1,39,39.0,11,cleaning_staff,101.061,36.984,93.857,0.941,Emergency-zone,0.401,none,False,0.2502,False,none,0.65,38.739,17.978,56.716,False,0.20975,0.66667,0.35,0.65,0.64,0.45,0.34,True,0.075,False,0.01375,False,0.52,7.5,Data obfuscation: coarsened location; privacy exposure -0.14; Transport Layer Security: reduced tampering probability; latency +6 ms; Virtual objects: sensor and actuator abstractions enabled
EXP_20260507_152111_a31077,1,39,39.0,12,technician,99.583,37.286,95.705,1.04,Radiology-zone,0.451,none,False,0.1631,False,none,0.65,59.415,15.224,74.639,False,0.20975,0.66667,0.35,0.65,0.64,0.45,0.34,True,0.075,True,0.01375,False,0.52,7.5,Data obfuscation: coarsened location; privacy exposure -0.14; Transport Layer Security: reduced tampering probability; latency +6 ms; Virtual objects: sensor and actuator abstractions enabled
EXP_20260507_152111_a31077,1,39,39.0,13,physician,95.986,36.871,95.898,1.68,ICU-zone,0.384,none,False,0.2004,False,none,0.65,48.915,15.893,64.807,False,0.20975,0.66667,0.35,0.65,0.64,0.45,0.34,True,0.075,False,0.01375,False,0.52,7.5,Data obfuscation: coarsened location; privacy exposure -0.14; Transport Layer Security: reduced tampering probability; latency +6 ms; Virtual objects: sensor and actuator abstractions enabled
EXP_20260507_152111_a31077,1,39,39.0,14,technician,100.075,36.997,95.568,1.217,Radiology-zone,0.44,none,False,0.1419,False,none,0.65,37.635,17.436,55.071,False,0.20975,0.66667,0.35,0.65,0.64,0.45,0.34,True,0.075,True,0.01375,False,0.52,7.5,Data obfuscation: coarsened location; privacy exposure -0.14; Transport Layer Security: reduced tampering probability; latency +6 ms; Virtual objects: sensor and actuator abstractions enabled
EXP_20260507_152111_a31077,1,39,39.0,15,physician,97.755,37.433,93.996,1.046,ICU-zone,0.337,none,False,0.2692,False,none,0.65,45.81,15.474,61.284,False,0.20975,0.66667,0.35,0.65,0.64,0.45,0.34,True,0.075,True,0.01375,False,0.52,7.5,Data obfuscation: coarsened location; privacy exposure -0.14; Transport Layer Security: reduced tampering probability; latency +6 ms; Virtual objects: sensor and actuator abstractions enabled
EXP_20260507_152111_a31077,1,39,39.0,16,physician,98.594,37.229,93.931,1.454,Radiology-zone,0.509,none,False,0.2034,False,none,0.65,51.111,12.411,63.522,False,0.20975,0.66667,0.35,0.65,0.64,0.45,0.34,True,0.075,False,0.01375,False,0.52,7.5,Data obfuscation: coarsened location; privacy exposure -0.14; Transport Layer Security: reduced tampering probability; latency +6 ms; Virtual objects: sensor and actuator abstractions enabled
EXP_20260507_152111_a31077,1,39,39.0,17,porter,104.547,37.12,93.808,1.469,Surgery-zone,0.535,none,False,0.2876,False,none,0.65,60.467,15.018,75.484,False,0.20975,0.66667,0.35,0.65,0.64,0.45,0.34,True,0.075,False,0.01375,False,0.52,7.5,Data obfuscation: coarsened location; privacy exposure -0.14; Transport Layer Security: reduced tampering probability; latency +6 ms; Virtual objects: sensor and actuator abstractions enabled
EXP_20260507_152111_a31077,1,39,39.0,18,physician,119.181,37.298,93.574,1.436,Emergency-zone,0.588,none,False,0.3622,False,none,0.65,66.389,14.985,81.374,False,0.20975,0.66667,0.35,0.65,0.64,0.45,0.34,True,0.075,False,0.01375,False,0.52,7.5,Data obfuscation: coarsened location; privacy exposure -0.14; Transport Layer Security: reduced tampering probability; latency +6 ms; Virtual objects: sensor and actuator abstractions enabled
EXP_20260507_152111_a31077,1,39,39.0,19,nurse,100.855,37.56,94.43,0.294,Surgery-zone,0.352,none,False,0.2823,False,none,0.65,54.123,16.029,70.153,False,0.20975,0.66667,0.35,0.65,0.64,0.45,0.34,True,0.075,False,0.01375,False,0.52,7.5,Data obfuscation: coarsened location; privacy exposure -0.14; Transport Layer Security: reduced tampering probability; latency +6 ms; Virtual objects: sensor and actuator abstractions enabled
EXP_20260507_152111_a31077,1,39,39.0,20,technician,101.287,37.135,93.917,0.609,Surgery-zone,0.252,none,False,0.2514,False,none,0.65,67.777,17.355,85.132,False,0.20975,0.66667,0.35,0.65,0.64,0.45,0.34,True,0.075,False,0.01375,False,0.52,7.5,Data obfuscation: coarsened location; privacy exposure -0.14; Transport Layer Security: reduced tampering probability; latency +6 ms; Virtual objects: sensor and actuator abstractions enabled
EXP_20260507_152111_a31077,1,40,40.0,1,nurse,91.338,37.324,96.416,1.145,Pharmacy-zone,0.443,none,False,0.1297,False,none,0.65,46.651,16.927,63.578,False,0.20975,0.66667,0.35,0.65,0.64,0.45,0.34,True,0.075,True,0.01375,False,0.52,7.5,Data obfuscation: coarsened location; privacy exposure -0.14; Transport Layer Security: reduced tampering probability; latency +6 ms; Virtual objects: sensor and actuator abstractions enabled
EXP_20260507_152111_a31077,1,40,40.0,2,porter,111.546,37.204,95.842,1.431,Pharmacy-zone,0.808,none,False,0.2208,False,none,0.65,62.764,14.555,77.319,False,0.20975,0.66667,0.35,0.65,0.64,0.45,0.34,True,0.075,False,0.01375,False,0.52,7.5,Data obfuscation: coarsened location; privacy exposure -0.14; Transport Layer Security: reduced tampering probability; latency +6 ms; Virtual objects: sensor and actuator abstractions enabled
EXP_20260507_152111_a31077,1,40,40.0,3,technician,106.839,37.472,94.17,1.612,Ward-A-zone,0.811,none,False,0.2786,False,none,0.65,59.958,16.335,76.292,False,0.20975,0.66667,0.35,0.65,0.64,0.45,0.34,True,0.075,False,0.01375,False,0.52,7.5,Data obfuscation: coarsened location; privacy exposure -0.14; Transport Layer Security: reduced tampering probability; latency +6 ms; Virtual objects: sensor and actuator abstractions enabled
EXP_20260507_152111_a31077,1,40,40.0,4,porter,110.958,37.223,94.876,1.268,Surgery-zone,0.472,none,False,0.2858,False,none,0.65,52.512,16.844,69.356,False,0.20975,0.66667,0.35,0.65,0.64,0.45,0.34,True,0.075,True,0.01375,False,0.52,7.5,Data obfuscation: coarsened location; privacy exposure -0.14; Transport Layer Security: reduced tampering probability; latency +6 ms; Virtual objects: sensor and actuator abstractions enabled
EXP_20260507_152111_a31077,1,40,40.0,5,technician,102.763,37.749,95.174,1.208,Emergency-zone,0.39,none,False,0.2909,False,none,0.65,57.139,16.907,74.046,False,0.20975,0.66667,0.35,0.65,0.64,0.45,0.34,True,0.075,False,0.01375,False,0.52,7.5,Data obfuscation: coarsened location; privacy exposure -0.14; Transport Layer Security: reduced tampering probability; latency +6 ms; Virtual objects: sensor and actuator abstractions enabled
EXP_20260507_152111_a31077,1,40,40.0,6,porter,110.467,37.25,94.134,1.43,Emergency-zone,0.716,none,False,0.3222,False,none,0.65,51.214,21.142,72.356,False,0.20975,0.66667,0.35,0.65,0.64,0.45,0.34,True,0.075,True,0.01375,False,0.52,7.5,Data obfuscation: coarsened location; privacy exposure -0.14; Transport Layer Security: reduced tampering probability; latency +6 ms; Virtual objects: sensor and actuator abstractions enabled
EXP_20260507_152111_a31077,1,40,40.0,7,porter,112.734,37.221,95.076,1.807,Radiology-zone,0.612,none,False,0.2546,False,none,0.65,48.518,15.479,63.996,False,0.20975,0.66667,0.35,0.65,0.64,0.45,0.34,True,0.075,False,0.01375,False,0.52,7.5,Data obfuscation: coarsened location; privacy exposure -0.14; Transport Layer Security: reduced tampering probability; latency +6 ms; Virtual objects: sensor and actuator abstractions enabled
EXP_20260507_152111_a31077,1,40,40.0,8,porter,118.531,37.886,94.576,1.268,Emergency-zone,0.615,high_fatigue,True,0.3881,False,none,0.65,53.843,16.058,69.901,False,0.20975,0.66667,0.35,0.65,0.64,0.45,0.34,True,0.075,False,0.01375,False,0.52,7.5,Data obfuscation: coarsened location; privacy exposure -0.14; Transport Layer Security: reduced tampering probability; latency +6 ms; Virtual objects: sensor and actuator abstractions enabled
EXP_20260507_152111_a31077,1,40,40.0,9,technician,105.697,37.353,96.015,1.655,Ward-A-zone,0.545,none,False,0.2058,False,none,0.65,42.384,17.168,59.552,False,0.20975,0.66667,0.35,0.65,0.64,0.45,0.34,True,0.075,False,0.01375,False,0.52,7.5,Data obfuscation: coarsened location; privacy exposure -0.14; Transport Layer Security: reduced tampering probability; latency +6 ms; Virtual objects: sensor and actuator abstractions enabled
EXP_20260507_152111_a31077,1,40,40.0,10,nurse,107.655,37.43,95.793,1.479,Pharmacy-zone,0.606,none,False,0.2177,False,none,0.65,40.438,15.605,56.043,False,0.20975,0.66667,0.35,0.65,0.64,0.45,0.34,True,0.075,False,0.01375,False,0.52,7.5,Data obfuscation: coarsened location; privacy exposure -0.14; Transport Layer Security: reduced tampering probability; latency +6 ms; Virtual objects: sensor and actuator abstractions enabled
EXP_20260507_152111_a31077,1,40,40.0,11,cleaning_staff,97.211,36.899,93.993,0.804,Emergency-zone,0.219,none,False,0.2211,False,none,0.65,49.453,13.489,62.942,False,0.20975,0.66667,0.35,0.65,0.64,0.45,0.34,True,0.075,False,0.01375,False,0.52,7.5,Data obfuscation: coarsened location; privacy exposure -0.14; Transport Layer Security: reduced tampering probability; latency +6 ms; Virtual objects: sensor and actuator abstractions enabled
EXP_20260507_152111_a31077,1,40,40.0,12,technician,97.445,37.275,95.646,1.519,Radiology-zone,0.385,none,False,0.1588,False,none,0.65,50.295,22.698,72.993,False,0.20975,0.66667,0.35,0.65,0.64,0.45,0.34,True,0.075,False,0.01375,False,0.52,7.5,Data obfuscation: coarsened location; privacy exposure -0.14; Transport Layer Security: reduced tampering probability; latency +6 ms; Virtual objects: sensor and actuator abstractions enabled
EXP_20260507_152111_a31077,1,40,40.0,13,physician,102.152,36.931,95.767,0.912,Ward-A-zone,0.605,none,False,0.1557,False,none,0.65,49.163,14.803,63.966,False,0.20975,0.66667,0.35,0.65,0.64,0.45,0.34,True,0.075,False,0.01375,False,0.52,7.5,Data obfuscation: coarsened location; privacy exposure -0.14; Transport Layer Security: reduced tampering probability; latency +6 ms; Virtual objects: sensor and actuator abstractions enabled
EXP_20260507_152111_a31077,1,40,40.0,14,technician,104.359,37.075,95.217,1.961,Ward-A-zone,0.611,none,False,0.2181,False,none,0.65,52.949,17.163,70.112,False,0.20975,0.66667,0.35,0.65,0.64,0.45,0.34,True,0.075,False,0.01375,False,0.52,7.5,Data obfuscation: coarsened location; privacy exposure -0.14; Transport Layer Security: reduced tampering probability; latency +6 ms; Virtual objects: sensor and actuator abstractions enabled
EXP_20260507_152111_a31077,1,40,40.0,15,physician,99.765,37.472,93.756,0.769,ICU-zone,0.409,none,False,0.2903,False,none,0.65,54.477,15.442,69.918,False,0.20975,0.66667,0.35,0.65,0.64,0.45,0.34,True,0.075,False,0.01375,False,0.52,7.5,Data obfuscation: coarsened location; privacy exposure -0.14; Transport Layer Security: reduced tampering probability; latency +6 ms; Virtual objects: sensor and actuator abstractions enabled
EXP_20260507_152111_a31077,1,40,40.0,16,physician,94.787,37.174,94.243,1.131,Ward-A-zone,0.351,none,False,0.1637,False,none,0.65,58.797,13.232,72.029,False,0.20975,0.66667,0.35,0.65,0.64,0.45,0.34,True,0.075,False,0.01375,False,0.52,7.5,Data obfuscation: coarsened location; privacy exposure -0.14; Transport Layer Security: reduced tampering probability; latency +6 ms; Virtual objects: sensor and actuator abstractions enabled
EXP_20260507_152111_a31077,1,40,40.0,17,porter,111.452,37.186,93.799,1.33,Surgery-zone,0.775,none,False,0.33,False,none,0.65,71.04,17.232,88.272,False,0.20975,0.66667,0.35,0.65,0.64,0.45,0.34,True,0.075,True,0.01375,False,0.52,7.5,Data obfuscation: coarsened location; privacy exposure -0.14; Transport Layer Security: reduced tampering probability; latency +6 ms; Virtual objects: sensor and actuator abstractions enabled
EXP_20260507_152111_a31077,1,40,40.0,18,physician,115.861,37.264,93.873,1.303,Radiology-zone,0.481,none,False,0.2639,False,none,0.65,39.124,16.425,55.549,False,0.20975,0.66667,0.35,0.65,0.64,0.45,0.34,True,0.075,False,0.01375,False,0.52,7.5,Data obfuscation: coarsened location; privacy exposure -0.14; Transport Layer Security: reduced tampering probability; latency +6 ms; Virtual objects: sensor and actuator abstractions enabled
EXP_20260507_152111_a31077,1,40,40.0,19,nurse,103.608,37.599,93.974,1.137,Surgery-zone,0.498,none,False,0.3161,False,none,0.65,50.59,16.961,67.551,False,0.20975,0.66667,0.35,0.65,0.64,0.45,0.34,True,0.075,False,0.01375,False,0.52,7.5,Data obfuscation: coarsened location; privacy exposure -0.14; Transport Layer Security: reduced tampering probability; latency +6 ms; Virtual objects: sensor and actuator abstractions enabled
EXP_20260507_152111_a31077,1,40,40.0,20,technician,98.213,37.094,93.875,0.71,Surgery-zone,0.153,none,False,0.2314,False,none,0.65,52.63,11.733,64.363,False,0.20975,0.66667,0.35,0.65,0.64,0.45,0.34,True,0.075,False,0.01375,False,0.52,7.5,Data obfuscation: coarsened location; privacy exposure -0.14; Transport Layer Security: reduced tampering probability; latency +6 ms; Virtual objects: sensor and actuator abstractions enabled
EXP_20260507_152111_a31077,1,41,41.0,1,nurse,83.846,37.206,96.564,1.041,Pharmacy-zone,0.149,none,False,0.077,False,none,0.65,67.251,15.788,83.039,False,0.20975,0.66667,0.35,0.65,0.64,0.45,0.34,True,0.075,False,0.01375,False,0.52,7.5,Data obfuscation: coarsened location; privacy exposure -0.14; Transport Layer Security: reduced tampering probability; latency +6 ms; Virtual objects: sensor and actuator abstractions enabled
EXP_20260507_152111_a31077,1,41,41.0,2,porter,108.342,37.1,96.048,1.215,Pharmacy-zone,0.675,none,False,0.1857,False,none,0.65,68.914,18.915,87.829,False,0.20975,0.66667,0.35,0.65,0.64,0.45,0.34,True,0.075,False,0.01375,False,0.52,7.5,Data obfuscation: coarsened location; privacy exposure -0.14; Transport Layer Security: reduced tampering probability; latency +6 ms; Virtual objects: sensor and actuator abstractions enabled
EXP_20260507_152111_a31077,1,41,41.0,3,technician,102.389,37.467,94.15,1.307,Ward-A-zone,0.679,none,False,0.2408,False,none,0.65,32.563,15.182,47.745,False,0.20975,0.66667,0.35,0.65,0.64,0.45,0.34,True,0.075,False,0.01375,False,0.52,7.5,Data obfuscation: coarsened location; privacy exposure -0.14; Transport Layer Security: reduced tampering probability; latency +6 ms; Virtual objects: sensor and actuator abstractions enabled
EXP_20260507_152111_a31077,1,41,41.0,4,porter,115.197,37.254,94.687,1.567,Surgery-zone,0.6,none,False,0.327,False,none,0.65,41.155,13.813,54.968,False,0.20975,0.66667,0.35,0.65,0.64,0.45,0.34,True,0.075,False,0.01375,False,0.52,7.5,Data obfuscation: coarsened location; privacy exposure -0.14; Transport Layer Security: reduced tampering probability; latency +6 ms; Virtual objects: sensor and actuator abstractions enabled
EXP_20260507_152111_a31077,1,41,41.0,5,technician,110.191,37.819,94.718,1.611,Emergency-zone,0.67,none,False,0.366,False,none,0.65,59.494,15.871,75.365,False,0.20975,0.66667,0.35,0.65,0.64,0.45,0.34,True,0.075,False,0.01375,False,0.52,7.5,Data obfuscation: coarsened location; privacy exposure -0.14; Transport Layer Security: reduced tampering probability; latency +6 ms; Virtual objects: sensor and actuator abstractions enabled
EXP_20260507_152111_a31077,1,41,41.0,6,porter,106.546,37.154,93.964,1.788,Surgery-zone,0.55,none,False,0.3147,False,none,0.65,56.665,17.374,74.04,False,0.20975,0.66667,0.35,0.65,0.64,0.45,0.34,True,0.075,False,0.01375,False,0.52,7.5,Data obfuscation: coarsened location; privacy exposure -0.14; Transport Layer Security: reduced tampering probability; latency +6 ms; Virtual objects: sensor and actuator abstractions enabled
EXP_20260507_152111_a31077,1,41,41.0,7,porter,110.359,37.207,95.007,2.034,Radiology-zone,0.537,none,False,0.2555,False,none,0.65,43.96,14.145,58.105,False,0.20975,0.66667,0.35,0.65,0.64,0.45,0.34,True,0.075,False,0.01375,False,0.52,7.5,Data obfuscation: coarsened location; privacy exposure -0.14; Transport Layer Security: reduced tampering probability; latency +6 ms; Virtual objects: sensor and actuator abstractions enabled
EXP_20260507_152111_a31077,1,41,41.0,8,porter,103.153,37.146,95.818,1.169,Emergency-zone,0.486,none,False,0.2303,False,none,0.65,46.227,11.896,58.122,False,0.20975,0.66667,0.35,0.65,0.64,0.45,0.34,True,0.075,False,0.01375,False,0.52,7.5,Data obfuscation: coarsened location; privacy exposure -0.14; Transport Layer Security: reduced tampering probability; latency +6 ms; Virtual objects: sensor and actuator abstractions enabled
EXP_20260507_152111_a31077,1,41,41.0,9,technician,105.229,37.338,96.206,1.065,Ward-A-zone,0.504,none,False,0.1843,False,none,0.65,46.16,15.439,61.6,False,0.20975,0.66667,0.35,0.65,0.64,0.45,0.34,True,0.075,False,0.01375,False,0.52,7.5,Data obfuscation: coarsened location; privacy exposure -0.14; Transport Layer Security: reduced tampering probability; latency +6 ms; Virtual objects: sensor and actuator abstractions enabled
EXP_20260507_152111_a31077,1,41,41.0,10,nurse,105.465,37.438,95.838,1.136,Pharmacy-zone,0.526,none,False,0.1993,False,none,0.65,46.258,16.071,62.329,False,0.20975,0.66667,0.35,0.65,0.64,0.45,0.34,True,0.075,False,0.01375,False,0.52,7.5,Data obfuscation: coarsened location; privacy exposure -0.14; Transport Layer Security: reduced tampering probability; latency +6 ms; Virtual objects: sensor and actuator abstractions enabled
EXP_20260507_152111_a31077,1,41,41.0,11,cleaning_staff,101.95,36.958,94.012,1.191,Emergency-zone,0.44,none,False,0.2523,False,none,0.65,49.226,12.369,61.595,False,0.20975,0.66667,0.35,0.65,0.64,0.45,0.34,True,0.075,False,0.01375,False,0.52,7.5,Data obfuscation: coarsened location; privacy exposure -0.14; Transport Layer Security: reduced tampering probability; latency +6 ms; Virtual objects: sensor and actuator abstractions enabled
EXP_20260507_152111_a31077,1,41,41.0,12,technician,101.509,37.302,95.935,1.831,Radiology-zone,0.509,none,False,0.1964,False,none,0.65,57.602,17.69,75.293,False,0.20975,0.66667,0.35,0.65,0.64,0.45,0.34,True,0.075,False,0.01375,False,0.52,7.5,Data obfuscation: coarsened location; privacy exposure -0.14; Transport Layer Security: reduced tampering probability; latency +6 ms; Virtual objects: sensor and actuator abstractions enabled
EXP_20260507_152111_a31077,1,41,41.0,13,physician,100.499,36.937,95.905,1.176,ICU-zone,0.506,none,False,0.2072,False,none,0.65,60.052,19.068,79.121,False,0.20975,0.66667,0.35,0.65,0.64,0.45,0.34,True,0.075,False,0.01375,False,0.52,7.5,Data obfuscation: coarsened location; privacy exposure -0.14; Transport Layer Security: reduced tampering probability; latency +6 ms; Virtual objects: sensor and actuator abstractions enabled
EXP_20260507_152111_a31077,1,41,41.0,14,technician,105.146,37.053,95.221,1.797,ICU-zone,0.642,none,False,0.2781,False,none,0.65,45.719,19.127,64.846,False,0.20975,0.66667,0.35,0.65,0.64,0.45,0.34,True,0.075,True,0.01375,False,0.52,7.5,Data obfuscation: coarsened location; privacy exposure -0.14; Transport Layer Security: reduced tampering probability; latency +6 ms; Virtual objects: sensor and actuator abstractions enabled
EXP_20260507_152111_a31077,1,41,41.0,15,physician,98.884,37.473,93.64,0.647,ICU-zone,0.372,none,False,0.2875,False,none,0.65,56.269,14.101,70.37,False,0.20975,0.66667,0.35,0.65,0.64,0.45,0.34,True,0.075,False,0.01375,False,0.52,7.5,Data obfuscation: coarsened location; privacy exposure -0.14; Transport Layer Security: reduced tampering probability; latency +6 ms; Virtual objects: sensor and actuator abstractions enabled
EXP_20260507_152111_a31077,1,41,41.0,16,physician,97.209,37.246,94.123,1.793,Radiology-zone,0.433,none,False,0.2113,False,none,0.65,54.681,17.04,71.721,False,0.20975,0.66667,0.35,0.65,0.64,0.45,0.34,True,0.075,False,0.01375,False,0.52,7.5,Data obfuscation: coarsened location; privacy exposure -0.14; Transport Layer Security: reduced tampering probability; latency +6 ms; Virtual objects: sensor and actuator abstractions enabled
EXP_20260507_152111_a31077,1,41,41.0,17,porter,107.547,37.156,93.815,0.994,Surgery-zone,0.617,none,False,0.3025,False,none,0.65,56.691,18.35,75.04,False,0.20975,0.66667,0.35,0.65,0.64,0.45,0.34,True,0.075,False,0.01375,False,0.52,7.5,Data obfuscation: coarsened location; privacy exposure -0.14; Transport Layer Security: reduced tampering probability; latency +6 ms; Virtual objects: sensor and actuator abstractions enabled
EXP_20260507_152111_a31077,1,41,41.0,18,physician,119.395,37.314,93.9,1.95,Radiology-zone,0.568,none,False,0.32,False,none,0.65,53.39,17.758,71.148,False,0.20975,0.66667,0.35,0.65,0.64,0.45,0.34,True,0.075,False,0.01375,False,0.52,7.5,Data obfuscation: coarsened location; privacy exposure -0.14; Transport Layer Security: reduced tampering probability; latency +6 ms; Virtual objects: sensor and actuator abstractions enabled
EXP_20260507_152111_a31077,1,41,41.0,19,nurse,107.202,37.621,94.068,1.223,Surgery-zone,0.592,none,False,0.3348,False,none,0.65,57.044,17.879,74.922,False,0.20975,0.66667,0.35,0.65,0.64,0.45,0.34,True,0.075,False,0.01375,False,0.52,7.5,Data obfuscation: coarsened location; privacy exposure -0.14; Transport Layer Security: reduced tampering probability; latency +6 ms; Virtual objects: sensor and actuator abstractions enabled
EXP_20260507_152111_a31077,1,41,41.0,20,technician,108.069,37.205,93.674,1.678,Surgery-zone,0.497,none,False,0.3211,False,none,0.65,64.365,16.495,80.86,False,0.20975,0.66667,0.35,0.65,0.64,0.45,0.34,True,0.075,False,0.01375,False,0.52,7.5,Data obfuscation: coarsened location; privacy exposure -0.14; Transport Layer Security: reduced tampering probability; latency +6 ms; Virtual objects: sensor and actuator abstractions enabled
EXP_20260507_152111_a31077,1,42,42.0,1,nurse,83.003,37.228,96.817,1.29,Pharmacy-zone,0.099,none,False,0.0757,False,none,0.65,56.332,17.764,74.096,False,0.20975,0.66667,0.35,0.65,0.64,0.45,0.34,True,0.075,True,0.01375,False,0.52,7.5,Data obfuscation: coarsened location; privacy exposure -0.14; Transport Layer Security: reduced tampering probability; latency +6 ms; Virtual objects: sensor and actuator abstractions enabled
EXP_20260507_152111_a31077,1,42,42.0,2,porter,108.458,37.11,95.751,1.45,Pharmacy-zone,0.665,none,False,0.1953,False,none,0.65,53.848,15.819,69.666,False,0.20975,0.66667,0.35,0.65,0.64,0.45,0.34,True,0.075,False,0.01375,False,0.52,7.5,Data obfuscation: coarsened location; privacy exposure -0.14; Transport Layer Security: reduced tampering probability; latency +6 ms; Virtual objects: sensor and actuator abstractions enabled
EXP_20260507_152111_a31077,1,42,42.0,3,technician,102.79,37.442,94.073,1.752,Ward-A-zone,0.666,none,False,0.2627,False,none,0.65,57.3,16.707,74.007,False,0.20975,0.66667,0.35,0.65,0.64,0.45,0.34,True,0.075,False,0.01375,False,0.52,7.5,Data obfuscation: coarsened location; privacy exposure -0.14; Transport Layer Security: reduced tampering probability; latency +6 ms; Virtual objects: sensor and actuator abstractions enabled
EXP_20260507_152111_a31077,1,42,42.0,4,porter,111.062,37.2,94.772,1.174,Surgery-zone,0.437,none,False,0.2843,False,none,0.65,58.813,24.602,83.415,False,0.20975,0.66667,0.35,0.65,0.64,0.45,0.34,True,0.075,False,0.01375,False,0.52,7.5,Data obfuscation: coarsened location; privacy exposure -0.14; Transport Layer Security: reduced tampering probability; latency +6 ms; Virtual objects: sensor and actuator abstractions enabled
EXP_20260507_152111_a31077,1,42,42.0,5,technician,107.593,37.828,94.659,1.569,Emergency-zone,0.582,none,False,0.0,False,no_assessment_packet_loss,0.65,61.506,0.0,61.506,True,0.20975,0.66667,0.35,0.65,0.64,0.45,0.34,True,0.075,False,0.01375,False,0.52,7.5,Data obfuscation: coarsened location; privacy exposure -0.14; Transport Layer Security: reduced tampering probability; latency +6 ms; Virtual objects: sensor and actuator abstractions enabled
EXP_20260507_152111_a31077,1,42,42.0,6,porter,107.143,37.153,93.909,1.219,Emergency-zone,0.587,none,False,0.2965,False,none,0.65,51.327,16.511,67.838,False,0.20975,0.66667,0.35,0.65,0.64,0.45,0.34,True,0.075,False,0.01375,False,0.52,7.5,Data obfuscation: coarsened location; privacy exposure -0.14; Transport Layer Security: reduced tampering probability; latency +6 ms; Virtual objects: sensor and actuator abstractions enabled
EXP_20260507_152111_a31077,1,42,42.0,7,porter,112.729,37.213,95.091,1.265,Surgery-zone,0.606,none,False,0.2952,False,none,0.65,45.346,12.566,57.913,False,0.20975,0.66667,0.35,0.65,0.64,0.45,0.34,True,0.075,False,0.01375,False,0.52,7.5,Data obfuscation: coarsened location; privacy exposure -0.14; Transport Layer Security: reduced tampering probability; latency +6 ms; Virtual objects: sensor and actuator abstractions enabled
EXP_20260507_152111_a31077,1,42,42.0,8,porter,107.243,37.223,95.912,0.962,Emergency-zone,0.621,none,False,0.2584,False,none,0.65,59.426,14.65,74.076,False,0.20975,0.66667,0.35,0.65,0.64,0.45,0.34,True,0.075,False,0.01375,False,0.52,7.5,Data obfuscation: coarsened location; privacy exposure -0.14; Transport Layer Security: reduced tampering probability; latency +6 ms; Virtual objects: sensor and actuator abstractions enabled
EXP_20260507_152111_a31077,1,42,42.0,9,technician,98.5,37.248,96.084,1.136,Ward-A-zone,0.268,none,False,0.1366,False,none,0.65,50.409,16.385,66.794,False,0.20975,0.66667,0.35,0.65,0.64,0.45,0.34,True,0.075,False,0.01375,False,0.52,7.5,Data obfuscation: coarsened location; privacy exposure -0.14; Transport Layer Security: reduced tampering probability; latency +6 ms; Virtual objects: sensor and actuator abstractions enabled
EXP_20260507_152111_a31077,1,42,42.0,10,nurse,110.66,37.493,95.648,1.627,Pharmacy-zone,0.714,none,False,0.2537,False,none,0.65,50.348,15.683,66.031,False,0.20975,0.66667,0.35,0.65,0.64,0.45,0.34,True,0.075,False,0.01375,False,0.52,7.5,Data obfuscation: coarsened location; privacy exposure -0.14; Transport Layer Security: reduced tampering probability; latency +6 ms; Virtual objects: sensor and actuator abstractions enabled
EXP_20260507_152111_a31077,1,42,42.0,11,cleaning_staff,104.789,37.009,93.803,1.91,Emergency-zone,0.482,none,False,0.3024,False,none,0.65,61.193,16.425,77.617,False,0.20975,0.66667,0.35,0.65,0.64,0.45,0.34,True,0.075,False,0.01375,False,0.52,7.5,Data obfuscation: coarsened location; privacy exposure -0.14; Transport Layer Security: reduced tampering probability; latency +6 ms; Virtual objects: sensor and actuator abstractions enabled
EXP_20260507_152111_a31077,1,42,42.0,12,technician,99.658,37.347,95.815,1.033,Radiology-zone,0.425,none,False,0.1644,False,none,0.65,62.7,17.638,80.338,False,0.20975,0.66667,0.35,0.65,0.64,0.45,0.34,True,0.075,False,0.01375,False,0.52,7.5,Data obfuscation: coarsened location; privacy exposure -0.14; Transport Layer Security: reduced tampering probability; latency +6 ms; Virtual objects: sensor and actuator abstractions enabled
EXP_20260507_152111_a31077,1,42,42.0,13,physician,99.839,36.981,95.58,1.219,ICU-zone,0.492,none,False,0.2115,False,none,0.65,47.054,16.129,63.183,False,0.20975,0.66667,0.35,0.65,0.64,0.45,0.34,True,0.075,False,0.01375,False,0.52,7.5,Data obfuscation: coarsened location; privacy exposure -0.14; Transport Layer Security: reduced tampering probability; latency +6 ms; Virtual objects: sensor and actuator abstractions enabled
EXP_20260507_152111_a31077,1,42,42.0,14,technician,110.357,37.153,95.103,1.813,Radiology-zone,0.815,none,False,0.2536,False,none,0.65,55.929,14.328,70.257,False,0.20975,0.66667,0.35,0.65,0.64,0.45,0.34,True,0.075,False,0.01375,False,0.52,7.5,Data obfuscation: coarsened location; privacy exposure -0.14; Transport Layer Security: reduced tampering probability; latency +6 ms; Virtual objects: sensor and actuator abstractions enabled
EXP_20260507_152111_a31077,1,42,42.0,15,physician,93.359,37.376,94.11,0.718,ICU-zone,0.174,none,False,0.235,False,none,0.65,53.047,18.476,71.523,False,0.20975,0.66667,0.35,0.65,0.64,0.45,0.34,True,0.075,False,0.01375,False,0.52,7.5,Data obfuscation: coarsened location; privacy exposure -0.14; Transport Layer Security: reduced tampering probability; latency +6 ms; Virtual objects: sensor and actuator abstractions enabled
EXP_20260507_152111_a31077,1,42,42.0,16,physician,100.36,37.297,94.012,1.83,Radiology-zone,0.519,none,False,0.2377,False,none,0.65,41.35,16.286,57.636,False,0.20975,0.66667,0.35,0.65,0.64,0.45,0.34,True,0.075,False,0.01375,False,0.52,7.5,Data obfuscation: coarsened location; privacy exposure -0.14; Transport Layer Security: reduced tampering probability; latency +6 ms; Virtual objects: sensor and actuator abstractions enabled
EXP_20260507_152111_a31077,1,42,42.0,17,porter,107.889,37.146,93.727,1.073,Surgery-zone,0.585,none,False,0.3028,False,none,0.65,61.461,14.987,76.449,False,0.20975,0.66667,0.35,0.65,0.64,0.45,0.34,True,0.075,True,0.01375,False,0.52,7.5,Data obfuscation: coarsened location; privacy exposure -0.14; Transport Layer Security: reduced tampering probability; latency +6 ms; Virtual objects: sensor and actuator abstractions enabled
EXP_20260507_152111_a31077,1,42,42.0,18,physician,119.378,37.32,93.779,1.64,Radiology-zone,0.566,none,False,0.304,False,none,0.65,49.098,16.03,65.128,False,0.20975,0.66667,0.35,0.65,0.64,0.45,0.34,True,0.075,False,0.01375,False,0.52,7.5,Data obfuscation: coarsened location; privacy exposure -0.14; Transport Layer Security: reduced tampering probability; latency +6 ms; Virtual objects: sensor and actuator abstractions enabled
EXP_20260507_152111_a31077,1,42,42.0,19,nurse,106.554,37.642,94.072,1.878,Surgery-zone,0.588,none,False,0.3635,False,none,0.65,65.401,12.894,78.295,False,0.20975,0.66667,0.35,0.65,0.64,0.45,0.34,True,0.075,False,0.01375,False,0.52,7.5,Data obfuscation: coarsened location; privacy exposure -0.14; Transport Layer Security: reduced tampering probability; latency +6 ms; Virtual objects: sensor and actuator abstractions enabled
EXP_20260507_152111_a31077,1,42,42.0,20,technician,116.901,37.385,91.982,1.213,Surgery-zone,0.256,high_fatigue,True,0.3746,False,none,0.65,55.685,17.63,73.316,False,0.20975,0.66667,0.35,0.65,0.64,0.45,0.34,True,0.075,False,0.01375,False,0.52,7.5,Data obfuscation: coarsened location; privacy exposure -0.14; Transport Layer Security: reduced tampering probability; latency +6 ms; Virtual objects: sensor and actuator abstractions enabled
EXP_20260507_152111_a31077,1,43,43.0,1,nurse,93.026,37.413,96.467,1.17,Emergency-zone,0.505,none,False,0.215,False,none,0.65,44.427,13.452,57.879,False,0.20975,0.66667,0.35,0.65,0.64,0.45,0.34,True,0.075,False,0.01375,False,0.52,7.5,Data obfuscation: coarsened location; privacy exposure -0.14; Transport Layer Security: reduced tampering probability; latency +6 ms; Virtual objects: sensor and actuator abstractions enabled
EXP_20260507_152111_a31077,1,43,43.0,2,porter,108.646,37.113,95.952,1.115,Pharmacy-zone,0.657,none,False,0.1879,False,none,0.65,59.263,13.08,72.343,False,0.20975,0.66667,0.35,0.65,0.64,0.45,0.34,True,0.075,False,0.01375,False,0.52,7.5,Data obfuscation: coarsened location; privacy exposure -0.14; Transport Layer Security: reduced tampering probability; latency +6 ms; Virtual objects: sensor and actuator abstractions enabled
EXP_20260507_152111_a31077,1,43,43.0,3,technician,99.695,37.424,93.997,1.298,Ward-A-zone,0.544,none,False,0.222,False,none,0.65,50.265,14.825,65.09,False,0.20975,0.66667,0.35,0.65,0.64,0.45,0.34,True,0.075,False,0.01375,False,0.52,7.5,Data obfuscation: coarsened location; privacy exposure -0.14; Transport Layer Security: reduced tampering probability; latency +6 ms; Virtual objects: sensor and actuator abstractions enabled
EXP_20260507_152111_a31077,1,43,43.0,4,porter,110.647,37.204,94.703,0.877,Surgery-zone,0.405,none,False,0.2826,False,none,0.65,55.341,18.086,73.427,False,0.20975,0.66667,0.35,0.65,0.64,0.45,0.34,True,0.075,False,0.01375,False,0.52,7.5,Data obfuscation: coarsened location; privacy exposure -0.14; Transport Layer Security: reduced tampering probability; latency +6 ms; Virtual objects: sensor and actuator abstractions enabled
EXP_20260507_152111_a31077,1,43,43.0,5,technician,104.241,37.768,94.804,1.58,Emergency-zone,0.434,none,False,0.3205,False,none,0.65,66.88,13.222,80.102,False,0.20975,0.66667,0.35,0.65,0.64,0.45,0.34,True,0.075,False,0.01375,False,0.52,7.5,Data obfuscation: coarsened location; privacy exposure -0.14; Transport Layer Security: reduced tampering probability; latency +6 ms; Virtual objects: sensor and actuator abstractions enabled
EXP_20260507_152111_a31077,1,43,43.0,6,porter,108.833,37.145,94.156,1.548,Emergency-zone,0.629,none,False,0.308,False,none,0.65,55.509,15.596,71.105,False,0.20975,0.66667,0.35,0.65,0.64,0.45,0.34,True,0.075,False,0.01375,False,0.52,7.5,Data obfuscation: coarsened location; privacy exposure -0.14; Transport Layer Security: reduced tampering probability; latency +6 ms; Virtual objects: sensor and actuator abstractions enabled
EXP_20260507_152111_a31077,1,43,43.0,7,porter,115.027,37.243,94.979,1.998,Radiology-zone,0.704,none,False,0.285,False,none,0.65,47.268,16.938,64.205,False,0.20975,0.66667,0.35,0.65,0.64,0.45,0.34,True,0.075,False,0.01375,False,0.52,7.5,Data obfuscation: coarsened location; privacy exposure -0.14; Transport Layer Security: reduced tampering probability; latency +6 ms; Virtual objects: sensor and actuator abstractions enabled
EXP_20260507_152111_a31077,1,43,43.0,8,porter,116.53,38.76,95.177,1.499,Emergency-zone,0.733,heat_stress,True,0.4583,False,none,0.65,50.411,16.416,66.828,False,0.20975,0.66667,0.35,0.65,0.64,0.45,0.34,True,0.075,False,0.01375,False,0.52,7.5,Data obfuscation: coarsened location; privacy exposure -0.14; Transport Layer Security: reduced tampering probability; latency +6 ms; Virtual objects: sensor and actuator abstractions enabled
EXP_20260507_152111_a31077,1,43,43.0,9,technician,102.545,37.385,96.164,1.281,Surgery-zone,0.426,none,False,0.2409,False,none,0.65,59.187,14.33,73.517,False,0.20975,0.66667,0.35,0.65,0.64,0.45,0.34,True,0.075,True,0.01375,False,0.52,7.5,Data obfuscation: coarsened location; privacy exposure -0.14; Transport Layer Security: reduced tampering probability; latency +6 ms; Virtual objects: sensor and actuator abstractions enabled
EXP_20260507_152111_a31077,1,43,43.0,10,nurse,109.502,37.528,95.795,1.811,Pharmacy-zone,0.637,none,False,0.2554,False,none,0.65,52.923,16.305,69.228,False,0.20975,0.66667,0.35,0.65,0.64,0.45,0.34,True,0.075,False,0.01375,False,0.52,7.5,Data obfuscation: coarsened location; privacy exposure -0.14; Transport Layer Security: reduced tampering probability; latency +6 ms; Virtual objects: sensor and actuator abstractions enabled
EXP_20260507_152111_a31077,1,43,43.0,11,cleaning_staff,104.244,37.027,93.75,0.965,Emergency-zone,0.455,none,False,0.27,False,none,0.65,49.998,13.543,63.541,False,0.20975,0.66667,0.35,0.65,0.64,0.45,0.34,True,0.075,False,0.01375,False,0.52,7.5,Data obfuscation: coarsened location; privacy exposure -0.14; Transport Layer Security: reduced tampering probability; latency +6 ms; Virtual objects: sensor and actuator abstractions enabled
EXP_20260507_152111_a31077,1,43,43.0,12,technician,100.861,37.343,95.765,0.957,Radiology-zone,0.452,none,False,0.1713,False,none,0.65,55.556,16.413,71.969,False,0.20975,0.66667,0.35,0.65,0.64,0.45,0.34,True,0.075,False,0.01375,False,0.52,7.5,Data obfuscation: coarsened location; privacy exposure -0.14; Transport Layer Security: reduced tampering probability; latency +6 ms; Virtual objects: sensor and actuator abstractions enabled
EXP_20260507_152111_a31077,1,43,43.0,13,physician,98.637,36.902,95.815,1.529,Emergency-zone,0.448,none,False,0.2068,False,none,0.65,50.504,14.086,64.589,False,0.20975,0.66667,0.35,0.65,0.64,0.45,0.34,True,0.075,False,0.01375,False,0.52,7.5,Data obfuscation: coarsened location; privacy exposure -0.14; Transport Layer Security: reduced tampering probability; latency +6 ms; Virtual objects: sensor and actuator abstractions enabled
EXP_20260507_152111_a31077,1,43,43.0,14,technician,102.992,37.059,95.258,0.938,Radiology-zone,0.518,none,False,0.17,False,none,0.65,46.233,13.818,60.051,False,0.20975,0.66667,0.35,0.65,0.64,0.45,0.34,True,0.075,False,0.01375,False,0.52,7.5,Data obfuscation: coarsened location; privacy exposure -0.14; Transport Layer Security: reduced tampering probability; latency +6 ms; Virtual objects: sensor and actuator abstractions enabled
EXP_20260507_152111_a31077,1,43,43.0,15,physician,101.511,37.547,93.666,1.069,ICU-zone,0.504,none,False,0.3116,False,none,0.65,56.058,14.026,70.084,False,0.20975,0.66667,0.35,0.65,0.64,0.45,0.34,True,0.075,False,0.01375,False,0.52,7.5,Data obfuscation: coarsened location; privacy exposure -0.14; Transport Layer Security: reduced tampering probability; latency +6 ms; Virtual objects: sensor and actuator abstractions enabled
EXP_20260507_152111_a31077,1,43,43.0,16,physician,100.904,37.289,93.941,0.719,Radiology-zone,0.533,none,False,0.2149,False,none,0.65,57.372,17.379,74.751,False,0.20975,0.66667,0.35,0.65,0.64,0.45,0.34,True,0.075,False,0.01375,False,0.52,7.5,Data obfuscation: coarsened location; privacy exposure -0.14; Transport Layer Security: reduced tampering probability; latency +6 ms; Virtual objects: sensor and actuator abstractions enabled
EXP_20260507_152111_a31077,1,43,43.0,17,porter,105.959,37.14,93.766,1.563,Surgery-zone,0.5,none,False,0.2987,False,none,0.65,52.069,15.173,67.242,False,0.20975,0.66667,0.35,0.65,0.64,0.45,0.34,True,0.075,False,0.01375,False,0.52,7.5,Data obfuscation: coarsened location; privacy exposure -0.14; Transport Layer Security: reduced tampering probability; latency +6 ms; Virtual objects: sensor and actuator abstractions enabled
EXP_20260507_152111_a31077,1,43,43.0,18,physician,121.024,37.35,93.724,1.609,Radiology-zone,0.62,none,False,0.3155,False,none,0.65,38.997,19.592,58.589,False,0.20975,0.66667,0.35,0.65,0.64,0.45,0.34,True,0.075,False,0.01375,False,0.52,7.5,Data obfuscation: coarsened location; privacy exposure -0.14; Transport Layer Security: reduced tampering probability; latency +6 ms; Virtual objects: sensor and actuator abstractions enabled
EXP_20260507_152111_a31077,1,43,43.0,19,nurse,104.303,37.612,94.064,0.203,Surgery-zone,0.468,none,False,0.3155,False,none,0.65,58.118,14.43,72.547,False,0.20975,0.66667,0.35,0.65,0.64,0.45,0.34,True,0.075,False,0.01375,False,0.52,7.5,Data obfuscation: coarsened location; privacy exposure -0.14; Transport Layer Security: reduced tampering probability; latency +6 ms; Virtual objects: sensor and actuator abstractions enabled
EXP_20260507_152111_a31077,1,43,43.0,20,technician,99.836,37.155,93.74,0.606,Surgery-zone,0.182,none,False,0.2476,False,none,0.65,59.973,14.517,74.49,False,0.20975,0.66667,0.35,0.65,0.64,0.45,0.34,True,0.075,False,0.01375,False,0.52,7.5,Data obfuscation: coarsened location; privacy exposure -0.14; Transport Layer Security: reduced tampering probability; latency +6 ms; Virtual objects: sensor and actuator abstractions enabled
EXP_20260507_152111_a31077,1,44,44.0,1,nurse,83.684,37.201,96.554,0.58,Pharmacy-zone,0.155,none,False,0.077,False,none,0.65,43.56,15.191,58.752,False,0.20975,0.66667,0.35,0.65,0.64,0.45,0.34,True,0.075,False,0.01375,False,0.52,7.5,Data obfuscation: coarsened location; privacy exposure -0.14; Transport Layer Security: reduced tampering probability; latency +6 ms; Virtual objects: sensor and actuator abstractions enabled
EXP_20260507_152111_a31077,1,44,44.0,2,porter,110.018,37.158,95.98,2.099,Pharmacy-zone,0.737,none,False,0.2445,False,none,0.65,53.396,17.41,70.806,False,0.20975,0.66667,0.35,0.65,0.64,0.45,0.34,True,0.075,False,0.01375,False,0.52,7.5,Data obfuscation: coarsened location; privacy exposure -0.14; Transport Layer Security: reduced tampering probability; latency +6 ms; Virtual objects: sensor and actuator abstractions enabled
EXP_20260507_152111_a31077,1,44,44.0,3,technician,104.843,37.489,93.861,2.088,Ward-A-zone,0.709,none,False,0.3028,False,none,0.65,47.522,16.876,64.398,False,0.20975,0.66667,0.35,0.65,0.64,0.45,0.34,True,0.075,False,0.01375,False,0.52,7.5,Data obfuscation: coarsened location; privacy exposure -0.14; Transport Layer Security: reduced tampering probability; latency +6 ms; Virtual objects: sensor and actuator abstractions enabled
EXP_20260507_152111_a31077,1,44,44.0,4,porter,113.91,37.261,94.625,1.503,Surgery-zone,0.513,none,False,0.3146,False,none,0.65,54.041,16.717,70.758,False,0.20975,0.66667,0.35,0.65,0.64,0.45,0.34,True,0.075,False,0.01375,False,0.52,7.5,Data obfuscation: coarsened location; privacy exposure -0.14; Transport Layer Security: reduced tampering probability; latency +6 ms; Virtual objects: sensor and actuator abstractions enabled
EXP_20260507_152111_a31077,1,44,44.0,5,technician,104.854,37.786,94.787,0.89,Emergency-zone,0.44,none,False,0.3141,False,none,0.65,45.754,16.185,61.939,False,0.20975,0.66667,0.35,0.65,0.64,0.45,0.34,True,0.075,False,0.01375,False,0.52,7.5,Data obfuscation: coarsened location; privacy exposure -0.14; Transport Layer Security: reduced tampering probability; latency +6 ms; Virtual objects: sensor and actuator abstractions enabled
EXP_20260507_152111_a31077,1,44,44.0,6,porter,110.376,37.19,93.954,1.41,Emergency-zone,0.689,none,False,0.3177,False,none,0.65,63.877,17.841,81.718,False,0.20975,0.66667,0.35,0.65,0.64,0.45,0.34,True,0.075,False,0.01375,False,0.52,7.5,Data obfuscation: coarsened location; privacy exposure -0.14; Transport Layer Security: reduced tampering probability; latency +6 ms; Virtual objects: sensor and actuator abstractions enabled
EXP_20260507_152111_a31077,1,44,44.0,7,porter,112.24,37.187,95.011,1.218,Radiology-zone,0.587,none,False,0.2246,False,none,0.65,47.415,16.287,63.703,False,0.20975,0.66667,0.35,0.65,0.64,0.45,0.34,True,0.075,False,0.01375,False,0.52,7.5,Data obfuscation: coarsened location; privacy exposure -0.14; Transport Layer Security: reduced tampering probability; latency +6 ms; Virtual objects: sensor and actuator abstractions enabled
EXP_20260507_152111_a31077,1,44,44.0,8,porter,104.914,37.144,96.001,1.467,Emergency-zone,0.537,none,False,0.2396,False,none,0.65,41.905,17.533,59.437,False,0.20975,0.66667,0.35,0.65,0.64,0.45,0.34,True,0.075,True,0.01375,False,0.52,7.5,Data obfuscation: coarsened location; privacy exposure -0.14; Transport Layer Security: reduced tampering probability; latency +6 ms; Virtual objects: sensor and actuator abstractions enabled
EXP_20260507_152111_a31077,1,44,44.0,9,technician,98.077,37.306,96.312,1.132,Ward-A-zone,0.272,none,False,0.1405,False,none,0.65,51.959,13.286,65.245,False,0.20975,0.66667,0.35,0.65,0.64,0.45,0.34,True,0.075,False,0.01375,False,0.52,7.5,Data obfuscation: coarsened location; privacy exposure -0.14; Transport Layer Security: reduced tampering probability; latency +6 ms; Virtual objects: sensor and actuator abstractions enabled
EXP_20260507_152111_a31077,1,44,44.0,10,nurse,135.722,37.611,94.188,4.976,Ward-B-zone,1.0,fall,True,0.5653,False,none,0.65,54.644,16.204,70.848,False,0.20975,0.66667,0.35,0.65,0.64,0.45,0.34,True,0.075,True,0.01375,False,0.52,7.5,Data obfuscation: coarsened location; privacy exposure -0.14; Transport Layer Security: reduced tampering probability; latency +6 ms; Virtual objects: sensor and actuator abstractions enabled
EXP_20260507_152111_a31077,1,44,44.0,11,cleaning_staff,99.821,36.966,93.748,0.987,Emergency-zone,0.257,none,False,0.2387,False,none,0.65,52.585,15.48,68.064,False,0.20975,0.66667,0.35,0.65,0.64,0.45,0.34,True,0.075,False,0.01375,False,0.52,7.5,Data obfuscation: coarsened location; privacy exposure -0.14; Transport Layer Security: reduced tampering probability; latency +6 ms; Virtual objects: sensor and actuator abstractions enabled
EXP_20260507_152111_a31077,1,44,44.0,12,technician,105.492,37.392,95.655,1.154,Radiology-zone,0.625,none,False,0.2063,False,none,0.65,48.929,15.841,64.769,False,0.20975,0.66667,0.35,0.65,0.64,0.45,0.34,True,0.075,False,0.01375,False,0.52,7.5,Data obfuscation: coarsened location; privacy exposure -0.14; Transport Layer Security: reduced tampering probability; latency +6 ms; Virtual objects: sensor and actuator abstractions enabled
EXP_20260507_152111_a31077,1,44,44.0,13,physician,98.65,36.925,95.759,1.491,Emergency-zone,0.414,none,False,0.2035,False,none,0.65,46.711,20.076,66.787,False,0.20975,0.66667,0.35,0.65,0.64,0.45,0.34,True,0.075,False,0.01375,False,0.52,7.5,Data obfuscation: coarsened location; privacy exposure -0.14; Transport Layer Security: reduced tampering probability; latency +6 ms; Virtual objects: sensor and actuator abstractions enabled
EXP_20260507_152111_a31077,1,44,44.0,14,technician,105.047,37.1,95.14,1.457,Ward-B-zone,0.6,none,False,0.1927,False,none,0.65,61.813,12.628,74.441,False,0.20975,0.66667,0.35,0.65,0.64,0.45,0.34,True,0.075,False,0.01375,False,0.52,7.5,Data obfuscation: coarsened location; privacy exposure -0.14; Transport Layer Security: reduced tampering probability; latency +6 ms; Virtual objects: sensor and actuator abstractions enabled
EXP_20260507_152111_a31077,1,44,44.0,15,physician,98.568,37.461,93.971,1.247,ICU-zone,0.376,none,False,0.2778,False,none,0.65,56.384,17.054,73.438,False,0.20975,0.66667,0.35,0.65,0.64,0.45,0.34,True,0.075,False,0.01375,False,0.52,7.5,Data obfuscation: coarsened location; privacy exposure -0.14; Transport Layer Security: reduced tampering probability; latency +6 ms; Virtual objects: sensor and actuator abstractions enabled
EXP_20260507_152111_a31077,1,44,44.0,16,physician,93.706,37.201,94.123,0.793,Radiology-zone,0.206,none,False,0.1554,False,none,0.65,39.97,17.035,57.004,False,0.20975,0.66667,0.35,0.65,0.64,0.45,0.34,True,0.075,False,0.01375,False,0.52,7.5,Data obfuscation: coarsened location; privacy exposure -0.14; Transport Layer Security: reduced tampering probability; latency +6 ms; Virtual objects: sensor and actuator abstractions enabled
EXP_20260507_152111_a31077,1,44,44.0,17,porter,115.117,37.256,93.698,1.575,Surgery-zone,0.826,none,False,0.3658,False,none,0.65,50.551,18.741,69.291,False,0.20975,0.66667,0.35,0.65,0.64,0.45,0.34,True,0.075,False,0.01375,False,0.52,7.5,Data obfuscation: coarsened location; privacy exposure -0.14; Transport Layer Security: reduced tampering probability; latency +6 ms; Virtual objects: sensor and actuator abstractions enabled
EXP_20260507_152111_a31077,1,44,44.0,18,physician,118.191,37.309,93.666,1.313,Radiology-zone,0.484,none,False,0.2811,False,none,0.65,53.802,17.034,70.836,False,0.20975,0.66667,0.35,0.65,0.64,0.45,0.34,True,0.075,False,0.01375,False,0.52,7.5,Data obfuscation: coarsened location; privacy exposure -0.14; Transport Layer Security: reduced tampering probability; latency +6 ms; Virtual objects: sensor and actuator abstractions enabled
EXP_20260507_152111_a31077,1,44,44.0,19,nurse,104.642,37.602,94.096,1.58,Surgery-zone,0.465,none,False,0.326,False,none,0.65,42.883,18.892,61.775,False,0.20975,0.66667,0.35,0.65,0.64,0.45,0.34,True,0.075,False,0.01375,False,0.52,7.5,Data obfuscation: coarsened location; privacy exposure -0.14; Transport Layer Security: reduced tampering probability; latency +6 ms; Virtual objects: sensor and actuator abstractions enabled
EXP_20260507_152111_a31077,1,44,44.0,20,technician,100.347,37.081,93.894,1.162,Surgery-zone,0.2,none,False,0.2405,False,none,0.65,42.625,16.914,59.539,False,0.20975,0.66667,0.35,0.65,0.64,0.45,0.34,True,0.075,False,0.01375,False,0.52,7.5,Data obfuscation: coarsened location; privacy exposure -0.14; Transport Layer Security: reduced tampering probability; latency +6 ms; Virtual objects: sensor and actuator abstractions enabled
EXP_20260507_152111_a31077,1,45,45.0,1,nurse,85.802,37.266,96.529,0.968,Pharmacy-zone,0.221,none,False,0.09,False,none,0.65,34.269,13.726,47.995,False,0.20975,0.66667,0.35,0.65,0.64,0.45,0.34,True,0.075,False,0.01375,False,0.52,7.5,Data obfuscation: coarsened location; privacy exposure -0.14; Transport Layer Security: reduced tampering probability; latency +6 ms; Virtual objects: sensor and actuator abstractions enabled
EXP_20260507_152111_a31077,1,45,45.0,2,porter,105.266,37.076,96.005,1.628,Pharmacy-zone,0.559,none,False,0.179,False,none,0.65,61.282,15.891,77.173,False,0.20975,0.66667,0.35,0.65,0.64,0.45,0.34,True,0.075,False,0.01375,False,0.52,7.5,Data obfuscation: coarsened location; privacy exposure -0.14; Transport Layer Security: reduced tampering probability; latency +6 ms; Virtual objects: sensor and actuator abstractions enabled
EXP_20260507_152111_a31077,1,45,45.0,3,technician,104.423,37.483,94.138,1.445,Ward-A-zone,0.728,none,False,0.2558,False,none,0.65,48.056,15.753,63.808,False,0.20975,0.66667,0.35,0.65,0.64,0.45,0.34,True,0.075,False,0.01375,False,0.52,7.5,Data obfuscation: coarsened location; privacy exposure -0.14; Transport Layer Security: reduced tampering probability; latency +6 ms; Virtual objects: sensor and actuator abstractions enabled
EXP_20260507_152111_a31077,1,45,45.0,4,porter,110.415,37.222,94.658,0.635,Surgery-zone,0.379,none,False,0.2827,False,none,0.65,58.564,16.255,74.819,False,0.20975,0.66667,0.35,0.65,0.64,0.45,0.34,True,0.075,False,0.01375,False,0.52,7.5,Data obfuscation: coarsened location; privacy exposure -0.14; Transport Layer Security: reduced tampering probability; latency +6 ms; Virtual objects: sensor and actuator abstractions enabled
EXP_20260507_152111_a31077,1,45,45.0,5,technician,103.839,37.741,94.692,1.059,Emergency-zone,0.375,none,False,0.3043,False,none,0.65,39.918,16.657,56.575,False,0.20975,0.66667,0.35,0.65,0.64,0.45,0.34,True,0.075,False,0.01375,False,0.52,7.5,Data obfuscation: coarsened location; privacy exposure -0.14; Transport Layer Security: reduced tampering probability; latency +6 ms; Virtual objects: sensor and actuator abstractions enabled
EXP_20260507_152111_a31077,1,45,45.0,6,porter,111.281,37.226,93.963,1.614,Emergency-zone,0.72,none,False,0.3385,False,none,0.65,51.876,13.847,65.724,False,0.20975,0.66667,0.35,0.65,0.64,0.45,0.34,True,0.075,True,0.01375,False,0.52,7.5,Data obfuscation: coarsened location; privacy exposure -0.14; Transport Layer Security: reduced tampering probability; latency +6 ms; Virtual objects: sensor and actuator abstractions enabled
EXP_20260507_152111_a31077,1,45,45.0,7,porter,117.519,37.291,94.907,1.892,Radiology-zone,0.788,none,False,0.2988,False,none,0.65,42.427,13.638,56.065,False,0.20975,0.66667,0.35,0.65,0.64,0.45,0.34,True,0.075,False,0.01375,False,0.52,7.5,Data obfuscation: coarsened location; privacy exposure -0.14; Transport Layer Security: reduced tampering probability; latency +6 ms; Virtual objects: sensor and actuator abstractions enabled
EXP_20260507_152111_a31077,1,45,45.0,8,porter,106.23,37.158,95.702,1.438,Radiology-zone,0.573,none,False,0.1859,False,none,0.65,46.235,16.217,62.452,False,0.20975,0.66667,0.35,0.65,0.64,0.45,0.34,True,0.075,False,0.01375,False,0.52,7.5,Data obfuscation: coarsened location; privacy exposure -0.14; Transport Layer Security: reduced tampering probability; latency +6 ms; Virtual objects: sensor and actuator abstractions enabled
EXP_20260507_152111_a31077,1,45,45.0,9,technician,100.762,37.364,96.288,0.812,Ward-A-zone,0.351,none,False,0.1605,False,none,0.65,59.57,16.342,75.912,False,0.20975,0.66667,0.35,0.65,0.64,0.45,0.34,True,0.075,False,0.01375,False,0.52,7.5,Data obfuscation: coarsened location; privacy exposure -0.14; Transport Layer Security: reduced tampering probability; latency +6 ms; Virtual objects: sensor and actuator abstractions enabled
EXP_20260507_152111_a31077,1,45,45.0,10,nurse,112.073,37.541,95.698,1.545,Pharmacy-zone,0.728,none,False,0.2577,False,none,0.65,45.038,15.852,60.89,False,0.20975,0.66667,0.35,0.65,0.64,0.45,0.34,True,0.075,True,0.01375,False,0.52,7.5,Data obfuscation: coarsened location; privacy exposure -0.14; Transport Layer Security: reduced tampering probability; latency +6 ms; Virtual objects: sensor and actuator abstractions enabled
EXP_20260507_152111_a31077,1,45,45.0,11,cleaning_staff,99.255,37.018,93.704,0.564,Emergency-zone,0.233,none,False,0.2377,False,none,0.65,54.989,16.251,71.24,False,0.20975,0.66667,0.35,0.65,0.64,0.45,0.34,True,0.075,False,0.01375,False,0.52,7.5,Data obfuscation: coarsened location; privacy exposure -0.14; Transport Layer Security: reduced tampering probability; latency +6 ms; Virtual objects: sensor and actuator abstractions enabled
EXP_20260507_152111_a31077,1,45,45.0,12,technician,103.188,37.373,95.491,1.671,Pharmacy-zone,0.501,none,False,0.2087,False,none,0.65,54.868,13.421,68.289,False,0.20975,0.66667,0.35,0.65,0.64,0.45,0.34,True,0.075,False,0.01375,False,0.52,7.5,Data obfuscation: coarsened location; privacy exposure -0.14; Transport Layer Security: reduced tampering probability; latency +6 ms; Virtual objects: sensor and actuator abstractions enabled
EXP_20260507_152111_a31077,1,45,45.0,13,physician,103.413,37.003,95.65,1.271,ICU-zone,0.563,none,False,0.2276,False,none,0.65,44.8,15.235,60.035,False,0.20975,0.66667,0.35,0.65,0.64,0.45,0.34,True,0.075,False,0.01375,False,0.52,7.5,Data obfuscation: coarsened location; privacy exposure -0.14; Transport Layer Security: reduced tampering probability; latency +6 ms; Virtual objects: sensor and actuator abstractions enabled
EXP_20260507_152111_a31077,1,45,45.0,14,technician,104.845,37.131,95.281,1.596,Radiology-zone,0.566,none,False,0.1978,False,none,0.65,57.13,16.236,73.365,False,0.20975,0.66667,0.35,0.65,0.64,0.45,0.34,True,0.075,False,0.01375,False,0.52,7.5,Data obfuscation: coarsened location; privacy exposure -0.14; Transport Layer Security: reduced tampering probability; latency +6 ms; Virtual objects: sensor and actuator abstractions enabled
EXP_20260507_152111_a31077,1,45,45.0,15,physician,103.072,37.593,93.664,1.391,ICU-zone,0.586,none,False,0.3268,False,none,0.65,51.008,17.359,68.368,False,0.20975,0.66667,0.35,0.65,0.64,0.45,0.34,True,0.075,False,0.01375,False,0.52,7.5,Data obfuscation: coarsened location; privacy exposure -0.14; Transport Layer Security: reduced tampering probability; latency +6 ms; Virtual objects: sensor and actuator abstractions enabled
EXP_20260507_152111_a31077,1,45,45.0,16,physician,103.264,37.367,93.836,1.799,Radiology-zone,0.587,none,False,0.261,False,none,0.65,62.422,13.417,75.84,False,0.20975,0.66667,0.35,0.65,0.64,0.45,0.34,True,0.075,False,0.01375,False,0.52,7.5,Data obfuscation: coarsened location; privacy exposure -0.14; Transport Layer Security: reduced tampering probability; latency +6 ms; Virtual objects: sensor and actuator abstractions enabled
EXP_20260507_152111_a31077,1,45,45.0,17,porter,108.845,37.19,93.605,1.306,Ward-B-zone,0.594,none,False,0.2463,False,none,0.65,66.33,15.907,82.236,False,0.20975,0.66667,0.35,0.65,0.64,0.45,0.34,True,0.075,False,0.01375,False,0.52,7.5,Data obfuscation: coarsened location; privacy exposure -0.14; Transport Layer Security: reduced tampering probability; latency +6 ms; Virtual objects: sensor and actuator abstractions enabled
EXP_20260507_152111_a31077,1,45,45.0,18,physician,125.002,37.46,93.559,2.153,Radiology-zone,0.727,none,False,0.3839,False,none,0.65,64.423,14.125,78.548,False,0.20975,0.66667,0.35,0.65,0.64,0.45,0.34,True,0.075,False,0.01375,False,0.52,7.5,Data obfuscation: coarsened location; privacy exposure -0.14; Transport Layer Security: reduced tampering probability; latency +6 ms; Virtual objects: sensor and actuator abstractions enabled
EXP_20260507_152111_a31077,1,45,45.0,19,nurse,96.722,37.494,94.568,0.83,Surgery-zone,0.178,none,False,0.2469,False,none,0.65,60.091,13.607,73.698,False,0.20975,0.66667,0.35,0.65,0.64,0.45,0.34,True,0.075,False,0.01375,False,0.52,7.5,Data obfuscation: coarsened location; privacy exposure -0.14; Transport Layer Security: reduced tampering probability; latency +6 ms; Virtual objects: sensor and actuator abstractions enabled
EXP_20260507_152111_a31077,1,45,45.0,20,technician,105.922,37.185,93.637,1.2,Surgery-zone,0.388,none,False,0.288,False,none,0.65,66.682,17.476,84.158,False,0.20975,0.66667,0.35,0.65,0.64,0.45,0.34,True,0.075,False,0.01375,False,0.52,7.5,Data obfuscation: coarsened location; privacy exposure -0.14; Transport Layer Security: reduced tampering probability; latency +6 ms; Virtual objects: sensor and actuator abstractions enabled
EXP_20260507_152111_a31077,1,46,46.0,1,nurse,91.841,37.332,96.53,0.644,Pharmacy-zone,0.43,none,False,0.1313,False,none,0.65,58.501,17.071,75.572,False,0.20975,0.66667,0.35,0.65,0.64,0.45,0.34,True,0.075,False,0.01375,False,0.52,7.5,Data obfuscation: coarsened location; privacy exposure -0.14; Transport Layer Security: reduced tampering probability; latency +6 ms; Virtual objects: sensor and actuator abstractions enabled
EXP_20260507_152111_a31077,1,46,46.0,2,porter,105.79,37.1,95.881,1.311,Pharmacy-zone,0.583,none,False,0.1733,False,none,0.65,51.95,16.446,68.396,False,0.20975,0.66667,0.35,0.65,0.64,0.45,0.34,True,0.075,False,0.01375,False,0.52,7.5,Data obfuscation: coarsened location; privacy exposure -0.14; Transport Layer Security: reduced tampering probability; latency +6 ms; Virtual objects: sensor and actuator abstractions enabled
EXP_20260507_152111_a31077,1,46,46.0,3,technician,104.104,37.464,94.056,1.609,Ward-A-zone,0.723,none,False,0.2648,False,none,0.65,45.86,16.627,62.487,False,0.20975,0.66667,0.35,0.65,0.64,0.45,0.34,True,0.075,False,0.01375,False,0.52,7.5,Data obfuscation: coarsened location; privacy exposure -0.14; Transport Layer Security: reduced tampering probability; latency +6 ms; Virtual objects: sensor and actuator abstractions enabled
EXP_20260507_152111_a31077,1,46,46.0,4,porter,119.497,37.334,94.336,1.436,Surgery-zone,0.672,none,False,0.3543,False,none,0.65,47.238,15.376,62.614,False,0.20975,0.66667,0.35,0.65,0.64,0.45,0.34,True,0.075,True,0.01375,False,0.52,7.5,Data obfuscation: coarsened location; privacy exposure -0.14; Transport Layer Security: reduced tampering probability; latency +6 ms; Virtual objects: sensor and actuator abstractions enabled
EXP_20260507_152111_a31077,1,46,46.0,5,technician,105.558,37.747,94.625,0.999,Emergency-zone,0.434,none,False,0.3165,False,none,0.65,57.029,17.772,74.801,False,0.20975,0.66667,0.35,0.65,0.64,0.45,0.34,True,0.075,False,0.01375,False,0.52,7.5,Data obfuscation: coarsened location; privacy exposure -0.14; Transport Layer Security: reduced tampering probability; latency +6 ms; Virtual objects: sensor and actuator abstractions enabled
EXP_20260507_152111_a31077,1,46,46.0,6,porter,113.225,37.244,93.773,1.371,Emergency-zone,0.778,none,False,0.3423,False,none,0.65,54.739,15.559,70.298,False,0.20975,0.66667,0.35,0.65,0.64,0.45,0.34,True,0.075,False,0.01375,False,0.52,7.5,Data obfuscation: coarsened location; privacy exposure -0.14; Transport Layer Security: reduced tampering probability; latency +6 ms; Virtual objects: sensor and actuator abstractions enabled
EXP_20260507_152111_a31077,1,46,46.0,7,porter,114.546,37.224,95.236,1.539,Radiology-zone,0.656,none,False,0.2439,False,none,0.65,48.259,20.924,69.183,False,0.20975,0.66667,0.35,0.65,0.64,0.45,0.34,True,0.075,False,0.01375,False,0.52,7.5,Data obfuscation: coarsened location; privacy exposure -0.14; Transport Layer Security: reduced tampering probability; latency +6 ms; Virtual objects: sensor and actuator abstractions enabled
EXP_20260507_152111_a31077,1,46,46.0,8,porter,106.331,37.206,95.75,1.023,Emergency-zone,0.56,none,False,0.2534,False,none,0.65,67.47,20.217,87.687,False,0.20975,0.66667,0.35,0.65,0.64,0.45,0.34,True,0.075,True,0.01375,False,0.52,7.5,Data obfuscation: coarsened location; privacy exposure -0.14; Transport Layer Security: reduced tampering probability; latency +6 ms; Virtual objects: sensor and actuator abstractions enabled
EXP_20260507_152111_a31077,1,46,46.0,9,technician,101.607,37.285,96.013,0.902,Ward-A-zone,0.392,none,False,0.1593,False,none,0.65,69.3,13.168,82.467,False,0.20975,0.66667,0.35,0.65,0.64,0.45,0.34,True,0.075,False,0.01375,False,0.52,7.5,Data obfuscation: coarsened location; privacy exposure -0.14; Transport Layer Security: reduced tampering probability; latency +6 ms; Virtual objects: sensor and actuator abstractions enabled
EXP_20260507_152111_a31077,1,46,46.0,10,nurse,116.078,37.58,95.482,1.491,Pharmacy-zone,0.861,none,False,0.0,False,no_assessment_packet_loss,0.65,39.149,0.0,39.149,True,0.20975,0.66667,0.35,0.65,0.64,0.45,0.34,True,0.075,False,0.01375,False,0.52,7.5,Data obfuscation: coarsened location; privacy exposure -0.14; Transport Layer Security: reduced tampering probability; latency +6 ms; Virtual objects: sensor and actuator abstractions enabled
EXP_20260507_152111_a31077,1,46,46.0,11,cleaning_staff,101.367,36.973,93.811,0.77,Emergency-zone,0.273,none,False,0.2437,False,none,0.65,50.886,17.215,68.101,False,0.20975,0.66667,0.35,0.65,0.64,0.45,0.34,True,0.075,False,0.01375,False,0.52,7.5,Data obfuscation: coarsened location; privacy exposure -0.14; Transport Layer Security: reduced tampering probability; latency +6 ms; Virtual objects: sensor and actuator abstractions enabled
EXP_20260507_152111_a31077,1,46,46.0,12,technician,104.605,37.393,95.76,0.706,Radiology-zone,0.528,none,False,0.1942,False,none,0.65,59.475,18.526,78.001,False,0.20975,0.66667,0.35,0.65,0.64,0.45,0.34,True,0.075,False,0.01375,False,0.52,7.5,Data obfuscation: coarsened location; privacy exposure -0.14; Transport Layer Security: reduced tampering probability; latency +6 ms; Virtual objects: sensor and actuator abstractions enabled
EXP_20260507_152111_a31077,1,46,46.0,13,physician,101.198,36.953,95.385,2.17,ICU-zone,0.475,none,False,0.2673,False,none,0.65,49.36,16.105,65.465,False,0.20975,0.66667,0.35,0.65,0.64,0.45,0.34,True,0.075,False,0.01375,False,0.52,7.5,Data obfuscation: coarsened location; privacy exposure -0.14; Transport Layer Security: reduced tampering probability; latency +6 ms; Virtual objects: sensor and actuator abstractions enabled
EXP_20260507_152111_a31077,1,46,46.0,14,technician,106.734,37.634,92.716,0.738,Ward-A-zone,0.478,high_fatigue,True,0.2912,False,none,0.65,64.309,17.798,82.108,False,0.20975,0.66667,0.35,0.65,0.64,0.45,0.34,True,0.075,False,0.01375,False,0.52,7.5,Data obfuscation: coarsened location; privacy exposure -0.14; Transport Layer Security: reduced tampering probability; latency +6 ms; Virtual objects: sensor and actuator abstractions enabled
EXP_20260507_152111_a31077,1,46,46.0,15,physician,101.954,37.528,93.667,1.415,ICU-zone,0.491,none,False,0.3116,False,none,0.65,41.209,16.846,58.055,False,0.20975,0.66667,0.35,0.65,0.64,0.45,0.34,True,0.075,False,0.01375,False,0.52,7.5,Data obfuscation: coarsened location; privacy exposure -0.14; Transport Layer Security: reduced tampering probability; latency +6 ms; Virtual objects: sensor and actuator abstractions enabled
EXP_20260507_152111_a31077,1,46,46.0,16,physician,96.325,37.282,93.656,0.898,Radiology-zone,0.269,none,False,0.0,False,no_assessment_packet_loss,0.65,48.179,0.0,48.179,True,0.20975,0.66667,0.35,0.65,0.64,0.45,0.34,True,0.075,False,0.01375,False,0.52,7.5,Data obfuscation: coarsened location; privacy exposure -0.14; Transport Layer Security: reduced tampering probability; latency +6 ms; Virtual objects: sensor and actuator abstractions enabled
EXP_20260507_152111_a31077,1,46,46.0,17,porter,107.749,37.173,93.371,0.964,Surgery-zone,0.536,none,False,0.3097,False,none,0.65,54.994,15.713,70.708,False,0.20975,0.66667,0.35,0.65,0.64,0.45,0.34,True,0.075,False,0.01375,False,0.52,7.5,Data obfuscation: coarsened location; privacy exposure -0.14; Transport Layer Security: reduced tampering probability; latency +6 ms; Virtual objects: sensor and actuator abstractions enabled
EXP_20260507_152111_a31077,1,46,46.0,18,physician,121.886,37.397,93.765,1.602,Radiology-zone,0.597,none,False,0.3198,False,none,0.65,47.619,20.271,67.89,False,0.20975,0.66667,0.35,0.65,0.64,0.45,0.34,True,0.075,False,0.01375,False,0.52,7.5,Data obfuscation: coarsened location; privacy exposure -0.14; Transport Layer Security: reduced tampering probability; latency +6 ms; Virtual objects: sensor and actuator abstractions enabled
EXP_20260507_152111_a31077,1,46,46.0,19,nurse,109.785,37.639,93.947,1.717,Surgery-zone,0.663,none,False,0.3728,False,none,0.65,55.894,18.856,74.75,False,0.20975,0.66667,0.35,0.65,0.64,0.45,0.34,True,0.075,False,0.01375,False,0.52,7.5,Data obfuscation: coarsened location; privacy exposure -0.14; Transport Layer Security: reduced tampering probability; latency +6 ms; Virtual objects: sensor and actuator abstractions enabled
EXP_20260507_152111_a31077,1,46,46.0,20,technician,107.317,37.194,93.613,1.052,Surgery-zone,0.391,none,False,0.2945,False,none,0.65,47.99,20.129,68.119,False,0.20975,0.66667,0.35,0.65,0.64,0.45,0.34,True,0.075,False,0.01375,False,0.52,7.5,Data obfuscation: coarsened location; privacy exposure -0.14; Transport Layer Security: reduced tampering probability; latency +6 ms; Virtual objects: sensor and actuator abstractions enabled
EXP_20260507_152111_a31077,1,47,47.0,1,nurse,100.553,38.657,96.154,0.619,Pharmacy-zone,0.167,heat_stress,True,0.262,False,none,0.65,50.168,16.571,66.739,False,0.20975,0.66667,0.35,0.65,0.64,0.45,0.34,True,0.075,False,0.01375,False,0.52,7.5,Data obfuscation: coarsened location; privacy exposure -0.14; Transport Layer Security: reduced tampering probability; latency +6 ms; Virtual objects: sensor and actuator abstractions enabled
EXP_20260507_152111_a31077,1,47,47.0,2,porter,111.394,37.158,95.773,1.457,Pharmacy-zone,0.777,none,False,0.2174,False,none,0.65,34.757,14.642,49.398,False,0.20975,0.66667,0.35,0.65,0.64,0.45,0.34,True,0.075,False,0.01375,False,0.52,7.5,Data obfuscation: coarsened location; privacy exposure -0.14; Transport Layer Security: reduced tampering probability; latency +6 ms; Virtual objects: sensor and actuator abstractions enabled
EXP_20260507_152111_a31077,1,47,47.0,3,technician,95.242,37.328,94.105,0.67,Ward-A-zone,0.345,none,False,0.1818,False,none,0.65,63.22,16.242,79.462,False,0.20975,0.66667,0.35,0.65,0.64,0.45,0.34,True,0.075,False,0.01375,False,0.52,7.5,Data obfuscation: coarsened location; privacy exposure -0.14; Transport Layer Security: reduced tampering probability; latency +6 ms; Virtual objects: sensor and actuator abstractions enabled
EXP_20260507_152111_a31077,1,47,47.0,4,porter,108.173,37.222,94.746,0.85,Surgery-zone,0.246,none,False,0.0,False,no_assessment_packet_loss,0.65,53.002,0.0,53.002,True,0.20975,0.66667,0.35,0.65,0.64,0.45,0.34,True,0.075,False,0.01375,False,0.52,7.5,Data obfuscation: coarsened location; privacy exposure -0.14; Transport Layer Security: reduced tampering probability; latency +6 ms; Virtual objects: sensor and actuator abstractions enabled
EXP_20260507_152111_a31077,1,47,47.0,5,technician,107.213,37.804,94.663,0.758,Emergency-zone,0.497,none,False,0.3308,False,none,0.65,47.301,16.005,63.306,False,0.20975,0.66667,0.35,0.65,0.64,0.45,0.34,True,0.075,False,0.01375,False,0.52,7.5,Data obfuscation: coarsened location; privacy exposure -0.14; Transport Layer Security: reduced tampering probability; latency +6 ms; Virtual objects: sensor and actuator abstractions enabled
EXP_20260507_152111_a31077,1,47,47.0,6,porter,108.535,37.15,94.006,1.239,Emergency-zone,0.587,none,False,0.299,False,none,0.65,57.016,13.945,70.962,False,0.20975,0.66667,0.35,0.65,0.64,0.45,0.34,True,0.075,False,0.01375,False,0.52,7.5,Data obfuscation: coarsened location; privacy exposure -0.14; Transport Layer Security: reduced tampering probability; latency +6 ms; Virtual objects: sensor and actuator abstractions enabled
EXP_20260507_152111_a31077,1,47,47.0,7,porter,125.73,37.139,93.188,5.027,Laboratory-zone,0.339,fall,True,0.467,False,none,0.65,42.592,15.329,57.921,False,0.20975,0.66667,0.35,0.65,0.64,0.45,0.34,True,0.075,False,0.01375,False,0.52,7.5,Data obfuscation: coarsened location; privacy exposure -0.14; Transport Layer Security: reduced tampering probability; latency +6 ms; Virtual objects: sensor and actuator abstractions enabled
EXP_20260507_152111_a31077,1,47,47.0,8,porter,107.059,38.008,99.352,2.361,Emergency-zone,0.845,none,False,0.3997,False,none,0.65,52.078,18.053,70.131,False,0.20975,0.66667,0.35,0.65,0.64,0.45,0.34,True,0.075,False,0.01375,True,0.52,7.5,Data obfuscation: coarsened location; privacy exposure -0.14; Transport Layer Security: reduced tampering probability; latency +6 ms; Virtual objects: sensor and actuator abstractions enabled
EXP_20260507_152111_a31077,1,47,47.0,9,technician,104.081,37.356,95.989,0.971,Ward-A-zone,0.48,none,False,0.1805,False,none,0.65,54.018,14.66,68.678,False,0.20975,0.66667,0.35,0.65,0.64,0.45,0.34,True,0.075,False,0.01375,False,0.52,7.5,Data obfuscation: coarsened location; privacy exposure -0.14; Transport Layer Security: reduced tampering probability; latency +6 ms; Virtual objects: sensor and actuator abstractions enabled
EXP_20260507_152111_a31077,1,47,47.0,10,nurse,109.696,37.491,95.477,2.271,Laboratory-zone,0.601,none,False,0.2863,False,none,0.65,60.53,16.849,77.379,False,0.20975,0.66667,0.35,0.65,0.64,0.45,0.34,True,0.075,False,0.01375,False,0.52,7.5,Data obfuscation: coarsened location; privacy exposure -0.14; Transport Layer Security: reduced tampering probability; latency +6 ms; Virtual objects: sensor and actuator abstractions enabled
EXP_20260507_152111_a31077,1,47,47.0,11,cleaning_staff,98.711,37.03,93.947,0.594,Emergency-zone,0.178,none,False,0.2274,False,none,0.65,48.28,15.812,64.092,False,0.20975,0.66667,0.35,0.65,0.64,0.45,0.34,True,0.075,False,0.01375,False,0.52,7.5,Data obfuscation: coarsened location; privacy exposure -0.14; Transport Layer Security: reduced tampering probability; latency +6 ms; Virtual objects: sensor and actuator abstractions enabled
EXP_20260507_152111_a31077,1,47,47.0,12,technician,122.218,38.612,94.937,0.845,Radiology-zone,0.587,heat_stress,True,0.388,False,none,0.65,46.751,14.71,61.462,False,0.20975,0.66667,0.35,0.65,0.64,0.45,0.34,True,0.075,False,0.01375,False,0.52,7.5,Data obfuscation: coarsened location; privacy exposure -0.14; Transport Layer Security: reduced tampering probability; latency +6 ms; Virtual objects: sensor and actuator abstractions enabled
EXP_20260507_152111_a31077,1,47,47.0,13,physician,106.944,37.099,95.352,1.551,ICU-zone,0.69,none,False,0.2734,False,none,0.65,63.946,15.714,79.66,False,0.20975,0.66667,0.35,0.65,0.64,0.45,0.34,True,0.075,False,0.01375,False,0.52,7.5,Data obfuscation: coarsened location; privacy exposure -0.14; Transport Layer Security: reduced tampering probability; latency +6 ms; Virtual objects: sensor and actuator abstractions enabled
EXP_20260507_152111_a31077,1,47,47.0,14,technician,104.579,37.118,95.432,2.135,Radiology-zone,0.556,none,False,0.2247,False,none,0.65,40.598,17.494,58.092,False,0.20975,0.66667,0.35,0.65,0.64,0.45,0.34,True,0.075,False,0.01375,False,0.52,7.5,Data obfuscation: coarsened location; privacy exposure -0.14; Transport Layer Security: reduced tampering probability; latency +6 ms; Virtual objects: sensor and actuator abstractions enabled
EXP_20260507_152111_a31077,1,47,47.0,15,physician,107.98,37.634,93.7,1.968,ICU-zone,0.724,none,False,0.3912,False,none,0.65,49.145,15.861,65.006,False,0.20975,0.66667,0.35,0.65,0.64,0.45,0.34,True,0.075,False,0.01375,False,0.52,7.5,Data obfuscation: coarsened location; privacy exposure -0.14; Transport Layer Security: reduced tampering probability; latency +6 ms; Virtual objects: sensor and actuator abstractions enabled
EXP_20260507_152111_a31077,1,47,47.0,16,physician,103.725,37.365,93.468,1.963,Radiology-zone,0.555,none,False,0.279,False,none,0.65,64.879,18.338,83.217,False,0.20975,0.66667,0.35,0.65,0.64,0.45,0.34,True,0.075,False,0.01375,False,0.52,7.5,Data obfuscation: coarsened location; privacy exposure -0.14; Transport Layer Security: reduced tampering probability; latency +6 ms; Virtual objects: sensor and actuator abstractions enabled
EXP_20260507_152111_a31077,1,47,47.0,17,porter,106.077,37.161,93.246,0.789,Emergency-zone,0.461,none,False,0.3005,False,none,0.65,54.87,16.404,71.274,False,0.20975,0.66667,0.35,0.65,0.64,0.45,0.34,True,0.075,False,0.01375,False,0.52,7.5,Data obfuscation: coarsened location; privacy exposure -0.14; Transport Layer Security: reduced tampering probability; latency +6 ms; Virtual objects: sensor and actuator abstractions enabled
EXP_20260507_152111_a31077,1,47,47.0,18,physician,129.086,37.671,91.496,1.786,Ward-A-zone,0.542,high_fatigue,True,0.4304,False,none,0.65,61.544,14.096,75.64,False,0.20975,0.66667,0.35,0.65,0.64,0.45,0.34,True,0.075,False,0.01375,False,0.52,7.5,Data obfuscation: coarsened location; privacy exposure -0.14; Transport Layer Security: reduced tampering probability; latency +6 ms; Virtual objects: sensor and actuator abstractions enabled
EXP_20260507_152111_a31077,1,47,47.0,19,nurse,102.003,37.606,93.994,1.708,Surgery-zone,0.361,none,False,0.3204,False,none,0.65,58.997,18.797,77.793,False,0.20975,0.66667,0.35,0.65,0.64,0.45,0.34,True,0.075,False,0.01375,False,0.52,7.5,Data obfuscation: coarsened location; privacy exposure -0.14; Transport Layer Security: reduced tampering probability; latency +6 ms; Virtual objects: sensor and actuator abstractions enabled
EXP_20260507_152111_a31077,1,47,47.0,20,technician,108.389,37.246,93.444,1.127,Surgery-zone,0.436,none,False,0.31,False,none,0.65,66.282,14.652,80.934,False,0.20975,0.66667,0.35,0.65,0.64,0.45,0.34,True,0.075,False,0.01375,False,0.52,7.5,Data obfuscation: coarsened location; privacy exposure -0.14; Transport Layer Security: reduced tampering probability; latency +6 ms; Virtual objects: sensor and actuator abstractions enabled
EXP_20260507_152111_a31077,1,48,48.0,1,nurse,82.289,37.204,96.497,0.729,Pharmacy-zone,0.078,none,False,0.0721,False,none,0.65,48.024,16.514,64.538,False,0.20975,0.66667,0.35,0.65,0.64,0.45,0.34,True,0.075,False,0.01375,False,0.52,7.5,Data obfuscation: coarsened location; privacy exposure -0.14; Transport Layer Security: reduced tampering probability; latency +6 ms; Virtual objects: sensor and actuator abstractions enabled
EXP_20260507_152111_a31077,1,48,48.0,2,porter,108.065,37.167,95.852,1.823,Pharmacy-zone,0.649,none,False,0.2185,False,none,0.65,40.367,13.203,53.57,False,0.20975,0.66667,0.35,0.65,0.64,0.45,0.34,True,0.075,False,0.01375,False,0.52,7.5,Data obfuscation: coarsened location; privacy exposure -0.14; Transport Layer Security: reduced tampering probability; latency +6 ms; Virtual objects: sensor and actuator abstractions enabled
EXP_20260507_152111_a31077,1,48,48.0,3,technician,103.12,37.478,94.15,1.456,Ward-A-zone,0.662,none,False,0.2467,False,none,0.65,46.853,16.714,63.567,False,0.20975,0.66667,0.35,0.65,0.64,0.45,0.34,True,0.075,True,0.01375,False,0.52,7.5,Data obfuscation: coarsened location; privacy exposure -0.14; Transport Layer Security: reduced tampering probability; latency +6 ms; Virtual objects: sensor and actuator abstractions enabled
EXP_20260507_152111_a31077,1,48,48.0,4,porter,117.716,37.347,94.374,1.79,Surgery-zone,0.612,none,False,0.3661,False,none,0.65,50.94,18.315,69.255,False,0.20975,0.66667,0.35,0.65,0.64,0.45,0.34,True,0.075,False,0.01375,False,0.52,7.5,Data obfuscation: coarsened location; privacy exposure -0.14; Transport Layer Security: reduced tampering probability; latency +6 ms; Virtual objects: sensor and actuator abstractions enabled
EXP_20260507_152111_a31077,1,48,48.0,5,technician,105.747,37.817,94.799,1.294,Emergency-zone,0.434,none,False,0.3193,False,none,0.65,41.656,13.662,55.318,False,0.20975,0.66667,0.35,0.65,0.64,0.45,0.34,True,0.075,False,0.01375,False,0.52,7.5,Data obfuscation: coarsened location; privacy exposure -0.14; Transport Layer Security: reduced tampering probability; latency +6 ms; Virtual objects: sensor and actuator abstractions enabled
EXP_20260507_152111_a31077,1,48,48.0,6,porter,111.177,37.224,93.862,1.348,Emergency-zone,0.669,none,False,0.3237,False,none,0.65,60.971,17.007,77.978,False,0.20975,0.66667,0.35,0.65,0.64,0.45,0.34,True,0.075,False,0.01375,False,0.52,7.5,Data obfuscation: coarsened location; privacy exposure -0.14; Transport Layer Security: reduced tampering probability; latency +6 ms; Virtual objects: sensor and actuator abstractions enabled
EXP_20260507_152111_a31077,1,48,48.0,7,porter,115.304,37.262,94.871,1.2,Radiology-zone,0.661,none,False,0.2503,False,none,0.65,52.068,16.872,68.941,False,0.20975,0.66667,0.35,0.65,0.64,0.45,0.34,True,0.075,False,0.01375,False,0.52,7.5,Data obfuscation: coarsened location; privacy exposure -0.14; Transport Layer Security: reduced tampering probability; latency +6 ms; Virtual objects: sensor and actuator abstractions enabled
EXP_20260507_152111_a31077,1,48,48.0,8,porter,109.638,37.293,95.874,1.351,Emergency-zone,0.696,none,False,0.279,False,none,0.65,30.816,13.437,44.253,False,0.20975,0.66667,0.35,0.65,0.64,0.45,0.34,True,0.075,True,0.01375,False,0.52,7.5,Data obfuscation: coarsened location; privacy exposure -0.14; Transport Layer Security: reduced tampering probability; latency +6 ms; Virtual objects: sensor and actuator abstractions enabled
EXP_20260507_152111_a31077,1,48,48.0,9,technician,103.439,37.34,96.292,1.204,Ward-A-zone,0.447,none,False,0.1743,False,none,0.65,43.825,20.061,63.886,False,0.20975,0.66667,0.35,0.65,0.64,0.45,0.34,True,0.075,False,0.01375,False,0.52,7.5,Data obfuscation: coarsened location; privacy exposure -0.14; Transport Layer Security: reduced tampering probability; latency +6 ms; Virtual objects: sensor and actuator abstractions enabled
EXP_20260507_152111_a31077,1,48,48.0,10,nurse,126.693,37.55,94.864,5.189,Pharmacy-zone,0.624,fall,True,0.4867,False,none,0.65,51.898,16.267,68.165,False,0.20975,0.66667,0.35,0.65,0.64,0.45,0.34,True,0.075,False,0.01375,False,0.52,7.5,Data obfuscation: coarsened location; privacy exposure -0.14; Transport Layer Security: reduced tampering probability; latency +6 ms; Virtual objects: sensor and actuator abstractions enabled
EXP_20260507_152111_a31077,1,48,48.0,11,cleaning_staff,103.668,37.066,93.567,1.155,Emergency-zone,0.375,none,False,0.2704,False,none,0.65,69.141,12.552,81.693,False,0.20975,0.66667,0.35,0.65,0.64,0.45,0.34,True,0.075,False,0.01375,False,0.52,7.5,Data obfuscation: coarsened location; privacy exposure -0.14; Transport Layer Security: reduced tampering probability; latency +6 ms; Virtual objects: sensor and actuator abstractions enabled
EXP_20260507_152111_a31077,1,48,48.0,12,technician,101.805,37.39,95.602,1.087,Radiology-zone,0.415,none,False,0.1802,False,none,0.65,67.524,17.564,85.088,False,0.20975,0.66667,0.35,0.65,0.64,0.45,0.34,True,0.075,False,0.01375,False,0.52,7.5,Data obfuscation: coarsened location; privacy exposure -0.14; Transport Layer Security: reduced tampering probability; latency +6 ms; Virtual objects: sensor and actuator abstractions enabled
EXP_20260507_152111_a31077,1,48,48.0,13,physician,100.653,36.959,95.351,1.094,ICU-zone,0.407,none,False,0.214,False,none,0.65,47.367,14.005,61.372,False,0.20975,0.66667,0.35,0.65,0.64,0.45,0.34,True,0.075,False,0.01375,False,0.52,7.5,Data obfuscation: coarsened location; privacy exposure -0.14; Transport Layer Security: reduced tampering probability; latency +6 ms; Virtual objects: sensor and actuator abstractions enabled
EXP_20260507_152111_a31077,1,48,48.0,14,technician,99.858,37.026,95.286,0.766,Radiology-zone,0.363,none,False,0.1449,False,none,0.65,40.064,16.491,56.555,False,0.20975,0.66667,0.35,0.65,0.64,0.45,0.34,True,0.075,False,0.01375,False,0.52,7.5,Data obfuscation: coarsened location; privacy exposure -0.14; Transport Layer Security: reduced tampering probability; latency +6 ms; Virtual objects: sensor and actuator abstractions enabled
EXP_20260507_152111_a31077,1,48,48.0,15,physician,100.979,37.504,93.932,1.798,ICU-zone,0.494,none,False,0.3235,False,none,0.65,38.368,21.558,59.926,False,0.20975,0.66667,0.35,0.65,0.64,0.45,0.34,True,0.075,False,0.01375,False,0.52,7.5,Data obfuscation: coarsened location; privacy exposure -0.14; Transport Layer Security: reduced tampering probability; latency +6 ms; Virtual objects: sensor and actuator abstractions enabled
EXP_20260507_152111_a31077,1,48,48.0,16,physician,95.049,37.304,93.906,1.035,Radiology-zone,0.226,none,False,0.1757,False,none,0.65,61.216,15.571,76.787,False,0.20975,0.66667,0.35,0.65,0.64,0.45,0.34,True,0.075,False,0.01375,False,0.52,7.5,Data obfuscation: coarsened location; privacy exposure -0.14; Transport Layer Security: reduced tampering probability; latency +6 ms; Virtual objects: sensor and actuator abstractions enabled
EXP_20260507_152111_a31077,1,48,48.0,17,porter,108.016,37.202,93.256,0.996,Surgery-zone,0.567,none,False,0.318,False,none,0.65,39.527,15.783,55.311,False,0.20975,0.66667,0.35,0.65,0.64,0.45,0.34,True,0.075,False,0.01375,False,0.52,7.5,Data obfuscation: coarsened location; privacy exposure -0.14; Transport Layer Security: reduced tampering probability; latency +6 ms; Virtual objects: sensor and actuator abstractions enabled
EXP_20260507_152111_a31077,1,48,48.0,18,physician,119.759,37.369,93.795,1.43,Radiology-zone,0.504,none,False,0.2922,False,none,0.65,47.647,16.44,64.086,False,0.20975,0.66667,0.35,0.65,0.64,0.45,0.34,True,0.075,False,0.01375,False,0.52,7.5,Data obfuscation: coarsened location; privacy exposure -0.14; Transport Layer Security: reduced tampering probability; latency +6 ms; Virtual objects: sensor and actuator abstractions enabled
EXP_20260507_152111_a31077,1,48,48.0,19,nurse,102.054,37.607,94.177,1.146,Surgery-zone,0.376,none,False,0.2983,False,none,0.65,51.281,17.21,68.49,False,0.20975,0.66667,0.35,0.65,0.64,0.45,0.34,True,0.075,False,0.01375,False,0.52,7.5,Data obfuscation: coarsened location; privacy exposure -0.14; Transport Layer Security: reduced tampering probability; latency +6 ms; Virtual objects: sensor and actuator abstractions enabled
EXP_20260507_152111_a31077,1,48,48.0,20,technician,109.075,37.277,93.507,1.417,Surgery-zone,0.475,none,False,0.3174,False,none,0.65,65.668,20.785,86.453,False,0.20975,0.66667,0.35,0.65,0.64,0.45,0.34,True,0.075,False,0.01375,False,0.52,7.5,Data obfuscation: coarsened location; privacy exposure -0.14; Transport Layer Security: reduced tampering probability; latency +6 ms; Virtual objects: sensor and actuator abstractions enabled
EXP_20260507_152111_a31077,1,49,49.0,1,nurse,86.128,37.265,96.811,1.046,Pharmacy-zone,0.224,none,False,0.0913,False,none,0.65,41.857,16.483,58.339,False,0.20975,0.66667,0.35,0.65,0.64,0.45,0.34,True,0.075,False,0.01375,False,0.52,7.5,Data obfuscation: coarsened location; privacy exposure -0.14; Transport Layer Security: reduced tampering probability; latency +6 ms; Virtual objects: sensor and actuator abstractions enabled
EXP_20260507_152111_a31077,1,49,49.0,2,porter,115.04,37.227,95.724,2.212,Pharmacy-zone,0.867,none,False,0.2902,False,none,0.65,54.74,15.418,70.159,False,0.20975,0.66667,0.35,0.65,0.64,0.45,0.34,True,0.075,False,0.01375,False,0.52,7.5,Data obfuscation: coarsened location; privacy exposure -0.14; Transport Layer Security: reduced tampering probability; latency +6 ms; Virtual objects: sensor and actuator abstractions enabled
EXP_20260507_152111_a31077,1,49,49.0,3,technician,105.283,37.482,93.843,2.077,Ward-A-zone,0.752,none,False,0.3064,False,none,0.65,58.387,18.189,76.576,False,0.20975,0.66667,0.35,0.65,0.64,0.45,0.34,True,0.075,False,0.01375,False,0.52,7.5,Data obfuscation: coarsened location; privacy exposure -0.14; Transport Layer Security: reduced tampering probability; latency +6 ms; Virtual objects: sensor and actuator abstractions enabled
EXP_20260507_152111_a31077,1,49,49.0,4,porter,118.831,37.378,94.356,1.615,Surgery-zone,0.634,none,False,0.3639,False,none,0.65,51.001,17.856,68.856,False,0.20975,0.66667,0.35,0.65,0.64,0.45,0.34,True,0.075,False,0.01375,False,0.52,7.5,Data obfuscation: coarsened location; privacy exposure -0.14; Transport Layer Security: reduced tampering probability; latency +6 ms; Virtual objects: sensor and actuator abstractions enabled
EXP_20260507_152111_a31077,1,49,49.0,5,technician,105.395,37.801,94.7,1.583,Laboratory-zone,0.416,none,False,0.2618,False,none,0.65,43.801,15.266,59.067,False,0.20975,0.66667,0.35,0.65,0.64,0.45,0.34,True,0.075,False,0.01375,False,0.52,7.5,Data obfuscation: coarsened location; privacy exposure -0.14; Transport Layer Security: reduced tampering probability; latency +6 ms; Virtual objects: sensor and actuator abstractions enabled
EXP_20260507_152111_a31077,1,49,49.0,6,porter,107.158,37.124,94.083,0.578,Emergency-zone,0.517,none,False,0.2853,False,none,0.65,53.506,16.14,69.646,False,0.20975,0.66667,0.35,0.65,0.64,0.45,0.34,True,0.075,False,0.01375,False,0.52,7.5,Data obfuscation: coarsened location; privacy exposure -0.14; Transport Layer Security: reduced tampering probability; latency +6 ms; Virtual objects: sensor and actuator abstractions enabled
EXP_20260507_152111_a31077,1,49,49.0,7,porter,114.342,37.266,95.005,1.375,Radiology-zone,0.635,none,False,0.2424,False,none,0.65,61.72,18.336,80.056,False,0.20975,0.66667,0.35,0.65,0.64,0.45,0.34,True,0.075,False,0.01375,False,0.52,7.5,Data obfuscation: coarsened location; privacy exposure -0.14; Transport Layer Security: reduced tampering probability; latency +6 ms; Virtual objects: sensor and actuator abstractions enabled
EXP_20260507_152111_a31077,1,49,49.0,8,porter,110.129,37.248,95.707,1.022,Emergency-zone,0.704,none,False,0.2813,False,none,0.65,51.765,14.363,66.128,False,0.20975,0.66667,0.35,0.65,0.64,0.45,0.34,True,0.075,False,0.01375,False,0.52,7.5,Data obfuscation: coarsened location; privacy exposure -0.14; Transport Layer Security: reduced tampering probability; latency +6 ms; Virtual objects: sensor and actuator abstractions enabled
EXP_20260507_152111_a31077,1,49,49.0,9,technician,100.784,37.257,96.194,1.075,Ward-A-zone,0.342,none,False,0.1505,False,none,0.65,56.66,16.903,73.563,False,0.20975,0.66667,0.35,0.65,0.64,0.45,0.34,True,0.075,False,0.01375,False,0.52,7.5,Data obfuscation: coarsened location; privacy exposure -0.14; Transport Layer Security: reduced tampering probability; latency +6 ms; Virtual objects: sensor and actuator abstractions enabled
EXP_20260507_152111_a31077,1,49,49.0,10,nurse,113.174,37.56,95.257,2.201,Pharmacy-zone,0.711,none,False,0.3129,False,none,0.65,49.255,17.525,66.78,False,0.20975,0.66667,0.35,0.65,0.64,0.45,0.34,True,0.075,False,0.01375,False,0.52,7.5,Data obfuscation: coarsened location; privacy exposure -0.14; Transport Layer Security: reduced tampering probability; latency +6 ms; Virtual objects: sensor and actuator abstractions enabled
EXP_20260507_152111_a31077,1,49,49.0,11,cleaning_staff,100.441,36.986,93.567,1.066,Emergency-zone,0.252,none,False,0.2447,False,none,0.65,47.171,20.272,67.444,False,0.20975,0.66667,0.35,0.65,0.64,0.45,0.34,True,0.075,False,0.01375,False,0.52,7.5,Data obfuscation: coarsened location; privacy exposure -0.14; Transport Layer Security: reduced tampering probability; latency +6 ms; Virtual objects: sensor and actuator abstractions enabled
EXP_20260507_152111_a31077,1,49,49.0,12,technician,105.319,37.464,95.582,1.151,Radiology-zone,0.508,none,False,0.2058,False,none,0.65,61.496,18.209,79.706,False,0.20975,0.66667,0.35,0.65,0.64,0.45,0.34,True,0.075,False,0.01375,False,0.52,7.5,Data obfuscation: coarsened location; privacy exposure -0.14; Transport Layer Security: reduced tampering probability; latency +6 ms; Virtual objects: sensor and actuator abstractions enabled
EXP_20260507_152111_a31077,1,49,49.0,13,physician,102.128,36.999,95.374,1.22,ICU-zone,0.489,none,False,0.0,False,no_assessment_packet_loss,0.65,43.22,0.0,43.22,True,0.20975,0.66667,0.35,0.65,0.64,0.45,0.34,True,0.075,False,0.01375,False,0.52,7.5,Data obfuscation: coarsened location; privacy exposure -0.14; Transport Layer Security: reduced tampering probability; latency +6 ms; Virtual objects: sensor and actuator abstractions enabled
EXP_20260507_152111_a31077,1,49,49.0,14,technician,106.507,37.16,95.118,1.452,Radiology-zone,0.59,none,False,0.2028,False,none,0.65,55.988,14.459,70.447,False,0.20975,0.66667,0.35,0.65,0.64,0.45,0.34,True,0.075,False,0.01375,False,0.52,7.5,Data obfuscation: coarsened location; privacy exposure -0.14; Transport Layer Security: reduced tampering probability; latency +6 ms; Virtual objects: sensor and actuator abstractions enabled
EXP_20260507_152111_a31077,1,49,49.0,15,physician,107.986,37.576,93.552,1.814,ICU-zone,0.713,none,False,0.3795,False,none,0.65,52.308,15.94,68.248,False,0.20975,0.66667,0.35,0.65,0.64,0.45,0.34,True,0.075,False,0.01375,False,0.52,7.5,Data obfuscation: coarsened location; privacy exposure -0.14; Transport Layer Security: reduced tampering probability; latency +6 ms; Virtual objects: sensor and actuator abstractions enabled
EXP_20260507_152111_a31077,1,49,49.0,16,physician,98.009,37.302,93.73,1.175,Radiology-zone,0.307,none,False,0.1956,False,none,0.65,45.381,13.773,59.154,False,0.20975,0.66667,0.35,0.65,0.64,0.45,0.34,True,0.075,False,0.01375,False,0.52,7.5,Data obfuscation: coarsened location; privacy exposure -0.14; Transport Layer Security: reduced tampering probability; latency +6 ms; Virtual objects: sensor and actuator abstractions enabled
EXP_20260507_152111_a31077,1,49,49.0,17,porter,142.729,37.392,91.952,3.639,Surgery-zone,1.0,fall,True,0.0,False,no_assessment_packet_loss,0.65,45.892,0.0,45.892,True,0.20975,0.66667,0.35,0.65,0.64,0.45,0.34,True,0.075,False,0.01375,False,0.52,7.5,Data obfuscation: coarsened location; privacy exposure -0.14; Transport Layer Security: reduced tampering probability; latency +6 ms; Virtual objects: sensor and actuator abstractions enabled
EXP_20260507_152111_a31077,1,49,49.0,18,physician,119.752,37.382,93.75,1.288,Radiology-zone,0.497,none,False,0.292,False,none,0.65,53.997,14.801,68.797,False,0.20975,0.66667,0.35,0.65,0.64,0.45,0.34,True,0.075,False,0.01375,False,0.52,7.5,Data obfuscation: coarsened location; privacy exposure -0.14; Transport Layer Security: reduced tampering probability; latency +6 ms; Virtual objects: sensor and actuator abstractions enabled
EXP_20260507_152111_a31077,1,49,49.0,19,nurse,105.288,37.582,93.99,1.302,Surgery-zone,0.483,none,False,0.3191,False,none,0.65,53.508,13.45,66.957,False,0.20975,0.66667,0.35,0.65,0.64,0.45,0.34,True,0.075,False,0.01375,False,0.52,7.5,Data obfuscation: coarsened location; privacy exposure -0.14; Transport Layer Security: reduced tampering probability; latency +6 ms; Virtual objects: sensor and actuator abstractions enabled
EXP_20260507_152111_a31077,1,49,49.0,20,technician,111.383,37.351,93.319,1.002,Surgery-zone,0.527,none,False,0.3389,False,none,0.65,43.047,14.777,57.824,False,0.20975,0.66667,0.35,0.65,0.64,0.45,0.34,True,0.075,False,0.01375,False,0.52,7.5,Data obfuscation: coarsened location; privacy exposure -0.14; Transport Layer Security: reduced tampering probability; latency +6 ms; Virtual objects: sensor and actuator abstractions enabled
EXP_20260507_152111_a31077,1,50,50.0,1,nurse,87.059,37.257,96.452,1.171,Radiology-zone,0.249,none,False,0.0956,False,none,0.65,53.522,18.456,71.977,False,0.20975,0.66667,0.35,0.65,0.64,0.45,0.34,True,0.075,False,0.01375,False,0.52,7.5,Data obfuscation: coarsened location; privacy exposure -0.14; Transport Layer Security: reduced tampering probability; latency +6 ms; Virtual objects: sensor and actuator abstractions enabled
EXP_20260507_152111_a31077,1,50,50.0,2,porter,109.405,37.197,95.804,1.06,Pharmacy-zone,0.7,none,False,0.2044,False,none,0.65,46.475,17.643,64.118,False,0.20975,0.66667,0.35,0.65,0.64,0.45,0.34,True,0.075,False,0.01375,False,0.52,7.5,Data obfuscation: coarsened location; privacy exposure -0.14; Transport Layer Security: reduced tampering probability; latency +6 ms; Virtual objects: sensor and actuator abstractions enabled
EXP_20260507_152111_a31077,1,50,50.0,3,technician,104.055,37.501,94.003,2.219,Ward-A-zone,0.694,none,False,0.3048,False,none,0.65,52.929,8.524,61.453,False,0.20975,0.66667,0.35,0.65,0.64,0.45,0.34,True,0.075,False,0.01375,False,0.52,7.5,Data obfuscation: coarsened location; privacy exposure -0.14; Transport Layer Security: reduced tampering probability; latency +6 ms; Virtual objects: sensor and actuator abstractions enabled
EXP_20260507_152111_a31077,1,50,50.0,4,porter,116.443,37.347,94.46,1.298,Surgery-zone,0.512,none,False,0.3288,False,none,0.65,58.04,16.074,74.115,False,0.20975,0.66667,0.35,0.65,0.64,0.45,0.34,True,0.075,False,0.01375,False,0.52,7.5,Data obfuscation: coarsened location; privacy exposure -0.14; Transport Layer Security: reduced tampering probability; latency +6 ms; Virtual objects: sensor and actuator abstractions enabled
EXP_20260507_152111_a31077,1,50,50.0,5,technician,107.558,37.811,94.96,1.889,Emergency-zone,0.479,none,False,0.3545,False,none,0.65,48.13,15.767,63.897,False,0.20975,0.66667,0.35,0.65,0.64,0.45,0.34,True,0.075,True,0.01375,False,0.52,7.5,Data obfuscation: coarsened location; privacy exposure -0.14; Transport Layer Security: reduced tampering probability; latency +6 ms; Virtual objects: sensor and actuator abstractions enabled
EXP_20260507_152111_a31077,1,50,50.0,6,porter,109.842,37.224,93.948,1.343,Emergency-zone,0.63,none,False,0.3144,False,none,0.65,57.955,18.294,76.25,False,0.20975,0.66667,0.35,0.65,0.64,0.45,0.34,True,0.075,False,0.01375,False,0.52,7.5,Data obfuscation: coarsened location; privacy exposure -0.14; Transport Layer Security: reduced tampering probability; latency +6 ms; Virtual objects: sensor and actuator abstractions enabled
EXP_20260507_152111_a31077,1,50,50.0,7,porter,121.435,37.354,94.915,1.303,Radiology-zone,0.943,none,False,0.2982,False,none,0.65,51.538,17.987,69.525,False,0.20975,0.66667,0.35,0.65,0.64,0.45,0.34,True,0.075,False,0.01375,False,0.52,7.5,Data obfuscation: coarsened location; privacy exposure -0.14; Transport Layer Security: reduced tampering probability; latency +6 ms; Virtual objects: sensor and actuator abstractions enabled
EXP_20260507_152111_a31077,1,50,50.0,8,porter,107.932,37.243,95.628,1.652,Emergency-zone,0.629,none,False,0.2854,False,none,0.65,46.78,19.275,66.055,False,0.20975,0.66667,0.35,0.65,0.64,0.45,0.34,True,0.075,False,0.01375,False,0.52,7.5,Data obfuscation: coarsened location; privacy exposure -0.14; Transport Layer Security: reduced tampering probability; latency +6 ms; Virtual objects: sensor and actuator abstractions enabled
EXP_20260507_152111_a31077,1,50,50.0,9,technician,107.911,37.428,95.953,1.876,Ward-A-zone,0.643,none,False,0.2416,False,none,0.65,51.989,15.528,67.517,False,0.20975,0.66667,0.35,0.65,0.64,0.45,0.34,True,0.075,False,0.01375,False,0.52,7.5,Data obfuscation: coarsened location; privacy exposure -0.14; Transport Layer Security: reduced tampering probability; latency +6 ms; Virtual objects: sensor and actuator abstractions enabled
EXP_20260507_152111_a31077,1,50,50.0,10,nurse,107.589,37.538,95.603,1.144,Pharmacy-zone,0.498,none,False,0.2193,False,none,0.65,61.172,17.733,78.905,False,0.20975,0.66667,0.35,0.65,0.64,0.45,0.34,True,0.075,False,0.01375,False,0.52,7.5,Data obfuscation: coarsened location; privacy exposure -0.14; Transport Layer Security: reduced tampering probability; latency +6 ms; Virtual objects: sensor and actuator abstractions enabled
EXP_20260507_152111_a31077,1,50,50.0,11,cleaning_staff,102.354,37.041,93.588,0.619,Emergency-zone,0.289,none,False,0.2571,False,none,0.65,57.679,16.942,74.621,False,0.20975,0.66667,0.35,0.65,0.64,0.45,0.34,True,0.075,False,0.01375,False,0.52,7.5,Data obfuscation: coarsened location; privacy exposure -0.14; Transport Layer Security: reduced tampering probability; latency +6 ms; Virtual objects: sensor and actuator abstractions enabled
EXP_20260507_152111_a31077,1,50,50.0,12,technician,104.981,37.416,95.441,1.545,Radiology-zone,0.481,none,False,0.2108,False,none,0.65,50.115,16.414,66.529,False,0.20975,0.66667,0.35,0.65,0.64,0.45,0.34,True,0.075,False,0.01375,False,0.52,7.5,Data obfuscation: coarsened location; privacy exposure -0.14; Transport Layer Security: reduced tampering probability; latency +6 ms; Virtual objects: sensor and actuator abstractions enabled
EXP_20260507_152111_a31077,1,50,50.0,13,physician,107.388,37.129,95.485,1.563,ICU-zone,0.626,none,False,0.0,False,no_assessment_packet_loss,0.65,42.262,0.0,42.262,True,0.20975,0.66667,0.35,0.65,0.64,0.45,0.34,True,0.075,False,0.01375,False,0.52,7.5,Data obfuscation: coarsened location; privacy exposure -0.14; Transport Layer Security: reduced tampering probability; latency +6 ms; Virtual objects: sensor and actuator abstractions enabled
EXP_20260507_152111_a31077,1,50,50.0,14,technician,107.625,37.189,95.147,1.805,Radiology-zone,0.64,none,False,0.0,False,no_assessment_packet_loss,0.65,53.242,0.0,53.242,True,0.20975,0.66667,0.35,0.65,0.64,0.45,0.34,True,0.075,True,0.01375,False,0.52,7.5,Data obfuscation: coarsened location; privacy exposure -0.14; Transport Layer Security: reduced tampering probability; latency +6 ms; Virtual objects: sensor and actuator abstractions enabled
EXP_20260507_152111_a31077,1,50,50.0,15,physician,104.764,37.541,93.699,1.737,ICU-zone,0.632,none,False,0.0,False,no_assessment_packet_loss,0.65,68.943,0.0,68.943,True,0.20975,0.66667,0.35,0.65,0.64,0.45,0.34,True,0.075,False,0.01375,False,0.52,7.5,Data obfuscation: coarsened location; privacy exposure -0.14; Transport Layer Security: reduced tampering probability; latency +6 ms; Virtual objects: sensor and actuator abstractions enabled
EXP_20260507_152111_a31077,1,50,50.0,16,physician,126.085,37.496,92.866,4.354,Radiology-zone,0.906,fall,True,0.5456,False,none,0.65,57.792,13.931,71.724,False,0.20975,0.66667,0.35,0.65,0.64,0.45,0.34,True,0.075,False,0.01375,False,0.52,7.5,Data obfuscation: coarsened location; privacy exposure -0.14; Transport Layer Security: reduced tampering probability; latency +6 ms; Virtual objects: sensor and actuator abstractions enabled
EXP_20260507_152111_a31077,1,50,50.0,17,porter,111.91,37.238,93.61,1.885,Surgery-zone,0.654,none,False,0.3624,False,none,0.65,65.31,17.849,83.159,False,0.20975,0.66667,0.35,0.65,0.64,0.45,0.34,True,0.075,False,0.01375,False,0.52,7.5,Data obfuscation: coarsened location; privacy exposure -0.14; Transport Layer Security: reduced tampering probability; latency +6 ms; Virtual objects: sensor and actuator abstractions enabled
EXP_20260507_152111_a31077,1,50,50.0,18,physician,118.675,37.336,93.485,0.775,Radiology-zone,0.447,none,False,0.287,False,none,0.65,69.804,16.319,86.122,False,0.20975,0.66667,0.35,0.65,0.64,0.45,0.34,True,0.075,False,0.01375,False,0.52,7.5,Data obfuscation: coarsened location; privacy exposure -0.14; Transport Layer Security: reduced tampering probability; latency +6 ms; Virtual objects: sensor and actuator abstractions enabled
EXP_20260507_152111_a31077,1,50,50.0,19,nurse,101.54,37.587,94.135,0.947,Surgery-zone,0.331,none,False,0.2927,False,none,0.65,51.25,11.178,62.428,False,0.20975,0.66667,0.35,0.65,0.64,0.45,0.34,True,0.075,False,0.01375,False,0.52,7.5,Data obfuscation: coarsened location; privacy exposure -0.14; Transport Layer Security: reduced tampering probability; latency +6 ms; Virtual objects: sensor and actuator abstractions enabled
EXP_20260507_152111_a31077,1,50,50.0,20,technician,112.752,37.337,93.105,1.519,Surgery-zone,0.559,none,False,0.3572,False,none,0.65,52.731,16.817,69.548,False,0.20975,0.66667,0.35,0.65,0.64,0.45,0.34,True,0.075,False,0.01375,False,0.52,7.5,Data obfuscation: coarsened location; privacy exposure -0.14; Transport Layer Security: reduced tampering probability; latency +6 ms; Virtual objects: sensor and actuator abstractions enabled
EXP_20260507_152111_a31077,1,51,51.0,1,nurse,92.871,37.338,96.263,0.826,Pharmacy-zone,0.483,none,False,0.1391,False,none,0.65,50.611,16.781,67.391,False,0.20975,0.66667,0.35,0.65,0.64,0.45,0.34,True,0.075,False,0.01375,False,0.52,7.5,Data obfuscation: coarsened location; privacy exposure -0.14; Transport Layer Security: reduced tampering probability; latency +6 ms; Virtual objects: sensor and actuator abstractions enabled
EXP_20260507_152111_a31077,1,51,51.0,2,porter,109.776,37.191,96.065,1.586,Pharmacy-zone,0.676,none,False,0.2104,False,none,0.65,55.747,15.459,71.206,False,0.20975,0.66667,0.35,0.65,0.64,0.45,0.34,True,0.075,False,0.01375,False,0.52,7.5,Data obfuscation: coarsened location; privacy exposure -0.14; Transport Layer Security: reduced tampering probability; latency +6 ms; Virtual objects: sensor and actuator abstractions enabled
EXP_20260507_152111_a31077,1,51,51.0,3,technician,104.949,37.488,94.054,1.276,Ward-A-zone,0.71,none,False,0.2562,False,none,0.65,53.714,16.118,69.832,False,0.20975,0.66667,0.35,0.65,0.64,0.45,0.34,True,0.075,False,0.01375,False,0.52,7.5,Data obfuscation: coarsened location; privacy exposure -0.14; Transport Layer Security: reduced tampering probability; latency +6 ms; Virtual objects: sensor and actuator abstractions enabled
EXP_20260507_152111_a31077,1,51,51.0,4,porter,114.216,37.293,94.406,2.055,Surgery-zone,0.406,none,False,0.3506,False,none,0.65,41.739,13.401,55.14,False,0.20975,0.66667,0.35,0.65,0.64,0.45,0.34,True,0.075,False,0.01375,False,0.52,7.5,Data obfuscation: coarsened location; privacy exposure -0.14; Transport Layer Security: reduced tampering probability; latency +6 ms; Virtual objects: sensor and actuator abstractions enabled
EXP_20260507_152111_a31077,1,51,51.0,5,technician,107.731,38.017,92.463,0.893,Emergency-zone,0.346,high_fatigue,True,0.3929,False,none,0.65,54.332,17.261,71.593,False,0.20975,0.66667,0.35,0.65,0.64,0.45,0.34,True,0.075,False,0.01375,False,0.52,7.5,Data obfuscation: coarsened location; privacy exposure -0.14; Transport Layer Security: reduced tampering probability; latency +6 ms; Virtual objects: sensor and actuator abstractions enabled
EXP_20260507_152111_a31077,1,51,51.0,6,porter,116.405,37.323,93.765,2.057,Emergency-zone,0.864,none,False,0.0,False,no_assessment_packet_loss,0.65,46.516,0.0,46.516,True,0.20975,0.66667,0.35,0.65,0.64,0.45,0.34,True,0.075,False,0.01375,False,0.52,7.5,Data obfuscation: coarsened location; privacy exposure -0.14; Transport Layer Security: reduced tampering probability; latency +6 ms; Virtual objects: sensor and actuator abstractions enabled
EXP_20260507_152111_a31077,1,51,51.0,7,porter,108.249,37.162,95.058,0.327,Radiology-zone,0.366,none,False,0.1923,False,none,0.65,46.172,18.343,64.515,False,0.20975,0.66667,0.35,0.65,0.64,0.45,0.34,True,0.075,False,0.01375,False,0.52,7.5,Data obfuscation: coarsened location; privacy exposure -0.14; Transport Layer Security: reduced tampering probability; latency +6 ms; Virtual objects: sensor and actuator abstractions enabled
EXP_20260507_152111_a31077,1,51,51.0,8,porter,110.7,37.25,95.699,1.943,Emergency-zone,0.728,none,False,0.3187,False,none,0.65,68.712,16.308,85.021,False,0.20975,0.66667,0.35,0.65,0.64,0.45,0.34,True,0.075,False,0.01375,False,0.52,7.5,Data obfuscation: coarsened location; privacy exposure -0.14; Transport Layer Security: reduced tampering probability; latency +6 ms; Virtual objects: sensor and actuator abstractions enabled
EXP_20260507_152111_a31077,1,51,51.0,9,technician,96.909,37.234,96.116,0.224,Ward-A-zone,0.187,none,False,0.1243,False,none,0.65,55.633,17.096,72.729,False,0.20975,0.66667,0.35,0.65,0.64,0.45,0.34,True,0.075,False,0.01375,False,0.52,7.5,Data obfuscation: coarsened location; privacy exposure -0.14; Transport Layer Security: reduced tampering probability; latency +6 ms; Virtual objects: sensor and actuator abstractions enabled
EXP_20260507_152111_a31077,1,51,51.0,10,nurse,111.7,37.582,95.42,1.996,Pharmacy-zone,0.63,none,False,0.2878,False,none,0.65,49.299,13.657,62.957,False,0.20975,0.66667,0.35,0.65,0.64,0.45,0.34,True,0.075,False,0.01375,False,0.52,7.5,Data obfuscation: coarsened location; privacy exposure -0.14; Transport Layer Security: reduced tampering probability; latency +6 ms; Virtual objects: sensor and actuator abstractions enabled
EXP_20260507_152111_a31077,1,51,51.0,11,cleaning_staff,105.807,37.07,93.472,1.133,Emergency-zone,0.422,none,False,0.2837,False,none,0.65,48.956,16.933,65.889,False,0.20975,0.66667,0.35,0.65,0.64,0.45,0.34,True,0.075,False,0.01375,False,0.52,7.5,Data obfuscation: coarsened location; privacy exposure -0.14; Transport Layer Security: reduced tampering probability; latency +6 ms; Virtual objects: sensor and actuator abstractions enabled
EXP_20260507_152111_a31077,1,51,51.0,12,technician,102.651,37.407,95.436,1.404,Radiology-zone,0.382,none,False,0.1866,False,none,0.65,52.438,12.681,65.118,False,0.20975,0.66667,0.35,0.65,0.64,0.45,0.34,True,0.075,False,0.01375,False,0.52,7.5,Data obfuscation: coarsened location; privacy exposure -0.14; Transport Layer Security: reduced tampering probability; latency +6 ms; Virtual objects: sensor and actuator abstractions enabled
EXP_20260507_152111_a31077,1,51,51.0,13,physician,99.095,36.995,95.164,1.181,ICU-zone,0.348,none,False,0.209,False,none,0.65,52.84,18.153,70.993,False,0.20975,0.66667,0.35,0.65,0.64,0.45,0.34,True,0.075,False,0.01375,False,0.52,7.5,Data obfuscation: coarsened location; privacy exposure -0.14; Transport Layer Security: reduced tampering probability; latency +6 ms; Virtual objects: sensor and actuator abstractions enabled
EXP_20260507_152111_a31077,1,51,51.0,14,technician,106.094,37.172,95.033,1.381,Radiology-zone,0.57,none,False,0.1999,False,none,0.65,65.17,14.999,80.17,False,0.20975,0.66667,0.35,0.65,0.64,0.45,0.34,True,0.075,False,0.01375,False,0.52,7.5,Data obfuscation: coarsened location; privacy exposure -0.14; Transport Layer Security: reduced tampering probability; latency +6 ms; Virtual objects: sensor and actuator abstractions enabled
EXP_20260507_152111_a31077,1,51,51.0,15,physician,100.408,37.51,93.642,1.12,ICU-zone,0.424,none,False,0.2996,False,none,0.65,48.304,14.855,63.16,False,0.20975,0.66667,0.35,0.65,0.64,0.45,0.34,True,0.075,False,0.01375,False,0.52,7.5,Data obfuscation: coarsened location; privacy exposure -0.14; Transport Layer Security: reduced tampering probability; latency +6 ms; Virtual objects: sensor and actuator abstractions enabled
EXP_20260507_152111_a31077,1,51,51.0,16,physician,101.536,37.357,93.81,1.689,Radiology-zone,0.449,none,False,0.2384,False,none,0.65,56.921,14.945,71.866,False,0.20975,0.66667,0.35,0.65,0.64,0.45,0.34,True,0.075,True,0.01375,False,0.52,7.5,Data obfuscation: coarsened location; privacy exposure -0.14; Transport Layer Security: reduced tampering probability; latency +6 ms; Virtual objects: sensor and actuator abstractions enabled
EXP_20260507_152111_a31077,1,51,51.0,17,porter,107.544,37.193,93.317,0.748,Surgery-zone,0.478,none,False,0.3081,False,none,0.65,45.045,15.835,60.879,False,0.20975,0.66667,0.35,0.65,0.64,0.45,0.34,True,0.075,False,0.01375,False,0.52,7.5,Data obfuscation: coarsened location; privacy exposure -0.14; Transport Layer Security: reduced tampering probability; latency +6 ms; Virtual objects: sensor and actuator abstractions enabled
EXP_20260507_152111_a31077,1,51,51.0,18,physician,122.606,37.353,93.702,1.42,Radiology-zone,0.567,none,False,0.3067,False,none,0.65,37.357,18.468,55.825,False,0.20975,0.66667,0.35,0.65,0.64,0.45,0.34,True,0.075,False,0.01375,False,0.52,7.5,Data obfuscation: coarsened location; privacy exposure -0.14; Transport Layer Security: reduced tampering probability; latency +6 ms; Virtual objects: sensor and actuator abstractions enabled
EXP_20260507_152111_a31077,1,51,51.0,19,nurse,103.579,37.583,93.93,0.869,Surgery-zone,0.392,none,False,0.3084,False,none,0.65,54.557,15.892,70.448,False,0.20975,0.66667,0.35,0.65,0.64,0.45,0.34,True,0.075,False,0.01375,False,0.52,7.5,Data obfuscation: coarsened location; privacy exposure -0.14; Transport Layer Security: reduced tampering probability; latency +6 ms; Virtual objects: sensor and actuator abstractions enabled
EXP_20260507_152111_a31077,1,51,51.0,20,technician,107.425,37.278,93.442,1.199,Surgery-zone,0.346,none,False,0.3034,False,none,0.65,65.387,13.448,78.835,False,0.20975,0.66667,0.35,0.65,0.64,0.45,0.34,True,0.075,False,0.01375,False,0.52,7.5,Data obfuscation: coarsened location; privacy exposure -0.14; Transport Layer Security: reduced tampering probability; latency +6 ms; Virtual objects: sensor and actuator abstractions enabled
EXP_20260507_152111_a31077,1,52,52.0,1,nurse,83.905,37.243,96.71,1.359,Pharmacy-zone,0.143,none,False,0.0799,False,none,0.65,49.252,17.078,66.329,False,0.20975,0.66667,0.35,0.65,0.64,0.45,0.34,True,0.075,False,0.01375,False,0.52,7.5,Data obfuscation: coarsened location; privacy exposure -0.14; Transport Layer Security: reduced tampering probability; latency +6 ms; Virtual objects: sensor and actuator abstractions enabled
EXP_20260507_152111_a31077,1,52,52.0,2,porter,108.624,37.231,95.841,1.023,Pharmacy-zone,0.657,none,False,0.2009,False,none,0.65,42.249,14.773,57.022,False,0.20975,0.66667,0.35,0.65,0.64,0.45,0.34,True,0.075,False,0.01375,False,0.52,7.5,Data obfuscation: coarsened location; privacy exposure -0.14; Transport Layer Security: reduced tampering probability; latency +6 ms; Virtual objects: sensor and actuator abstractions enabled
EXP_20260507_152111_a31077,1,52,52.0,3,technician,104.11,37.461,93.803,1.393,Ward-A-zone,0.646,none,False,0.2524,False,none,0.65,56.917,15.242,72.16,False,0.20975,0.66667,0.35,0.65,0.64,0.45,0.34,True,0.075,False,0.01375,False,0.52,7.5,Data obfuscation: coarsened location; privacy exposure -0.14; Transport Layer Security: reduced tampering probability; latency +6 ms; Virtual objects: sensor and actuator abstractions enabled
EXP_20260507_152111_a31077,1,52,52.0,4,porter,115.727,37.399,94.403,1.323,Radiology-zone,0.471,none,False,0.2622,False,none,0.65,66.285,15.881,82.167,False,0.20975,0.66667,0.35,0.65,0.64,0.45,0.34,True,0.075,False,0.01375,False,0.52,7.5,Data obfuscation: coarsened location; privacy exposure -0.14; Transport Layer Security: reduced tampering probability; latency +6 ms; Virtual objects: sensor and actuator abstractions enabled
EXP_20260507_152111_a31077,1,52,52.0,5,technician,107.883,37.878,94.613,1.264,ICU-zone,0.5,none,False,0.341,False,none,0.65,50.714,17.938,68.652,False,0.20975,0.66667,0.35,0.65,0.64,0.45,0.34,True,0.075,False,0.01375,False,0.52,7.5,Data obfuscation: coarsened location; privacy exposure -0.14; Transport Layer Security: reduced tampering probability; latency +6 ms; Virtual objects: sensor and actuator abstractions enabled
EXP_20260507_152111_a31077,1,52,52.0,6,porter,109.392,37.213,94.049,1.186,Emergency-zone,0.582,none,False,0.3062,False,none,0.65,58.549,18.531,77.079,False,0.20975,0.66667,0.35,0.65,0.64,0.45,0.34,True,0.075,False,0.01375,False,0.52,7.5,Data obfuscation: coarsened location; privacy exposure -0.14; Transport Layer Security: reduced tampering probability; latency +6 ms; Virtual objects: sensor and actuator abstractions enabled
EXP_20260507_152111_a31077,1,52,52.0,7,porter,117.204,37.288,94.982,1.937,Radiology-zone,0.746,none,False,0.2957,False,none,0.65,56.229,16.148,72.377,False,0.20975,0.66667,0.35,0.65,0.64,0.45,0.34,True,0.075,False,0.01375,False,0.52,7.5,Data obfuscation: coarsened location; privacy exposure -0.14; Transport Layer Security: reduced tampering probability; latency +6 ms; Virtual objects: sensor and actuator abstractions enabled
EXP_20260507_152111_a31077,1,52,52.0,8,porter,108.047,37.225,95.859,1.09,Emergency-zone,0.604,none,False,0.2615,False,none,0.65,62.62,15.392,78.012,False,0.20975,0.66667,0.35,0.65,0.64,0.45,0.34,True,0.075,False,0.01375,False,0.52,7.5,Data obfuscation: coarsened location; privacy exposure -0.14; Transport Layer Security: reduced tampering probability; latency +6 ms; Virtual objects: sensor and actuator abstractions enabled
EXP_20260507_152111_a31077,1,52,52.0,9,technician,100.857,37.282,96.025,1.347,Ward-A-zone,0.36,none,False,0.1542,False,none,0.65,57.394,21.605,78.999,False,0.20975,0.66667,0.35,0.65,0.64,0.45,0.34,True,0.075,False,0.01375,False,0.52,7.5,Data obfuscation: coarsened location; privacy exposure -0.14; Transport Layer Security: reduced tampering probability; latency +6 ms; Virtual objects: sensor and actuator abstractions enabled
EXP_20260507_152111_a31077,1,52,52.0,10,nurse,112.348,37.582,95.196,1.136,Pharmacy-zone,0.668,none,False,0.261,False,none,0.65,46.954,15.11,62.064,False,0.20975,0.66667,0.35,0.65,0.64,0.45,0.34,True,0.075,False,0.01375,False,0.52,7.5,Data obfuscation: coarsened location; privacy exposure -0.14; Transport Layer Security: reduced tampering probability; latency +6 ms; Virtual objects: sensor and actuator abstractions enabled
EXP_20260507_152111_a31077,1,52,52.0,11,cleaning_staff,105.851,37.067,93.56,1.41,Emergency-zone,0.447,none,False,0.2837,False,none,0.65,53.221,16.0,69.221,False,0.20975,0.66667,0.35,0.65,0.64,0.45,0.34,True,0.075,False,0.01375,False,0.52,7.5,Data obfuscation: coarsened location; privacy exposure -0.14; Transport Layer Security: reduced tampering probability; latency +6 ms; Virtual objects: sensor and actuator abstractions enabled
EXP_20260507_152111_a31077,1,52,52.0,12,technician,123.158,37.729,92.992,1.22,Radiology-zone,0.455,high_fatigue,True,0.3498,False,none,0.65,51.755,16.663,68.418,False,0.20975,0.66667,0.35,0.65,0.64,0.45,0.34,True,0.075,False,0.01375,False,0.52,7.5,Data obfuscation: coarsened location; privacy exposure -0.14; Transport Layer Security: reduced tampering probability; latency +6 ms; Virtual objects: sensor and actuator abstractions enabled
EXP_20260507_152111_a31077,1,52,52.0,13,physician,100.625,36.98,95.182,1.057,ICU-zone,0.35,none,False,0.2141,False,none,0.65,60.192,16.029,76.221,False,0.20975,0.66667,0.35,0.65,0.64,0.45,0.34,True,0.075,False,0.01375,False,0.52,7.5,Data obfuscation: coarsened location; privacy exposure -0.14; Transport Layer Security: reduced tampering probability; latency +6 ms; Virtual objects: sensor and actuator abstractions enabled
EXP_20260507_152111_a31077,1,52,52.0,14,technician,105.126,37.144,94.867,1.68,Radiology-zone,0.514,none,False,0.2113,False,none,0.65,64.444,20.092,84.536,False,0.20975,0.66667,0.35,0.65,0.64,0.45,0.34,True,0.075,False,0.01375,False,0.52,7.5,Data obfuscation: coarsened location; privacy exposure -0.14; Transport Layer Security: reduced tampering probability; latency +6 ms; Virtual objects: sensor and actuator abstractions enabled
EXP_20260507_152111_a31077,1,52,52.0,15,physician,100.918,37.517,93.676,1.3,ICU-zone,0.468,none,False,0.3042,False,none,0.65,52.935,14.778,67.713,False,0.20975,0.66667,0.35,0.65,0.64,0.45,0.34,True,0.075,False,0.01375,False,0.52,7.5,Data obfuscation: coarsened location; privacy exposure -0.14; Transport Layer Security: reduced tampering probability; latency +6 ms; Virtual objects: sensor and actuator abstractions enabled
EXP_20260507_152111_a31077,1,52,52.0,16,physician,96.701,37.303,93.76,1.297,Radiology-zone,0.295,none,False,0.1895,False,none,0.65,58.186,18.737,76.923,False,0.20975,0.66667,0.35,0.65,0.64,0.45,0.34,True,0.075,False,0.01375,False,0.52,7.5,Data obfuscation: coarsened location; privacy exposure -0.14; Transport Layer Security: reduced tampering probability; latency +6 ms; Virtual objects: sensor and actuator abstractions enabled
EXP_20260507_152111_a31077,1,52,52.0,17,porter,111.265,37.269,93.56,1.348,Pharmacy-zone,0.627,none,False,0.2651,False,none,0.65,60.338,15.21,75.547,False,0.20975,0.66667,0.35,0.65,0.64,0.45,0.34,True,0.075,False,0.01375,False,0.52,7.5,Data obfuscation: coarsened location; privacy exposure -0.14; Transport Layer Security: reduced tampering probability; latency +6 ms; Virtual objects: sensor and actuator abstractions enabled
EXP_20260507_152111_a31077,1,52,52.0,18,physician,117.917,37.286,93.872,1.775,Radiology-zone,0.407,none,False,0.2912,False,none,0.65,45.982,13.773,59.755,False,0.20975,0.66667,0.35,0.65,0.64,0.45,0.34,True,0.075,False,0.01375,False,0.52,7.5,Data obfuscation: coarsened location; privacy exposure -0.14; Transport Layer Security: reduced tampering probability; latency +6 ms; Virtual objects: sensor and actuator abstractions enabled
EXP_20260507_152111_a31077,1,52,52.0,19,nurse,99.755,37.552,94.053,0.591,Surgery-zone,0.238,none,False,0.2789,False,none,0.65,47.606,18.388,65.993,False,0.20975,0.66667,0.35,0.65,0.64,0.45,0.34,True,0.075,False,0.01375,False,0.52,7.5,Data obfuscation: coarsened location; privacy exposure -0.14; Transport Layer Security: reduced tampering probability; latency +6 ms; Virtual objects: sensor and actuator abstractions enabled
EXP_20260507_152111_a31077,1,52,52.0,20,technician,105.902,37.299,93.28,0.535,ICU-zone,0.255,none,False,0.2976,False,none,0.65,50.034,17.479,67.513,False,0.20975,0.66667,0.35,0.65,0.64,0.45,0.34,True,0.075,False,0.01375,False,0.52,7.5,Data obfuscation: coarsened location; privacy exposure -0.14; Transport Layer Security: reduced tampering probability; latency +6 ms; Virtual objects: sensor and actuator abstractions enabled
EXP_20260507_152111_a31077,1,53,53.0,1,nurse,91.695,37.363,96.332,1.632,Pharmacy-zone,0.389,none,False,0.1451,False,none,0.65,69.062,17.325,86.387,False,0.20975,0.66667,0.35,0.65,0.64,0.45,0.34,True,0.075,True,0.01375,False,0.52,7.5,Data obfuscation: coarsened location; privacy exposure -0.14; Transport Layer Security: reduced tampering probability; latency +6 ms; Virtual objects: sensor and actuator abstractions enabled
EXP_20260507_152111_a31077,1,53,53.0,2,porter,112.472,37.21,95.727,1.202,Pharmacy-zone,0.748,none,False,0.2214,False,none,0.65,54.502,15.165,69.668,False,0.20975,0.66667,0.35,0.65,0.64,0.45,0.34,True,0.075,False,0.01375,False,0.52,7.5,Data obfuscation: coarsened location; privacy exposure -0.14; Transport Layer Security: reduced tampering probability; latency +6 ms; Virtual objects: sensor and actuator abstractions enabled
EXP_20260507_152111_a31077,1,53,53.0,3,technician,103.809,37.451,93.698,0.969,Ward-A-zone,0.671,none,False,0.2545,False,none,0.65,63.144,18.07,81.214,False,0.20975,0.66667,0.35,0.65,0.64,0.45,0.34,True,0.075,False,0.01375,False,0.52,7.5,Data obfuscation: coarsened location; privacy exposure -0.14; Transport Layer Security: reduced tampering probability; latency +6 ms; Virtual objects: sensor and actuator abstractions enabled
EXP_20260507_152111_a31077,1,53,53.0,4,porter,117.728,37.416,94.447,1.504,ICU-zone,0.534,none,False,0.3476,False,none,0.65,50.337,18.308,68.645,False,0.20975,0.66667,0.35,0.65,0.64,0.45,0.34,True,0.075,False,0.01375,False,0.52,7.5,Data obfuscation: coarsened location; privacy exposure -0.14; Transport Layer Security: reduced tampering probability; latency +6 ms; Virtual objects: sensor and actuator abstractions enabled
EXP_20260507_152111_a31077,1,53,53.0,5,technician,104.1,37.79,94.913,0.969,Emergency-zone,0.354,none,False,0.303,False,none,0.65,42.807,13.088,55.895,False,0.20975,0.66667,0.35,0.65,0.64,0.45,0.34,True,0.075,False,0.01375,False,0.52,7.5,Data obfuscation: coarsened location; privacy exposure -0.14; Transport Layer Security: reduced tampering probability; latency +6 ms; Virtual objects: sensor and actuator abstractions enabled
EXP_20260507_152111_a31077,1,53,53.0,6,porter,109.422,37.24,93.85,1.403,Emergency-zone,0.562,none,False,0.3122,False,none,0.65,55.664,15.742,71.406,False,0.20975,0.66667,0.35,0.65,0.64,0.45,0.34,True,0.075,False,0.01375,False,0.52,7.5,Data obfuscation: coarsened location; privacy exposure -0.14; Transport Layer Security: reduced tampering probability; latency +6 ms; Virtual objects: sensor and actuator abstractions enabled
EXP_20260507_152111_a31077,1,53,53.0,7,porter,109.8,37.178,94.891,0.919,Radiology-zone,0.44,none,False,0.0,False,no_assessment_packet_loss,0.65,48.744,0.0,48.744,True,0.20975,0.66667,0.35,0.65,0.64,0.45,0.34,True,0.075,False,0.01375,False,0.52,7.5,Data obfuscation: coarsened location; privacy exposure -0.14; Transport Layer Security: reduced tampering probability; latency +6 ms; Virtual objects: sensor and actuator abstractions enabled
EXP_20260507_152111_a31077,1,53,53.0,8,porter,113.203,37.24,95.433,1.525,Emergency-zone,0.782,none,False,0.3108,False,none,0.65,56.431,14.368,70.799,False,0.20975,0.66667,0.35,0.65,0.64,0.45,0.34,True,0.075,False,0.01375,False,0.52,7.5,Data obfuscation: coarsened location; privacy exposure -0.14; Transport Layer Security: reduced tampering probability; latency +6 ms; Virtual objects: sensor and actuator abstractions enabled
EXP_20260507_152111_a31077,1,53,53.0,9,technician,104.543,37.354,96.005,1.807,Ward-A-zone,0.473,none,False,0.2064,False,none,0.65,51.646,17.326,68.973,False,0.20975,0.66667,0.35,0.65,0.64,0.45,0.34,True,0.075,False,0.01375,False,0.52,7.5,Data obfuscation: coarsened location; privacy exposure -0.14; Transport Layer Security: reduced tampering probability; latency +6 ms; Virtual objects: sensor and actuator abstractions enabled
EXP_20260507_152111_a31077,1,53,53.0,10,nurse,112.843,37.579,95.667,1.265,Pharmacy-zone,0.672,none,False,0.2518,False,none,0.65,64.861,14.406,79.267,False,0.20975,0.66667,0.35,0.65,0.64,0.45,0.34,True,0.075,False,0.01375,False,0.52,7.5,Data obfuscation: coarsened location; privacy exposure -0.14; Transport Layer Security: reduced tampering probability; latency +6 ms; Virtual objects: sensor and actuator abstractions enabled
EXP_20260507_152111_a31077,1,53,53.0,11,cleaning_staff,104.951,37.095,93.591,0.516,Emergency-zone,0.391,none,False,0.0,False,no_assessment_packet_loss,0.65,65.873,0.0,65.873,True,0.20975,0.66667,0.35,0.65,0.64,0.45,0.34,True,0.075,False,0.01375,False,0.52,7.5,Data obfuscation: coarsened location; privacy exposure -0.14; Transport Layer Security: reduced tampering probability; latency +6 ms; Virtual objects: sensor and actuator abstractions enabled
EXP_20260507_152111_a31077,1,53,53.0,12,technician,104.035,37.468,95.336,0.871,Radiology-zone,0.44,none,False,0.2029,False,none,0.65,56.322,19.129,75.451,False,0.20975,0.66667,0.35,0.65,0.64,0.45,0.34,True,0.075,False,0.01375,False,0.52,7.5,Data obfuscation: coarsened location; privacy exposure -0.14; Transport Layer Security: reduced tampering probability; latency +6 ms; Virtual objects: sensor and actuator abstractions enabled
EXP_20260507_152111_a31077,1,53,53.0,13,physician,104.459,37.114,95.17,1.542,ICU-zone,0.441,none,False,0.2529,False,none,0.65,60.006,16.26,76.266,False,0.20975,0.66667,0.35,0.65,0.64,0.45,0.34,True,0.075,False,0.01375,False,0.52,7.5,Data obfuscation: coarsened location; privacy exposure -0.14; Transport Layer Security: reduced tampering probability; latency +6 ms; Virtual objects: sensor and actuator abstractions enabled
EXP_20260507_152111_a31077,1,53,53.0,14,technician,101.126,37.071,95.087,1.329,Radiology-zone,0.347,none,False,0.157,False,none,0.65,53.721,14.101,67.823,False,0.20975,0.66667,0.35,0.65,0.64,0.45,0.34,True,0.075,False,0.01375,False,0.52,7.5,Data obfuscation: coarsened location; privacy exposure -0.14; Transport Layer Security: reduced tampering probability; latency +6 ms; Virtual objects: sensor and actuator abstractions enabled
EXP_20260507_152111_a31077,1,53,53.0,15,physician,104.845,37.581,93.799,1.648,ICU-zone,0.605,none,False,0.3455,False,none,0.65,57.068,17.046,74.114,False,0.20975,0.66667,0.35,0.65,0.64,0.45,0.34,True,0.075,False,0.01375,False,0.52,7.5,Data obfuscation: coarsened location; privacy exposure -0.14; Transport Layer Security: reduced tampering probability; latency +6 ms; Virtual objects: sensor and actuator abstractions enabled
EXP_20260507_152111_a31077,1,53,53.0,16,physician,110.353,37.453,93.835,2.265,Radiology-zone,0.778,none,False,0.0,False,no_assessment_packet_loss,0.65,36.426,0.0,36.426,True,0.20975,0.66667,0.35,0.65,0.64,0.45,0.34,True,0.075,False,0.01375,False,0.52,7.5,Data obfuscation: coarsened location; privacy exposure -0.14; Transport Layer Security: reduced tampering probability; latency +6 ms; Virtual objects: sensor and actuator abstractions enabled
EXP_20260507_152111_a31077,1,53,53.0,17,porter,116.37,37.279,93.492,1.838,Surgery-zone,0.779,none,False,0.3901,False,none,0.65,50.116,15.415,65.531,False,0.20975,0.66667,0.35,0.65,0.64,0.45,0.34,True,0.075,False,0.01375,False,0.52,7.5,Data obfuscation: coarsened location; privacy exposure -0.14; Transport Layer Security: reduced tampering probability; latency +6 ms; Virtual objects: sensor and actuator abstractions enabled
EXP_20260507_152111_a31077,1,53,53.0,18,physician,126.449,37.41,93.461,1.732,Radiology-zone,0.722,none,False,0.3606,False,none,0.65,46.811,17.274,64.084,False,0.20975,0.66667,0.35,0.65,0.64,0.45,0.34,True,0.075,False,0.01375,False,0.52,7.5,Data obfuscation: coarsened location; privacy exposure -0.14; Transport Layer Security: reduced tampering probability; latency +6 ms; Virtual objects: sensor and actuator abstractions enabled
EXP_20260507_152111_a31077,1,53,53.0,19,nurse,102.486,37.582,94.165,0.932,Emergency-zone,0.372,none,False,0.2976,False,none,0.65,48.802,14.803,63.605,False,0.20975,0.66667,0.35,0.65,0.64,0.45,0.34,True,0.075,False,0.01375,False,0.52,7.5,Data obfuscation: coarsened location; privacy exposure -0.14; Transport Layer Security: reduced tampering probability; latency +6 ms; Virtual objects: sensor and actuator abstractions enabled
EXP_20260507_152111_a31077,1,53,53.0,20,technician,112.09,37.381,93.446,2.045,Surgery-zone,0.484,none,False,0.3781,False,none,0.65,53.229,15.045,68.274,False,0.20975,0.66667,0.35,0.65,0.64,0.45,0.34,True,0.075,False,0.01375,False,0.52,7.5,Data obfuscation: coarsened location; privacy exposure -0.14; Transport Layer Security: reduced tampering probability; latency +6 ms; Virtual objects: sensor and actuator abstractions enabled
EXP_20260507_152111_a31077,1,54,54.0,1,nurse,85.75,37.285,96.312,0.662,Pharmacy-zone,0.207,none,False,0.0907,False,none,0.65,50.498,16.675,67.173,False,0.20975,0.66667,0.35,0.65,0.64,0.45,0.34,True,0.075,False,0.01375,False,0.52,7.5,Data obfuscation: coarsened location; privacy exposure -0.14; Transport Layer Security: reduced tampering probability; latency +6 ms; Virtual objects: sensor and actuator abstractions enabled
EXP_20260507_152111_a31077,1,54,54.0,2,porter,111.876,37.235,95.768,1.412,Pharmacy-zone,0.75,none,False,0.0,False,no_assessment_packet_loss,0.65,62.81,0.0,62.81,True,0.20975,0.66667,0.35,0.65,0.64,0.45,0.34,True,0.075,False,0.01375,False,0.52,7.5,Data obfuscation: coarsened location; privacy exposure -0.14; Transport Layer Security: reduced tampering probability; latency +6 ms; Virtual objects: sensor and actuator abstractions enabled
EXP_20260507_152111_a31077,1,54,54.0,3,technician,109.572,37.545,93.733,1.582,Ward-A-zone,0.884,none,False,0.3079,False,none,0.65,62.375,19.48,81.855,False,0.20975,0.66667,0.35,0.65,0.64,0.45,0.34,True,0.075,False,0.01375,False,0.52,7.5,Data obfuscation: coarsened location; privacy exposure -0.14; Transport Layer Security: reduced tampering probability; latency +6 ms; Virtual objects: sensor and actuator abstractions enabled
EXP_20260507_152111_a31077,1,54,54.0,4,porter,115.207,37.348,94.149,1.647,Surgery-zone,0.416,none,False,0.3405,False,none,0.65,40.881,15.048,55.929,False,0.20975,0.66667,0.35,0.65,0.64,0.45,0.34,True,0.075,False,0.01375,False,0.52,7.5,Data obfuscation: coarsened location; privacy exposure -0.14; Transport Layer Security: reduced tampering probability; latency +6 ms; Virtual objects: sensor and actuator abstractions enabled
EXP_20260507_152111_a31077,1,54,54.0,5,technician,106.021,37.837,94.675,1.197,Emergency-zone,0.415,none,False,0.3237,False,none,0.65,55.55,16.405,71.955,False,0.20975,0.66667,0.35,0.65,0.64,0.45,0.34,True,0.075,False,0.01375,False,0.52,7.5,Data obfuscation: coarsened location; privacy exposure -0.14; Transport Layer Security: reduced tampering probability; latency +6 ms; Virtual objects: sensor and actuator abstractions enabled
EXP_20260507_152111_a31077,1,54,54.0,6,porter,111.616,37.254,93.717,1.483,Emergency-zone,0.645,none,False,0.3348,False,none,0.65,48.871,13.387,62.258,False,0.20975,0.66667,0.35,0.65,0.64,0.45,0.34,True,0.075,False,0.01375,False,0.52,7.5,Data obfuscation: coarsened location; privacy exposure -0.14; Transport Layer Security: reduced tampering probability; latency +6 ms; Virtual objects: sensor and actuator abstractions enabled
EXP_20260507_152111_a31077,1,54,54.0,7,porter,113.826,37.241,95.066,1.214,Radiology-zone,0.611,none,False,0.2352,False,none,0.65,50.671,17.996,68.667,False,0.20975,0.66667,0.35,0.65,0.64,0.45,0.34,True,0.075,False,0.01375,False,0.52,7.5,Data obfuscation: coarsened location; privacy exposure -0.14; Transport Layer Security: reduced tampering probability; latency +6 ms; Virtual objects: sensor and actuator abstractions enabled
EXP_20260507_152111_a31077,1,54,54.0,8,porter,112.784,37.268,95.66,1.555,Emergency-zone,0.789,none,False,0.3088,False,none,0.65,51.843,14.202,66.045,False,0.20975,0.66667,0.35,0.65,0.64,0.45,0.34,True,0.075,False,0.01375,False,0.52,7.5,Data obfuscation: coarsened location; privacy exposure -0.14; Transport Layer Security: reduced tampering probability; latency +6 ms; Virtual objects: sensor and actuator abstractions enabled
EXP_20260507_152111_a31077,1,54,54.0,9,technician,101.363,37.345,96.185,1.457,Ward-A-zone,0.396,none,False,0.1675,False,none,0.65,67.688,16.733,84.421,False,0.20975,0.66667,0.35,0.65,0.64,0.45,0.34,True,0.075,False,0.01375,False,0.52,7.5,Data obfuscation: coarsened location; privacy exposure -0.14; Transport Layer Security: reduced tampering probability; latency +6 ms; Virtual objects: sensor and actuator abstractions enabled
EXP_20260507_152111_a31077,1,54,54.0,10,nurse,116.772,37.621,95.295,2.093,Pharmacy-zone,0.809,none,False,0.3301,False,none,0.65,67.302,20.211,87.513,False,0.20975,0.66667,0.35,0.65,0.64,0.45,0.34,True,0.075,False,0.01375,False,0.52,7.5,Data obfuscation: coarsened location; privacy exposure -0.14; Transport Layer Security: reduced tampering probability; latency +6 ms; Virtual objects: sensor and actuator abstractions enabled
EXP_20260507_152111_a31077,1,54,54.0,11,cleaning_staff,99.443,36.982,93.901,0.777,Emergency-zone,0.176,none,False,0.2283,False,none,0.65,52.401,18.209,70.609,False,0.20975,0.66667,0.35,0.65,0.64,0.45,0.34,True,0.075,False,0.01375,False,0.52,7.5,Data obfuscation: coarsened location; privacy exposure -0.14; Transport Layer Security: reduced tampering probability; latency +6 ms; Virtual objects: sensor and actuator abstractions enabled
EXP_20260507_152111_a31077,1,54,54.0,12,technician,97.286,37.338,95.459,0.264,Laboratory-zone,0.18,none,False,0.1471,False,none,0.65,44.775,14.321,59.096,False,0.20975,0.66667,0.35,0.65,0.64,0.45,0.34,True,0.075,False,0.01375,False,0.52,7.5,Data obfuscation: coarsened location; privacy exposure -0.14; Transport Layer Security: reduced tampering probability; latency +6 ms; Virtual objects: sensor and actuator abstractions enabled
EXP_20260507_152111_a31077,1,54,54.0,13,physician,103.049,37.096,95.102,1.442,ICU-zone,0.4,none,False,0.2391,False,none,0.65,53.16,13.676,66.835,False,0.20975,0.66667,0.35,0.65,0.64,0.45,0.34,True,0.075,False,0.01375,False,0.52,7.5,Data obfuscation: coarsened location; privacy exposure -0.14; Transport Layer Security: reduced tampering probability; latency +6 ms; Virtual objects: sensor and actuator abstractions enabled
EXP_20260507_152111_a31077,1,54,54.0,14,technician,103.637,37.129,94.845,1.045,Radiology-zone,0.441,none,False,0.183,False,none,0.65,42.834,16.983,59.817,False,0.20975,0.66667,0.35,0.65,0.64,0.45,0.34,True,0.075,False,0.01375,False,0.52,7.5,Data obfuscation: coarsened location; privacy exposure -0.14; Transport Layer Security: reduced tampering probability; latency +6 ms; Virtual objects: sensor and actuator abstractions enabled
EXP_20260507_152111_a31077,1,54,54.0,15,physician,104.344,37.581,93.659,1.537,ICU-zone,0.589,none,False,0.339,False,none,0.65,48.152,17.489,65.642,False,0.20975,0.66667,0.35,0.65,0.64,0.45,0.34,True,0.075,False,0.01375,False,0.52,7.5,Data obfuscation: coarsened location; privacy exposure -0.14; Transport Layer Security: reduced tampering probability; latency +6 ms; Virtual objects: sensor and actuator abstractions enabled
EXP_20260507_152111_a31077,1,54,54.0,16,physician,100.421,37.319,93.616,1.321,Radiology-zone,0.421,none,False,0.216,False,none,0.65,61.391,20.005,81.396,False,0.20975,0.66667,0.35,0.65,0.64,0.45,0.34,True,0.075,True,0.01375,False,0.52,7.5,Data obfuscation: coarsened location; privacy exposure -0.14; Transport Layer Security: reduced tampering probability; latency +6 ms; Virtual objects: sensor and actuator abstractions enabled
EXP_20260507_152111_a31077,1,54,54.0,17,porter,111.066,37.211,93.276,1.552,Surgery-zone,0.596,none,False,0.3404,False,none,0.65,36.348,17.313,53.661,False,0.20975,0.66667,0.35,0.65,0.64,0.45,0.34,True,0.075,False,0.01375,False,0.52,7.5,Data obfuscation: coarsened location; privacy exposure -0.14; Transport Layer Security: reduced tampering probability; latency +6 ms; Virtual objects: sensor and actuator abstractions enabled
EXP_20260507_152111_a31077,1,54,54.0,18,physician,122.964,37.414,93.546,0.99,Radiology-zone,0.607,none,False,0.3185,False,none,0.65,48.936,12.381,61.317,False,0.20975,0.66667,0.35,0.65,0.64,0.45,0.34,True,0.075,False,0.01375,False,0.52,7.5,Data obfuscation: coarsened location; privacy exposure -0.14; Transport Layer Security: reduced tampering probability; latency +6 ms; Virtual objects: sensor and actuator abstractions enabled
EXP_20260507_152111_a31077,1,54,54.0,19,nurse,112.003,37.049,94.873,0.856,Surgery-zone,0.195,none,False,0.2557,False,none,0.65,60.567,17.097,77.665,False,0.20975,0.66667,0.35,0.65,0.64,0.45,0.34,True,0.075,False,0.01375,True,0.52,7.5,Data obfuscation: coarsened location; privacy exposure -0.14; Transport Layer Security: reduced tampering probability; latency +6 ms; Virtual objects: sensor and actuator abstractions enabled
EXP_20260507_152111_a31077,1,54,54.0,20,technician,109.749,37.32,93.207,0.819,Surgery-zone,0.358,none,False,0.3217,False,none,0.65,59.119,16.493,75.612,False,0.20975,0.66667,0.35,0.65,0.64,0.45,0.34,True,0.075,False,0.01375,False,0.52,7.5,Data obfuscation: coarsened location; privacy exposure -0.14; Transport Layer Security: reduced tampering probability; latency +6 ms; Virtual objects: sensor and actuator abstractions enabled
EXP_20260507_152111_a31077,1,55,55.0,1,nurse,90.558,37.355,96.373,1.356,Pharmacy-zone,0.352,none,False,0.1236,False,none,0.65,42.863,16.786,59.649,False,0.20975,0.66667,0.35,0.65,0.64,0.45,0.34,True,0.075,False,0.01375,False,0.52,7.5,Data obfuscation: coarsened location; privacy exposure -0.14; Transport Layer Security: reduced tampering probability; latency +6 ms; Virtual objects: sensor and actuator abstractions enabled
EXP_20260507_152111_a31077,1,55,55.0,2,porter,107.752,37.149,95.628,1.893,Pharmacy-zone,0.581,none,False,0.2209,False,none,0.65,49.241,15.389,64.63,False,0.20975,0.66667,0.35,0.65,0.64,0.45,0.34,True,0.075,False,0.01375,False,0.52,7.5,Data obfuscation: coarsened location; privacy exposure -0.14; Transport Layer Security: reduced tampering probability; latency +6 ms; Virtual objects: sensor and actuator abstractions enabled
EXP_20260507_152111_a31077,1,55,55.0,3,technician,108.383,37.759,92.193,1.345,Ward-A-zone,0.553,high_fatigue,True,0.3254,False,none,0.65,69.422,13.098,82.52,False,0.20975,0.66667,0.35,0.65,0.64,0.45,0.34,True,0.075,False,0.01375,False,0.52,7.5,Data obfuscation: coarsened location; privacy exposure -0.14; Transport Layer Security: reduced tampering probability; latency +6 ms; Virtual objects: sensor and actuator abstractions enabled
EXP_20260507_152111_a31077,1,55,55.0,4,porter,120.371,37.361,94.334,1.679,Surgery-zone,0.59,none,False,0.3693,False,none,0.65,59.488,17.161,76.649,False,0.20975,0.66667,0.35,0.65,0.64,0.45,0.34,True,0.075,False,0.01375,False,0.52,7.5,Data obfuscation: coarsened location; privacy exposure -0.14; Transport Layer Security: reduced tampering probability; latency +6 ms; Virtual objects: sensor and actuator abstractions enabled
EXP_20260507_152111_a31077,1,55,55.0,5,technician,107.068,37.863,94.468,0.634,Emergency-zone,0.441,none,False,0.3362,False,none,0.65,56.999,18.504,75.503,False,0.20975,0.66667,0.35,0.65,0.64,0.45,0.34,True,0.075,False,0.01375,False,0.52,7.5,Data obfuscation: coarsened location; privacy exposure -0.14; Transport Layer Security: reduced tampering probability; latency +6 ms; Virtual objects: sensor and actuator abstractions enabled
EXP_20260507_152111_a31077,1,55,55.0,6,porter,117.465,37.327,93.567,2.255,Emergency-zone,0.833,none,False,0.426,False,none,0.65,53.794,16.223,70.016,False,0.20975,0.66667,0.35,0.65,0.64,0.45,0.34,True,0.075,False,0.01375,False,0.52,7.5,Data obfuscation: coarsened location; privacy exposure -0.14; Transport Layer Security: reduced tampering probability; latency +6 ms; Virtual objects: sensor and actuator abstractions enabled
EXP_20260507_152111_a31077,1,55,55.0,7,porter,111.394,37.218,95.065,1.566,Radiology-zone,0.495,none,False,0.2271,False,none,0.65,60.871,16.989,77.86,False,0.20975,0.66667,0.35,0.65,0.64,0.45,0.34,True,0.075,False,0.01375,False,0.52,7.5,Data obfuscation: coarsened location; privacy exposure -0.14; Transport Layer Security: reduced tampering probability; latency +6 ms; Virtual objects: sensor and actuator abstractions enabled
EXP_20260507_152111_a31077,1,55,55.0,8,porter,106.335,37.195,95.656,1.792,Emergency-zone,0.538,none,False,0.2773,False,none,0.65,59.119,17.803,76.922,False,0.20975,0.66667,0.35,0.65,0.64,0.45,0.34,True,0.075,False,0.01375,False,0.52,7.5,Data obfuscation: coarsened location; privacy exposure -0.14; Transport Layer Security: reduced tampering probability; latency +6 ms; Virtual objects: sensor and actuator abstractions enabled
EXP_20260507_152111_a31077,1,55,55.0,9,technician,104.147,37.349,95.85,1.228,Radiology-zone,0.494,none,False,0.1843,False,none,0.65,64.949,18.949,83.899,False,0.20975,0.66667,0.35,0.65,0.64,0.45,0.34,True,0.075,False,0.01375,False,0.52,7.5,Data obfuscation: coarsened location; privacy exposure -0.14; Transport Layer Security: reduced tampering probability; latency +6 ms; Virtual objects: sensor and actuator abstractions enabled
EXP_20260507_152111_a31077,1,55,55.0,10,nurse,117.507,37.655,95.316,1.755,Pharmacy-zone,0.856,none,False,0.3176,False,none,0.65,54.288,14.185,68.473,False,0.20975,0.66667,0.35,0.65,0.64,0.45,0.34,True,0.075,False,0.01375,False,0.52,7.5,Data obfuscation: coarsened location; privacy exposure -0.14; Transport Layer Security: reduced tampering probability; latency +6 ms; Virtual objects: sensor and actuator abstractions enabled
EXP_20260507_152111_a31077,1,55,55.0,11,cleaning_staff,127.988,36.792,92.486,1.003,Pharmacy-zone,0.188,none,False,0.2962,False,none,0.65,54.236,15.136,69.372,False,0.20975,0.66667,0.35,0.65,0.64,0.45,0.34,True,0.075,False,0.01375,True,0.52,7.5,Data obfuscation: coarsened location; privacy exposure -0.14; Transport Layer Security: reduced tampering probability; latency +6 ms; Virtual objects: sensor and actuator abstractions enabled
EXP_20260507_152111_a31077,1,55,55.0,12,technician,100.652,37.362,95.274,1.15,Radiology-zone,0.298,none,False,0.1734,False,none,0.65,55.777,14.606,70.383,False,0.20975,0.66667,0.35,0.65,0.64,0.45,0.34,True,0.075,False,0.01375,False,0.52,7.5,Data obfuscation: coarsened location; privacy exposure -0.14; Transport Layer Security: reduced tampering probability; latency +6 ms; Virtual objects: sensor and actuator abstractions enabled
EXP_20260507_152111_a31077,1,55,55.0,13,physician,104.284,37.133,95.191,1.217,ICU-zone,0.423,none,False,0.2436,False,none,0.65,55.56,12.189,67.748,False,0.20975,0.66667,0.35,0.65,0.64,0.45,0.34,True,0.075,False,0.01375,False,0.52,7.5,Data obfuscation: coarsened location; privacy exposure -0.14; Transport Layer Security: reduced tampering probability; latency +6 ms; Virtual objects: sensor and actuator abstractions enabled
EXP_20260507_152111_a31077,1,55,55.0,14,technician,115.305,37.609,93.802,0.994,Radiology-zone,0.451,high_fatigue,True,0.2921,False,none,0.65,47.649,13.068,60.717,False,0.20975,0.66667,0.35,0.65,0.64,0.45,0.34,True,0.075,True,0.01375,False,0.52,7.5,Data obfuscation: coarsened location; privacy exposure -0.14; Transport Layer Security: reduced tampering probability; latency +6 ms; Virtual objects: sensor and actuator abstractions enabled
EXP_20260507_152111_a31077,1,55,55.0,15,physician,127.465,37.601,93.114,4.301,Surgery-zone,0.724,fall,True,0.609,False,none,0.65,34.776,15.007,49.783,False,0.20975,0.66667,0.35,0.65,0.64,0.45,0.34,True,0.075,False,0.01375,False,0.52,7.5,Data obfuscation: coarsened location; privacy exposure -0.14; Transport Layer Security: reduced tampering probability; latency +6 ms; Virtual objects: sensor and actuator abstractions enabled
EXP_20260507_152111_a31077,1,55,55.0,16,physician,100.957,37.348,93.874,1.093,Radiology-zone,0.45,none,False,0.2163,False,none,0.65,52.164,15.252,67.416,False,0.20975,0.66667,0.35,0.65,0.64,0.45,0.34,True,0.075,False,0.01375,False,0.52,7.5,Data obfuscation: coarsened location; privacy exposure -0.14; Transport Layer Security: reduced tampering probability; latency +6 ms; Virtual objects: sensor and actuator abstractions enabled
EXP_20260507_152111_a31077,1,55,55.0,17,porter,106.269,37.221,93.413,1.138,Surgery-zone,0.448,none,False,0.3018,False,none,0.65,53.638,16.098,69.736,False,0.20975,0.66667,0.35,0.65,0.64,0.45,0.34,True,0.075,False,0.01375,False,0.52,7.5,Data obfuscation: coarsened location; privacy exposure -0.14; Transport Layer Security: reduced tampering probability; latency +6 ms; Virtual objects: sensor and actuator abstractions enabled
EXP_20260507_152111_a31077,1,55,55.0,18,physician,126.512,37.448,93.516,1.784,Radiology-zone,0.753,none,False,0.3682,False,none,0.65,54.249,17.421,71.67,False,0.20975,0.66667,0.35,0.65,0.64,0.45,0.34,True,0.075,False,0.01375,False,0.52,7.5,Data obfuscation: coarsened location; privacy exposure -0.14; Transport Layer Security: reduced tampering probability; latency +6 ms; Virtual objects: sensor and actuator abstractions enabled
EXP_20260507_152111_a31077,1,55,55.0,19,nurse,109.097,37.695,94.039,1.37,Ward-B-zone,0.583,none,False,0.281,False,none,0.65,55.879,14.717,70.596,False,0.20975,0.66667,0.35,0.65,0.64,0.45,0.34,True,0.075,False,0.01375,False,0.52,7.5,Data obfuscation: coarsened location; privacy exposure -0.14; Transport Layer Security: reduced tampering probability; latency +6 ms; Virtual objects: sensor and actuator abstractions enabled
EXP_20260507_152111_a31077,1,55,55.0,20,technician,108.464,37.366,93.219,0.163,Surgery-zone,0.325,none,False,0.3187,False,none,0.65,60.616,21.498,82.114,False,0.20975,0.66667,0.35,0.65,0.64,0.45,0.34,True,0.075,False,0.01375,False,0.52,7.5,Data obfuscation: coarsened location; privacy exposure -0.14; Transport Layer Security: reduced tampering probability; latency +6 ms; Virtual objects: sensor and actuator abstractions enabled
EXP_20260507_152111_a31077,1,56,56.0,1,nurse,85.602,37.259,96.378,0.793,Pharmacy-zone,0.181,none,False,0.0861,False,none,0.65,36.665,16.032,52.696,False,0.20975,0.66667,0.35,0.65,0.64,0.45,0.34,True,0.075,False,0.01375,False,0.52,7.5,Data obfuscation: coarsened location; privacy exposure -0.14; Transport Layer Security: reduced tampering probability; latency +6 ms; Virtual objects: sensor and actuator abstractions enabled
EXP_20260507_152111_a31077,1,56,56.0,2,porter,108.805,37.19,95.654,1.651,Pharmacy-zone,0.597,none,False,0.2137,False,none,0.65,54.91,19.498,74.408,False,0.20975,0.66667,0.35,0.65,0.64,0.45,0.34,True,0.075,False,0.01375,False,0.52,7.5,Data obfuscation: coarsened location; privacy exposure -0.14; Transport Layer Security: reduced tampering probability; latency +6 ms; Virtual objects: sensor and actuator abstractions enabled
EXP_20260507_152111_a31077,1,56,56.0,3,technician,104.855,37.496,93.851,1.3,Ward-A-zone,0.661,none,False,0.258,False,none,0.65,53.246,19.049,72.296,False,0.20975,0.66667,0.35,0.65,0.64,0.45,0.34,True,0.075,False,0.01375,False,0.52,7.5,Data obfuscation: coarsened location; privacy exposure -0.14; Transport Layer Security: reduced tampering probability; latency +6 ms; Virtual objects: sensor and actuator abstractions enabled
EXP_20260507_152111_a31077,1,56,56.0,4,porter,149.539,37.512,92.025,3.148,Surgery-zone,0.87,fall,True,0.0,False,no_assessment_packet_loss,0.65,45.492,0.0,45.492,True,0.20975,0.66667,0.35,0.65,0.64,0.45,0.34,True,0.075,False,0.01375,False,0.52,7.5,Data obfuscation: coarsened location; privacy exposure -0.14; Transport Layer Security: reduced tampering probability; latency +6 ms; Virtual objects: sensor and actuator abstractions enabled
EXP_20260507_152111_a31077,1,56,56.0,5,technician,104.983,37.792,94.58,0.716,Emergency-zone,0.364,none,False,0.3147,False,none,0.65,47.153,19.226,66.378,False,0.20975,0.66667,0.35,0.65,0.64,0.45,0.34,True,0.075,True,0.01375,False,0.52,7.5,Data obfuscation: coarsened location; privacy exposure -0.14; Transport Layer Security: reduced tampering probability; latency +6 ms; Virtual objects: sensor and actuator abstractions enabled
EXP_20260507_152111_a31077,1,56,56.0,6,porter,112.344,37.238,93.669,1.902,Surgery-zone,0.629,none,False,0.3619,False,none,0.65,55.656,15.15,70.806,False,0.20975,0.66667,0.35,0.65,0.64,0.45,0.34,True,0.075,False,0.01375,False,0.52,7.5,Data obfuscation: coarsened location; privacy exposure -0.14; Transport Layer Security: reduced tampering probability; latency +6 ms; Virtual objects: sensor and actuator abstractions enabled
EXP_20260507_152111_a31077,1,56,56.0,7,porter,118.227,37.329,94.85,1.794,Radiology-zone,0.762,none,False,0.2982,False,none,0.65,42.546,13.241,55.787,False,0.20975,0.66667,0.35,0.65,0.64,0.45,0.34,True,0.075,False,0.01375,False,0.52,7.5,Data obfuscation: coarsened location; privacy exposure -0.14; Transport Layer Security: reduced tampering probability; latency +6 ms; Virtual objects: sensor and actuator abstractions enabled
EXP_20260507_152111_a31077,1,56,56.0,8,porter,105.912,37.18,95.742,1.903,Emergency-zone,0.531,none,False,0.2789,False,none,0.65,53.39,15.135,68.526,False,0.20975,0.66667,0.35,0.65,0.64,0.45,0.34,True,0.075,False,0.01375,False,0.52,7.5,Data obfuscation: coarsened location; privacy exposure -0.14; Transport Layer Security: reduced tampering probability; latency +6 ms; Virtual objects: sensor and actuator abstractions enabled
EXP_20260507_152111_a31077,1,56,56.0,9,technician,98.103,37.291,96.334,0.657,Ward-A-zone,0.231,none,False,0.1366,False,none,0.65,52.326,17.102,69.428,False,0.20975,0.66667,0.35,0.65,0.64,0.45,0.34,True,0.075,False,0.01375,False,0.52,7.5,Data obfuscation: coarsened location; privacy exposure -0.14; Transport Layer Security: reduced tampering probability; latency +6 ms; Virtual objects: sensor and actuator abstractions enabled
EXP_20260507_152111_a31077,1,56,56.0,10,nurse,110.247,37.522,95.454,0.835,Pharmacy-zone,0.571,none,False,0.2357,False,none,0.65,54.883,15.95,70.834,False,0.20975,0.66667,0.35,0.65,0.64,0.45,0.34,True,0.075,False,0.01375,False,0.52,7.5,Data obfuscation: coarsened location; privacy exposure -0.14; Transport Layer Security: reduced tampering probability; latency +6 ms; Virtual objects: sensor and actuator abstractions enabled
EXP_20260507_152111_a31077,1,56,56.0,11,cleaning_staff,109.468,37.11,93.426,0.654,Emergency-zone,0.547,none,False,0.3096,False,none,0.65,51.421,15.652,67.074,False,0.20975,0.66667,0.35,0.65,0.64,0.45,0.34,True,0.075,True,0.01375,False,0.52,7.5,Data obfuscation: coarsened location; privacy exposure -0.14; Transport Layer Security: reduced tampering probability; latency +6 ms; Virtual objects: sensor and actuator abstractions enabled
EXP_20260507_152111_a31077,1,56,56.0,12,technician,109.329,37.528,95.324,1.885,Radiology-zone,0.621,none,False,0.2694,False,none,0.65,52.99,17.323,70.313,False,0.20975,0.66667,0.35,0.65,0.64,0.45,0.34,True,0.075,False,0.01375,False,0.52,7.5,Data obfuscation: coarsened location; privacy exposure -0.14; Transport Layer Security: reduced tampering probability; latency +6 ms; Virtual objects: sensor and actuator abstractions enabled
EXP_20260507_152111_a31077,1,56,56.0,13,physician,108.498,37.161,94.977,0.934,ICU-zone,0.609,none,False,0.2785,False,none,0.65,53.781,18.328,72.11,False,0.20975,0.66667,0.35,0.65,0.64,0.45,0.34,True,0.075,False,0.01375,False,0.52,7.5,Data obfuscation: coarsened location; privacy exposure -0.14; Transport Layer Security: reduced tampering probability; latency +6 ms; Virtual objects: sensor and actuator abstractions enabled
EXP_20260507_152111_a31077,1,56,56.0,14,technician,107.259,37.202,94.985,1.487,Radiology-zone,0.553,none,False,0.212,False,none,0.65,51.824,13.701,65.525,False,0.20975,0.66667,0.35,0.65,0.64,0.45,0.34,True,0.075,True,0.01375,False,0.52,7.5,Data obfuscation: coarsened location; privacy exposure -0.14; Transport Layer Security: reduced tampering probability; latency +6 ms; Virtual objects: sensor and actuator abstractions enabled
EXP_20260507_152111_a31077,1,56,56.0,15,physician,107.244,38.368,94.76,0.959,ICU-zone,0.391,none,False,0.3715,False,none,0.65,40.782,15.307,56.09,False,0.20975,0.66667,0.35,0.65,0.64,0.45,0.34,True,0.075,False,0.01375,True,0.52,7.5,Data obfuscation: coarsened location; privacy exposure -0.14; Transport Layer Security: reduced tampering probability; latency +6 ms; Virtual objects: sensor and actuator abstractions enabled
EXP_20260507_152111_a31077,1,56,56.0,16,physician,101.796,37.34,93.686,0.839,Radiology-zone,0.49,none,False,0.2257,False,none,0.65,54.281,14.059,68.34,False,0.20975,0.66667,0.35,0.65,0.64,0.45,0.34,True,0.075,False,0.01375,False,0.52,7.5,Data obfuscation: coarsened location; privacy exposure -0.14; Transport Layer Security: reduced tampering probability; latency +6 ms; Virtual objects: sensor and actuator abstractions enabled
EXP_20260507_152111_a31077,1,56,56.0,17,porter,109.588,37.223,93.609,1.605,Surgery-zone,0.543,none,False,0.3281,False,none,0.65,59.827,14.888,74.715,False,0.20975,0.66667,0.35,0.65,0.64,0.45,0.34,True,0.075,False,0.01375,False,0.52,7.5,Data obfuscation: coarsened location; privacy exposure -0.14; Transport Layer Security: reduced tampering probability; latency +6 ms; Virtual objects: sensor and actuator abstractions enabled
EXP_20260507_152111_a31077,1,56,56.0,18,physician,121.016,37.353,93.616,0.952,Radiology-zone,0.514,none,False,0.2982,False,none,0.65,44.453,17.181,61.633,False,0.20975,0.66667,0.35,0.65,0.64,0.45,0.34,True,0.075,True,0.01375,False,0.52,7.5,Data obfuscation: coarsened location; privacy exposure -0.14; Transport Layer Security: reduced tampering probability; latency +6 ms; Virtual objects: sensor and actuator abstractions enabled
EXP_20260507_152111_a31077,1,56,56.0,19,nurse,104.684,37.601,94.086,1.1,Surgery-zone,0.419,none,False,0.3121,False,none,0.65,49.334,14.209,63.543,False,0.20975,0.66667,0.35,0.65,0.64,0.45,0.34,True,0.075,False,0.01375,False,0.52,7.5,Data obfuscation: coarsened location; privacy exposure -0.14; Transport Layer Security: reduced tampering probability; latency +6 ms; Virtual objects: sensor and actuator abstractions enabled
EXP_20260507_152111_a31077,1,56,56.0,20,technician,108.368,37.302,93.158,1.764,Surgery-zone,0.315,none,False,0.3359,False,none,0.65,57.496,14.357,71.853,False,0.20975,0.66667,0.35,0.65,0.64,0.45,0.34,True,0.075,False,0.01375,False,0.52,7.5,Data obfuscation: coarsened location; privacy exposure -0.14; Transport Layer Security: reduced tampering probability; latency +6 ms; Virtual objects: sensor and actuator abstractions enabled
EXP_20260507_152111_a31077,1,57,57.0,1,nurse,87.224,37.314,96.545,1.035,Pharmacy-zone,0.227,none,False,0.0998,False,none,0.65,68.758,15.376,84.135,False,0.20975,0.66667,0.35,0.65,0.64,0.45,0.34,True,0.075,False,0.01375,False,0.52,7.5,Data obfuscation: coarsened location; privacy exposure -0.14; Transport Layer Security: reduced tampering probability; latency +6 ms; Virtual objects: sensor and actuator abstractions enabled
EXP_20260507_152111_a31077,1,57,57.0,2,porter,111.595,37.19,95.734,1.351,Pharmacy-zone,0.692,none,False,0.2126,False,none,0.65,58.726,14.553,73.279,False,0.20975,0.66667,0.35,0.65,0.64,0.45,0.34,True,0.075,False,0.01375,False,0.52,7.5,Data obfuscation: coarsened location; privacy exposure -0.14; Transport Layer Security: reduced tampering probability; latency +6 ms; Virtual objects: sensor and actuator abstractions enabled
EXP_20260507_152111_a31077,1,57,57.0,3,technician,109.125,37.558,93.734,1.58,Ward-A-zone,0.817,none,False,0.303,False,none,0.65,60.917,16.845,77.763,False,0.20975,0.66667,0.35,0.65,0.64,0.45,0.34,True,0.075,False,0.01375,False,0.52,7.5,Data obfuscation: coarsened location; privacy exposure -0.14; Transport Layer Security: reduced tampering probability; latency +6 ms; Virtual objects: sensor and actuator abstractions enabled
EXP_20260507_152111_a31077,1,57,57.0,4,porter,119.143,37.421,94.19,2.022,Surgery-zone,0.555,none,False,0.3926,False,none,0.65,63.835,18.136,81.971,False,0.20975,0.66667,0.35,0.65,0.64,0.45,0.34,True,0.075,False,0.01375,False,0.52,7.5,Data obfuscation: coarsened location; privacy exposure -0.14; Transport Layer Security: reduced tampering probability; latency +6 ms; Virtual objects: sensor and actuator abstractions enabled
EXP_20260507_152111_a31077,1,57,57.0,5,technician,104.865,37.782,94.886,1.221,Emergency-zone,0.363,none,False,0.3063,False,none,0.65,63.723,16.829,80.552,False,0.20975,0.66667,0.35,0.65,0.64,0.45,0.34,True,0.075,True,0.01375,False,0.52,7.5,Data obfuscation: coarsened location; privacy exposure -0.14; Transport Layer Security: reduced tampering probability; latency +6 ms; Virtual objects: sensor and actuator abstractions enabled
EXP_20260507_152111_a31077,1,57,57.0,6,porter,118.479,37.35,93.634,1.917,Emergency-zone,0.906,none,False,0.414,False,none,0.65,53.689,14.96,68.649,False,0.20975,0.66667,0.35,0.65,0.64,0.45,0.34,True,0.075,False,0.01375,False,0.52,7.5,Data obfuscation: coarsened location; privacy exposure -0.14; Transport Layer Security: reduced tampering probability; latency +6 ms; Virtual objects: sensor and actuator abstractions enabled
EXP_20260507_152111_a31077,1,57,57.0,7,porter,114.127,37.213,94.865,1.359,Radiology-zone,0.575,none,False,0.2362,False,none,0.65,54.103,16.926,71.029,False,0.20975,0.66667,0.35,0.65,0.64,0.45,0.34,True,0.075,False,0.01375,False,0.52,7.5,Data obfuscation: coarsened location; privacy exposure -0.14; Transport Layer Security: reduced tampering probability; latency +6 ms; Virtual objects: sensor and actuator abstractions enabled
EXP_20260507_152111_a31077,1,57,57.0,8,porter,111.019,37.273,95.533,1.759,Emergency-zone,0.719,none,False,0.3139,False,none,0.65,50.311,16.676,66.987,False,0.20975,0.66667,0.35,0.65,0.64,0.45,0.34,True,0.075,False,0.01375,False,0.52,7.5,Data obfuscation: coarsened location; privacy exposure -0.14; Transport Layer Security: reduced tampering probability; latency +6 ms; Virtual objects: sensor and actuator abstractions enabled
EXP_20260507_152111_a31077,1,57,57.0,9,technician,98.88,37.271,96.229,1.287,Ward-B-zone,0.284,none,False,0.1411,False,none,0.65,51.401,18.723,70.125,False,0.20975,0.66667,0.35,0.65,0.64,0.45,0.34,True,0.075,False,0.01375,False,0.52,7.5,Data obfuscation: coarsened location; privacy exposure -0.14; Transport Layer Security: reduced tampering probability; latency +6 ms; Virtual objects: sensor and actuator abstractions enabled
EXP_20260507_152111_a31077,1,57,57.0,10,nurse,115.586,37.648,95.256,1.817,Pharmacy-zone,0.76,none,False,0.3089,False,none,0.65,57.211,17.358,74.569,False,0.20975,0.66667,0.35,0.65,0.64,0.45,0.34,True,0.075,False,0.01375,False,0.52,7.5,Data obfuscation: coarsened location; privacy exposure -0.14; Transport Layer Security: reduced tampering probability; latency +6 ms; Virtual objects: sensor and actuator abstractions enabled
EXP_20260507_152111_a31077,1,57,57.0,11,cleaning_staff,104.979,37.046,93.583,1.918,Emergency-zone,0.385,none,False,0.3054,False,none,0.65,40.443,15.612,56.055,False,0.20975,0.66667,0.35,0.65,0.64,0.45,0.34,True,0.075,False,0.01375,False,0.52,7.5,Data obfuscation: coarsened location; privacy exposure -0.14; Transport Layer Security: reduced tampering probability; latency +6 ms; Virtual objects: sensor and actuator abstractions enabled
EXP_20260507_152111_a31077,1,57,57.0,12,technician,102.833,37.423,95.251,0.071,Ward-B-zone,0.391,none,False,0.1933,False,none,0.65,61.911,18.29,80.201,False,0.20975,0.66667,0.35,0.65,0.64,0.45,0.34,True,0.075,False,0.01375,False,0.52,7.5,Data obfuscation: coarsened location; privacy exposure -0.14; Transport Layer Security: reduced tampering probability; latency +6 ms; Virtual objects: sensor and actuator abstractions enabled
EXP_20260507_152111_a31077,1,57,57.0,13,physician,102.372,37.056,95.118,1.316,ICU-zone,0.371,none,False,0.2282,False,none,0.65,46.325,15.093,61.418,False,0.20975,0.66667,0.35,0.65,0.64,0.45,0.34,True,0.075,False,0.01375,False,0.52,7.5,Data obfuscation: coarsened location; privacy exposure -0.14; Transport Layer Security: reduced tampering probability; latency +6 ms; Virtual objects: sensor and actuator abstractions enabled
EXP_20260507_152111_a31077,1,57,57.0,14,technician,107.672,37.229,94.891,1.894,Radiology-zone,0.571,none,False,0.2443,False,none,0.65,46.048,13.438,59.486,False,0.20975,0.66667,0.35,0.65,0.64,0.45,0.34,True,0.075,False,0.01375,False,0.52,7.5,Data obfuscation: coarsened location; privacy exposure -0.14; Transport Layer Security: reduced tampering probability; latency +6 ms; Virtual objects: sensor and actuator abstractions enabled
EXP_20260507_152111_a31077,1,57,57.0,15,physician,98.792,37.481,93.581,0.681,ICU-zone,0.374,none,False,0.2894,False,none,0.65,63.856,16.434,80.29,False,0.20975,0.66667,0.35,0.65,0.64,0.45,0.34,True,0.075,False,0.01375,False,0.52,7.5,Data obfuscation: coarsened location; privacy exposure -0.14; Transport Layer Security: reduced tampering probability; latency +6 ms; Virtual objects: sensor and actuator abstractions enabled
EXP_20260507_152111_a31077,1,57,57.0,16,physician,103.713,37.36,93.586,1.346,Radiology-zone,0.545,none,False,0.2403,False,none,0.65,54.449,13.86,68.309,False,0.20975,0.66667,0.35,0.65,0.64,0.45,0.34,True,0.075,False,0.01375,False,0.52,7.5,Data obfuscation: coarsened location; privacy exposure -0.14; Transport Layer Security: reduced tampering probability; latency +6 ms; Virtual objects: sensor and actuator abstractions enabled
EXP_20260507_152111_a31077,1,57,57.0,17,porter,113.681,37.246,93.146,2.075,Surgery-zone,0.655,none,False,0.3922,False,none,0.65,54.482,17.865,72.348,False,0.20975,0.66667,0.35,0.65,0.64,0.45,0.34,True,0.075,True,0.01375,False,0.52,7.5,Data obfuscation: coarsened location; privacy exposure -0.14; Transport Layer Security: reduced tampering probability; latency +6 ms; Virtual objects: sensor and actuator abstractions enabled
EXP_20260507_152111_a31077,1,57,57.0,18,physician,124.895,37.436,93.397,1.518,Ward-B-zone,0.662,none,False,0.3417,False,none,0.65,55.946,15.348,71.293,False,0.20975,0.66667,0.35,0.65,0.64,0.45,0.34,True,0.075,False,0.01375,False,0.52,7.5,Data obfuscation: coarsened location; privacy exposure -0.14; Transport Layer Security: reduced tampering probability; latency +6 ms; Virtual objects: sensor and actuator abstractions enabled
EXP_20260507_152111_a31077,1,57,57.0,19,nurse,105.03,37.65,93.933,0.778,Surgery-zone,0.449,none,False,0.3233,False,none,0.65,58.838,16.707,75.545,False,0.20975,0.66667,0.35,0.65,0.64,0.45,0.34,True,0.075,False,0.01375,False,0.52,7.5,Data obfuscation: coarsened location; privacy exposure -0.14; Transport Layer Security: reduced tampering probability; latency +6 ms; Virtual objects: sensor and actuator abstractions enabled
EXP_20260507_152111_a31077,1,57,57.0,20,technician,108.709,37.281,93.171,1.069,Surgery-zone,0.315,none,False,0.3125,False,none,0.65,50.736,14.04,64.776,False,0.20975,0.66667,0.35,0.65,0.64,0.45,0.34,True,0.075,False,0.01375,False,0.52,7.5,Data obfuscation: coarsened location; privacy exposure -0.14; Transport Layer Security: reduced tampering probability; latency +6 ms; Virtual objects: sensor and actuator abstractions enabled
EXP_20260507_152111_a31077,1,58,58.0,1,nurse,84.316,37.266,96.463,0.734,Pharmacy-zone,0.107,none,False,0.0796,False,none,0.65,52.806,18.484,71.29,False,0.20975,0.66667,0.35,0.65,0.64,0.45,0.34,True,0.075,False,0.01375,False,0.52,7.5,Data obfuscation: coarsened location; privacy exposure -0.14; Transport Layer Security: reduced tampering probability; latency +6 ms; Virtual objects: sensor and actuator abstractions enabled
EXP_20260507_152111_a31077,1,58,58.0,2,porter,116.172,37.282,95.486,1.97,Pharmacy-zone,0.845,none,False,0.2882,False,none,0.65,60.304,13.961,74.266,False,0.20975,0.66667,0.35,0.65,0.64,0.45,0.34,True,0.075,False,0.01375,False,0.52,7.5,Data obfuscation: coarsened location; privacy exposure -0.14; Transport Layer Security: reduced tampering probability; latency +6 ms; Virtual objects: sensor and actuator abstractions enabled
EXP_20260507_152111_a31077,1,58,58.0,3,technician,105.379,37.526,93.755,1.263,Ward-A-zone,0.692,none,False,0.2668,False,none,0.65,53.404,15.95,69.353,False,0.20975,0.66667,0.35,0.65,0.64,0.45,0.34,True,0.075,False,0.01375,False,0.52,7.5,Data obfuscation: coarsened location; privacy exposure -0.14; Transport Layer Security: reduced tampering probability; latency +6 ms; Virtual objects: sensor and actuator abstractions enabled
EXP_20260507_152111_a31077,1,58,58.0,4,porter,116.789,37.388,94.361,1.947,Surgery-zone,0.477,none,False,0.3673,False,none,0.65,53.656,18.094,71.75,False,0.20975,0.66667,0.35,0.65,0.64,0.45,0.34,True,0.075,False,0.01375,False,0.52,7.5,Data obfuscation: coarsened location; privacy exposure -0.14; Transport Layer Security: reduced tampering probability; latency +6 ms; Virtual objects: sensor and actuator abstractions enabled
EXP_20260507_152111_a31077,1,58,58.0,5,technician,125.506,39.583,93.563,1.382,Emergency-zone,0.662,heat_stress,True,0.5902,False,none,0.65,56.71,15.784,72.494,False,0.20975,0.66667,0.35,0.65,0.64,0.45,0.34,True,0.075,False,0.01375,False,0.52,7.5,Data obfuscation: coarsened location; privacy exposure -0.14; Transport Layer Security: reduced tampering probability; latency +6 ms; Virtual objects: sensor and actuator abstractions enabled
EXP_20260507_152111_a31077,1,58,58.0,6,porter,108.8,37.216,93.84,1.466,Emergency-zone,0.54,none,False,0.3106,False,none,0.65,56.362,16.105,72.467,False,0.20975,0.66667,0.35,0.65,0.64,0.45,0.34,True,0.075,False,0.01375,False,0.52,7.5,Data obfuscation: coarsened location; privacy exposure -0.14; Transport Layer Security: reduced tampering probability; latency +6 ms; Virtual objects: sensor and actuator abstractions enabled
EXP_20260507_152111_a31077,1,58,58.0,7,porter,114.569,37.277,94.88,1.636,Radiology-zone,0.598,none,False,0.2592,False,none,0.65,67.802,18.673,86.475,False,0.20975,0.66667,0.35,0.65,0.64,0.45,0.34,True,0.075,False,0.01375,False,0.52,7.5,Data obfuscation: coarsened location; privacy exposure -0.14; Transport Layer Security: reduced tampering probability; latency +6 ms; Virtual objects: sensor and actuator abstractions enabled
EXP_20260507_152111_a31077,1,58,58.0,8,porter,109.707,37.25,95.378,1.965,Surgery-zone,0.635,none,False,0.3179,False,none,0.65,53.125,15.461,68.586,False,0.20975,0.66667,0.35,0.65,0.64,0.45,0.34,True,0.075,False,0.01375,False,0.52,7.5,Data obfuscation: coarsened location; privacy exposure -0.14; Transport Layer Security: reduced tampering probability; latency +6 ms; Virtual objects: sensor and actuator abstractions enabled
EXP_20260507_152111_a31077,1,58,58.0,9,technician,99.801,37.309,96.282,0.505,Ward-A-zone,0.325,none,False,0.1505,False,none,0.65,52.071,16.883,68.954,False,0.20975,0.66667,0.35,0.65,0.64,0.45,0.34,True,0.075,False,0.01375,False,0.52,7.5,Data obfuscation: coarsened location; privacy exposure -0.14; Transport Layer Security: reduced tampering probability; latency +6 ms; Virtual objects: sensor and actuator abstractions enabled
EXP_20260507_152111_a31077,1,58,58.0,10,nurse,109.205,37.548,95.744,1.727,Pharmacy-zone,0.514,none,False,0.2439,False,none,0.65,62.268,16.28,78.548,False,0.20975,0.66667,0.35,0.65,0.64,0.45,0.34,True,0.075,False,0.01375,False,0.52,7.5,Data obfuscation: coarsened location; privacy exposure -0.14; Transport Layer Security: reduced tampering probability; latency +6 ms; Virtual objects: sensor and actuator abstractions enabled
EXP_20260507_152111_a31077,1,58,58.0,11,cleaning_staff,124.5,38.802,93.158,0.844,Emergency-zone,0.387,heat_stress,True,0.5084,False,none,0.65,49.417,14.203,63.62,False,0.20975,0.66667,0.35,0.65,0.64,0.45,0.34,True,0.075,False,0.01375,False,0.52,7.5,Data obfuscation: coarsened location; privacy exposure -0.14; Transport Layer Security: reduced tampering probability; latency +6 ms; Virtual objects: sensor and actuator abstractions enabled
EXP_20260507_152111_a31077,1,58,58.0,12,technician,106.935,37.472,95.292,1.863,Radiology-zone,0.536,none,False,0.2495,False,none,0.65,47.996,16.581,64.577,False,0.20975,0.66667,0.35,0.65,0.64,0.45,0.34,True,0.075,False,0.01375,False,0.52,7.5,Data obfuscation: coarsened location; privacy exposure -0.14; Transport Layer Security: reduced tampering probability; latency +6 ms; Virtual objects: sensor and actuator abstractions enabled
EXP_20260507_152111_a31077,1,58,58.0,13,physician,105.573,37.127,95.05,1.448,ICU-zone,0.475,none,False,0.2574,False,none,0.65,63.556,15.402,78.959,False,0.20975,0.66667,0.35,0.65,0.64,0.45,0.34,True,0.075,False,0.01375,False,0.52,7.5,Data obfuscation: coarsened location; privacy exposure -0.14; Transport Layer Security: reduced tampering probability; latency +6 ms; Virtual objects: sensor and actuator abstractions enabled
EXP_20260507_152111_a31077,1,58,58.0,14,technician,103.237,37.178,95.132,1.048,Radiology-zone,0.374,none,False,0.1747,False,none,0.65,59.161,18.329,77.49,False,0.20975,0.66667,0.35,0.65,0.64,0.45,0.34,True,0.075,False,0.01375,False,0.52,7.5,Data obfuscation: coarsened location; privacy exposure -0.14; Transport Layer Security: reduced tampering probability; latency +6 ms; Virtual objects: sensor and actuator abstractions enabled
EXP_20260507_152111_a31077,1,58,58.0,15,physician,105.592,37.527,93.627,1.518,ICU-zone,0.637,none,False,0.3415,False,none,0.65,59.408,14.436,73.844,False,0.20975,0.66667,0.35,0.65,0.64,0.45,0.34,True,0.075,False,0.01375,False,0.52,7.5,Data obfuscation: coarsened location; privacy exposure -0.14; Transport Layer Security: reduced tampering probability; latency +6 ms; Virtual objects: sensor and actuator abstractions enabled
EXP_20260507_152111_a31077,1,58,58.0,16,physician,107.127,37.488,93.754,1.748,Radiology-zone,0.681,none,False,0.2904,False,none,0.65,59.802,15.3,75.102,False,0.20975,0.66667,0.35,0.65,0.64,0.45,0.34,True,0.075,False,0.01375,False,0.52,7.5,Data obfuscation: coarsened location; privacy exposure -0.14; Transport Layer Security: reduced tampering probability; latency +6 ms; Virtual objects: sensor and actuator abstractions enabled
EXP_20260507_152111_a31077,1,58,58.0,17,porter,106.166,37.191,93.134,0.481,Surgery-zone,0.376,none,False,0.3005,False,none,0.65,51.46,16.013,67.473,False,0.20975,0.66667,0.35,0.65,0.64,0.45,0.34,True,0.075,True,0.01375,False,0.52,7.5,Data obfuscation: coarsened location; privacy exposure -0.14; Transport Layer Security: reduced tampering probability; latency +6 ms; Virtual objects: sensor and actuator abstractions enabled
EXP_20260507_152111_a31077,1,58,58.0,18,physician,117.695,37.321,93.704,0.699,Radiology-zone,0.416,none,False,0.275,False,none,0.65,51.567,20.094,71.661,False,0.20975,0.66667,0.35,0.65,0.64,0.45,0.34,True,0.075,False,0.01375,False,0.52,7.5,Data obfuscation: coarsened location; privacy exposure -0.14; Transport Layer Security: reduced tampering probability; latency +6 ms; Virtual objects: sensor and actuator abstractions enabled
EXP_20260507_152111_a31077,1,58,58.0,19,nurse,98.986,37.513,93.939,1.005,Surgery-zone,0.21,none,False,0.2735,False,none,0.65,63.399,13.122,76.521,False,0.20975,0.66667,0.35,0.65,0.64,0.45,0.34,True,0.075,False,0.01375,False,0.52,7.5,Data obfuscation: coarsened location; privacy exposure -0.14; Transport Layer Security: reduced tampering probability; latency +6 ms; Virtual objects: sensor and actuator abstractions enabled
EXP_20260507_152111_a31077,1,58,58.0,20,technician,105.681,37.264,93.36,1.323,Surgery-zone,0.195,none,False,0.2878,False,none,0.65,52.211,16.755,68.966,False,0.20975,0.66667,0.35,0.65,0.64,0.45,0.34,True,0.075,False,0.01375,False,0.52,7.5,Data obfuscation: coarsened location; privacy exposure -0.14; Transport Layer Security: reduced tampering probability; latency +6 ms; Virtual objects: sensor and actuator abstractions enabled
EXP_20260507_152111_a31077,1,59,59.0,1,nurse,89.289,37.344,96.403,1.118,Pharmacy-zone,0.306,none,False,0.1151,False,none,0.65,48.772,15.751,64.523,False,0.20975,0.66667,0.35,0.65,0.64,0.45,0.34,True,0.075,False,0.01375,False,0.52,7.5,Data obfuscation: coarsened location; privacy exposure -0.14; Transport Layer Security: reduced tampering probability; latency +6 ms; Virtual objects: sensor and actuator abstractions enabled
EXP_20260507_152111_a31077,1,59,59.0,2,porter,111.32,37.225,95.463,1.814,Pharmacy-zone,0.671,none,False,0.2453,False,none,0.65,54.713,16.471,71.184,False,0.20975,0.66667,0.35,0.65,0.64,0.45,0.34,True,0.075,False,0.01375,False,0.52,7.5,Data obfuscation: coarsened location; privacy exposure -0.14; Transport Layer Security: reduced tampering probability; latency +6 ms; Virtual objects: sensor and actuator abstractions enabled
EXP_20260507_152111_a31077,1,59,59.0,3,technician,104.903,37.536,93.685,1.885,Ward-A-zone,0.64,none,False,0.2941,False,none,0.65,66.438,15.413,81.851,False,0.20975,0.66667,0.35,0.65,0.64,0.45,0.34,True,0.075,False,0.01375,False,0.52,7.5,Data obfuscation: coarsened location; privacy exposure -0.14; Transport Layer Security: reduced tampering probability; latency +6 ms; Virtual objects: sensor and actuator abstractions enabled
EXP_20260507_152111_a31077,1,59,59.0,4,porter,125.7,38.445,93.578,1.603,Surgery-zone,0.312,heat_stress,True,0.4787,False,none,0.65,57.13,16.433,73.562,False,0.20975,0.66667,0.35,0.65,0.64,0.45,0.34,True,0.075,False,0.01375,False,0.52,7.5,Data obfuscation: coarsened location; privacy exposure -0.14; Transport Layer Security: reduced tampering probability; latency +6 ms; Virtual objects: sensor and actuator abstractions enabled
EXP_20260507_152111_a31077,1,59,59.0,5,technician,107.781,37.826,94.574,0.94,Pharmacy-zone,0.422,none,False,0.2645,False,none,0.65,61.066,16.717,77.783,False,0.20975,0.66667,0.35,0.65,0.64,0.45,0.34,True,0.075,False,0.01375,False,0.52,7.5,Data obfuscation: coarsened location; privacy exposure -0.14; Transport Layer Security: reduced tampering probability; latency +6 ms; Virtual objects: sensor and actuator abstractions enabled
EXP_20260507_152111_a31077,1,59,59.0,6,porter,117.006,37.308,93.632,1.301,Emergency-zone,0.8,none,False,0.3661,False,none,0.65,61.492,16.74,78.233,False,0.20975,0.66667,0.35,0.65,0.64,0.45,0.34,True,0.075,False,0.01375,False,0.52,7.5,Data obfuscation: coarsened location; privacy exposure -0.14; Transport Layer Security: reduced tampering probability; latency +6 ms; Virtual objects: sensor and actuator abstractions enabled
EXP_20260507_152111_a31077,1,59,59.0,7,porter,120.763,37.368,94.86,2.304,Radiology-zone,0.837,none,False,0.3469,False,none,0.65,62.885,18.695,81.58,False,0.20975,0.66667,0.35,0.65,0.64,0.45,0.34,True,0.075,False,0.01375,False,0.52,7.5,Data obfuscation: coarsened location; privacy exposure -0.14; Transport Layer Security: reduced tampering probability; latency +6 ms; Virtual objects: sensor and actuator abstractions enabled
EXP_20260507_152111_a31077,1,59,59.0,8,porter,109.099,37.229,95.628,2.186,Emergency-zone,0.61,none,False,0.32,False,none,0.65,55.11,16.027,71.137,False,0.20975,0.66667,0.35,0.65,0.64,0.45,0.34,True,0.075,False,0.01375,False,0.52,7.5,Data obfuscation: coarsened location; privacy exposure -0.14; Transport Layer Security: reduced tampering probability; latency +6 ms; Virtual objects: sensor and actuator abstractions enabled
EXP_20260507_152111_a31077,1,59,59.0,9,technician,100.107,37.289,96.326,0.742,Ward-A-zone,0.352,none,False,0.1516,False,none,0.65,50.709,11.077,61.786,False,0.20975,0.66667,0.35,0.65,0.64,0.45,0.34,True,0.075,False,0.01375,False,0.52,7.5,Data obfuscation: coarsened location; privacy exposure -0.14; Transport Layer Security: reduced tampering probability; latency +6 ms; Virtual objects: sensor and actuator abstractions enabled
EXP_20260507_152111_a31077,1,59,59.0,10,nurse,112.58,37.611,95.375,1.196,Radiology-zone,0.635,none,False,0.258,False,none,0.65,38.188,17.119,55.307,False,0.20975,0.66667,0.35,0.65,0.64,0.45,0.34,True,0.075,False,0.01375,False,0.52,7.5,Data obfuscation: coarsened location; privacy exposure -0.14; Transport Layer Security: reduced tampering probability; latency +6 ms; Virtual objects: sensor and actuator abstractions enabled
EXP_20260507_152111_a31077,1,59,59.0,11,cleaning_staff,102.898,37.054,93.826,0.72,Emergency-zone,0.333,none,False,0.2576,False,none,0.65,52.19,16.82,69.01,False,0.20975,0.66667,0.35,0.65,0.64,0.45,0.34,True,0.075,False,0.01375,False,0.52,7.5,Data obfuscation: coarsened location; privacy exposure -0.14; Transport Layer Security: reduced tampering probability; latency +6 ms; Virtual objects: sensor and actuator abstractions enabled
EXP_20260507_152111_a31077,1,59,59.0,12,technician,106.63,37.456,95.389,1.516,Radiology-zone,0.53,none,False,0.223,False,none,0.65,57.865,14.119,71.984,False,0.20975,0.66667,0.35,0.65,0.64,0.45,0.34,True,0.075,False,0.01375,False,0.52,7.5,Data obfuscation: coarsened location; privacy exposure -0.14; Transport Layer Security: reduced tampering probability; latency +6 ms; Virtual objects: sensor and actuator abstractions enabled
EXP_20260507_152111_a31077,1,59,59.0,13,physician,109.971,37.204,95.027,1.057,ICU-zone,0.652,none,False,0.2892,False,none,0.65,47.965,16.818,64.784,False,0.20975,0.66667,0.35,0.65,0.64,0.45,0.34,True,0.075,False,0.01375,False,0.52,7.5,Data obfuscation: coarsened location; privacy exposure -0.14; Transport Layer Security: reduced tampering probability; latency +6 ms; Virtual objects: sensor and actuator abstractions enabled
EXP_20260507_152111_a31077,1,59,59.0,14,technician,104.602,37.144,94.846,1.031,Radiology-zone,0.397,none,False,0.1848,False,none,0.65,70.621,17.692,88.314,False,0.20975,0.66667,0.35,0.65,0.64,0.45,0.34,True,0.075,False,0.01375,False,0.52,7.5,Data obfuscation: coarsened location; privacy exposure -0.14; Transport Layer Security: reduced tampering probability; latency +6 ms; Virtual objects: sensor and actuator abstractions enabled
EXP_20260507_152111_a31077,1,59,59.0,15,physician,108.826,37.628,93.659,1.691,ICU-zone,0.758,none,False,0.3799,False,none,0.65,59.967,15.599,75.566,False,0.20975,0.66667,0.35,0.65,0.64,0.45,0.34,True,0.075,False,0.01375,False,0.52,7.5,Data obfuscation: coarsened location; privacy exposure -0.14; Transport Layer Security: reduced tampering probability; latency +6 ms; Virtual objects: sensor and actuator abstractions enabled
EXP_20260507_152111_a31077,1,59,59.0,16,physician,103.833,37.401,93.675,1.046,Radiology-zone,0.532,none,False,0.0,False,no_assessment_packet_loss,0.65,40.947,0.0,40.947,True,0.20975,0.66667,0.35,0.65,0.64,0.45,0.34,True,0.075,False,0.01375,False,0.52,7.5,Data obfuscation: coarsened location; privacy exposure -0.14; Transport Layer Security: reduced tampering probability; latency +6 ms; Virtual objects: sensor and actuator abstractions enabled
EXP_20260507_152111_a31077,1,59,59.0,17,porter,113.111,37.271,93.161,1.663,Surgery-zone,0.646,none,False,0.3659,False,none,0.65,59.325,13.295,72.619,False,0.20975,0.66667,0.35,0.65,0.64,0.45,0.34,True,0.075,False,0.01375,False,0.52,7.5,Data obfuscation: coarsened location; privacy exposure -0.14; Transport Layer Security: reduced tampering probability; latency +6 ms; Virtual objects: sensor and actuator abstractions enabled
EXP_20260507_152111_a31077,1,59,59.0,18,physician,123.416,37.394,93.47,1.646,Radiology-zone,0.597,none,False,0.3345,False,none,0.65,59.755,17.699,77.454,False,0.20975,0.66667,0.35,0.65,0.64,0.45,0.34,True,0.075,False,0.01375,False,0.52,7.5,Data obfuscation: coarsened location; privacy exposure -0.14; Transport Layer Security: reduced tampering probability; latency +6 ms; Virtual objects: sensor and actuator abstractions enabled
EXP_20260507_152111_a31077,1,59,59.0,19,nurse,103.94,37.616,93.864,0.931,Pharmacy-zone,0.4,none,False,0.2475,False,none,0.65,47.08,18.496,65.577,False,0.20975,0.66667,0.35,0.65,0.64,0.45,0.34,True,0.075,False,0.01375,False,0.52,7.5,Data obfuscation: coarsened location; privacy exposure -0.14; Transport Layer Security: reduced tampering probability; latency +6 ms; Virtual objects: sensor and actuator abstractions enabled
EXP_20260507_152111_a31077,1,59,59.0,20,technician,116.939,37.397,93.258,1.451,Surgery-zone,0.628,none,False,0.3741,False,none,0.65,49.096,16.22,65.316,False,0.20975,0.66667,0.35,0.65,0.64,0.45,0.34,True,0.075,False,0.01375,False,0.52,7.5,Data obfuscation: coarsened location; privacy exposure -0.14; Transport Layer Security: reduced tampering probability; latency +6 ms; Virtual objects: sensor and actuator abstractions enabled
