experiment_id,run_id,timestep,time_minutes,worker_id,worker_role,heart_rate,skin_temperature,spo2,accelerometer_magnitude,approximate_location,activity_level,simulated_event_type,is_critical_event,risk_score,generated_alert,recommendation,effective_threshold,communication_latency_ms,processing_latency_ms,total_latency_ms,packet_loss,energy_consumption_mj,computational_load,local_processing_ratio,external_transmission_ratio,privacy_exposure_score,security_risk_score,transparency_score,explainability_available,unauthorized_access_probability,unauthorized_access,data_tampering_probability,data_tampered,attack_propagation_risk,dete4cpes_overhead_ms,applied_dest_effects
EXP_20260513_180105_90f400,1,0,0.0,1,nurse,83.354,37.013,97.435,1.493,Pharmacy-zone,0.548,none,False,0.0926,False,none,0.65,54.574,12.729,67.302,False,0.22475,0.66667,0.35,0.65,0.51,0.48,0.18,False,0.075,False,0.055,False,0.52,8.0,Data obfuscation: coarsened location; privacy exposure -0.14; Encryption: encrypted payloads; latency +8 ms; energy +0.045 mJ
EXP_20260513_180105_90f400,1,0,0.0,2,porter,94.985,36.728,97.307,1.453,Pharmacy-zone,0.632,none,False,0.1299,False,none,0.65,47.979,16.477,64.456,False,0.22475,0.66667,0.35,0.65,0.51,0.48,0.18,False,0.075,False,0.055,False,0.52,8.0,Data obfuscation: coarsened location; privacy exposure -0.14; Encryption: encrypted payloads; latency +8 ms; energy +0.045 mJ
EXP_20260513_180105_90f400,1,0,0.0,3,technician,92.945,37.088,95.196,1.894,Surgery-zone,0.82,none,False,0.2564,False,none,0.65,45.476,14.563,60.039,False,0.22475,0.66667,0.35,0.65,0.51,0.48,0.18,False,0.075,False,0.055,False,0.52,8.0,Data obfuscation: coarsened location; privacy exposure -0.14; Encryption: encrypted payloads; latency +8 ms; energy +0.045 mJ
EXP_20260513_180105_90f400,1,0,0.0,4,porter,105.735,37.007,95.672,1.616,Surgery-zone,0.643,none,False,0.2544,False,none,0.65,44.755,14.034,58.788,False,0.22475,0.66667,0.35,0.65,0.51,0.48,0.18,False,0.075,False,0.055,False,0.52,8.0,Data obfuscation: coarsened location; privacy exposure -0.14; Encryption: encrypted payloads; latency +8 ms; energy +0.045 mJ
EXP_20260513_180105_90f400,1,0,0.0,5,technician,90.607,37.385,95.964,0.738,Laboratory-zone,0.325,none,False,0.1254,False,none,0.65,56.425,13.114,69.538,False,0.22475,0.66667,0.35,0.65,0.51,0.48,0.18,False,0.075,False,0.055,False,0.52,8.0,Data obfuscation: coarsened location; privacy exposure -0.14; Encryption: encrypted payloads; latency +8 ms; energy +0.045 mJ
EXP_20260513_180105_90f400,1,0,0.0,6,porter,92.736,36.692,95.463,1.257,Emergency-zone,0.562,none,False,0.1938,False,none,0.65,63.722,13.408,77.13,False,0.22475,0.66667,0.35,0.65,0.51,0.48,0.18,False,0.075,False,0.055,False,0.52,8.0,Data obfuscation: coarsened location; privacy exposure -0.14; Encryption: encrypted payloads; latency +8 ms; energy +0.045 mJ
EXP_20260513_180105_90f400,1,0,0.0,7,porter,105.234,37.109,93.833,0.844,Radiology-zone,0.471,high_fatigue,True,0.2127,False,none,0.65,65.347,14.475,79.821,False,0.22475,0.66667,0.35,0.65,0.51,0.48,0.18,False,0.075,False,0.055,False,0.52,8.0,Data obfuscation: coarsened location; privacy exposure -0.14; Encryption: encrypted payloads; latency +8 ms; energy +0.045 mJ
EXP_20260513_180105_90f400,1,0,0.0,8,porter,96.99,36.866,96.551,1.186,Emergency-zone,0.6,none,False,0.1988,False,none,0.65,46.926,14.064,60.989,False,0.22475,0.66667,0.35,0.65,0.51,0.48,0.18,False,0.075,False,0.055,False,0.52,8.0,Data obfuscation: coarsened location; privacy exposure -0.14; Encryption: encrypted payloads; latency +8 ms; energy +0.045 mJ
EXP_20260513_180105_90f400,1,0,0.0,9,technician,102.952,37.053,98.933,1.13,Ward-A-zone,0.602,none,False,0.1575,False,none,0.65,53.795,15.743,69.538,False,0.22475,0.66667,0.35,0.65,0.51,0.48,0.18,False,0.075,False,0.055,True,0.52,8.0,Data obfuscation: coarsened location; privacy exposure -0.14; Encryption: encrypted payloads; latency +8 ms; energy +0.045 mJ
EXP_20260513_180105_90f400,1,0,0.0,10,nurse,75.677,37.918,98.646,0.681,ICU-zone,0.606,none,False,0.2381,False,none,0.65,57.789,15.76,73.55,False,0.22475,0.66667,0.35,0.65,0.51,0.48,0.18,False,0.075,False,0.055,True,0.52,8.0,Data obfuscation: coarsened location; privacy exposure -0.14; Encryption: encrypted payloads; latency +8 ms; energy +0.045 mJ
EXP_20260513_180105_90f400,1,0,0.0,11,cleaning_staff,91.274,36.658,94.872,1.205,Emergency-zone,0.416,none,False,0.1927,False,none,0.65,35.167,14.056,49.223,False,0.22475,0.66667,0.35,0.65,0.51,0.48,0.18,False,0.075,False,0.055,False,0.52,8.0,Data obfuscation: coarsened location; privacy exposure -0.14; Encryption: encrypted payloads; latency +8 ms; energy +0.045 mJ
EXP_20260513_180105_90f400,1,0,0.0,12,technician,91.939,37.072,96.586,1.95,Radiology-zone,0.534,none,False,0.1496,False,none,0.65,66.1,15.678,81.779,False,0.22475,0.66667,0.35,0.65,0.51,0.48,0.18,False,0.075,False,0.055,False,0.52,8.0,Data obfuscation: coarsened location; privacy exposure -0.14; Encryption: encrypted payloads; latency +8 ms; energy +0.045 mJ
EXP_20260513_180105_90f400,1,0,0.0,13,physician,91.638,36.689,96.477,1.64,ICU-zone,0.518,none,False,0.1892,False,none,0.65,61.959,16.302,78.261,False,0.22475,0.66667,0.35,0.65,0.51,0.48,0.18,False,0.075,False,0.055,False,0.52,8.0,Data obfuscation: coarsened location; privacy exposure -0.14; Encryption: encrypted payloads; latency +8 ms; energy +0.045 mJ
EXP_20260513_180105_90f400,1,0,0.0,14,technician,99.092,36.893,95.794,0.96,Radiology-zone,0.623,none,False,0.1455,False,none,0.65,47.59,15.424,63.014,False,0.22475,0.66667,0.35,0.65,0.51,0.48,0.18,False,0.075,False,0.055,False,0.52,8.0,Data obfuscation: coarsened location; privacy exposure -0.14; Encryption: encrypted payloads; latency +8 ms; energy +0.045 mJ
EXP_20260513_180105_90f400,1,0,0.0,15,physician,86.318,37.036,95.416,0.615,ICU-zone,0.555,none,False,0.1749,False,none,0.65,50.971,15.537,66.508,False,0.22475,0.66667,0.35,0.65,0.51,0.48,0.18,False,0.075,False,0.055,False,0.52,8.0,Data obfuscation: coarsened location; privacy exposure -0.14; Encryption: encrypted payloads; latency +8 ms; energy +0.045 mJ
EXP_20260513_180105_90f400,1,0,0.0,16,physician,87.213,36.949,95.068,1.48,Radiology-zone,0.42,none,False,0.1117,False,none,0.65,54.48,14.55,69.03,False,0.22475,0.66667,0.35,0.65,0.51,0.48,0.18,False,0.075,False,0.055,False,0.52,8.0,Data obfuscation: coarsened location; privacy exposure -0.14; Encryption: encrypted payloads; latency +8 ms; energy +0.045 mJ
EXP_20260513_180105_90f400,1,0,0.0,17,porter,93.631,36.801,94.787,1.009,Surgery-zone,0.474,none,False,0.2069,False,none,0.65,62.435,10.793,73.228,False,0.22475,0.66667,0.35,0.65,0.51,0.48,0.18,False,0.075,False,0.055,False,0.52,8.0,Data obfuscation: coarsened location; privacy exposure -0.14; Encryption: encrypted payloads; latency +8 ms; energy +0.045 mJ
EXP_20260513_180105_90f400,1,0,0.0,18,physician,105.259,36.86,95.002,1.336,Radiology-zone,0.527,none,False,0.1795,False,none,0.65,59.894,14.909,74.802,False,0.22475,0.66667,0.35,0.65,0.51,0.48,0.18,False,0.075,False,0.055,False,0.52,8.0,Data obfuscation: coarsened location; privacy exposure -0.14; Encryption: encrypted payloads; latency +8 ms; energy +0.045 mJ
EXP_20260513_180105_90f400,1,0,0.0,19,nurse,93.074,37.266,95.234,1.545,Surgery-zone,0.49,none,False,0.2281,False,none,0.65,54.263,15.842,70.105,False,0.22475,0.66667,0.35,0.65,0.51,0.48,0.18,False,0.075,False,0.055,False,0.52,8.0,Data obfuscation: coarsened location; privacy exposure -0.14; Encryption: encrypted payloads; latency +8 ms; energy +0.045 mJ
EXP_20260513_180105_90f400,1,0,0.0,20,technician,94.745,37.148,92.222,0.176,Surgery-zone,0.192,high_fatigue,True,0.2652,False,none,0.65,55.147,14.984,70.131,False,0.22475,0.66667,0.35,0.65,0.51,0.48,0.18,False,0.075,False,0.055,False,0.52,8.0,Data obfuscation: coarsened location; privacy exposure -0.14; Encryption: encrypted payloads; latency +8 ms; energy +0.045 mJ
EXP_20260513_180105_90f400,1,1,1.0,1,nurse,72.672,36.913,97.692,0.303,Pharmacy-zone,0.127,none,False,0.0574,False,none,0.65,58.843,11.138,69.981,False,0.22475,0.66667,0.35,0.65,0.51,0.48,0.18,False,0.075,True,0.055,False,0.52,8.0,Data obfuscation: coarsened location; privacy exposure -0.14; Encryption: encrypted payloads; latency +8 ms; energy +0.045 mJ
EXP_20260513_180105_90f400,1,1,1.0,2,porter,93.856,36.717,97.209,1.273,Pharmacy-zone,0.617,none,False,0.1217,False,none,0.65,66.265,14.137,80.402,False,0.22475,0.66667,0.35,0.65,0.51,0.48,0.18,False,0.075,False,0.055,False,0.52,8.0,Data obfuscation: coarsened location; privacy exposure -0.14; Encryption: encrypted payloads; latency +8 ms; energy +0.045 mJ
EXP_20260513_180105_90f400,1,1,1.0,3,technician,91.733,37.118,95.542,1.612,Ward-A-zone,0.754,none,False,0.1576,False,none,0.65,64.31,15.428,79.738,False,0.22475,0.66667,0.35,0.65,0.51,0.48,0.18,False,0.075,False,0.055,False,0.52,8.0,Data obfuscation: coarsened location; privacy exposure -0.14; Encryption: encrypted payloads; latency +8 ms; energy +0.045 mJ
EXP_20260513_180105_90f400,1,1,1.0,4,porter,96.924,36.865,95.707,0.337,Surgery-zone,0.296,none,False,0.185,False,none,0.65,58.482,16.038,74.52,False,0.22475,0.66667,0.35,0.65,0.51,0.48,0.18,False,0.075,False,0.055,False,0.52,8.0,Data obfuscation: coarsened location; privacy exposure -0.14; Encryption: encrypted payloads; latency +8 ms; energy +0.045 mJ
EXP_20260513_180105_90f400,1,1,1.0,5,technician,97.204,37.545,95.855,1.056,Emergency-zone,0.585,none,False,0.2503,False,none,0.65,60.346,15.661,76.007,False,0.22475,0.66667,0.35,0.65,0.51,0.48,0.18,False,0.075,False,0.055,False,0.52,8.0,Data obfuscation: coarsened location; privacy exposure -0.14; Encryption: encrypted payloads; latency +8 ms; energy +0.045 mJ
EXP_20260513_180105_90f400,1,1,1.0,6,porter,97.771,36.793,95.381,2.018,Emergency-zone,0.747,none,False,0.2641,False,none,0.65,53.015,16.59,69.606,False,0.22475,0.66667,0.35,0.65,0.51,0.48,0.18,False,0.075,False,0.055,False,0.52,8.0,Data obfuscation: coarsened location; privacy exposure -0.14; Encryption: encrypted payloads; latency +8 ms; energy +0.045 mJ
EXP_20260513_180105_90f400,1,1,1.0,7,porter,96.166,37.286,94.273,0.814,Radiology-zone,0.391,none,False,0.1805,False,none,0.65,43.212,16.382,59.594,False,0.22475,0.66667,0.35,0.65,0.51,0.48,0.18,False,0.075,False,0.055,True,0.52,8.0,Data obfuscation: coarsened location; privacy exposure -0.14; Encryption: encrypted payloads; latency +8 ms; energy +0.045 mJ
EXP_20260513_180105_90f400,1,1,1.0,8,porter,96.418,36.89,96.914,1.044,Pharmacy-zone,0.547,none,False,0.126,False,none,0.65,57.766,13.903,71.669,False,0.22475,0.66667,0.35,0.65,0.51,0.48,0.18,False,0.075,False,0.055,False,0.52,8.0,Data obfuscation: coarsened location; privacy exposure -0.14; Encryption: encrypted payloads; latency +8 ms; energy +0.045 mJ
EXP_20260513_180105_90f400,1,1,1.0,9,technician,80.537,36.802,97.533,1.092,Ward-A-zone,0.206,none,False,0.0627,False,none,0.65,57.681,15.207,72.888,False,0.22475,0.66667,0.35,0.65,0.51,0.48,0.18,False,0.075,False,0.055,False,0.52,8.0,Data obfuscation: coarsened location; privacy exposure -0.14; Encryption: encrypted payloads; latency +8 ms; energy +0.045 mJ
EXP_20260513_180105_90f400,1,1,1.0,10,nurse,101.358,37.204,96.801,1.971,Pharmacy-zone,0.778,none,False,0.2124,False,none,0.65,53.243,13.022,66.266,False,0.22475,0.66667,0.35,0.65,0.51,0.48,0.18,False,0.075,False,0.055,False,0.52,8.0,Data obfuscation: coarsened location; privacy exposure -0.14; Encryption: encrypted payloads; latency +8 ms; energy +0.045 mJ
EXP_20260513_180105_90f400,1,1,1.0,11,cleaning_staff,91.546,36.691,94.969,1.208,Emergency-zone,0.425,none,False,0.1919,False,none,0.65,57.204,13.001,70.204,False,0.22475,0.66667,0.35,0.65,0.51,0.48,0.18,False,0.075,True,0.055,False,0.52,8.0,Data obfuscation: coarsened location; privacy exposure -0.14; Encryption: encrypted payloads; latency +8 ms; energy +0.045 mJ
EXP_20260513_180105_90f400,1,1,1.0,12,technician,87.887,36.984,96.741,1.455,Radiology-zone,0.32,none,False,0.0839,False,none,0.65,53.35,12.447,65.797,False,0.22475,0.66667,0.35,0.65,0.51,0.48,0.18,False,0.075,False,0.055,False,0.52,8.0,Data obfuscation: coarsened location; privacy exposure -0.14; Encryption: encrypted payloads; latency +8 ms; energy +0.045 mJ
EXP_20260513_180105_90f400,1,1,1.0,13,physician,91.013,36.696,96.767,1.814,Ward-B-zone,0.494,none,False,0.1288,False,none,0.65,51.535,15.831,67.366,False,0.22475,0.66667,0.35,0.65,0.51,0.48,0.18,False,0.075,False,0.055,False,0.52,8.0,Data obfuscation: coarsened location; privacy exposure -0.14; Encryption: encrypted payloads; latency +8 ms; energy +0.045 mJ
EXP_20260513_180105_90f400,1,1,1.0,14,technician,100.848,36.963,95.894,1.356,Radiology-zone,0.689,none,False,0.1537,False,none,0.65,47.426,13.187,60.612,False,0.22475,0.66667,0.35,0.65,0.51,0.48,0.18,False,0.075,False,0.055,False,0.52,8.0,Data obfuscation: coarsened location; privacy exposure -0.14; Encryption: encrypted payloads; latency +8 ms; energy +0.045 mJ
EXP_20260513_180105_90f400,1,1,1.0,15,physician,86.686,37.084,95.264,1.48,ICU-zone,0.568,none,False,0.0,False,no_assessment_packet_loss,0.65,50.743,0.0,50.743,True,0.22475,0.66667,0.35,0.65,0.51,0.48,0.18,False,0.075,False,0.055,False,0.52,8.0,Data obfuscation: coarsened location; privacy exposure -0.14; Encryption: encrypted payloads; latency +8 ms; energy +0.045 mJ
EXP_20260513_180105_90f400,1,1,1.0,16,physician,86.344,36.993,94.98,0.217,Radiology-zone,0.364,none,False,0.102,False,none,0.65,54.181,11.811,65.992,False,0.22475,0.66667,0.35,0.65,0.51,0.48,0.18,False,0.075,False,0.055,False,0.52,8.0,Data obfuscation: coarsened location; privacy exposure -0.14; Encryption: encrypted payloads; latency +8 ms; energy +0.045 mJ
EXP_20260513_180105_90f400,1,1,1.0,17,porter,102.234,36.899,94.686,1.75,Surgery-zone,0.809,none,False,0.2839,False,none,0.65,52.576,12.593,65.169,False,0.22475,0.66667,0.35,0.65,0.51,0.48,0.18,False,0.075,False,0.055,False,0.52,8.0,Data obfuscation: coarsened location; privacy exposure -0.14; Encryption: encrypted payloads; latency +8 ms; energy +0.045 mJ
EXP_20260513_180105_90f400,1,1,1.0,18,physician,107.327,36.959,95.062,1.122,Radiology-zone,0.621,none,False,0.1917,False,none,0.65,52.961,15.764,68.725,False,0.22475,0.66667,0.35,0.65,0.51,0.48,0.18,False,0.075,False,0.055,False,0.52,8.0,Data obfuscation: coarsened location; privacy exposure -0.14; Encryption: encrypted payloads; latency +8 ms; energy +0.045 mJ
EXP_20260513_180105_90f400,1,1,1.0,19,nurse,83.791,37.109,95.213,1.073,Surgery-zone,0.127,none,False,0.1527,False,none,0.65,74.761,16.434,91.194,False,0.22475,0.66667,0.35,0.65,0.51,0.48,0.18,False,0.075,False,0.055,False,0.52,8.0,Data obfuscation: coarsened location; privacy exposure -0.14; Encryption: encrypted payloads; latency +8 ms; energy +0.045 mJ
EXP_20260513_180105_90f400,1,1,1.0,20,technician,98.963,36.929,94.678,1.179,Surgery-zone,0.517,none,False,0.2313,False,none,0.65,58.213,13.147,71.359,False,0.22475,0.66667,0.35,0.65,0.51,0.48,0.18,False,0.075,True,0.055,False,0.52,8.0,Data obfuscation: coarsened location; privacy exposure -0.14; Encryption: encrypted payloads; latency +8 ms; energy +0.045 mJ
EXP_20260513_180105_90f400,1,2,2.0,1,nurse,70.885,36.896,97.746,0.327,Laboratory-zone,0.05,none,False,0.0522,False,none,0.65,64.093,14.357,78.45,False,0.22475,0.66667,0.35,0.65,0.51,0.48,0.18,False,0.075,False,0.055,False,0.52,8.0,Data obfuscation: coarsened location; privacy exposure -0.14; Encryption: encrypted payloads; latency +8 ms; energy +0.045 mJ
EXP_20260513_180105_90f400,1,2,2.0,2,porter,96.108,36.767,97.056,1.779,Pharmacy-zone,0.688,none,False,0.1578,False,none,0.65,61.186,17.056,78.242,False,0.22475,0.66667,0.35,0.65,0.51,0.48,0.18,False,0.075,False,0.055,False,0.52,8.0,Data obfuscation: coarsened location; privacy exposure -0.14; Encryption: encrypted payloads; latency +8 ms; energy +0.045 mJ
EXP_20260513_180105_90f400,1,2,2.0,3,technician,86.628,37.011,95.461,0.988,Ward-A-zone,0.529,none,False,0.1037,False,none,0.65,56.166,15.116,71.282,False,0.22475,0.66667,0.35,0.65,0.51,0.48,0.18,False,0.075,False,0.055,False,0.52,8.0,Data obfuscation: coarsened location; privacy exposure -0.14; Encryption: encrypted payloads; latency +8 ms; energy +0.045 mJ
EXP_20260513_180105_90f400,1,2,2.0,4,porter,104.447,37.013,95.701,0.824,Surgery-zone,0.583,none,False,0.2323,False,none,0.65,56.492,14.057,70.549,False,0.22475,0.66667,0.35,0.65,0.51,0.48,0.18,False,0.075,False,0.055,False,0.52,8.0,Data obfuscation: coarsened location; privacy exposure -0.14; Encryption: encrypted payloads; latency +8 ms; energy +0.045 mJ
EXP_20260513_180105_90f400,1,2,2.0,5,technician,93.589,37.491,96.106,1.166,Emergency-zone,0.459,none,False,0.2208,False,none,0.65,60.817,16.28,77.097,False,0.22475,0.66667,0.35,0.65,0.51,0.48,0.18,False,0.075,False,0.055,False,0.52,8.0,Data obfuscation: coarsened location; privacy exposure -0.14; Encryption: encrypted payloads; latency +8 ms; energy +0.045 mJ
EXP_20260513_180105_90f400,1,2,2.0,6,porter,97.101,36.786,95.141,1.009,Emergency-zone,0.708,none,False,0.2266,False,none,0.65,66.574,15.206,81.779,False,0.22475,0.66667,0.35,0.65,0.51,0.48,0.18,False,0.075,False,0.055,False,0.52,8.0,Data obfuscation: coarsened location; privacy exposure -0.14; Encryption: encrypted payloads; latency +8 ms; energy +0.045 mJ
EXP_20260513_180105_90f400,1,2,2.0,7,porter,97.894,36.783,96.481,1.532,Radiology-zone,0.619,none,False,0.1442,False,none,0.65,57.69,14.498,72.188,False,0.22475,0.66667,0.35,0.65,0.51,0.48,0.18,False,0.075,False,0.055,False,0.52,8.0,Data obfuscation: coarsened location; privacy exposure -0.14; Encryption: encrypted payloads; latency +8 ms; energy +0.045 mJ
EXP_20260513_180105_90f400,1,2,2.0,8,porter,95.41,36.849,96.717,1.523,Emergency-zone,0.514,none,False,0.195,False,none,0.65,63.907,15.489,79.396,False,0.22475,0.66667,0.35,0.65,0.51,0.48,0.18,False,0.075,False,0.055,False,0.52,8.0,Data obfuscation: coarsened location; privacy exposure -0.14; Encryption: encrypted payloads; latency +8 ms; energy +0.045 mJ
EXP_20260513_180105_90f400,1,2,2.0,9,technician,89.747,36.873,97.607,1.759,ICU-zone,0.549,none,False,0.1918,False,none,0.65,57.723,13.996,71.719,False,0.22475,0.66667,0.35,0.65,0.51,0.48,0.18,False,0.075,False,0.055,False,0.52,8.0,Data obfuscation: coarsened location; privacy exposure -0.14; Encryption: encrypted payloads; latency +8 ms; energy +0.045 mJ
EXP_20260513_180105_90f400,1,2,2.0,10,nurse,99.749,37.208,96.636,1.164,Pharmacy-zone,0.726,none,False,0.1683,False,none,0.65,55.947,15.592,71.539,False,0.22475,0.66667,0.35,0.65,0.51,0.48,0.18,False,0.075,False,0.055,False,0.52,8.0,Data obfuscation: coarsened location; privacy exposure -0.14; Encryption: encrypted payloads; latency +8 ms; energy +0.045 mJ
EXP_20260513_180105_90f400,1,2,2.0,11,cleaning_staff,87.21,36.596,94.902,0.852,Emergency-zone,0.249,none,False,0.1663,False,none,0.65,53.012,14.613,67.626,False,0.22475,0.66667,0.35,0.65,0.51,0.48,0.18,False,0.075,False,0.055,False,0.52,8.0,Data obfuscation: coarsened location; privacy exposure -0.14; Encryption: encrypted payloads; latency +8 ms; energy +0.045 mJ
EXP_20260513_180105_90f400,1,2,2.0,12,technician,93.785,37.062,96.672,2.457,Radiology-zone,0.538,none,False,0.1868,False,none,0.65,55.949,15.65,71.599,False,0.22475,0.66667,0.35,0.65,0.51,0.48,0.18,False,0.075,False,0.055,False,0.52,8.0,Data obfuscation: coarsened location; privacy exposure -0.14; Encryption: encrypted payloads; latency +8 ms; energy +0.045 mJ
EXP_20260513_180105_90f400,1,2,2.0,13,physician,92.633,36.718,96.49,1.003,ICU-zone,0.545,none,False,0.1797,False,none,0.65,44.963,15.358,60.32,False,0.22475,0.66667,0.35,0.65,0.51,0.48,0.18,False,0.075,False,0.055,False,0.52,8.0,Data obfuscation: coarsened location; privacy exposure -0.14; Encryption: encrypted payloads; latency +8 ms; energy +0.045 mJ
EXP_20260513_180105_90f400,1,2,2.0,14,technician,98.909,36.892,95.804,1.488,Radiology-zone,0.623,none,False,0.15,False,none,0.65,57.504,12.613,70.118,False,0.22475,0.66667,0.35,0.65,0.51,0.48,0.18,False,0.075,False,0.055,False,0.52,8.0,Data obfuscation: coarsened location; privacy exposure -0.14; Encryption: encrypted payloads; latency +8 ms; energy +0.045 mJ
EXP_20260513_180105_90f400,1,2,2.0,15,physician,88.019,37.048,95.142,1.319,ICU-zone,0.631,none,False,0.1935,False,none,0.65,56.009,13.075,69.084,False,0.22475,0.66667,0.35,0.65,0.51,0.48,0.18,False,0.075,False,0.055,False,0.52,8.0,Data obfuscation: coarsened location; privacy exposure -0.14; Encryption: encrypted payloads; latency +8 ms; energy +0.045 mJ
EXP_20260513_180105_90f400,1,2,2.0,16,physician,84.554,36.922,95.225,1.147,Radiology-zone,0.305,none,False,0.0875,False,none,0.65,45.484,15.594,61.078,False,0.22475,0.66667,0.35,0.65,0.51,0.48,0.18,False,0.075,False,0.055,False,0.52,8.0,Data obfuscation: coarsened location; privacy exposure -0.14; Encryption: encrypted payloads; latency +8 ms; energy +0.045 mJ
EXP_20260513_180105_90f400,1,2,2.0,17,porter,94.575,36.825,94.827,1.663,Surgery-zone,0.488,none,False,0.2265,False,none,0.65,53.157,14.468,67.624,False,0.22475,0.66667,0.35,0.65,0.51,0.48,0.18,False,0.075,False,0.055,False,0.52,8.0,Data obfuscation: coarsened location; privacy exposure -0.14; Encryption: encrypted payloads; latency +8 ms; energy +0.045 mJ
EXP_20260513_180105_90f400,1,2,2.0,18,physician,105.735,36.916,95.123,1.543,Radiology-zone,0.562,none,False,0.1894,False,none,0.65,58.177,16.681,74.858,False,0.22475,0.66667,0.35,0.65,0.51,0.48,0.18,False,0.075,False,0.055,False,0.52,8.0,Data obfuscation: coarsened location; privacy exposure -0.14; Encryption: encrypted payloads; latency +8 ms; energy +0.045 mJ
EXP_20260513_180105_90f400,1,2,2.0,19,nurse,92.649,37.272,95.237,1.546,Surgery-zone,0.46,none,False,0.225,False,none,0.65,32.255,15.704,47.959,False,0.22475,0.66667,0.35,0.65,0.51,0.48,0.18,False,0.075,False,0.055,False,0.52,8.0,Data obfuscation: coarsened location; privacy exposure -0.14; Encryption: encrypted payloads; latency +8 ms; energy +0.045 mJ
EXP_20260513_180105_90f400,1,2,2.0,20,technician,89.535,36.247,98.197,0.697,Surgery-zone,0.228,none,False,0.1474,False,none,0.65,56.748,12.071,68.819,False,0.22475,0.66667,0.35,0.65,0.51,0.48,0.18,False,0.075,False,0.055,True,0.52,8.0,Data obfuscation: coarsened location; privacy exposure -0.14; Encryption: encrypted payloads; latency +8 ms; energy +0.045 mJ
EXP_20260513_180105_90f400,1,3,3.0,1,nurse,75.289,36.933,97.385,0.966,Pharmacy-zone,0.186,none,False,0.0613,False,none,0.65,44.365,15.259,59.624,False,0.22475,0.66667,0.35,0.65,0.51,0.48,0.18,False,0.075,False,0.055,False,0.52,8.0,Data obfuscation: coarsened location; privacy exposure -0.14; Encryption: encrypted payloads; latency +8 ms; energy +0.045 mJ
EXP_20260513_180105_90f400,1,3,3.0,2,porter,97.58,36.804,96.982,1.838,Pharmacy-zone,0.735,none,False,0.1698,False,none,0.65,70.055,16.334,86.389,False,0.22475,0.66667,0.35,0.65,0.51,0.48,0.18,False,0.075,False,0.055,False,0.52,8.0,Data obfuscation: coarsened location; privacy exposure -0.14; Encryption: encrypted payloads; latency +8 ms; energy +0.045 mJ
EXP_20260513_180105_90f400,1,3,3.0,3,technician,91.432,37.067,95.183,1.917,Ward-A-zone,0.724,none,False,0.1772,False,none,0.65,58.422,15.558,73.979,False,0.22475,0.66667,0.35,0.65,0.51,0.48,0.18,False,0.075,False,0.055,False,0.52,8.0,Data obfuscation: coarsened location; privacy exposure -0.14; Encryption: encrypted payloads; latency +8 ms; energy +0.045 mJ
EXP_20260513_180105_90f400,1,3,3.0,4,porter,107.153,37.008,95.341,1.35,Surgery-zone,0.66,none,False,0.2551,False,none,0.65,60.658,16.032,76.69,False,0.22475,0.66667,0.35,0.65,0.51,0.48,0.18,False,0.075,False,0.055,False,0.52,8.0,Data obfuscation: coarsened location; privacy exposure -0.14; Encryption: encrypted payloads; latency +8 ms; energy +0.045 mJ
EXP_20260513_180105_90f400,1,3,3.0,5,technician,92.915,37.431,96.029,0.446,Emergency-zone,0.414,none,False,0.0,False,no_assessment_packet_loss,0.65,51.697,0.0,51.697,True,0.22475,0.66667,0.35,0.65,0.51,0.48,0.18,False,0.075,False,0.055,False,0.52,8.0,Data obfuscation: coarsened location; privacy exposure -0.14; Encryption: encrypted payloads; latency +8 ms; energy +0.045 mJ
EXP_20260513_180105_90f400,1,3,3.0,6,porter,95.008,36.754,95.431,1.74,Emergency-zone,0.6,none,False,0.2261,False,none,0.65,48.826,15.675,64.501,False,0.22475,0.66667,0.35,0.65,0.51,0.48,0.18,False,0.075,False,0.055,False,0.52,8.0,Data obfuscation: coarsened location; privacy exposure -0.14; Encryption: encrypted payloads; latency +8 ms; energy +0.045 mJ
EXP_20260513_180105_90f400,1,3,3.0,7,porter,97.779,36.735,96.686,1.407,Radiology-zone,0.547,none,False,0.1313,False,none,0.65,56.647,13.887,70.534,False,0.22475,0.66667,0.35,0.65,0.51,0.48,0.18,False,0.075,False,0.055,False,0.52,8.0,Data obfuscation: coarsened location; privacy exposure -0.14; Encryption: encrypted payloads; latency +8 ms; energy +0.045 mJ
EXP_20260513_180105_90f400,1,3,3.0,8,porter,96.972,36.933,96.852,1.398,Emergency-zone,0.586,none,False,0.1978,False,none,0.65,53.866,17.438,71.304,False,0.22475,0.66667,0.35,0.65,0.51,0.48,0.18,False,0.075,False,0.055,False,0.52,8.0,Data obfuscation: coarsened location; privacy exposure -0.14; Encryption: encrypted payloads; latency +8 ms; energy +0.045 mJ
EXP_20260513_180105_90f400,1,3,3.0,9,technician,84.21,36.823,97.799,1.557,Ward-A-zone,0.324,none,False,0.0803,False,none,0.65,52.433,14.247,66.68,False,0.22475,0.66667,0.35,0.65,0.51,0.48,0.18,False,0.075,False,0.055,False,0.52,8.0,Data obfuscation: coarsened location; privacy exposure -0.14; Encryption: encrypted payloads; latency +8 ms; energy +0.045 mJ
EXP_20260513_180105_90f400,1,3,3.0,10,nurse,86.107,37.713,92.197,1.253,Pharmacy-zone,0.694,none,False,0.2518,False,none,0.65,65.636,15.839,81.475,False,0.22475,0.66667,0.35,0.65,0.51,0.48,0.18,False,0.075,False,0.055,True,0.52,8.0,Data obfuscation: coarsened location; privacy exposure -0.14; Encryption: encrypted payloads; latency +8 ms; energy +0.045 mJ
EXP_20260513_180105_90f400,1,3,3.0,11,cleaning_staff,93.744,36.678,94.776,1.803,Emergency-zone,0.485,none,False,0.2332,False,none,0.65,64.769,15.701,80.47,False,0.22475,0.66667,0.35,0.65,0.51,0.48,0.18,False,0.075,False,0.055,False,0.52,8.0,Data obfuscation: coarsened location; privacy exposure -0.14; Encryption: encrypted payloads; latency +8 ms; energy +0.045 mJ
EXP_20260513_180105_90f400,1,3,3.0,12,technician,111.46,37.056,95.631,4.804,Radiology-zone,0.581,fall,True,0.368,False,none,0.65,54.38,14.622,69.003,False,0.22475,0.66667,0.35,0.65,0.51,0.48,0.18,False,0.075,False,0.055,False,0.52,8.0,Data obfuscation: coarsened location; privacy exposure -0.14; Encryption: encrypted payloads; latency +8 ms; energy +0.045 mJ
EXP_20260513_180105_90f400,1,3,3.0,13,physician,96.036,36.762,96.385,0.746,ICU-zone,0.672,none,False,0.2003,False,none,0.65,63.852,15.345,79.198,False,0.22475,0.66667,0.35,0.65,0.51,0.48,0.18,False,0.075,False,0.055,False,0.52,8.0,Data obfuscation: coarsened location; privacy exposure -0.14; Encryption: encrypted payloads; latency +8 ms; energy +0.045 mJ
EXP_20260513_180105_90f400,1,3,3.0,14,technician,99.854,36.976,95.475,1.47,Radiology-zone,0.619,none,False,0.1597,False,none,0.65,52.794,13.078,65.872,False,0.22475,0.66667,0.35,0.65,0.51,0.48,0.18,False,0.075,False,0.055,False,0.52,8.0,Data obfuscation: coarsened location; privacy exposure -0.14; Encryption: encrypted payloads; latency +8 ms; energy +0.045 mJ
EXP_20260513_180105_90f400,1,3,3.0,15,physician,91.066,37.097,94.93,1.43,ICU-zone,0.698,none,False,0.22,False,none,0.65,42.898,15.635,58.533,False,0.22475,0.66667,0.35,0.65,0.51,0.48,0.18,False,0.075,False,0.055,False,0.52,8.0,Data obfuscation: coarsened location; privacy exposure -0.14; Encryption: encrypted payloads; latency +8 ms; energy +0.045 mJ
EXP_20260513_180105_90f400,1,3,3.0,16,physician,92.557,37.035,94.679,1.14,Radiology-zone,0.592,none,False,0.1494,False,none,0.65,60.604,14.287,74.89,False,0.22475,0.66667,0.35,0.65,0.51,0.48,0.18,False,0.075,False,0.055,False,0.52,8.0,Data obfuscation: coarsened location; privacy exposure -0.14; Encryption: encrypted payloads; latency +8 ms; energy +0.045 mJ
EXP_20260513_180105_90f400,1,3,3.0,17,porter,101.68,36.881,94.785,2.373,Surgery-zone,0.795,none,False,0.3171,False,none,0.65,59.062,13.375,72.437,False,0.22475,0.66667,0.35,0.65,0.51,0.48,0.18,False,0.075,False,0.055,False,0.52,8.0,Data obfuscation: coarsened location; privacy exposure -0.14; Encryption: encrypted payloads; latency +8 ms; energy +0.045 mJ
EXP_20260513_180105_90f400,1,3,3.0,18,physician,113.932,37.009,94.942,1.885,Ward-A-zone,0.856,none,False,0.2644,False,none,0.65,41.215,14.711,55.926,False,0.22475,0.66667,0.35,0.65,0.51,0.48,0.18,False,0.075,False,0.055,False,0.52,8.0,Data obfuscation: coarsened location; privacy exposure -0.14; Encryption: encrypted payloads; latency +8 ms; energy +0.045 mJ
EXP_20260513_180105_90f400,1,3,3.0,19,nurse,92.833,37.268,95.268,1.537,Surgery-zone,0.484,none,False,0.2257,False,none,0.65,60.23,14.973,75.203,False,0.22475,0.66667,0.35,0.65,0.51,0.48,0.18,False,0.075,False,0.055,False,0.52,8.0,Data obfuscation: coarsened location; privacy exposure -0.14; Encryption: encrypted payloads; latency +8 ms; energy +0.045 mJ
EXP_20260513_180105_90f400,1,3,3.0,20,technician,93.877,36.894,94.811,1.022,Surgery-zone,0.272,none,False,0.1936,False,none,0.65,51.452,11.185,62.637,False,0.22475,0.66667,0.35,0.65,0.51,0.48,0.18,False,0.075,False,0.055,False,0.52,8.0,Data obfuscation: coarsened location; privacy exposure -0.14; Encryption: encrypted payloads; latency +8 ms; energy +0.045 mJ
EXP_20260513_180105_90f400,1,4,4.0,1,nurse,72.377,36.898,97.595,0.99,Pharmacy-zone,0.05,none,False,0.0522,False,none,0.65,61.896,16.799,78.695,False,0.22475,0.66667,0.35,0.65,0.51,0.48,0.18,False,0.075,False,0.055,False,0.52,8.0,Data obfuscation: coarsened location; privacy exposure -0.14; Encryption: encrypted payloads; latency +8 ms; energy +0.045 mJ
EXP_20260513_180105_90f400,1,4,4.0,2,porter,99.86,36.824,96.85,1.56,Pharmacy-zone,0.785,none,False,0.1641,False,none,0.65,67.996,13.553,81.549,False,0.22475,0.66667,0.35,0.65,0.51,0.48,0.18,False,0.075,False,0.055,False,0.52,8.0,Data obfuscation: coarsened location; privacy exposure -0.14; Encryption: encrypted payloads; latency +8 ms; energy +0.045 mJ
EXP_20260513_180105_90f400,1,4,4.0,3,technician,115.046,37.207,93.294,4.642,Ward-A-zone,0.998,fall,True,0.4771,False,none,0.65,55.514,13.922,69.436,False,0.22475,0.66667,0.35,0.65,0.51,0.48,0.18,False,0.075,False,0.055,False,0.52,8.0,Data obfuscation: coarsened location; privacy exposure -0.14; Encryption: encrypted payloads; latency +8 ms; energy +0.045 mJ
EXP_20260513_180105_90f400,1,4,4.0,4,porter,97.485,36.86,95.554,0.985,Surgery-zone,0.231,none,False,0.1862,False,none,0.65,39.025,9.839,48.863,False,0.22475,0.66667,0.35,0.65,0.51,0.48,0.18,False,0.075,False,0.055,False,0.52,8.0,Data obfuscation: coarsened location; privacy exposure -0.14; Encryption: encrypted payloads; latency +8 ms; energy +0.045 mJ
EXP_20260513_180105_90f400,1,4,4.0,5,technician,97.825,37.474,95.895,0.459,Emergency-zone,0.606,none,False,0.2467,False,none,0.65,60.224,11.83,72.054,False,0.22475,0.66667,0.35,0.65,0.51,0.48,0.18,False,0.075,True,0.055,False,0.52,8.0,Data obfuscation: coarsened location; privacy exposure -0.14; Encryption: encrypted payloads; latency +8 ms; energy +0.045 mJ
EXP_20260513_180105_90f400,1,4,4.0,6,porter,94.585,36.746,95.303,1.234,Emergency-zone,0.576,none,False,0.205,False,none,0.65,54.71,16.553,71.263,False,0.22475,0.66667,0.35,0.65,0.51,0.48,0.18,False,0.075,False,0.055,False,0.52,8.0,Data obfuscation: coarsened location; privacy exposure -0.14; Encryption: encrypted payloads; latency +8 ms; energy +0.045 mJ
EXP_20260513_180105_90f400,1,4,4.0,7,porter,99.192,36.815,96.777,2.114,Radiology-zone,0.62,none,False,0.0,False,no_assessment_packet_loss,0.65,59.122,0.0,59.122,True,0.22475,0.66667,0.35,0.65,0.51,0.48,0.18,False,0.075,False,0.055,False,0.52,8.0,Data obfuscation: coarsened location; privacy exposure -0.14; Encryption: encrypted payloads; latency +8 ms; energy +0.045 mJ
EXP_20260513_180105_90f400,1,4,4.0,8,porter,101.067,36.969,96.555,1.342,Emergency-zone,0.703,none,False,0.2202,False,none,0.65,61.475,13.786,75.261,False,0.22475,0.66667,0.35,0.65,0.51,0.48,0.18,False,0.075,False,0.055,False,0.52,8.0,Data obfuscation: coarsened location; privacy exposure -0.14; Encryption: encrypted payloads; latency +8 ms; energy +0.045 mJ
EXP_20260513_180105_90f400,1,4,4.0,9,technician,85.692,36.807,97.815,0.967,Ward-A-zone,0.364,none,False,0.0757,False,none,0.65,46.684,11.77,58.455,False,0.22475,0.66667,0.35,0.65,0.51,0.48,0.18,False,0.075,False,0.055,False,0.52,8.0,Data obfuscation: coarsened location; privacy exposure -0.14; Encryption: encrypted payloads; latency +8 ms; energy +0.045 mJ
EXP_20260513_180105_90f400,1,4,4.0,10,nurse,100.516,37.195,96.827,1.081,Pharmacy-zone,0.741,none,False,0.1709,False,none,0.65,65.508,11.296,76.804,False,0.22475,0.66667,0.35,0.65,0.51,0.48,0.18,False,0.075,False,0.055,False,0.52,8.0,Data obfuscation: coarsened location; privacy exposure -0.14; Encryption: encrypted payloads; latency +8 ms; energy +0.045 mJ
EXP_20260513_180105_90f400,1,4,4.0,11,cleaning_staff,95.445,36.706,94.68,1.005,Laboratory-zone,0.534,none,False,0.1527,False,none,0.65,40.73,15.951,56.681,False,0.22475,0.66667,0.35,0.65,0.51,0.48,0.18,False,0.075,False,0.055,False,0.52,8.0,Data obfuscation: coarsened location; privacy exposure -0.14; Encryption: encrypted payloads; latency +8 ms; energy +0.045 mJ
EXP_20260513_180105_90f400,1,4,4.0,12,technician,96.605,37.121,96.363,1.395,Radiology-zone,0.636,none,False,0.1434,False,none,0.65,60.914,19.259,80.173,False,0.22475,0.66667,0.35,0.65,0.51,0.48,0.18,False,0.075,False,0.055,False,0.52,8.0,Data obfuscation: coarsened location; privacy exposure -0.14; Encryption: encrypted payloads; latency +8 ms; energy +0.045 mJ
EXP_20260513_180105_90f400,1,4,4.0,13,physician,95.393,36.814,96.504,1.967,ICU-zone,0.617,none,False,0.2293,False,none,0.65,54.025,12.977,67.002,False,0.22475,0.66667,0.35,0.65,0.51,0.48,0.18,False,0.075,False,0.055,False,0.52,8.0,Data obfuscation: coarsened location; privacy exposure -0.14; Encryption: encrypted payloads; latency +8 ms; energy +0.045 mJ
EXP_20260513_180105_90f400,1,4,4.0,14,technician,101.108,36.954,95.627,1.712,Radiology-zone,0.646,none,False,0.1773,False,none,0.65,57.596,12.305,69.901,False,0.22475,0.66667,0.35,0.65,0.51,0.48,0.18,False,0.075,False,0.055,False,0.52,8.0,Data obfuscation: coarsened location; privacy exposure -0.14; Encryption: encrypted payloads; latency +8 ms; energy +0.045 mJ
EXP_20260513_180105_90f400,1,4,4.0,15,physician,83.436,37.066,95.253,1.297,ICU-zone,0.402,none,False,0.1664,False,none,0.65,53.247,14.59,67.837,False,0.22475,0.66667,0.35,0.65,0.51,0.48,0.18,False,0.075,True,0.055,False,0.52,8.0,Data obfuscation: coarsened location; privacy exposure -0.14; Encryption: encrypted payloads; latency +8 ms; energy +0.045 mJ
EXP_20260513_180105_90f400,1,4,4.0,16,physician,95.446,37.072,95.008,1.5,Radiology-zone,0.665,none,False,0.1664,False,none,0.65,49.903,14.881,64.784,False,0.22475,0.66667,0.35,0.65,0.51,0.48,0.18,False,0.075,False,0.055,False,0.52,8.0,Data obfuscation: coarsened location; privacy exposure -0.14; Encryption: encrypted payloads; latency +8 ms; energy +0.045 mJ
EXP_20260513_180105_90f400,1,4,4.0,17,porter,91.269,36.769,94.93,0.66,Surgery-zone,0.4,none,False,0.1902,False,none,0.65,54.398,18.212,72.609,False,0.22475,0.66667,0.35,0.65,0.51,0.48,0.18,False,0.075,False,0.055,False,0.52,8.0,Data obfuscation: coarsened location; privacy exposure -0.14; Encryption: encrypted payloads; latency +8 ms; energy +0.045 mJ
EXP_20260513_180105_90f400,1,4,4.0,18,physician,108.455,36.969,94.957,1.572,Radiology-zone,0.65,none,False,0.2107,False,none,0.65,58.327,13.555,71.882,False,0.22475,0.66667,0.35,0.65,0.51,0.48,0.18,False,0.075,False,0.055,False,0.52,8.0,Data obfuscation: coarsened location; privacy exposure -0.14; Encryption: encrypted payloads; latency +8 ms; energy +0.045 mJ
EXP_20260513_180105_90f400,1,4,4.0,19,nurse,91.068,37.203,95.299,0.733,Surgery-zone,0.392,none,False,0.1983,False,none,0.65,66.301,10.586,76.887,False,0.22475,0.66667,0.35,0.65,0.51,0.48,0.18,False,0.075,False,0.055,False,0.52,8.0,Data obfuscation: coarsened location; privacy exposure -0.14; Encryption: encrypted payloads; latency +8 ms; energy +0.045 mJ
EXP_20260513_180105_90f400,1,4,4.0,20,technician,102.803,37.022,94.522,1.446,Surgery-zone,0.607,none,False,0.2594,False,none,0.65,57.382,10.931,68.313,False,0.22475,0.66667,0.35,0.65,0.51,0.48,0.18,False,0.075,False,0.055,False,0.52,8.0,Data obfuscation: coarsened location; privacy exposure -0.14; Encryption: encrypted payloads; latency +8 ms; energy +0.045 mJ
EXP_20260513_180105_90f400,1,5,5.0,1,nurse,71.974,36.915,97.666,0.618,Ward-B-zone,0.05,none,False,0.0522,False,none,0.65,60.638,12.47,73.109,False,0.22475,0.66667,0.35,0.65,0.51,0.48,0.18,False,0.075,False,0.055,False,0.52,8.0,Data obfuscation: coarsened location; privacy exposure -0.14; Encryption: encrypted payloads; latency +8 ms; energy +0.045 mJ
EXP_20260513_180105_90f400,1,5,5.0,2,porter,94.165,36.745,97.208,1.661,Pharmacy-zone,0.575,none,False,0.136,False,none,0.65,54.86,13.194,68.054,False,0.22475,0.66667,0.35,0.65,0.51,0.48,0.18,False,0.075,False,0.055,False,0.52,8.0,Data obfuscation: coarsened location; privacy exposure -0.14; Encryption: encrypted payloads; latency +8 ms; energy +0.045 mJ
EXP_20260513_180105_90f400,1,5,5.0,3,technician,92.715,37.102,95.105,1.075,Ward-A-zone,0.756,none,False,0.157,False,none,0.65,49.871,14.016,63.887,False,0.22475,0.66667,0.35,0.65,0.51,0.48,0.18,False,0.075,False,0.055,False,0.52,8.0,Data obfuscation: coarsened location; privacy exposure -0.14; Encryption: encrypted payloads; latency +8 ms; energy +0.045 mJ
EXP_20260513_180105_90f400,1,5,5.0,4,porter,101.326,36.95,95.369,0.747,Surgery-zone,0.389,none,False,0.2148,False,none,0.65,55.901,11.893,67.794,False,0.22475,0.66667,0.35,0.65,0.51,0.48,0.18,False,0.075,False,0.055,False,0.52,8.0,Data obfuscation: coarsened location; privacy exposure -0.14; Encryption: encrypted payloads; latency +8 ms; energy +0.045 mJ
EXP_20260513_180105_90f400,1,5,5.0,5,technician,93.407,37.461,96.007,1.602,Emergency-zone,0.461,none,False,0.2301,False,none,0.65,50.075,16.686,66.761,False,0.22475,0.66667,0.35,0.65,0.51,0.48,0.18,False,0.075,False,0.055,False,0.52,8.0,Data obfuscation: coarsened location; privacy exposure -0.14; Encryption: encrypted payloads; latency +8 ms; energy +0.045 mJ
EXP_20260513_180105_90f400,1,5,5.0,6,porter,95.483,36.805,95.117,0.982,Emergency-zone,0.612,none,False,0.215,False,none,0.65,57.609,17.065,74.674,False,0.22475,0.66667,0.35,0.65,0.51,0.48,0.18,False,0.075,False,0.055,False,0.52,8.0,Data obfuscation: coarsened location; privacy exposure -0.14; Encryption: encrypted payloads; latency +8 ms; energy +0.045 mJ
EXP_20260513_180105_90f400,1,5,5.0,7,porter,94.129,36.744,96.543,1.046,Radiology-zone,0.4,none,False,0.1081,False,none,0.65,58.006,13.444,71.45,False,0.22475,0.66667,0.35,0.65,0.51,0.48,0.18,False,0.075,False,0.055,False,0.52,8.0,Data obfuscation: coarsened location; privacy exposure -0.14; Encryption: encrypted payloads; latency +8 ms; energy +0.045 mJ
EXP_20260513_180105_90f400,1,5,5.0,8,porter,108.837,37.067,96.484,1.379,Emergency-zone,1.0,none,False,0.2736,False,none,0.65,57.239,15.55,72.789,False,0.22475,0.66667,0.35,0.65,0.51,0.48,0.18,False,0.075,False,0.055,False,0.52,8.0,Data obfuscation: coarsened location; privacy exposure -0.14; Encryption: encrypted payloads; latency +8 ms; energy +0.045 mJ
EXP_20260513_180105_90f400,1,5,5.0,9,technician,82.563,36.811,97.783,0.683,Ward-A-zone,0.248,none,False,0.0654,False,none,0.65,63.491,15.806,79.297,False,0.22475,0.66667,0.35,0.65,0.51,0.48,0.18,False,0.075,False,0.055,False,0.52,8.0,Data obfuscation: coarsened location; privacy exposure -0.14; Encryption: encrypted payloads; latency +8 ms; energy +0.045 mJ
EXP_20260513_180105_90f400,1,5,5.0,10,nurse,97.314,37.154,96.786,1.749,Pharmacy-zone,0.637,none,False,0.1705,False,none,0.65,51.647,14.327,65.974,False,0.22475,0.66667,0.35,0.65,0.51,0.48,0.18,False,0.075,False,0.055,False,0.52,8.0,Data obfuscation: coarsened location; privacy exposure -0.14; Encryption: encrypted payloads; latency +8 ms; energy +0.045 mJ
EXP_20260513_180105_90f400,1,5,5.0,11,cleaning_staff,93.094,36.699,95.098,0.56,Emergency-zone,0.431,none,False,0.1948,False,none,0.65,70.086,14.804,84.89,False,0.22475,0.66667,0.35,0.65,0.51,0.48,0.18,False,0.075,False,0.055,False,0.52,8.0,Data obfuscation: coarsened location; privacy exposure -0.14; Encryption: encrypted payloads; latency +8 ms; energy +0.045 mJ
EXP_20260513_180105_90f400,1,5,5.0,12,technician,90.492,37.066,96.575,1.138,Radiology-zone,0.41,none,False,0.1017,False,none,0.65,58.616,12.749,71.365,False,0.22475,0.66667,0.35,0.65,0.51,0.48,0.18,False,0.075,True,0.055,False,0.52,8.0,Data obfuscation: coarsened location; privacy exposure -0.14; Encryption: encrypted payloads; latency +8 ms; energy +0.045 mJ
EXP_20260513_180105_90f400,1,5,5.0,13,physician,96.194,36.76,96.384,1.231,ICU-zone,0.613,none,False,0.1969,False,none,0.65,51.422,13.736,65.158,False,0.22475,0.66667,0.35,0.65,0.51,0.48,0.18,False,0.075,False,0.055,False,0.52,8.0,Data obfuscation: coarsened location; privacy exposure -0.14; Encryption: encrypted payloads; latency +8 ms; energy +0.045 mJ
EXP_20260513_180105_90f400,1,5,5.0,14,technician,100.415,36.906,95.775,1.228,Radiology-zone,0.585,none,False,0.148,False,none,0.65,37.097,15.32,52.417,False,0.22475,0.66667,0.35,0.65,0.51,0.48,0.18,False,0.075,False,0.055,False,0.52,8.0,Data obfuscation: coarsened location; privacy exposure -0.14; Encryption: encrypted payloads; latency +8 ms; energy +0.045 mJ
EXP_20260513_180105_90f400,1,5,5.0,15,physician,85.141,37.083,95.18,1.019,ICU-zone,0.462,none,False,0.1742,False,none,0.65,51.031,16.895,67.925,False,0.22475,0.66667,0.35,0.65,0.51,0.48,0.18,False,0.075,False,0.055,False,0.52,8.0,Data obfuscation: coarsened location; privacy exposure -0.14; Encryption: encrypted payloads; latency +8 ms; energy +0.045 mJ
EXP_20260513_180105_90f400,1,5,5.0,16,physician,88.619,36.991,94.768,1.833,Radiology-zone,0.409,none,False,0.1448,False,none,0.65,54.973,13.767,68.74,False,0.22475,0.66667,0.35,0.65,0.51,0.48,0.18,False,0.075,False,0.055,False,0.52,8.0,Data obfuscation: coarsened location; privacy exposure -0.14; Encryption: encrypted payloads; latency +8 ms; energy +0.045 mJ
EXP_20260513_180105_90f400,1,5,5.0,17,porter,91.706,36.771,94.733,1.129,Surgery-zone,0.399,none,False,0.1963,False,none,0.65,45.206,15.428,60.633,False,0.22475,0.66667,0.35,0.65,0.51,0.48,0.18,False,0.075,False,0.055,False,0.52,8.0,Data obfuscation: coarsened location; privacy exposure -0.14; Encryption: encrypted payloads; latency +8 ms; energy +0.045 mJ
EXP_20260513_180105_90f400,1,5,5.0,18,physician,109.219,36.954,94.957,1.322,Radiology-zone,0.689,none,False,0.2055,False,none,0.65,73.841,13.245,87.086,False,0.22475,0.66667,0.35,0.65,0.51,0.48,0.18,False,0.075,False,0.055,False,0.52,8.0,Data obfuscation: coarsened location; privacy exposure -0.14; Encryption: encrypted payloads; latency +8 ms; energy +0.045 mJ
EXP_20260513_180105_90f400,1,5,5.0,19,nurse,88.83,37.176,95.344,0.64,Surgery-zone,0.308,none,False,0.1812,False,none,0.65,52.089,17.039,69.128,False,0.22475,0.66667,0.35,0.65,0.51,0.48,0.18,False,0.075,False,0.055,False,0.52,8.0,Data obfuscation: coarsened location; privacy exposure -0.14; Encryption: encrypted payloads; latency +8 ms; energy +0.045 mJ
EXP_20260513_180105_90f400,1,5,5.0,20,technician,92.298,36.914,94.673,0.964,Surgery-zone,0.206,none,False,0.1868,False,none,0.65,61.202,15.403,76.605,False,0.22475,0.66667,0.35,0.65,0.51,0.48,0.18,False,0.075,False,0.055,False,0.52,8.0,Data obfuscation: coarsened location; privacy exposure -0.14; Encryption: encrypted payloads; latency +8 ms; energy +0.045 mJ
EXP_20260513_180105_90f400,1,6,6.0,1,nurse,72.45,36.926,97.272,0.659,Pharmacy-zone,0.05,none,False,0.0522,False,none,0.65,54.515,15.685,70.2,False,0.22475,0.66667,0.35,0.65,0.51,0.48,0.18,False,0.075,False,0.055,False,0.52,8.0,Data obfuscation: coarsened location; privacy exposure -0.14; Encryption: encrypted payloads; latency +8 ms; energy +0.045 mJ
EXP_20260513_180105_90f400,1,6,6.0,2,porter,96.234,36.813,96.942,1.53,Pharmacy-zone,0.641,none,False,0.1397,False,none,0.65,39.909,13.876,53.785,False,0.22475,0.66667,0.35,0.65,0.51,0.48,0.18,False,0.075,False,0.055,False,0.52,8.0,Data obfuscation: coarsened location; privacy exposure -0.14; Encryption: encrypted payloads; latency +8 ms; energy +0.045 mJ
EXP_20260513_180105_90f400,1,6,6.0,3,technician,94.964,37.102,95.177,1.948,Ward-A-zone,0.82,none,False,0.2014,False,none,0.65,48.663,13.048,61.711,False,0.22475,0.66667,0.35,0.65,0.51,0.48,0.18,False,0.075,False,0.055,False,0.52,8.0,Data obfuscation: coarsened location; privacy exposure -0.14; Encryption: encrypted payloads; latency +8 ms; energy +0.045 mJ
EXP_20260513_180105_90f400,1,6,6.0,4,porter,106.579,37.053,95.451,1.429,Surgery-zone,0.576,none,False,0.2506,False,none,0.65,67.526,16.558,84.084,False,0.22475,0.66667,0.35,0.65,0.51,0.48,0.18,False,0.075,False,0.055,False,0.52,8.0,Data obfuscation: coarsened location; privacy exposure -0.14; Encryption: encrypted payloads; latency +8 ms; energy +0.045 mJ
EXP_20260513_180105_90f400,1,6,6.0,5,technician,88.191,38.209,97.259,0.0,Emergency-zone,0.301,none,False,0.2547,False,none,0.65,57.55,13.416,70.966,False,0.22475,0.66667,0.35,0.65,0.51,0.48,0.18,False,0.075,True,0.055,True,0.52,8.0,Data obfuscation: coarsened location; privacy exposure -0.14; Encryption: encrypted payloads; latency +8 ms; energy +0.045 mJ
EXP_20260513_180105_90f400,1,6,6.0,6,porter,95.008,36.804,95.217,1.841,Emergency-zone,0.537,none,False,0.2331,False,none,0.65,57.585,12.411,69.996,False,0.22475,0.66667,0.35,0.65,0.51,0.48,0.18,False,0.075,False,0.055,False,0.52,8.0,Data obfuscation: coarsened location; privacy exposure -0.14; Encryption: encrypted payloads; latency +8 ms; energy +0.045 mJ
EXP_20260513_180105_90f400,1,6,6.0,7,porter,93.364,36.757,96.309,1.366,Radiology-zone,0.352,none,False,0.0,False,no_assessment_packet_loss,0.65,52.046,0.0,52.046,True,0.22475,0.66667,0.35,0.65,0.51,0.48,0.18,False,0.075,False,0.055,False,0.52,8.0,Data obfuscation: coarsened location; privacy exposure -0.14; Encryption: encrypted payloads; latency +8 ms; energy +0.045 mJ
EXP_20260513_180105_90f400,1,6,6.0,8,porter,101.093,37.006,96.442,0.988,Emergency-zone,0.688,none,False,0.2198,False,none,0.65,51.047,12.649,63.696,False,0.22475,0.66667,0.35,0.65,0.51,0.48,0.18,False,0.075,False,0.055,False,0.52,8.0,Data obfuscation: coarsened location; privacy exposure -0.14; Encryption: encrypted payloads; latency +8 ms; energy +0.045 mJ
EXP_20260513_180105_90f400,1,6,6.0,9,technician,89.813,36.927,97.444,1.544,Ward-A-zone,0.523,none,False,0.1099,False,none,0.65,51.941,15.904,67.845,False,0.22475,0.66667,0.35,0.65,0.51,0.48,0.18,False,0.075,False,0.055,False,0.52,8.0,Data obfuscation: coarsened location; privacy exposure -0.14; Encryption: encrypted payloads; latency +8 ms; energy +0.045 mJ
EXP_20260513_180105_90f400,1,6,6.0,10,nurse,102.905,37.248,96.654,0.667,Radiology-zone,0.836,none,False,0.1904,False,none,0.65,40.328,13.634,53.962,False,0.22475,0.66667,0.35,0.65,0.51,0.48,0.18,False,0.075,False,0.055,False,0.52,8.0,Data obfuscation: coarsened location; privacy exposure -0.14; Encryption: encrypted payloads; latency +8 ms; energy +0.045 mJ
EXP_20260513_180105_90f400,1,6,6.0,11,cleaning_staff,93.748,36.711,94.648,1.573,Emergency-zone,0.488,none,False,0.2222,False,none,0.65,55.434,12.251,67.684,False,0.22475,0.66667,0.35,0.65,0.51,0.48,0.18,False,0.075,False,0.055,False,0.52,8.0,Data obfuscation: coarsened location; privacy exposure -0.14; Encryption: encrypted payloads; latency +8 ms; energy +0.045 mJ
EXP_20260513_180105_90f400,1,6,6.0,12,technician,89.62,37.008,96.428,0.3,Pharmacy-zone,0.347,none,False,0.0892,False,none,0.65,56.151,15.231,71.382,False,0.22475,0.66667,0.35,0.65,0.51,0.48,0.18,False,0.075,False,0.055,False,0.52,8.0,Data obfuscation: coarsened location; privacy exposure -0.14; Encryption: encrypted payloads; latency +8 ms; energy +0.045 mJ
EXP_20260513_180105_90f400,1,6,6.0,13,physician,95.109,36.754,96.365,0.967,ICU-zone,0.574,none,False,0.1904,False,none,0.65,53.811,14.623,68.434,False,0.22475,0.66667,0.35,0.65,0.51,0.48,0.18,False,0.075,True,0.055,False,0.52,8.0,Data obfuscation: coarsened location; privacy exposure -0.14; Encryption: encrypted payloads; latency +8 ms; energy +0.045 mJ
EXP_20260513_180105_90f400,1,6,6.0,14,technician,100.785,36.971,95.916,1.368,Radiology-zone,0.631,none,False,0.1491,False,none,0.65,57.438,13.679,71.117,False,0.22475,0.66667,0.35,0.65,0.51,0.48,0.18,False,0.075,False,0.055,False,0.52,8.0,Data obfuscation: coarsened location; privacy exposure -0.14; Encryption: encrypted payloads; latency +8 ms; energy +0.045 mJ
EXP_20260513_180105_90f400,1,6,6.0,15,physician,86.177,37.085,95.054,0.937,ICU-zone,0.452,none,False,0.0,False,no_assessment_packet_loss,0.65,60.063,0.0,60.063,True,0.22475,0.66667,0.35,0.65,0.51,0.48,0.18,False,0.075,False,0.055,False,0.52,8.0,Data obfuscation: coarsened location; privacy exposure -0.14; Encryption: encrypted payloads; latency +8 ms; energy +0.045 mJ
EXP_20260513_180105_90f400,1,6,6.0,16,physician,105.502,37.588,90.32,2.709,Radiology-zone,0.525,none,False,0.4229,False,none,0.65,57.715,12.578,70.293,False,0.22475,0.66667,0.35,0.65,0.51,0.48,0.18,False,0.075,False,0.055,True,0.52,8.0,Data obfuscation: coarsened location; privacy exposure -0.14; Encryption: encrypted payloads; latency +8 ms; energy +0.045 mJ
EXP_20260513_180105_90f400,1,6,6.0,17,porter,96.42,36.827,94.61,1.958,Surgery-zone,0.562,none,False,0.2613,False,none,0.65,49.38,11.856,61.236,False,0.22475,0.66667,0.35,0.65,0.51,0.48,0.18,False,0.075,False,0.055,False,0.52,8.0,Data obfuscation: coarsened location; privacy exposure -0.14; Encryption: encrypted payloads; latency +8 ms; energy +0.045 mJ
EXP_20260513_180105_90f400,1,6,6.0,18,physician,98.497,36.855,95.164,1.066,Ward-B-zone,0.27,none,False,0.1344,False,none,0.65,61.595,15.389,76.984,False,0.22475,0.66667,0.35,0.65,0.51,0.48,0.18,False,0.075,False,0.055,False,0.52,8.0,Data obfuscation: coarsened location; privacy exposure -0.14; Encryption: encrypted payloads; latency +8 ms; energy +0.045 mJ
EXP_20260513_180105_90f400,1,6,6.0,19,nurse,94.098,37.249,94.997,2.007,Surgery-zone,0.514,none,False,0.2658,False,none,0.65,56.518,17.118,73.636,False,0.22475,0.66667,0.35,0.65,0.51,0.48,0.18,False,0.075,True,0.055,False,0.52,8.0,Data obfuscation: coarsened location; privacy exposure -0.14; Encryption: encrypted payloads; latency +8 ms; energy +0.045 mJ
EXP_20260513_180105_90f400,1,6,6.0,20,technician,98.281,36.924,94.357,1.352,Surgery-zone,0.411,none,False,0.2293,False,none,0.65,57.883,16.729,74.612,False,0.22475,0.66667,0.35,0.65,0.51,0.48,0.18,False,0.075,False,0.055,False,0.52,8.0,Data obfuscation: coarsened location; privacy exposure -0.14; Encryption: encrypted payloads; latency +8 ms; energy +0.045 mJ
EXP_20260513_180105_90f400,1,7,7.0,1,nurse,79.698,37.269,95.926,0.695,Pharmacy-zone,0.152,high_fatigue,True,0.0846,False,none,0.65,48.379,15.117,63.496,False,0.22475,0.66667,0.35,0.65,0.51,0.48,0.18,False,0.075,True,0.055,False,0.52,8.0,Data obfuscation: coarsened location; privacy exposure -0.14; Encryption: encrypted payloads; latency +8 ms; energy +0.045 mJ
EXP_20260513_180105_90f400,1,7,7.0,2,porter,100.974,36.851,96.886,1.668,Pharmacy-zone,0.783,none,False,0.1746,False,none,0.65,62.25,13.191,75.441,False,0.22475,0.66667,0.35,0.65,0.51,0.48,0.18,False,0.075,False,0.055,False,0.52,8.0,Data obfuscation: coarsened location; privacy exposure -0.14; Encryption: encrypted payloads; latency +8 ms; energy +0.045 mJ
EXP_20260513_180105_90f400,1,7,7.0,3,technician,96.691,37.171,95.102,1.934,Ward-A-zone,0.893,none,False,0.2194,False,none,0.65,66.907,15.581,82.488,False,0.22475,0.66667,0.35,0.65,0.51,0.48,0.18,False,0.075,False,0.055,False,0.52,8.0,Data obfuscation: coarsened location; privacy exposure -0.14; Encryption: encrypted payloads; latency +8 ms; energy +0.045 mJ
EXP_20260513_180105_90f400,1,7,7.0,4,porter,113.636,37.674,93.975,1.425,Surgery-zone,0.466,high_fatigue,True,0.3576,False,none,0.65,55.476,15.645,71.12,False,0.22475,0.66667,0.35,0.65,0.51,0.48,0.18,False,0.075,False,0.055,False,0.52,8.0,Data obfuscation: coarsened location; privacy exposure -0.14; Encryption: encrypted payloads; latency +8 ms; energy +0.045 mJ
EXP_20260513_180105_90f400,1,7,7.0,5,technician,94.541,37.469,95.737,2.067,Emergency-zone,0.47,none,False,0.2702,False,none,0.65,62.47,14.136,76.606,False,0.22475,0.66667,0.35,0.65,0.51,0.48,0.18,False,0.075,False,0.055,False,0.52,8.0,Data obfuscation: coarsened location; privacy exposure -0.14; Encryption: encrypted payloads; latency +8 ms; energy +0.045 mJ
EXP_20260513_180105_90f400,1,7,7.0,6,porter,99.457,36.854,95.176,1.339,Emergency-zone,0.714,none,False,0.2346,False,none,0.65,61.552,16.002,77.554,False,0.22475,0.66667,0.35,0.65,0.51,0.48,0.18,False,0.075,False,0.055,False,0.52,8.0,Data obfuscation: coarsened location; privacy exposure -0.14; Encryption: encrypted payloads; latency +8 ms; energy +0.045 mJ
EXP_20260513_180105_90f400,1,7,7.0,7,porter,95.866,36.766,96.301,1.533,Radiology-zone,0.474,none,False,0.1274,False,none,0.65,60.54,13.323,73.863,False,0.22475,0.66667,0.35,0.65,0.51,0.48,0.18,False,0.075,False,0.055,False,0.52,8.0,Data obfuscation: coarsened location; privacy exposure -0.14; Encryption: encrypted payloads; latency +8 ms; energy +0.045 mJ
EXP_20260513_180105_90f400,1,7,7.0,8,porter,97.78,36.92,96.616,1.01,Emergency-zone,0.562,none,False,0.199,False,none,0.65,60.524,11.075,71.599,False,0.22475,0.66667,0.35,0.65,0.51,0.48,0.18,False,0.075,False,0.055,False,0.52,8.0,Data obfuscation: coarsened location; privacy exposure -0.14; Encryption: encrypted payloads; latency +8 ms; energy +0.045 mJ
EXP_20260513_180105_90f400,1,7,7.0,9,technician,81.276,36.792,97.987,0.879,Ward-A-zone,0.185,none,False,0.0613,False,none,0.65,48.251,11.087,59.339,False,0.22475,0.66667,0.35,0.65,0.51,0.48,0.18,False,0.075,False,0.055,False,0.52,8.0,Data obfuscation: coarsened location; privacy exposure -0.14; Encryption: encrypted payloads; latency +8 ms; energy +0.045 mJ
EXP_20260513_180105_90f400,1,7,7.0,10,nurse,99.25,37.166,96.733,1.499,Pharmacy-zone,0.694,none,False,0.1668,False,none,0.65,53.345,13.932,67.277,False,0.22475,0.66667,0.35,0.65,0.51,0.48,0.18,False,0.075,False,0.055,False,0.52,8.0,Data obfuscation: coarsened location; privacy exposure -0.14; Encryption: encrypted payloads; latency +8 ms; energy +0.045 mJ
EXP_20260513_180105_90f400,1,7,7.0,11,cleaning_staff,95.638,36.71,94.738,1.755,Emergency-zone,0.502,none,False,0.239,False,none,0.65,50.506,14.972,65.478,False,0.22475,0.66667,0.35,0.65,0.51,0.48,0.18,False,0.075,False,0.055,False,0.52,8.0,Data obfuscation: coarsened location; privacy exposure -0.14; Encryption: encrypted payloads; latency +8 ms; energy +0.045 mJ
EXP_20260513_180105_90f400,1,7,7.0,12,technician,90.503,37.075,96.762,1.196,Radiology-zone,0.362,none,False,0.0993,False,none,0.65,45.405,14.722,60.127,False,0.22475,0.66667,0.35,0.65,0.51,0.48,0.18,False,0.075,False,0.055,False,0.52,8.0,Data obfuscation: coarsened location; privacy exposure -0.14; Encryption: encrypted payloads; latency +8 ms; energy +0.045 mJ
EXP_20260513_180105_90f400,1,7,7.0,13,physician,77.893,36.613,98.617,0.0,ICU-zone,0.357,none,False,0.14,False,none,0.65,50.736,17.131,67.867,False,0.22475,0.66667,0.35,0.65,0.51,0.48,0.18,False,0.075,True,0.055,True,0.52,8.0,Data obfuscation: coarsened location; privacy exposure -0.14; Encryption: encrypted payloads; latency +8 ms; energy +0.045 mJ
EXP_20260513_180105_90f400,1,7,7.0,14,technician,95.057,36.917,95.87,1.208,Ward-A-zone,0.394,none,False,0.114,False,none,0.65,54.14,14.371,68.512,False,0.22475,0.66667,0.35,0.65,0.51,0.48,0.18,False,0.075,False,0.055,False,0.52,8.0,Data obfuscation: coarsened location; privacy exposure -0.14; Encryption: encrypted payloads; latency +8 ms; energy +0.045 mJ
EXP_20260513_180105_90f400,1,7,7.0,15,physician,85.755,37.102,95.225,1.347,ICU-zone,0.427,none,False,0.1746,False,none,0.65,70.79,14.827,85.616,False,0.22475,0.66667,0.35,0.65,0.51,0.48,0.18,False,0.075,False,0.055,False,0.52,8.0,Data obfuscation: coarsened location; privacy exposure -0.14; Encryption: encrypted payloads; latency +8 ms; energy +0.045 mJ
EXP_20260513_180105_90f400,1,7,7.0,16,physician,91.753,37.059,95.065,1.516,Emergency-zone,0.522,none,False,0.2094,False,none,0.65,64.832,16.655,81.487,False,0.22475,0.66667,0.35,0.65,0.51,0.48,0.18,False,0.075,False,0.055,False,0.52,8.0,Data obfuscation: coarsened location; privacy exposure -0.14; Encryption: encrypted payloads; latency +8 ms; energy +0.045 mJ
EXP_20260513_180105_90f400,1,7,7.0,17,porter,94.014,36.788,94.617,1.016,Surgery-zone,0.473,none,False,0.2122,False,none,0.65,58.655,17.382,76.037,False,0.22475,0.66667,0.35,0.65,0.51,0.48,0.18,False,0.075,False,0.055,False,0.52,8.0,Data obfuscation: coarsened location; privacy exposure -0.14; Encryption: encrypted payloads; latency +8 ms; energy +0.045 mJ
EXP_20260513_180105_90f400,1,7,7.0,18,physician,110.069,36.975,95.069,1.661,Radiology-zone,0.681,none,False,0.2214,False,none,0.65,73.575,17.081,90.656,False,0.22475,0.66667,0.35,0.65,0.51,0.48,0.18,False,0.075,False,0.055,False,0.52,8.0,Data obfuscation: coarsened location; privacy exposure -0.14; Encryption: encrypted payloads; latency +8 ms; energy +0.045 mJ
EXP_20260513_180105_90f400,1,7,7.0,19,nurse,117.402,37.858,98.981,1.689,Surgery-zone,0.149,none,False,0.3347,False,none,0.65,43.28,14.969,58.249,False,0.22475,0.66667,0.35,0.65,0.51,0.48,0.18,False,0.075,True,0.055,True,0.52,8.0,Data obfuscation: coarsened location; privacy exposure -0.14; Encryption: encrypted payloads; latency +8 ms; energy +0.045 mJ
EXP_20260513_180105_90f400,1,7,7.0,20,technician,97.034,36.97,94.309,0.359,Surgery-zone,0.344,none,False,0.2215,False,none,0.65,61.696,15.195,76.891,False,0.22475,0.66667,0.35,0.65,0.51,0.48,0.18,False,0.075,False,0.055,False,0.52,8.0,Data obfuscation: coarsened location; privacy exposure -0.14; Encryption: encrypted payloads; latency +8 ms; energy +0.045 mJ
EXP_20260513_180105_90f400,1,8,8.0,1,nurse,73.085,36.978,97.641,0.762,Pharmacy-zone,0.05,none,False,0.0522,False,none,0.65,52.882,17.039,69.921,False,0.22475,0.66667,0.35,0.65,0.51,0.48,0.18,False,0.075,False,0.055,False,0.52,8.0,Data obfuscation: coarsened location; privacy exposure -0.14; Encryption: encrypted payloads; latency +8 ms; energy +0.045 mJ
EXP_20260513_180105_90f400,1,8,8.0,2,porter,96.005,36.804,96.869,1.734,Pharmacy-zone,0.584,none,False,0.1476,False,none,0.65,59.736,14.253,73.988,False,0.22475,0.66667,0.35,0.65,0.51,0.48,0.18,False,0.075,False,0.055,False,0.52,8.0,Data obfuscation: coarsened location; privacy exposure -0.14; Encryption: encrypted payloads; latency +8 ms; energy +0.045 mJ
EXP_20260513_180105_90f400,1,8,8.0,3,technician,88.468,37.056,94.95,1.17,Ward-A-zone,0.524,none,False,0.1259,False,none,0.65,55.34,15.418,70.758,False,0.22475,0.66667,0.35,0.65,0.51,0.48,0.18,False,0.075,False,0.055,False,0.52,8.0,Data obfuscation: coarsened location; privacy exposure -0.14; Encryption: encrypted payloads; latency +8 ms; energy +0.045 mJ
EXP_20260513_180105_90f400,1,8,8.0,4,porter,101.838,36.973,95.486,0.921,Surgery-zone,0.347,none,False,0.2111,False,none,0.65,50.12,11.505,61.625,False,0.22475,0.66667,0.35,0.65,0.51,0.48,0.18,False,0.075,False,0.055,False,0.52,8.0,Data obfuscation: coarsened location; privacy exposure -0.14; Encryption: encrypted payloads; latency +8 ms; energy +0.045 mJ
EXP_20260513_180105_90f400,1,8,8.0,5,technician,93.172,37.425,96.051,0.309,Emergency-zone,0.415,none,False,0.2105,False,none,0.65,64.58,16.032,80.612,False,0.22475,0.66667,0.35,0.65,0.51,0.48,0.18,False,0.075,False,0.055,False,0.52,8.0,Data obfuscation: coarsened location; privacy exposure -0.14; Encryption: encrypted payloads; latency +8 ms; energy +0.045 mJ
EXP_20260513_180105_90f400,1,8,8.0,6,porter,93.847,36.786,95.156,1.151,Emergency-zone,0.444,none,False,0.197,False,none,0.65,55.565,12.763,68.329,False,0.22475,0.66667,0.35,0.65,0.51,0.48,0.18,False,0.075,False,0.055,False,0.52,8.0,Data obfuscation: coarsened location; privacy exposure -0.14; Encryption: encrypted payloads; latency +8 ms; energy +0.045 mJ
EXP_20260513_180105_90f400,1,8,8.0,7,porter,97.902,36.819,96.474,1.02,Radiology-zone,0.542,none,False,0.1309,False,none,0.65,60.269,20.007,80.277,False,0.22475,0.66667,0.35,0.65,0.51,0.48,0.18,False,0.075,False,0.055,False,0.52,8.0,Data obfuscation: coarsened location; privacy exposure -0.14; Encryption: encrypted payloads; latency +8 ms; energy +0.045 mJ
EXP_20260513_180105_90f400,1,8,8.0,8,porter,99.762,36.961,96.471,1.735,Emergency-zone,0.609,none,False,0.2299,False,none,0.65,56.417,10.967,67.384,False,0.22475,0.66667,0.35,0.65,0.51,0.48,0.18,False,0.075,False,0.055,False,0.52,8.0,Data obfuscation: coarsened location; privacy exposure -0.14; Encryption: encrypted payloads; latency +8 ms; energy +0.045 mJ
EXP_20260513_180105_90f400,1,8,8.0,9,technician,82.437,36.812,97.589,0.866,Ward-A-zone,0.237,none,False,0.0647,False,none,0.65,60.996,15.455,76.451,False,0.22475,0.66667,0.35,0.65,0.51,0.48,0.18,False,0.075,False,0.055,False,0.52,8.0,Data obfuscation: coarsened location; privacy exposure -0.14; Encryption: encrypted payloads; latency +8 ms; energy +0.045 mJ
EXP_20260513_180105_90f400,1,8,8.0,10,nurse,95.987,37.147,96.896,1.423,Pharmacy-zone,0.584,none,False,0.1414,False,none,0.65,57.44,15.014,72.454,False,0.22475,0.66667,0.35,0.65,0.51,0.48,0.18,False,0.075,True,0.055,False,0.52,8.0,Data obfuscation: coarsened location; privacy exposure -0.14; Encryption: encrypted payloads; latency +8 ms; energy +0.045 mJ
EXP_20260513_180105_90f400,1,8,8.0,11,cleaning_staff,96.622,36.734,94.796,1.35,Emergency-zone,0.55,none,False,0.2224,False,none,0.65,73.385,17.264,90.649,False,0.22475,0.66667,0.35,0.65,0.51,0.48,0.18,False,0.075,False,0.055,False,0.52,8.0,Data obfuscation: coarsened location; privacy exposure -0.14; Encryption: encrypted payloads; latency +8 ms; energy +0.045 mJ
EXP_20260513_180105_90f400,1,8,8.0,12,technician,105.482,37.626,94.087,1.25,Ward-A-zone,0.354,high_fatigue,True,0.0,False,no_assessment_packet_loss,0.65,62.139,0.0,62.139,True,0.22475,0.66667,0.35,0.65,0.51,0.48,0.18,False,0.075,False,0.055,False,0.52,8.0,Data obfuscation: coarsened location; privacy exposure -0.14; Encryption: encrypted payloads; latency +8 ms; energy +0.045 mJ
EXP_20260513_180105_90f400,1,8,8.0,13,physician,94.548,36.807,96.29,0.701,Radiology-zone,0.532,none,False,0.1184,False,none,0.65,55.14,17.097,72.236,False,0.22475,0.66667,0.35,0.65,0.51,0.48,0.18,False,0.075,False,0.055,False,0.52,8.0,Data obfuscation: coarsened location; privacy exposure -0.14; Encryption: encrypted payloads; latency +8 ms; energy +0.045 mJ
EXP_20260513_180105_90f400,1,8,8.0,14,technician,99.554,36.982,95.587,1.401,Radiology-zone,0.565,none,False,0.1481,False,none,0.65,59.542,14.709,74.251,False,0.22475,0.66667,0.35,0.65,0.51,0.48,0.18,False,0.075,False,0.055,False,0.52,8.0,Data obfuscation: coarsened location; privacy exposure -0.14; Encryption: encrypted payloads; latency +8 ms; energy +0.045 mJ
EXP_20260513_180105_90f400,1,8,8.0,15,physician,93.266,37.361,92.613,0.296,ICU-zone,0.223,high_fatigue,True,0.2718,False,none,0.65,62.417,14.892,77.309,False,0.22475,0.66667,0.35,0.65,0.51,0.48,0.18,False,0.075,False,0.055,False,0.52,8.0,Data obfuscation: coarsened location; privacy exposure -0.14; Encryption: encrypted payloads; latency +8 ms; energy +0.045 mJ
EXP_20260513_180105_90f400,1,8,8.0,16,physician,95.838,37.114,94.73,1.919,Radiology-zone,0.691,none,False,0.2055,False,none,0.65,60.819,15.563,76.382,False,0.22475,0.66667,0.35,0.65,0.51,0.48,0.18,False,0.075,False,0.055,False,0.52,8.0,Data obfuscation: coarsened location; privacy exposure -0.14; Encryption: encrypted payloads; latency +8 ms; energy +0.045 mJ
EXP_20260513_180105_90f400,1,8,8.0,17,porter,94.112,36.771,94.853,1.667,Surgery-zone,0.447,none,False,0.2218,False,none,0.65,59.382,15.419,74.801,False,0.22475,0.66667,0.35,0.65,0.51,0.48,0.18,False,0.075,False,0.055,False,0.52,8.0,Data obfuscation: coarsened location; privacy exposure -0.14; Encryption: encrypted payloads; latency +8 ms; energy +0.045 mJ
EXP_20260513_180105_90f400,1,8,8.0,18,physician,104.681,36.924,94.891,2.01,Radiology-zone,0.482,none,False,0.2147,False,none,0.65,40.39,14.624,55.014,False,0.22475,0.66667,0.35,0.65,0.51,0.48,0.18,False,0.075,False,0.055,False,0.52,8.0,Data obfuscation: coarsened location; privacy exposure -0.14; Encryption: encrypted payloads; latency +8 ms; energy +0.045 mJ
EXP_20260513_180105_90f400,1,8,8.0,19,nurse,95.986,37.308,95.159,1.059,Surgery-zone,0.576,none,False,0.2407,False,none,0.65,62.29,13.442,75.732,False,0.22475,0.66667,0.35,0.65,0.51,0.48,0.18,False,0.075,False,0.055,False,0.52,8.0,Data obfuscation: coarsened location; privacy exposure -0.14; Encryption: encrypted payloads; latency +8 ms; energy +0.045 mJ
EXP_20260513_180105_90f400,1,8,8.0,20,technician,101.615,36.994,94.245,1.039,Surgery-zone,0.479,none,False,0.2483,False,none,0.65,54.459,14.715,69.174,False,0.22475,0.66667,0.35,0.65,0.51,0.48,0.18,False,0.075,False,0.055,False,0.52,8.0,Data obfuscation: coarsened location; privacy exposure -0.14; Encryption: encrypted payloads; latency +8 ms; energy +0.045 mJ
EXP_20260513_180105_90f400,1,9,9.0,1,nurse,74.072,36.997,97.549,0.685,Pharmacy-zone,0.08,none,False,0.0542,False,none,0.65,61.014,12.861,73.876,False,0.22475,0.66667,0.35,0.65,0.51,0.48,0.18,False,0.075,False,0.055,False,0.52,8.0,Data obfuscation: coarsened location; privacy exposure -0.14; Encryption: encrypted payloads; latency +8 ms; energy +0.045 mJ
EXP_20260513_180105_90f400,1,9,9.0,2,porter,104.841,36.909,96.735,1.814,Pharmacy-zone,0.864,none,False,0.2027,False,none,0.65,57.0,13.628,70.628,False,0.22475,0.66667,0.35,0.65,0.51,0.48,0.18,False,0.075,False,0.055,False,0.52,8.0,Data obfuscation: coarsened location; privacy exposure -0.14; Encryption: encrypted payloads; latency +8 ms; energy +0.045 mJ
EXP_20260513_180105_90f400,1,9,9.0,3,technician,108.55,38.359,94.494,1.372,Ward-A-zone,0.594,heat_stress,True,0.0,False,no_assessment_packet_loss,0.65,53.529,0.0,53.529,True,0.22475,0.66667,0.35,0.65,0.51,0.48,0.18,False,0.075,False,0.055,False,0.52,8.0,Data obfuscation: coarsened location; privacy exposure -0.14; Encryption: encrypted payloads; latency +8 ms; energy +0.045 mJ
EXP_20260513_180105_90f400,1,9,9.0,4,porter,104.373,37.037,95.53,1.386,Surgery-zone,0.431,none,False,0.2279,False,none,0.65,65.563,11.829,77.392,False,0.22475,0.66667,0.35,0.65,0.51,0.48,0.18,False,0.075,False,0.055,False,0.52,8.0,Data obfuscation: coarsened location; privacy exposure -0.14; Encryption: encrypted payloads; latency +8 ms; energy +0.045 mJ
EXP_20260513_180105_90f400,1,9,9.0,5,technician,89.642,37.347,95.767,0.836,Emergency-zone,0.247,none,False,0.1853,False,none,0.65,66.893,15.586,82.48,False,0.22475,0.66667,0.35,0.65,0.51,0.48,0.18,False,0.075,False,0.055,False,0.52,8.0,Data obfuscation: coarsened location; privacy exposure -0.14; Encryption: encrypted payloads; latency +8 ms; energy +0.045 mJ
EXP_20260513_180105_90f400,1,9,9.0,6,porter,102.577,36.953,94.956,1.284,Emergency-zone,0.77,none,False,0.2546,False,none,0.65,32.808,16.213,49.021,False,0.22475,0.66667,0.35,0.65,0.51,0.48,0.18,False,0.075,False,0.055,False,0.52,8.0,Data obfuscation: coarsened location; privacy exposure -0.14; Encryption: encrypted payloads; latency +8 ms; energy +0.045 mJ
EXP_20260513_180105_90f400,1,9,9.0,7,porter,95.904,36.789,96.387,1.184,ICU-zone,0.434,none,False,0.1838,False,none,0.65,66.019,14.059,80.078,False,0.22475,0.66667,0.35,0.65,0.51,0.48,0.18,False,0.075,False,0.055,False,0.52,8.0,Data obfuscation: coarsened location; privacy exposure -0.14; Encryption: encrypted payloads; latency +8 ms; energy +0.045 mJ
EXP_20260513_180105_90f400,1,9,9.0,8,porter,100.145,36.969,96.311,2.188,Emergency-zone,0.643,none,False,0.2616,False,none,0.65,52.478,17.584,70.062,False,0.22475,0.66667,0.35,0.65,0.51,0.48,0.18,False,0.075,False,0.055,False,0.52,8.0,Data obfuscation: coarsened location; privacy exposure -0.14; Encryption: encrypted payloads; latency +8 ms; energy +0.045 mJ
EXP_20260513_180105_90f400,1,9,9.0,9,technician,69.168,37.032,100.0,0.038,Ward-A-zone,0.472,none,False,0.0834,False,none,0.65,54.366,14.013,68.379,False,0.22475,0.66667,0.35,0.65,0.51,0.48,0.18,False,0.075,False,0.055,True,0.52,8.0,Data obfuscation: coarsened location; privacy exposure -0.14; Encryption: encrypted payloads; latency +8 ms; energy +0.045 mJ
EXP_20260513_180105_90f400,1,9,9.0,10,nurse,101.122,37.182,96.514,1.875,Pharmacy-zone,0.733,none,False,0.2006,False,none,0.65,50.148,16.34,66.487,False,0.22475,0.66667,0.35,0.65,0.51,0.48,0.18,False,0.075,False,0.055,False,0.52,8.0,Data obfuscation: coarsened location; privacy exposure -0.14; Encryption: encrypted payloads; latency +8 ms; energy +0.045 mJ
EXP_20260513_180105_90f400,1,9,9.0,11,cleaning_staff,93.848,36.71,95.067,1.164,Emergency-zone,0.454,none,False,0.1998,False,none,0.65,59.424,15.802,75.226,False,0.22475,0.66667,0.35,0.65,0.51,0.48,0.18,False,0.075,False,0.055,False,0.52,8.0,Data obfuscation: coarsened location; privacy exposure -0.14; Encryption: encrypted payloads; latency +8 ms; energy +0.045 mJ
EXP_20260513_180105_90f400,1,9,9.0,12,technician,95.556,37.137,96.282,1.379,Radiology-zone,0.54,none,False,0.1347,False,none,0.65,49.414,13.654,63.068,False,0.22475,0.66667,0.35,0.65,0.51,0.48,0.18,False,0.075,False,0.055,False,0.52,8.0,Data obfuscation: coarsened location; privacy exposure -0.14; Encryption: encrypted payloads; latency +8 ms; energy +0.045 mJ
EXP_20260513_180105_90f400,1,9,9.0,13,physician,92.068,36.734,96.465,1.431,ICU-zone,0.435,none,False,0.0,False,no_assessment_packet_loss,0.65,48.856,0.0,48.856,True,0.22475,0.66667,0.35,0.65,0.51,0.48,0.18,False,0.075,False,0.055,False,0.52,8.0,Data obfuscation: coarsened location; privacy exposure -0.14; Encryption: encrypted payloads; latency +8 ms; energy +0.045 mJ
EXP_20260513_180105_90f400,1,9,9.0,14,technician,100.575,37.297,94.913,0.886,Radiology-zone,0.282,high_fatigue,True,0.1748,False,none,0.65,58.091,14.567,72.659,False,0.22475,0.66667,0.35,0.65,0.51,0.48,0.18,False,0.075,False,0.055,False,0.52,8.0,Data obfuscation: coarsened location; privacy exposure -0.14; Encryption: encrypted payloads; latency +8 ms; energy +0.045 mJ
EXP_20260513_180105_90f400,1,9,9.0,15,physician,95.724,37.2,94.985,1.04,ICU-zone,0.713,none,False,0.2434,False,none,0.65,59.646,17.193,76.839,False,0.22475,0.66667,0.35,0.65,0.51,0.48,0.18,False,0.075,False,0.055,False,0.52,8.0,Data obfuscation: coarsened location; privacy exposure -0.14; Encryption: encrypted payloads; latency +8 ms; energy +0.045 mJ
EXP_20260513_180105_90f400,1,9,9.0,16,physician,90.876,37.054,94.683,1.614,Radiology-zone,0.469,none,False,0.15,False,none,0.65,61.99,17.537,79.527,False,0.22475,0.66667,0.35,0.65,0.51,0.48,0.18,False,0.075,False,0.055,False,0.52,8.0,Data obfuscation: coarsened location; privacy exposure -0.14; Encryption: encrypted payloads; latency +8 ms; energy +0.045 mJ
EXP_20260513_180105_90f400,1,9,9.0,17,porter,98.857,37.284,93.607,1.027,Surgery-zone,0.266,high_fatigue,True,0.2643,False,none,0.65,45.641,15.944,61.585,False,0.22475,0.66667,0.35,0.65,0.51,0.48,0.18,False,0.075,False,0.055,False,0.52,8.0,Data obfuscation: coarsened location; privacy exposure -0.14; Encryption: encrypted payloads; latency +8 ms; energy +0.045 mJ
EXP_20260513_180105_90f400,1,9,9.0,18,physician,104.387,36.922,94.786,0.893,Radiology-zone,0.501,none,False,0.1797,False,none,0.65,58.871,17.082,75.953,False,0.22475,0.66667,0.35,0.65,0.51,0.48,0.18,False,0.075,False,0.055,False,0.52,8.0,Data obfuscation: coarsened location; privacy exposure -0.14; Encryption: encrypted payloads; latency +8 ms; energy +0.045 mJ
EXP_20260513_180105_90f400,1,9,9.0,19,nurse,93.913,37.273,95.047,1.418,Surgery-zone,0.471,none,False,0.2269,False,none,0.65,54.948,13.476,68.423,False,0.22475,0.66667,0.35,0.65,0.51,0.48,0.18,False,0.075,False,0.055,False,0.52,8.0,Data obfuscation: coarsened location; privacy exposure -0.14; Encryption: encrypted payloads; latency +8 ms; energy +0.045 mJ
EXP_20260513_180105_90f400,1,9,9.0,20,technician,101.084,37.039,94.226,1.271,Surgery-zone,0.485,none,False,0.2507,False,none,0.65,52.429,12.402,64.831,False,0.22475,0.66667,0.35,0.65,0.51,0.48,0.18,False,0.075,False,0.055,False,0.52,8.0,Data obfuscation: coarsened location; privacy exposure -0.14; Encryption: encrypted payloads; latency +8 ms; energy +0.045 mJ
EXP_20260513_180105_90f400,1,10,10.0,1,nurse,75.962,36.952,97.382,1.506,Pharmacy-zone,0.141,none,False,0.0648,False,none,0.65,70.348,15.249,85.596,False,0.22475,0.66667,0.35,0.65,0.51,0.48,0.18,False,0.075,True,0.055,False,0.52,8.0,Data obfuscation: coarsened location; privacy exposure -0.14; Encryption: encrypted payloads; latency +8 ms; energy +0.045 mJ
EXP_20260513_180105_90f400,1,10,10.0,2,porter,98.491,36.865,96.814,1.187,Pharmacy-zone,0.613,none,False,0.1378,False,none,0.65,62.657,9.321,71.978,False,0.22475,0.66667,0.35,0.65,0.51,0.48,0.18,False,0.075,False,0.055,False,0.52,8.0,Data obfuscation: coarsened location; privacy exposure -0.14; Encryption: encrypted payloads; latency +8 ms; energy +0.045 mJ
EXP_20260513_180105_90f400,1,10,10.0,3,technician,97.979,37.257,95.049,1.69,Ward-A-zone,0.879,none,False,0.2168,False,none,0.65,54.643,16.252,70.895,False,0.22475,0.66667,0.35,0.65,0.51,0.48,0.18,False,0.075,False,0.055,False,0.52,8.0,Data obfuscation: coarsened location; privacy exposure -0.14; Encryption: encrypted payloads; latency +8 ms; energy +0.045 mJ
EXP_20260513_180105_90f400,1,10,10.0,4,porter,102.518,36.953,95.075,1.324,Surgery-zone,0.346,none,False,0.2231,False,none,0.65,57.175,15.409,72.584,False,0.22475,0.66667,0.35,0.65,0.51,0.48,0.18,False,0.075,False,0.055,False,0.52,8.0,Data obfuscation: coarsened location; privacy exposure -0.14; Encryption: encrypted payloads; latency +8 ms; energy +0.045 mJ
EXP_20260513_180105_90f400,1,10,10.0,5,technician,95.387,37.453,96.062,0.685,Emergency-zone,0.461,none,False,0.224,False,none,0.65,55.274,15.436,70.71,False,0.22475,0.66667,0.35,0.65,0.51,0.48,0.18,False,0.075,False,0.055,False,0.52,8.0,Data obfuscation: coarsened location; privacy exposure -0.14; Encryption: encrypted payloads; latency +8 ms; energy +0.045 mJ
EXP_20260513_180105_90f400,1,10,10.0,6,porter,95.86,36.836,95.298,1.031,Pharmacy-zone,0.506,none,False,0.1378,False,none,0.65,57.774,15.221,72.995,False,0.22475,0.66667,0.35,0.65,0.51,0.48,0.18,False,0.075,False,0.055,False,0.52,8.0,Data obfuscation: coarsened location; privacy exposure -0.14; Encryption: encrypted payloads; latency +8 ms; energy +0.045 mJ
EXP_20260513_180105_90f400,1,10,10.0,7,porter,109.036,38.465,90.823,1.768,Radiology-zone,0.598,none,False,0.4482,False,none,0.65,46.02,17.298,63.318,False,0.22475,0.66667,0.35,0.65,0.51,0.48,0.18,False,0.075,False,0.055,True,0.52,8.0,Data obfuscation: coarsened location; privacy exposure -0.14; Encryption: encrypted payloads; latency +8 ms; energy +0.045 mJ
EXP_20260513_180105_90f400,1,10,10.0,8,porter,95.236,36.945,96.846,1.56,Emergency-zone,0.427,none,False,0.1908,False,none,0.65,56.649,16.914,73.564,False,0.22475,0.66667,0.35,0.65,0.51,0.48,0.18,False,0.075,False,0.055,False,0.52,8.0,Data obfuscation: coarsened location; privacy exposure -0.14; Encryption: encrypted payloads; latency +8 ms; energy +0.045 mJ
EXP_20260513_180105_90f400,1,10,10.0,9,technician,81.809,36.823,97.58,0.375,Ward-A-zone,0.149,none,False,0.0588,False,none,0.65,61.586,14.6,76.186,False,0.22475,0.66667,0.35,0.65,0.51,0.48,0.18,False,0.075,False,0.055,False,0.52,8.0,Data obfuscation: coarsened location; privacy exposure -0.14; Encryption: encrypted payloads; latency +8 ms; energy +0.045 mJ
EXP_20260513_180105_90f400,1,10,10.0,10,nurse,96.457,37.146,96.816,1.486,Pharmacy-zone,0.545,none,False,0.1443,False,none,0.65,55.124,13.816,68.94,False,0.22475,0.66667,0.35,0.65,0.51,0.48,0.18,False,0.075,False,0.055,False,0.52,8.0,Data obfuscation: coarsened location; privacy exposure -0.14; Encryption: encrypted payloads; latency +8 ms; energy +0.045 mJ
EXP_20260513_180105_90f400,1,10,10.0,11,cleaning_staff,91.268,36.703,94.962,1.27,Emergency-zone,0.34,none,False,0.1854,False,none,0.65,55.094,13.851,68.945,False,0.22475,0.66667,0.35,0.65,0.51,0.48,0.18,False,0.075,False,0.055,False,0.52,8.0,Data obfuscation: coarsened location; privacy exposure -0.14; Encryption: encrypted payloads; latency +8 ms; energy +0.045 mJ
EXP_20260513_180105_90f400,1,10,10.0,12,technician,93.655,37.171,96.397,1.644,Radiology-zone,0.456,none,False,0.1404,False,none,0.65,57.752,16.518,74.27,False,0.22475,0.66667,0.35,0.65,0.51,0.48,0.18,False,0.075,False,0.055,False,0.52,8.0,Data obfuscation: coarsened location; privacy exposure -0.14; Encryption: encrypted payloads; latency +8 ms; energy +0.045 mJ
EXP_20260513_180105_90f400,1,10,10.0,13,physician,88.941,36.671,96.402,1.214,ICU-zone,0.277,none,False,0.1486,False,none,0.65,51.969,13.858,65.827,False,0.22475,0.66667,0.35,0.65,0.51,0.48,0.18,False,0.075,True,0.055,False,0.52,8.0,Data obfuscation: coarsened location; privacy exposure -0.14; Encryption: encrypted payloads; latency +8 ms; energy +0.045 mJ
EXP_20260513_180105_90f400,1,10,10.0,14,technician,95.683,36.933,95.897,0.821,ICU-zone,0.396,none,False,0.1829,False,none,0.65,70.31,18.826,89.136,False,0.22475,0.66667,0.35,0.65,0.51,0.48,0.18,False,0.075,False,0.055,False,0.52,8.0,Data obfuscation: coarsened location; privacy exposure -0.14; Encryption: encrypted payloads; latency +8 ms; energy +0.045 mJ
EXP_20260513_180105_90f400,1,10,10.0,15,physician,86.436,37.138,94.976,0.922,ICU-zone,0.36,none,False,0.1815,False,none,0.65,56.754,17.231,73.985,False,0.22475,0.66667,0.35,0.65,0.51,0.48,0.18,False,0.075,False,0.055,False,0.52,8.0,Data obfuscation: coarsened location; privacy exposure -0.14; Encryption: encrypted payloads; latency +8 ms; energy +0.045 mJ
EXP_20260513_180105_90f400,1,10,10.0,16,physician,94.083,37.068,94.673,1.495,Radiology-zone,0.583,none,False,0.1632,False,none,0.65,57.184,15.913,73.097,False,0.22475,0.66667,0.35,0.65,0.51,0.48,0.18,False,0.075,False,0.055,False,0.52,8.0,Data obfuscation: coarsened location; privacy exposure -0.14; Encryption: encrypted payloads; latency +8 ms; energy +0.045 mJ
EXP_20260513_180105_90f400,1,10,10.0,17,porter,98.218,36.872,94.545,1.205,Radiology-zone,0.613,none,False,0.171,False,none,0.65,46.701,18.744,65.445,False,0.22475,0.66667,0.35,0.65,0.51,0.48,0.18,False,0.075,False,0.055,False,0.52,8.0,Data obfuscation: coarsened location; privacy exposure -0.14; Encryption: encrypted payloads; latency +8 ms; energy +0.045 mJ
EXP_20260513_180105_90f400,1,10,10.0,18,physician,117.002,37.072,94.873,1.866,Radiology-zone,0.946,none,False,0.2874,False,none,0.65,69.914,15.637,85.551,False,0.22475,0.66667,0.35,0.65,0.51,0.48,0.18,False,0.075,False,0.055,False,0.52,8.0,Data obfuscation: coarsened location; privacy exposure -0.14; Encryption: encrypted payloads; latency +8 ms; energy +0.045 mJ
EXP_20260513_180105_90f400,1,10,10.0,19,nurse,92.3,37.244,94.94,0.817,Surgery-zone,0.362,none,False,0.2127,False,none,0.65,60.138,13.048,73.186,False,0.22475,0.66667,0.35,0.65,0.51,0.48,0.18,False,0.075,False,0.055,False,0.52,8.0,Data obfuscation: coarsened location; privacy exposure -0.14; Encryption: encrypted payloads; latency +8 ms; energy +0.045 mJ
EXP_20260513_180105_90f400,1,10,10.0,20,technician,96.243,36.966,94.503,0.545,Surgery-zone,0.257,none,False,0.2083,False,none,0.65,41.61,15.56,57.17,False,0.22475,0.66667,0.35,0.65,0.51,0.48,0.18,False,0.075,False,0.055,False,0.52,8.0,Data obfuscation: coarsened location; privacy exposure -0.14; Encryption: encrypted payloads; latency +8 ms; energy +0.045 mJ
EXP_20260513_180105_90f400,1,11,11.0,1,nurse,74.168,36.996,97.179,0.396,ICU-zone,0.05,none,False,0.1194,False,none,0.65,44.804,12.439,57.242,False,0.22475,0.66667,0.35,0.65,0.51,0.48,0.18,False,0.075,False,0.055,False,0.52,8.0,Data obfuscation: coarsened location; privacy exposure -0.14; Encryption: encrypted payloads; latency +8 ms; energy +0.045 mJ
EXP_20260513_180105_90f400,1,11,11.0,2,porter,116.086,36.517,96.724,1.225,Pharmacy-zone,0.817,none,False,0.2139,False,none,0.65,64.536,15.441,79.977,False,0.22475,0.66667,0.35,0.65,0.51,0.48,0.18,False,0.075,False,0.055,True,0.52,8.0,Data obfuscation: coarsened location; privacy exposure -0.14; Encryption: encrypted payloads; latency +8 ms; energy +0.045 mJ
EXP_20260513_180105_90f400,1,11,11.0,3,technician,91.28,37.101,95.146,1.831,Ward-A-zone,0.585,none,False,0.1659,False,none,0.65,67.116,15.31,82.426,False,0.22475,0.66667,0.35,0.65,0.51,0.48,0.18,False,0.075,False,0.055,False,0.52,8.0,Data obfuscation: coarsened location; privacy exposure -0.14; Encryption: encrypted payloads; latency +8 ms; energy +0.045 mJ
EXP_20260513_180105_90f400,1,11,11.0,4,porter,104.024,36.998,95.237,1.143,ICU-zone,0.377,none,False,0.2267,False,none,0.65,51.822,16.618,68.44,False,0.22475,0.66667,0.35,0.65,0.51,0.48,0.18,False,0.075,False,0.055,False,0.52,8.0,Data obfuscation: coarsened location; privacy exposure -0.14; Encryption: encrypted payloads; latency +8 ms; energy +0.045 mJ
EXP_20260513_180105_90f400,1,11,11.0,5,technician,98.453,37.524,95.79,1.138,Emergency-zone,0.591,none,False,0.2548,False,none,0.65,62.679,11.99,74.668,False,0.22475,0.66667,0.35,0.65,0.51,0.48,0.18,False,0.075,False,0.055,False,0.52,8.0,Data obfuscation: coarsened location; privacy exposure -0.14; Encryption: encrypted payloads; latency +8 ms; energy +0.045 mJ
EXP_20260513_180105_90f400,1,11,11.0,6,porter,99.226,36.943,94.791,1.583,Emergency-zone,0.623,none,False,0.2479,False,none,0.65,46.963,15.59,62.553,False,0.22475,0.66667,0.35,0.65,0.51,0.48,0.18,False,0.075,False,0.055,False,0.52,8.0,Data obfuscation: coarsened location; privacy exposure -0.14; Encryption: encrypted payloads; latency +8 ms; energy +0.045 mJ
EXP_20260513_180105_90f400,1,11,11.0,7,porter,99.803,36.881,96.182,1.279,Ward-B-zone,0.566,none,False,0.1393,False,none,0.65,46.644,14.001,60.645,False,0.22475,0.66667,0.35,0.65,0.51,0.48,0.18,False,0.075,False,0.055,False,0.52,8.0,Data obfuscation: coarsened location; privacy exposure -0.14; Encryption: encrypted payloads; latency +8 ms; energy +0.045 mJ
EXP_20260513_180105_90f400,1,11,11.0,8,porter,104.748,37.037,96.482,1.429,Emergency-zone,0.756,none,False,0.2419,False,none,0.65,47.472,15.908,63.38,False,0.22475,0.66667,0.35,0.65,0.51,0.48,0.18,False,0.075,False,0.055,False,0.52,8.0,Data obfuscation: coarsened location; privacy exposure -0.14; Encryption: encrypted payloads; latency +8 ms; energy +0.045 mJ
EXP_20260513_180105_90f400,1,11,11.0,9,technician,95.212,37.112,95.029,1.113,Ward-A-zone,0.326,high_fatigue,True,0.1396,False,none,0.65,59.577,13.788,73.365,False,0.22475,0.66667,0.35,0.65,0.51,0.48,0.18,False,0.075,False,0.055,False,0.52,8.0,Data obfuscation: coarsened location; privacy exposure -0.14; Encryption: encrypted payloads; latency +8 ms; energy +0.045 mJ
EXP_20260513_180105_90f400,1,11,11.0,10,nurse,99.878,37.203,96.703,1.572,Pharmacy-zone,0.672,none,False,0.1753,False,none,0.65,42.85,16.62,59.47,False,0.22475,0.66667,0.35,0.65,0.51,0.48,0.18,False,0.075,False,0.055,False,0.52,8.0,Data obfuscation: coarsened location; privacy exposure -0.14; Encryption: encrypted payloads; latency +8 ms; energy +0.045 mJ
EXP_20260513_180105_90f400,1,11,11.0,11,cleaning_staff,93.885,36.72,94.719,1.258,ICU-zone,0.455,none,False,0.2081,False,none,0.65,56.15,12.642,68.792,False,0.22475,0.66667,0.35,0.65,0.51,0.48,0.18,False,0.075,True,0.055,False,0.52,8.0,Data obfuscation: coarsened location; privacy exposure -0.14; Encryption: encrypted payloads; latency +8 ms; energy +0.045 mJ
EXP_20260513_180105_90f400,1,11,11.0,12,technician,94.339,37.137,96.176,1.495,Radiology-zone,0.453,none,False,0.1304,False,none,0.65,57.121,15.641,72.761,False,0.22475,0.66667,0.35,0.65,0.51,0.48,0.18,False,0.075,False,0.055,False,0.52,8.0,Data obfuscation: coarsened location; privacy exposure -0.14; Encryption: encrypted payloads; latency +8 ms; energy +0.045 mJ
EXP_20260513_180105_90f400,1,11,11.0,13,physician,90.291,36.488,97.334,1.07,ICU-zone,0.369,none,False,0.1595,False,none,0.65,37.626,12.236,49.863,False,0.22475,0.66667,0.35,0.65,0.51,0.48,0.18,False,0.075,False,0.055,True,0.52,8.0,Data obfuscation: coarsened location; privacy exposure -0.14; Encryption: encrypted payloads; latency +8 ms; energy +0.045 mJ
EXP_20260513_180105_90f400,1,11,11.0,14,technician,94.393,36.9,95.673,0.59,Radiology-zone,0.351,none,False,0.1134,False,none,0.65,47.98,18.557,66.537,False,0.22475,0.66667,0.35,0.65,0.51,0.48,0.18,False,0.075,True,0.055,False,0.52,8.0,Data obfuscation: coarsened location; privacy exposure -0.14; Encryption: encrypted payloads; latency +8 ms; energy +0.045 mJ
EXP_20260513_180105_90f400,1,11,11.0,15,physician,89.635,37.159,94.679,1.399,ICU-zone,0.473,none,False,0.2093,False,none,0.65,49.335,12.992,62.327,False,0.22475,0.66667,0.35,0.65,0.51,0.48,0.18,False,0.075,False,0.055,False,0.52,8.0,Data obfuscation: coarsened location; privacy exposure -0.14; Encryption: encrypted payloads; latency +8 ms; energy +0.045 mJ
EXP_20260513_180105_90f400,1,11,11.0,16,physician,85.88,36.995,94.745,0.826,Radiology-zone,0.266,none,False,0.0992,False,none,0.65,45.719,18.142,63.861,False,0.22475,0.66667,0.35,0.65,0.51,0.48,0.18,False,0.075,False,0.055,False,0.52,8.0,Data obfuscation: coarsened location; privacy exposure -0.14; Encryption: encrypted payloads; latency +8 ms; energy +0.045 mJ
EXP_20260513_180105_90f400,1,11,11.0,17,porter,108.74,36.062,100.0,0.886,Surgery-zone,0.558,none,False,0.2377,False,none,0.65,63.255,14.569,77.825,False,0.22475,0.66667,0.35,0.65,0.51,0.48,0.18,False,0.075,False,0.055,True,0.52,8.0,Data obfuscation: coarsened location; privacy exposure -0.14; Encryption: encrypted payloads; latency +8 ms; energy +0.045 mJ
EXP_20260513_180105_90f400,1,11,11.0,18,physician,109.596,36.945,95.134,2.152,Radiology-zone,0.645,none,False,0.2461,False,none,0.65,45.466,14.232,59.698,False,0.22475,0.66667,0.35,0.65,0.51,0.48,0.18,False,0.075,False,0.055,False,0.52,8.0,Data obfuscation: coarsened location; privacy exposure -0.14; Encryption: encrypted payloads; latency +8 ms; energy +0.045 mJ
EXP_20260513_180105_90f400,1,11,11.0,19,nurse,99.576,37.357,95.082,1.55,Surgery-zone,0.673,none,False,0.0,False,no_assessment_packet_loss,0.65,51.394,0.0,51.394,True,0.22475,0.66667,0.35,0.65,0.51,0.48,0.18,False,0.075,False,0.055,False,0.52,8.0,Data obfuscation: coarsened location; privacy exposure -0.14; Encryption: encrypted payloads; latency +8 ms; energy +0.045 mJ
EXP_20260513_180105_90f400,1,11,11.0,20,technician,100.876,37.033,94.137,1.741,Surgery-zone,0.454,none,False,0.2704,False,none,0.65,56.515,15.783,72.297,False,0.22475,0.66667,0.35,0.65,0.51,0.48,0.18,False,0.075,False,0.055,False,0.52,8.0,Data obfuscation: coarsened location; privacy exposure -0.14; Encryption: encrypted payloads; latency +8 ms; energy +0.045 mJ
EXP_20260513_180105_90f400,1,12,12.0,1,nurse,82.97,37.12,96.969,0.436,Pharmacy-zone,0.362,none,False,0.0838,False,none,0.65,45.227,17.076,62.303,False,0.22475,0.66667,0.35,0.65,0.51,0.48,0.18,False,0.075,False,0.055,False,0.52,8.0,Data obfuscation: coarsened location; privacy exposure -0.14; Encryption: encrypted payloads; latency +8 ms; energy +0.045 mJ
EXP_20260513_180105_90f400,1,12,12.0,2,porter,99.92,36.91,96.789,1.82,Pharmacy-zone,0.63,none,False,0.17,False,none,0.65,57.824,12.889,70.714,False,0.22475,0.66667,0.35,0.65,0.51,0.48,0.18,False,0.075,False,0.055,False,0.52,8.0,Data obfuscation: coarsened location; privacy exposure -0.14; Encryption: encrypted payloads; latency +8 ms; energy +0.045 mJ
EXP_20260513_180105_90f400,1,12,12.0,3,technician,95.483,37.219,95.01,2.13,Ward-A-zone,0.737,none,False,0.2232,False,none,0.65,66.277,18.096,84.373,False,0.22475,0.66667,0.35,0.65,0.51,0.48,0.18,False,0.075,False,0.055,False,0.52,8.0,Data obfuscation: coarsened location; privacy exposure -0.14; Encryption: encrypted payloads; latency +8 ms; energy +0.045 mJ
EXP_20260513_180105_90f400,1,12,12.0,4,porter,107.938,37.109,95.006,1.532,Surgery-zone,0.54,none,False,0.2747,False,none,0.65,58.554,14.825,73.379,False,0.22475,0.66667,0.35,0.65,0.51,0.48,0.18,False,0.075,False,0.055,False,0.52,8.0,Data obfuscation: coarsened location; privacy exposure -0.14; Encryption: encrypted payloads; latency +8 ms; energy +0.045 mJ
EXP_20260513_180105_90f400,1,12,12.0,5,technician,92.635,37.41,95.71,1.172,Emergency-zone,0.371,none,False,0.2111,False,none,0.65,43.377,17.414,60.791,False,0.22475,0.66667,0.35,0.65,0.51,0.48,0.18,False,0.075,False,0.055,False,0.52,8.0,Data obfuscation: coarsened location; privacy exposure -0.14; Encryption: encrypted payloads; latency +8 ms; energy +0.045 mJ
EXP_20260513_180105_90f400,1,12,12.0,6,porter,103.019,36.95,94.907,1.125,Emergency-zone,0.724,none,False,0.2541,False,none,0.65,58.516,13.502,72.018,False,0.22475,0.66667,0.35,0.65,0.51,0.48,0.18,False,0.075,False,0.055,False,0.52,8.0,Data obfuscation: coarsened location; privacy exposure -0.14; Encryption: encrypted payloads; latency +8 ms; energy +0.045 mJ
EXP_20260513_180105_90f400,1,12,12.0,7,porter,104.184,36.898,95.969,1.335,Radiology-zone,0.697,none,False,0.1644,False,none,0.65,53.678,13.147,66.826,False,0.22475,0.66667,0.35,0.65,0.51,0.48,0.18,False,0.075,True,0.055,False,0.52,8.0,Data obfuscation: coarsened location; privacy exposure -0.14; Encryption: encrypted payloads; latency +8 ms; energy +0.045 mJ
EXP_20260513_180105_90f400,1,12,12.0,8,porter,102.443,37.067,96.573,1.126,Emergency-zone,0.677,none,False,0.2293,False,none,0.65,59.625,15.527,75.151,False,0.22475,0.66667,0.35,0.65,0.51,0.48,0.18,False,0.075,False,0.055,False,0.52,8.0,Data obfuscation: coarsened location; privacy exposure -0.14; Encryption: encrypted payloads; latency +8 ms; energy +0.045 mJ
EXP_20260513_180105_90f400,1,12,12.0,9,technician,87.361,36.926,97.514,0.945,Ward-A-zone,0.389,none,False,0.0833,False,none,0.65,72.136,18.865,91.001,False,0.22475,0.66667,0.35,0.65,0.51,0.48,0.18,False,0.075,False,0.055,False,0.52,8.0,Data obfuscation: coarsened location; privacy exposure -0.14; Encryption: encrypted payloads; latency +8 ms; energy +0.045 mJ
EXP_20260513_180105_90f400,1,12,12.0,10,nurse,100.543,37.203,96.855,1.369,Pharmacy-zone,0.717,none,False,0.17,False,none,0.65,52.687,11.25,63.937,False,0.22475,0.66667,0.35,0.65,0.51,0.48,0.18,False,0.075,False,0.055,False,0.52,8.0,Data obfuscation: coarsened location; privacy exposure -0.14; Encryption: encrypted payloads; latency +8 ms; energy +0.045 mJ
EXP_20260513_180105_90f400,1,12,12.0,11,cleaning_staff,94.896,36.778,94.692,2.167,Emergency-zone,0.501,none,False,0.2628,False,none,0.65,61.992,13.641,75.633,False,0.22475,0.66667,0.35,0.65,0.51,0.48,0.18,False,0.075,False,0.055,False,0.52,8.0,Data obfuscation: coarsened location; privacy exposure -0.14; Encryption: encrypted payloads; latency +8 ms; energy +0.045 mJ
EXP_20260513_180105_90f400,1,12,12.0,12,technician,92.229,37.267,94.808,1.196,Radiology-zone,0.109,high_fatigue,True,0.1334,False,none,0.65,71.877,16.062,87.938,False,0.22475,0.66667,0.35,0.65,0.51,0.48,0.18,False,0.075,False,0.055,False,0.52,8.0,Data obfuscation: coarsened location; privacy exposure -0.14; Encryption: encrypted payloads; latency +8 ms; energy +0.045 mJ
EXP_20260513_180105_90f400,1,12,12.0,13,physician,97.362,36.813,96.041,1.217,ICU-zone,0.608,none,False,0.2007,False,none,0.65,44.932,13.505,58.437,False,0.22475,0.66667,0.35,0.65,0.51,0.48,0.18,False,0.075,False,0.055,False,0.52,8.0,Data obfuscation: coarsened location; privacy exposure -0.14; Encryption: encrypted payloads; latency +8 ms; energy +0.045 mJ
EXP_20260513_180105_90f400,1,12,12.0,14,technician,94.813,36.938,95.736,1.636,Radiology-zone,0.358,none,False,0.1284,False,none,0.65,62.526,14.334,76.86,False,0.22475,0.66667,0.35,0.65,0.51,0.48,0.18,False,0.075,False,0.055,False,0.52,8.0,Data obfuscation: coarsened location; privacy exposure -0.14; Encryption: encrypted payloads; latency +8 ms; energy +0.045 mJ
EXP_20260513_180105_90f400,1,12,12.0,15,physician,87.635,37.162,94.813,1.132,ICU-zone,0.373,none,False,0.1926,False,none,0.65,55.776,15.776,71.552,False,0.22475,0.66667,0.35,0.65,0.51,0.48,0.18,False,0.075,False,0.055,False,0.52,8.0,Data obfuscation: coarsened location; privacy exposure -0.14; Encryption: encrypted payloads; latency +8 ms; energy +0.045 mJ
EXP_20260513_180105_90f400,1,12,12.0,16,physician,92.895,37.128,94.544,0.719,Radiology-zone,0.557,none,False,0.1597,False,none,0.65,56.337,13.903,70.241,False,0.22475,0.66667,0.35,0.65,0.51,0.48,0.18,False,0.075,False,0.055,False,0.52,8.0,Data obfuscation: coarsened location; privacy exposure -0.14; Encryption: encrypted payloads; latency +8 ms; energy +0.045 mJ
EXP_20260513_180105_90f400,1,12,12.0,17,porter,98.043,36.918,94.782,1.027,Surgery-zone,0.595,none,False,0.2308,False,none,0.65,45.122,14.469,59.59,False,0.22475,0.66667,0.35,0.65,0.51,0.48,0.18,False,0.075,False,0.055,False,0.52,8.0,Data obfuscation: coarsened location; privacy exposure -0.14; Encryption: encrypted payloads; latency +8 ms; energy +0.045 mJ
EXP_20260513_180105_90f400,1,12,12.0,18,physician,103.675,36.898,94.945,1.204,Laboratory-zone,0.435,none,False,0.169,False,none,0.65,60.476,16.136,76.612,False,0.22475,0.66667,0.35,0.65,0.51,0.48,0.18,False,0.075,False,0.055,False,0.52,8.0,Data obfuscation: coarsened location; privacy exposure -0.14; Encryption: encrypted payloads; latency +8 ms; energy +0.045 mJ
EXP_20260513_180105_90f400,1,12,12.0,19,nurse,93.526,37.311,95.09,0.96,Surgery-zone,0.445,none,False,0.225,False,none,0.65,56.07,14.598,70.668,False,0.22475,0.66667,0.35,0.65,0.51,0.48,0.18,False,0.075,False,0.055,False,0.52,8.0,Data obfuscation: coarsened location; privacy exposure -0.14; Encryption: encrypted payloads; latency +8 ms; energy +0.045 mJ
EXP_20260513_180105_90f400,1,12,12.0,20,technician,100.052,37.02,94.168,1.391,Surgery-zone,0.395,none,False,0.2406,False,none,0.65,56.268,13.454,69.722,False,0.22475,0.66667,0.35,0.65,0.51,0.48,0.18,False,0.075,True,0.055,False,0.52,8.0,Data obfuscation: coarsened location; privacy exposure -0.14; Encryption: encrypted payloads; latency +8 ms; energy +0.045 mJ
EXP_20260513_180105_90f400,1,13,13.0,1,nurse,71.806,37.621,96.839,0.0,Pharmacy-zone,0.05,none,False,0.1072,False,none,0.65,62.9,13.536,76.436,False,0.22475,0.66667,0.35,0.65,0.51,0.48,0.18,False,0.075,False,0.055,True,0.52,8.0,Data obfuscation: coarsened location; privacy exposure -0.14; Encryption: encrypted payloads; latency +8 ms; energy +0.045 mJ
EXP_20260513_180105_90f400,1,13,13.0,2,porter,101.263,36.87,96.558,1.116,Pharmacy-zone,0.673,none,False,0.1516,False,none,0.65,55.18,16.655,71.835,False,0.22475,0.66667,0.35,0.65,0.51,0.48,0.18,False,0.075,False,0.055,False,0.52,8.0,Data obfuscation: coarsened location; privacy exposure -0.14; Encryption: encrypted payloads; latency +8 ms; energy +0.045 mJ
EXP_20260513_180105_90f400,1,13,13.0,3,technician,94.002,37.194,95.009,1.024,Ward-A-zone,0.655,none,False,0.1652,False,none,0.65,59.379,11.095,70.474,False,0.22475,0.66667,0.35,0.65,0.51,0.48,0.18,False,0.075,False,0.055,False,0.52,8.0,Data obfuscation: coarsened location; privacy exposure -0.14; Encryption: encrypted payloads; latency +8 ms; energy +0.045 mJ
EXP_20260513_180105_90f400,1,13,13.0,4,porter,110.989,37.137,95.103,2.192,Pharmacy-zone,0.649,none,False,0.2666,False,none,0.65,68.09,14.458,82.547,False,0.22475,0.66667,0.35,0.65,0.51,0.48,0.18,False,0.075,False,0.055,False,0.52,8.0,Data obfuscation: coarsened location; privacy exposure -0.14; Encryption: encrypted payloads; latency +8 ms; energy +0.045 mJ
EXP_20260513_180105_90f400,1,13,13.0,5,technician,91.885,37.43,95.735,1.352,Emergency-zone,0.331,none,False,0.2069,False,none,0.65,34.699,15.607,50.306,False,0.22475,0.66667,0.35,0.65,0.51,0.48,0.18,False,0.075,False,0.055,False,0.52,8.0,Data obfuscation: coarsened location; privacy exposure -0.14; Encryption: encrypted payloads; latency +8 ms; energy +0.045 mJ
EXP_20260513_180105_90f400,1,13,13.0,6,porter,100.652,36.966,94.704,1.297,Emergency-zone,0.631,none,False,0.2443,False,none,0.65,68.183,14.672,82.855,False,0.22475,0.66667,0.35,0.65,0.51,0.48,0.18,False,0.075,False,0.055,False,0.52,8.0,Data obfuscation: coarsened location; privacy exposure -0.14; Encryption: encrypted payloads; latency +8 ms; energy +0.045 mJ
EXP_20260513_180105_90f400,1,13,13.0,7,porter,100.445,36.875,96.186,1.226,Radiology-zone,0.532,none,False,0.1393,False,none,0.65,54.277,15.956,70.234,False,0.22475,0.66667,0.35,0.65,0.51,0.48,0.18,False,0.075,False,0.055,False,0.52,8.0,Data obfuscation: coarsened location; privacy exposure -0.14; Encryption: encrypted payloads; latency +8 ms; energy +0.045 mJ
EXP_20260513_180105_90f400,1,13,13.0,8,porter,100.941,37.025,96.395,1.462,Emergency-zone,0.625,none,False,0.2206,False,none,0.65,37.027,13.178,50.205,False,0.22475,0.66667,0.35,0.65,0.51,0.48,0.18,False,0.075,False,0.055,False,0.52,8.0,Data obfuscation: coarsened location; privacy exposure -0.14; Encryption: encrypted payloads; latency +8 ms; energy +0.045 mJ
EXP_20260513_180105_90f400,1,13,13.0,9,technician,86.178,36.902,97.263,0.525,Ward-A-zone,0.305,none,False,0.0735,False,none,0.65,58.858,18.085,76.944,False,0.22475,0.66667,0.35,0.65,0.51,0.48,0.18,False,0.075,False,0.055,False,0.52,8.0,Data obfuscation: coarsened location; privacy exposure -0.14; Encryption: encrypted payloads; latency +8 ms; energy +0.045 mJ
EXP_20260513_180105_90f400,1,13,13.0,10,nurse,97.542,37.161,96.82,1.533,Pharmacy-zone,0.562,none,False,0.1535,False,none,0.65,51.779,13.992,65.771,False,0.22475,0.66667,0.35,0.65,0.51,0.48,0.18,False,0.075,False,0.055,False,0.52,8.0,Data obfuscation: coarsened location; privacy exposure -0.14; Encryption: encrypted payloads; latency +8 ms; energy +0.045 mJ
EXP_20260513_180105_90f400,1,13,13.0,11,cleaning_staff,93.648,36.71,94.889,0.744,Emergency-zone,0.423,none,False,0.2012,False,none,0.65,56.149,13.348,69.497,False,0.22475,0.66667,0.35,0.65,0.51,0.48,0.18,False,0.075,False,0.055,False,0.52,8.0,Data obfuscation: coarsened location; privacy exposure -0.14; Encryption: encrypted payloads; latency +8 ms; energy +0.045 mJ
EXP_20260513_180105_90f400,1,13,13.0,12,technician,90.248,37.099,96.192,0.201,Radiology-zone,0.325,none,False,0.098,False,none,0.65,50.608,11.755,62.363,False,0.22475,0.66667,0.35,0.65,0.51,0.48,0.18,False,0.075,False,0.055,False,0.52,8.0,Data obfuscation: coarsened location; privacy exposure -0.14; Encryption: encrypted payloads; latency +8 ms; energy +0.045 mJ
EXP_20260513_180105_90f400,1,13,13.0,13,physician,96.233,37.879,95.886,1.824,ICU-zone,0.271,heat_stress,True,0.2808,False,none,0.65,53.747,15.59,69.337,False,0.22475,0.66667,0.35,0.65,0.51,0.48,0.18,False,0.075,False,0.055,False,0.52,8.0,Data obfuscation: coarsened location; privacy exposure -0.14; Encryption: encrypted payloads; latency +8 ms; energy +0.045 mJ
EXP_20260513_180105_90f400,1,13,13.0,14,technician,99.007,36.961,95.757,0.931,Radiology-zone,0.498,none,False,0.1376,False,none,0.65,44.226,15.503,59.729,False,0.22475,0.66667,0.35,0.65,0.51,0.48,0.18,False,0.075,False,0.055,False,0.52,8.0,Data obfuscation: coarsened location; privacy exposure -0.14; Encryption: encrypted payloads; latency +8 ms; energy +0.045 mJ
EXP_20260513_180105_90f400,1,13,13.0,15,physician,92.763,37.236,94.741,1.451,ICU-zone,0.53,none,False,0.2327,False,none,0.65,48.997,17.416,66.413,False,0.22475,0.66667,0.35,0.65,0.51,0.48,0.18,False,0.075,False,0.055,False,0.52,8.0,Data obfuscation: coarsened location; privacy exposure -0.14; Encryption: encrypted payloads; latency +8 ms; energy +0.045 mJ
EXP_20260513_180105_90f400,1,13,13.0,16,physician,91.345,37.115,94.69,1.251,Radiology-zone,0.482,none,False,0.1446,False,none,0.65,63.606,13.542,77.148,False,0.22475,0.66667,0.35,0.65,0.51,0.48,0.18,False,0.075,False,0.055,False,0.52,8.0,Data obfuscation: coarsened location; privacy exposure -0.14; Encryption: encrypted payloads; latency +8 ms; energy +0.045 mJ
EXP_20260513_180105_90f400,1,13,13.0,17,porter,101.475,36.897,94.507,2.057,Surgery-zone,0.72,none,False,0.2984,False,none,0.65,50.756,15.269,66.025,False,0.22475,0.66667,0.35,0.65,0.51,0.48,0.18,False,0.075,False,0.055,False,0.52,8.0,Data obfuscation: coarsened location; privacy exposure -0.14; Encryption: encrypted payloads; latency +8 ms; energy +0.045 mJ
EXP_20260513_180105_90f400,1,13,13.0,18,physician,106.137,36.939,95.079,1.426,Radiology-zone,0.502,none,False,0.1807,False,none,0.65,52.84,12.552,65.392,False,0.22475,0.66667,0.35,0.65,0.51,0.48,0.18,False,0.075,False,0.055,False,0.52,8.0,Data obfuscation: coarsened location; privacy exposure -0.14; Encryption: encrypted payloads; latency +8 ms; energy +0.045 mJ
EXP_20260513_180105_90f400,1,13,13.0,19,nurse,97.734,37.325,94.903,1.075,Ward-A-zone,0.578,none,False,0.1873,False,none,0.65,63.793,15.306,79.1,False,0.22475,0.66667,0.35,0.65,0.51,0.48,0.18,False,0.075,False,0.055,False,0.52,8.0,Data obfuscation: coarsened location; privacy exposure -0.14; Encryption: encrypted payloads; latency +8 ms; energy +0.045 mJ
EXP_20260513_180105_90f400,1,13,13.0,20,technician,100.894,37.017,94.194,1.955,Surgery-zone,0.4,none,False,0.2773,False,none,0.65,65.03,18.246,83.276,False,0.22475,0.66667,0.35,0.65,0.51,0.48,0.18,False,0.075,False,0.055,False,0.52,8.0,Data obfuscation: coarsened location; privacy exposure -0.14; Encryption: encrypted payloads; latency +8 ms; energy +0.045 mJ
EXP_20260513_180105_90f400,1,14,14.0,1,nurse,78.874,37.051,97.185,1.392,Pharmacy-zone,0.185,none,False,0.0657,False,none,0.65,43.36,16.069,59.43,False,0.22475,0.66667,0.35,0.65,0.51,0.48,0.18,False,0.075,False,0.055,False,0.52,8.0,Data obfuscation: coarsened location; privacy exposure -0.14; Encryption: encrypted payloads; latency +8 ms; energy +0.045 mJ
EXP_20260513_180105_90f400,1,14,14.0,2,porter,102.447,36.951,96.624,1.152,Pharmacy-zone,0.714,none,False,0.1586,False,none,0.65,73.291,14.984,88.275,False,0.22475,0.66667,0.35,0.65,0.51,0.48,0.18,False,0.075,False,0.055,False,0.52,8.0,Data obfuscation: coarsened location; privacy exposure -0.14; Encryption: encrypted payloads; latency +8 ms; energy +0.045 mJ
EXP_20260513_180105_90f400,1,14,14.0,3,technician,103.657,37.592,92.987,1.18,ICU-zone,0.657,high_fatigue,True,0.3495,False,none,0.65,60.277,16.532,76.808,False,0.22475,0.66667,0.35,0.65,0.51,0.48,0.18,False,0.075,False,0.055,False,0.52,8.0,Data obfuscation: coarsened location; privacy exposure -0.14; Encryption: encrypted payloads; latency +8 ms; energy +0.045 mJ
EXP_20260513_180105_90f400,1,14,14.0,4,porter,109.473,37.145,95.035,1.33,Surgery-zone,0.557,none,False,0.2757,False,none,0.65,49.107,14.361,63.468,False,0.22475,0.66667,0.35,0.65,0.51,0.48,0.18,False,0.075,False,0.055,False,0.52,8.0,Data obfuscation: coarsened location; privacy exposure -0.14; Encryption: encrypted payloads; latency +8 ms; energy +0.045 mJ
EXP_20260513_180105_90f400,1,14,14.0,5,technician,94.395,37.461,95.431,1.698,Emergency-zone,0.439,none,False,0.2514,False,none,0.65,51.62,14.059,65.679,False,0.22475,0.66667,0.35,0.65,0.51,0.48,0.18,False,0.075,False,0.055,False,0.52,8.0,Data obfuscation: coarsened location; privacy exposure -0.14; Encryption: encrypted payloads; latency +8 ms; energy +0.045 mJ
EXP_20260513_180105_90f400,1,14,14.0,6,porter,101.474,36.958,94.823,1.301,Emergency-zone,0.665,none,False,0.2467,False,none,0.65,46.22,16.435,62.656,False,0.22475,0.66667,0.35,0.65,0.51,0.48,0.18,False,0.075,False,0.055,False,0.52,8.0,Data obfuscation: coarsened location; privacy exposure -0.14; Encryption: encrypted payloads; latency +8 ms; energy +0.045 mJ
EXP_20260513_180105_90f400,1,14,14.0,7,porter,100.971,36.871,96.338,1.551,Radiology-zone,0.545,none,False,0.1514,False,none,0.65,36.351,15.918,52.269,False,0.22475,0.66667,0.35,0.65,0.51,0.48,0.18,False,0.075,False,0.055,False,0.52,8.0,Data obfuscation: coarsened location; privacy exposure -0.14; Encryption: encrypted payloads; latency +8 ms; energy +0.045 mJ
EXP_20260513_180105_90f400,1,14,14.0,8,porter,100.49,37.01,96.486,1.637,Emergency-zone,0.586,none,False,0.2258,False,none,0.65,50.535,16.294,66.829,False,0.22475,0.66667,0.35,0.65,0.51,0.48,0.18,False,0.075,False,0.055,False,0.52,8.0,Data obfuscation: coarsened location; privacy exposure -0.14; Encryption: encrypted payloads; latency +8 ms; energy +0.045 mJ
EXP_20260513_180105_90f400,1,14,14.0,9,technician,106.802,38.691,96.663,1.189,Emergency-zone,0.515,heat_stress,True,0.3778,False,none,0.65,57.313,21.708,79.021,False,0.22475,0.66667,0.35,0.65,0.51,0.48,0.18,False,0.075,False,0.055,False,0.52,8.0,Data obfuscation: coarsened location; privacy exposure -0.14; Encryption: encrypted payloads; latency +8 ms; energy +0.045 mJ
EXP_20260513_180105_90f400,1,14,14.0,10,nurse,98.533,37.191,96.94,2.0,Pharmacy-zone,0.647,none,False,0.1942,False,none,0.65,52.533,13.43,65.962,False,0.22475,0.66667,0.35,0.65,0.51,0.48,0.18,False,0.075,False,0.055,False,0.52,8.0,Data obfuscation: coarsened location; privacy exposure -0.14; Encryption: encrypted payloads; latency +8 ms; energy +0.045 mJ
EXP_20260513_180105_90f400,1,14,14.0,11,cleaning_staff,94.184,36.736,94.534,1.634,Emergency-zone,0.428,none,False,0.2262,False,none,0.65,53.895,14.612,68.507,False,0.22475,0.66667,0.35,0.65,0.51,0.48,0.18,False,0.075,False,0.055,False,0.52,8.0,Data obfuscation: coarsened location; privacy exposure -0.14; Encryption: encrypted payloads; latency +8 ms; energy +0.045 mJ
EXP_20260513_180105_90f400,1,14,14.0,12,technician,126.835,37.153,97.441,1.99,Laboratory-zone,0.622,none,False,0.2888,False,none,0.65,38.901,11.966,50.867,False,0.22475,0.66667,0.35,0.65,0.51,0.48,0.18,False,0.075,False,0.055,True,0.52,8.0,Data obfuscation: coarsened location; privacy exposure -0.14; Encryption: encrypted payloads; latency +8 ms; energy +0.045 mJ
EXP_20260513_180105_90f400,1,14,14.0,13,physician,92.129,36.764,96.361,1.847,ICU-zone,0.378,none,False,0.1943,False,none,0.65,48.955,15.437,64.392,False,0.22475,0.66667,0.35,0.65,0.51,0.48,0.18,False,0.075,False,0.055,False,0.52,8.0,Data obfuscation: coarsened location; privacy exposure -0.14; Encryption: encrypted payloads; latency +8 ms; energy +0.045 mJ
EXP_20260513_180105_90f400,1,14,14.0,14,technician,94.504,36.926,95.701,1.205,Radiology-zone,0.297,none,False,0.1094,False,none,0.65,52.952,14.534,67.486,False,0.22475,0.66667,0.35,0.65,0.51,0.48,0.18,False,0.075,False,0.055,False,0.52,8.0,Data obfuscation: coarsened location; privacy exposure -0.14; Encryption: encrypted payloads; latency +8 ms; energy +0.045 mJ
EXP_20260513_180105_90f400,1,14,14.0,15,physician,92.277,37.239,94.912,1.757,ICU-zone,0.488,none,False,0.2433,False,none,0.65,60.04,15.638,75.678,False,0.22475,0.66667,0.35,0.65,0.51,0.48,0.18,False,0.075,True,0.055,False,0.52,8.0,Data obfuscation: coarsened location; privacy exposure -0.14; Encryption: encrypted payloads; latency +8 ms; energy +0.045 mJ
EXP_20260513_180105_90f400,1,14,14.0,16,physician,98.383,37.175,94.654,1.354,Radiology-zone,0.723,none,False,0.0,False,no_assessment_packet_loss,0.65,60.497,0.0,60.497,True,0.22475,0.66667,0.35,0.65,0.51,0.48,0.18,False,0.075,True,0.055,False,0.52,8.0,Data obfuscation: coarsened location; privacy exposure -0.14; Encryption: encrypted payloads; latency +8 ms; energy +0.045 mJ
EXP_20260513_180105_90f400,1,14,14.0,17,porter,97.022,36.841,94.626,1.096,Surgery-zone,0.567,none,False,0.2289,False,none,0.65,59.707,13.933,73.64,False,0.22475,0.66667,0.35,0.65,0.51,0.48,0.18,False,0.075,True,0.055,False,0.52,8.0,Data obfuscation: coarsened location; privacy exposure -0.14; Encryption: encrypted payloads; latency +8 ms; energy +0.045 mJ
EXP_20260513_180105_90f400,1,14,14.0,18,physician,103.019,36.864,95.171,0.868,Radiology-zone,0.362,none,False,0.1564,False,none,0.65,64.653,13.458,78.11,False,0.22475,0.66667,0.35,0.65,0.51,0.48,0.18,False,0.075,False,0.055,False,0.52,8.0,Data obfuscation: coarsened location; privacy exposure -0.14; Encryption: encrypted payloads; latency +8 ms; energy +0.045 mJ
EXP_20260513_180105_90f400,1,14,14.0,19,nurse,87.601,36.502,99.805,0.0,Surgery-zone,0.339,none,False,0.148,False,none,0.65,70.453,14.321,84.774,False,0.22475,0.66667,0.35,0.65,0.51,0.48,0.18,False,0.075,False,0.055,True,0.52,8.0,Data obfuscation: coarsened location; privacy exposure -0.14; Encryption: encrypted payloads; latency +8 ms; energy +0.045 mJ
EXP_20260513_180105_90f400,1,14,14.0,20,technician,98.921,36.983,94.172,0.889,Surgery-zone,0.312,none,False,0.2292,False,none,0.65,43.109,15.702,58.811,False,0.22475,0.66667,0.35,0.65,0.51,0.48,0.18,False,0.075,False,0.055,False,0.52,8.0,Data obfuscation: coarsened location; privacy exposure -0.14; Encryption: encrypted payloads; latency +8 ms; energy +0.045 mJ
EXP_20260513_180105_90f400,1,15,15.0,1,nurse,77.052,37.035,97.321,1.337,Pharmacy-zone,0.12,none,False,0.06,False,none,0.65,55.782,15.472,71.254,False,0.22475,0.66667,0.35,0.65,0.51,0.48,0.18,False,0.075,False,0.055,False,0.52,8.0,Data obfuscation: coarsened location; privacy exposure -0.14; Encryption: encrypted payloads; latency +8 ms; energy +0.045 mJ
EXP_20260513_180105_90f400,1,15,15.0,2,porter,103.51,36.962,96.494,1.633,Pharmacy-zone,0.729,none,False,0.1778,False,none,0.65,48.119,11.809,59.927,False,0.22475,0.66667,0.35,0.65,0.51,0.48,0.18,False,0.075,False,0.055,False,0.52,8.0,Data obfuscation: coarsened location; privacy exposure -0.14; Encryption: encrypted payloads; latency +8 ms; energy +0.045 mJ
EXP_20260513_180105_90f400,1,15,15.0,3,technician,93.635,37.199,94.885,1.235,Ward-A-zone,0.596,none,False,0.1633,False,none,0.65,46.165,13.09,59.255,False,0.22475,0.66667,0.35,0.65,0.51,0.48,0.18,False,0.075,False,0.055,False,0.52,8.0,Data obfuscation: coarsened location; privacy exposure -0.14; Encryption: encrypted payloads; latency +8 ms; energy +0.045 mJ
EXP_20260513_180105_90f400,1,15,15.0,4,porter,104.821,37.458,93.574,0.922,Surgery-zone,0.309,high_fatigue,True,0.3045,False,none,0.65,59.853,11.871,71.724,False,0.22475,0.66667,0.35,0.65,0.51,0.48,0.18,False,0.075,False,0.055,False,0.52,8.0,Data obfuscation: coarsened location; privacy exposure -0.14; Encryption: encrypted payloads; latency +8 ms; energy +0.045 mJ
EXP_20260513_180105_90f400,1,15,15.0,5,technician,93.095,37.451,96.018,1.419,Emergency-zone,0.368,none,False,0.2105,False,none,0.65,52.742,15.697,68.439,False,0.22475,0.66667,0.35,0.65,0.51,0.48,0.18,False,0.075,False,0.055,False,0.52,8.0,Data obfuscation: coarsened location; privacy exposure -0.14; Encryption: encrypted payloads; latency +8 ms; energy +0.045 mJ
EXP_20260513_180105_90f400,1,15,15.0,6,porter,101.683,36.964,94.545,1.813,Emergency-zone,0.651,none,False,0.2785,False,none,0.65,43.59,18.69,62.279,False,0.22475,0.66667,0.35,0.65,0.51,0.48,0.18,False,0.075,False,0.055,False,0.52,8.0,Data obfuscation: coarsened location; privacy exposure -0.14; Encryption: encrypted payloads; latency +8 ms; energy +0.045 mJ
EXP_20260513_180105_90f400,1,15,15.0,7,porter,103.826,36.923,95.985,1.252,Radiology-zone,0.628,none,False,0.1581,False,none,0.65,68.476,12.954,81.43,False,0.22475,0.66667,0.35,0.65,0.51,0.48,0.18,False,0.075,False,0.055,False,0.52,8.0,Data obfuscation: coarsened location; privacy exposure -0.14; Encryption: encrypted payloads; latency +8 ms; energy +0.045 mJ
EXP_20260513_180105_90f400,1,15,15.0,8,porter,103.743,37.048,96.102,1.593,Emergency-zone,0.694,none,False,0.2452,False,none,0.65,68.077,15.29,83.366,False,0.22475,0.66667,0.35,0.65,0.51,0.48,0.18,False,0.075,False,0.055,False,0.52,8.0,Data obfuscation: coarsened location; privacy exposure -0.14; Encryption: encrypted payloads; latency +8 ms; energy +0.045 mJ
EXP_20260513_180105_90f400,1,15,15.0,9,technician,84.094,36.9,97.383,1.362,Ward-A-zone,0.19,none,False,0.0616,False,none,0.65,65.588,17.113,82.701,False,0.22475,0.66667,0.35,0.65,0.51,0.48,0.18,False,0.075,False,0.055,False,0.52,8.0,Data obfuscation: coarsened location; privacy exposure -0.14; Encryption: encrypted payloads; latency +8 ms; energy +0.045 mJ
EXP_20260513_180105_90f400,1,15,15.0,10,nurse,95.808,37.167,96.756,1.053,Pharmacy-zone,0.522,none,False,0.137,False,none,0.65,55.275,15.161,70.436,False,0.22475,0.66667,0.35,0.65,0.51,0.48,0.18,False,0.075,False,0.055,False,0.52,8.0,Data obfuscation: coarsened location; privacy exposure -0.14; Encryption: encrypted payloads; latency +8 ms; energy +0.045 mJ
EXP_20260513_180105_90f400,1,15,15.0,11,cleaning_staff,95.717,36.718,94.541,1.141,Emergency-zone,0.486,none,False,0.2209,False,none,0.65,55.403,15.648,71.051,False,0.22475,0.66667,0.35,0.65,0.51,0.48,0.18,False,0.075,False,0.055,False,0.52,8.0,Data obfuscation: coarsened location; privacy exposure -0.14; Encryption: encrypted payloads; latency +8 ms; energy +0.045 mJ
EXP_20260513_180105_90f400,1,15,15.0,12,technician,121.943,37.337,95.483,4.586,Radiology-zone,0.863,fall,True,0.4525,False,none,0.65,58.754,16.772,75.526,False,0.22475,0.66667,0.35,0.65,0.51,0.48,0.18,False,0.075,True,0.055,False,0.52,8.0,Data obfuscation: coarsened location; privacy exposure -0.14; Encryption: encrypted payloads; latency +8 ms; energy +0.045 mJ
EXP_20260513_180105_90f400,1,15,15.0,13,physician,95.061,36.761,96.271,1.121,Emergency-zone,0.464,none,False,0.1828,False,none,0.65,50.273,16.316,66.59,False,0.22475,0.66667,0.35,0.65,0.51,0.48,0.18,False,0.075,False,0.055,False,0.52,8.0,Data obfuscation: coarsened location; privacy exposure -0.14; Encryption: encrypted payloads; latency +8 ms; energy +0.045 mJ
EXP_20260513_180105_90f400,1,15,15.0,14,technician,100.83,36.996,95.597,1.355,Radiology-zone,0.562,none,False,0.1521,False,none,0.65,47.297,12.993,60.29,False,0.22475,0.66667,0.35,0.65,0.51,0.48,0.18,False,0.075,False,0.055,False,0.52,8.0,Data obfuscation: coarsened location; privacy exposure -0.14; Encryption: encrypted payloads; latency +8 ms; energy +0.045 mJ
EXP_20260513_180105_90f400,1,15,15.0,15,physician,88.645,37.191,94.433,1.231,ICU-zone,0.366,none,False,0.2072,False,none,0.65,64.385,18.003,82.388,False,0.22475,0.66667,0.35,0.65,0.51,0.48,0.18,False,0.075,False,0.055,False,0.52,8.0,Data obfuscation: coarsened location; privacy exposure -0.14; Encryption: encrypted payloads; latency +8 ms; energy +0.045 mJ
EXP_20260513_180105_90f400,1,15,15.0,16,physician,89.153,37.022,94.711,0.826,Radiology-zone,0.368,none,False,0.1205,False,none,0.65,56.43,14.222,70.653,False,0.22475,0.66667,0.35,0.65,0.51,0.48,0.18,False,0.075,False,0.055,False,0.52,8.0,Data obfuscation: coarsened location; privacy exposure -0.14; Encryption: encrypted payloads; latency +8 ms; energy +0.045 mJ
EXP_20260513_180105_90f400,1,15,15.0,17,porter,94.17,36.819,94.777,1.292,Surgery-zone,0.436,none,False,0.2065,False,none,0.65,50.067,18.388,68.455,False,0.22475,0.66667,0.35,0.65,0.51,0.48,0.18,False,0.075,False,0.055,False,0.52,8.0,Data obfuscation: coarsened location; privacy exposure -0.14; Encryption: encrypted payloads; latency +8 ms; energy +0.045 mJ
EXP_20260513_180105_90f400,1,15,15.0,18,physician,108.246,36.995,94.757,1.559,Radiology-zone,0.581,none,False,0.2093,False,none,0.65,57.879,14.842,72.721,False,0.22475,0.66667,0.35,0.65,0.51,0.48,0.18,False,0.075,False,0.055,False,0.52,8.0,Data obfuscation: coarsened location; privacy exposure -0.14; Encryption: encrypted payloads; latency +8 ms; energy +0.045 mJ
EXP_20260513_180105_90f400,1,15,15.0,19,nurse,93.576,37.284,95.1,1.576,Surgery-zone,0.398,none,False,0.2303,False,none,0.65,69.948,16.383,86.331,False,0.22475,0.66667,0.35,0.65,0.51,0.48,0.18,False,0.075,False,0.055,False,0.52,8.0,Data obfuscation: coarsened location; privacy exposure -0.14; Encryption: encrypted payloads; latency +8 ms; energy +0.045 mJ
EXP_20260513_180105_90f400,1,15,15.0,20,technician,121.737,37.296,95.765,1.804,Laboratory-zone,0.444,none,False,0.2655,False,none,0.65,60.837,14.595,75.432,False,0.22475,0.66667,0.35,0.65,0.51,0.48,0.18,False,0.075,False,0.055,True,0.52,8.0,Data obfuscation: coarsened location; privacy exposure -0.14; Encryption: encrypted payloads; latency +8 ms; energy +0.045 mJ
EXP_20260513_180105_90f400,1,16,16.0,1,nurse,76.536,37.062,97.122,0.146,Pharmacy-zone,0.091,none,False,0.0604,False,none,0.65,66.005,17.803,83.808,False,0.22475,0.66667,0.35,0.65,0.51,0.48,0.18,False,0.075,False,0.055,False,0.52,8.0,Data obfuscation: coarsened location; privacy exposure -0.14; Encryption: encrypted payloads; latency +8 ms; energy +0.045 mJ
EXP_20260513_180105_90f400,1,16,16.0,2,porter,102.109,36.942,96.466,1.805,Pharmacy-zone,0.635,none,False,0.1771,False,none,0.65,58.342,14.888,73.231,False,0.22475,0.66667,0.35,0.65,0.51,0.48,0.18,False,0.075,False,0.055,False,0.52,8.0,Data obfuscation: coarsened location; privacy exposure -0.14; Encryption: encrypted payloads; latency +8 ms; energy +0.045 mJ
EXP_20260513_180105_90f400,1,16,16.0,3,technician,98.405,37.241,94.843,1.616,Ward-A-zone,0.775,none,False,0.2102,False,none,0.65,56.481,13.698,70.179,False,0.22475,0.66667,0.35,0.65,0.51,0.48,0.18,False,0.075,False,0.055,False,0.52,8.0,Data obfuscation: coarsened location; privacy exposure -0.14; Encryption: encrypted payloads; latency +8 ms; energy +0.045 mJ
EXP_20260513_180105_90f400,1,16,16.0,4,porter,100.352,37.006,95.135,0.457,Surgery-zone,0.149,none,False,0.2013,False,none,0.65,70.416,13.403,83.82,False,0.22475,0.66667,0.35,0.65,0.51,0.48,0.18,False,0.075,False,0.055,False,0.52,8.0,Data obfuscation: coarsened location; privacy exposure -0.14; Encryption: encrypted payloads; latency +8 ms; energy +0.045 mJ
EXP_20260513_180105_90f400,1,16,16.0,5,technician,89.949,37.399,95.853,0.367,Emergency-zone,0.247,none,False,0.1889,False,none,0.65,47.349,13.573,60.922,False,0.22475,0.66667,0.35,0.65,0.51,0.48,0.18,False,0.075,False,0.055,False,0.52,8.0,Data obfuscation: coarsened location; privacy exposure -0.14; Encryption: encrypted payloads; latency +8 ms; energy +0.045 mJ
EXP_20260513_180105_90f400,1,16,16.0,6,porter,102.839,36.996,94.537,1.52,Emergency-zone,0.665,none,False,0.2657,False,none,0.65,63.635,14.632,78.268,False,0.22475,0.66667,0.35,0.65,0.51,0.48,0.18,False,0.075,False,0.055,False,0.52,8.0,Data obfuscation: coarsened location; privacy exposure -0.14; Encryption: encrypted payloads; latency +8 ms; energy +0.045 mJ
EXP_20260513_180105_90f400,1,16,16.0,7,porter,102.374,36.892,95.954,1.208,Radiology-zone,0.579,none,False,0.1504,False,none,0.65,75.866,18.506,94.371,False,0.22475,0.66667,0.35,0.65,0.51,0.48,0.18,False,0.075,False,0.055,False,0.52,8.0,Data obfuscation: coarsened location; privacy exposure -0.14; Encryption: encrypted payloads; latency +8 ms; energy +0.045 mJ
EXP_20260513_180105_90f400,1,16,16.0,8,porter,95.708,36.966,96.433,0.976,Emergency-zone,0.356,none,False,0.1779,False,none,0.65,48.183,13.554,61.737,False,0.22475,0.66667,0.35,0.65,0.51,0.48,0.18,False,0.075,False,0.055,False,0.52,8.0,Data obfuscation: coarsened location; privacy exposure -0.14; Encryption: encrypted payloads; latency +8 ms; energy +0.045 mJ
EXP_20260513_180105_90f400,1,16,16.0,9,technician,87.345,36.907,97.348,0.78,Ward-A-zone,0.316,none,False,0.0784,False,none,0.65,58.045,15.522,73.567,False,0.22475,0.66667,0.35,0.65,0.51,0.48,0.18,False,0.075,False,0.055,False,0.52,8.0,Data obfuscation: coarsened location; privacy exposure -0.14; Encryption: encrypted payloads; latency +8 ms; energy +0.045 mJ
EXP_20260513_180105_90f400,1,16,16.0,10,nurse,100.561,37.23,96.574,1.887,Pharmacy-zone,0.682,none,False,0.2002,False,none,0.65,60.303,15.903,76.206,False,0.22475,0.66667,0.35,0.65,0.51,0.48,0.18,False,0.075,False,0.055,False,0.52,8.0,Data obfuscation: coarsened location; privacy exposure -0.14; Encryption: encrypted payloads; latency +8 ms; energy +0.045 mJ
EXP_20260513_180105_90f400,1,16,16.0,11,cleaning_staff,90.755,36.68,94.939,1.454,Emergency-zone,0.317,none,False,0.0,False,no_assessment_packet_loss,0.65,57.999,0.0,57.999,True,0.22475,0.66667,0.35,0.65,0.51,0.48,0.18,False,0.075,False,0.055,False,0.52,8.0,Data obfuscation: coarsened location; privacy exposure -0.14; Encryption: encrypted payloads; latency +8 ms; energy +0.045 mJ
EXP_20260513_180105_90f400,1,16,16.0,12,technician,94.814,37.134,96.159,1.327,Radiology-zone,0.452,none,False,0.1258,False,none,0.65,53.366,14.793,68.158,False,0.22475,0.66667,0.35,0.65,0.51,0.48,0.18,False,0.075,False,0.055,False,0.52,8.0,Data obfuscation: coarsened location; privacy exposure -0.14; Encryption: encrypted payloads; latency +8 ms; energy +0.045 mJ
EXP_20260513_180105_90f400,1,16,16.0,13,physician,97.035,36.815,96.154,1.685,ICU-zone,0.573,none,False,0.2148,False,none,0.65,54.196,12.699,66.895,False,0.22475,0.66667,0.35,0.65,0.51,0.48,0.18,False,0.075,False,0.055,False,0.52,8.0,Data obfuscation: coarsened location; privacy exposure -0.14; Encryption: encrypted payloads; latency +8 ms; energy +0.045 mJ
EXP_20260513_180105_90f400,1,16,16.0,14,technician,103.002,36.989,95.763,1.568,Radiology-zone,0.64,none,False,0.1715,False,none,0.65,47.804,15.402,63.206,False,0.22475,0.66667,0.35,0.65,0.51,0.48,0.18,False,0.075,False,0.055,False,0.52,8.0,Data obfuscation: coarsened location; privacy exposure -0.14; Encryption: encrypted payloads; latency +8 ms; energy +0.045 mJ
EXP_20260513_180105_90f400,1,16,16.0,15,physician,96.166,37.335,94.329,1.646,ICU-zone,0.627,none,False,0.2817,False,none,0.65,34.498,16.23,50.728,False,0.22475,0.66667,0.35,0.65,0.51,0.48,0.18,False,0.075,False,0.055,False,0.52,8.0,Data obfuscation: coarsened location; privacy exposure -0.14; Encryption: encrypted payloads; latency +8 ms; energy +0.045 mJ
EXP_20260513_180105_90f400,1,16,16.0,16,physician,88.107,37.011,94.893,1.019,Radiology-zone,0.332,none,False,0.1091,False,none,0.65,43.246,15.959,59.205,False,0.22475,0.66667,0.35,0.65,0.51,0.48,0.18,False,0.075,False,0.055,False,0.52,8.0,Data obfuscation: coarsened location; privacy exposure -0.14; Encryption: encrypted payloads; latency +8 ms; energy +0.045 mJ
EXP_20260513_180105_90f400,1,16,16.0,17,porter,87.97,36.763,94.641,1.131,Surgery-zone,0.19,none,False,0.1712,False,none,0.65,59.309,15.617,74.927,False,0.22475,0.66667,0.35,0.65,0.51,0.48,0.18,False,0.075,False,0.055,False,0.52,8.0,Data obfuscation: coarsened location; privacy exposure -0.14; Encryption: encrypted payloads; latency +8 ms; energy +0.045 mJ
EXP_20260513_180105_90f400,1,16,16.0,18,physician,108.706,36.967,95.114,1.739,Radiology-zone,0.581,none,False,0.2135,False,none,0.65,56.237,15.15,71.387,False,0.22475,0.66667,0.35,0.65,0.51,0.48,0.18,False,0.075,False,0.055,False,0.52,8.0,Data obfuscation: coarsened location; privacy exposure -0.14; Encryption: encrypted payloads; latency +8 ms; energy +0.045 mJ
EXP_20260513_180105_90f400,1,16,16.0,19,nurse,100.883,37.372,94.756,1.456,Surgery-zone,0.661,none,False,0.2823,False,none,0.65,51.013,14.309,65.322,False,0.22475,0.66667,0.35,0.65,0.51,0.48,0.18,False,0.075,False,0.055,False,0.52,8.0,Data obfuscation: coarsened location; privacy exposure -0.14; Encryption: encrypted payloads; latency +8 ms; energy +0.045 mJ
EXP_20260513_180105_90f400,1,16,16.0,20,technician,93.404,36.926,94.204,0.296,Surgery-zone,0.14,none,False,0.1974,False,none,0.65,47.556,12.794,60.351,False,0.22475,0.66667,0.35,0.65,0.51,0.48,0.18,False,0.075,False,0.055,False,0.52,8.0,Data obfuscation: coarsened location; privacy exposure -0.14; Encryption: encrypted payloads; latency +8 ms; energy +0.045 mJ
EXP_20260513_180105_90f400,1,17,17.0,1,nurse,76.663,37.065,97.227,0.653,Pharmacy-zone,0.062,none,False,0.0588,False,none,0.65,53.129,14.331,67.46,False,0.22475,0.66667,0.35,0.65,0.51,0.48,0.18,False,0.075,False,0.055,False,0.52,8.0,Data obfuscation: coarsened location; privacy exposure -0.14; Encryption: encrypted payloads; latency +8 ms; energy +0.045 mJ
EXP_20260513_180105_90f400,1,17,17.0,2,porter,98.571,36.902,96.322,1.109,Pharmacy-zone,0.514,none,False,0.1315,False,none,0.65,48.737,19.107,67.844,False,0.22475,0.66667,0.35,0.65,0.51,0.48,0.18,False,0.075,False,0.055,False,0.52,8.0,Data obfuscation: coarsened location; privacy exposure -0.14; Encryption: encrypted payloads; latency +8 ms; energy +0.045 mJ
EXP_20260513_180105_90f400,1,17,17.0,3,technician,111.39,37.294,93.945,3.464,Ward-A-zone,0.784,fall,True,0.3967,False,none,0.65,57.876,14.102,71.978,False,0.22475,0.66667,0.35,0.65,0.51,0.48,0.18,False,0.075,True,0.055,False,0.52,8.0,Data obfuscation: coarsened location; privacy exposure -0.14; Encryption: encrypted payloads; latency +8 ms; energy +0.045 mJ
EXP_20260513_180105_90f400,1,17,17.0,4,porter,113.692,37.196,94.805,1.461,Surgery-zone,0.678,none,False,0.3125,False,none,0.65,54.978,13.909,68.886,False,0.22475,0.66667,0.35,0.65,0.51,0.48,0.18,False,0.075,False,0.055,False,0.52,8.0,Data obfuscation: coarsened location; privacy exposure -0.14; Encryption: encrypted payloads; latency +8 ms; energy +0.045 mJ
EXP_20260513_180105_90f400,1,17,17.0,5,technician,96.325,37.556,95.837,1.281,Emergency-zone,0.466,none,False,0.0,False,no_assessment_packet_loss,0.65,51.596,0.0,51.596,True,0.22475,0.66667,0.35,0.65,0.51,0.48,0.18,False,0.075,False,0.055,False,0.52,8.0,Data obfuscation: coarsened location; privacy exposure -0.14; Encryption: encrypted payloads; latency +8 ms; energy +0.045 mJ
EXP_20260513_180105_90f400,1,17,17.0,6,porter,100.362,36.928,94.644,1.777,Emergency-zone,0.537,none,False,0.2616,False,none,0.65,62.324,17.045,79.369,False,0.22475,0.66667,0.35,0.65,0.51,0.48,0.18,False,0.075,False,0.055,False,0.52,8.0,Data obfuscation: coarsened location; privacy exposure -0.14; Encryption: encrypted payloads; latency +8 ms; energy +0.045 mJ
EXP_20260513_180105_90f400,1,17,17.0,7,porter,104.444,36.969,95.824,2.02,Radiology-zone,0.61,none,False,0.2011,False,none,0.65,52.613,16.199,68.813,False,0.22475,0.66667,0.35,0.65,0.51,0.48,0.18,False,0.075,False,0.055,False,0.52,8.0,Data obfuscation: coarsened location; privacy exposure -0.14; Encryption: encrypted payloads; latency +8 ms; energy +0.045 mJ
EXP_20260513_180105_90f400,1,17,17.0,8,porter,104.846,37.078,96.171,1.456,Emergency-zone,0.708,none,False,0.2443,False,none,0.65,55.498,14.645,70.143,False,0.22475,0.66667,0.35,0.65,0.51,0.48,0.18,False,0.075,False,0.055,False,0.52,8.0,Data obfuscation: coarsened location; privacy exposure -0.14; Encryption: encrypted payloads; latency +8 ms; energy +0.045 mJ
EXP_20260513_180105_90f400,1,17,17.0,9,technician,93.879,36.981,97.298,2.041,Ward-A-zone,0.529,none,False,0.1554,False,none,0.65,60.713,15.052,75.764,False,0.22475,0.66667,0.35,0.65,0.51,0.48,0.18,False,0.075,False,0.055,False,0.52,8.0,Data obfuscation: coarsened location; privacy exposure -0.14; Encryption: encrypted payloads; latency +8 ms; energy +0.045 mJ
EXP_20260513_180105_90f400,1,17,17.0,10,nurse,97.749,37.173,96.498,1.292,Pharmacy-zone,0.56,none,False,0.1469,False,none,0.65,50.738,13.375,64.114,False,0.22475,0.66667,0.35,0.65,0.51,0.48,0.18,False,0.075,False,0.055,False,0.52,8.0,Data obfuscation: coarsened location; privacy exposure -0.14; Encryption: encrypted payloads; latency +8 ms; energy +0.045 mJ
EXP_20260513_180105_90f400,1,17,17.0,11,cleaning_staff,94.352,36.697,94.73,0.582,Emergency-zone,0.408,none,False,0.2064,False,none,0.65,51.743,13.672,65.416,False,0.22475,0.66667,0.35,0.65,0.51,0.48,0.18,False,0.075,False,0.055,False,0.52,8.0,Data obfuscation: coarsened location; privacy exposure -0.14; Encryption: encrypted payloads; latency +8 ms; energy +0.045 mJ
EXP_20260513_180105_90f400,1,17,17.0,12,technician,96.788,37.195,96.24,1.719,Radiology-zone,0.546,none,False,0.1642,False,none,0.65,50.127,11.497,61.624,False,0.22475,0.66667,0.35,0.65,0.51,0.48,0.18,False,0.075,True,0.055,False,0.52,8.0,Data obfuscation: coarsened location; privacy exposure -0.14; Encryption: encrypted payloads; latency +8 ms; energy +0.045 mJ
EXP_20260513_180105_90f400,1,17,17.0,13,physician,92.124,36.724,96.084,1.262,Ward-A-zone,0.368,none,False,0.0988,False,none,0.65,48.228,13.246,61.475,False,0.22475,0.66667,0.35,0.65,0.51,0.48,0.18,False,0.075,False,0.055,False,0.52,8.0,Data obfuscation: coarsened location; privacy exposure -0.14; Encryption: encrypted payloads; latency +8 ms; energy +0.045 mJ
EXP_20260513_180105_90f400,1,17,17.0,14,technician,98.778,36.912,95.591,0.913,Radiology-zone,0.488,none,False,0.14,False,none,0.65,40.61,14.695,55.304,False,0.22475,0.66667,0.35,0.65,0.51,0.48,0.18,False,0.075,False,0.055,False,0.52,8.0,Data obfuscation: coarsened location; privacy exposure -0.14; Encryption: encrypted payloads; latency +8 ms; energy +0.045 mJ
EXP_20260513_180105_90f400,1,17,17.0,15,physician,88.474,37.178,94.482,1.277,ICU-zone,0.305,none,False,0.2002,False,none,0.65,41.234,12.781,54.015,False,0.22475,0.66667,0.35,0.65,0.51,0.48,0.18,False,0.075,False,0.055,False,0.52,8.0,Data obfuscation: coarsened location; privacy exposure -0.14; Encryption: encrypted payloads; latency +8 ms; energy +0.045 mJ
EXP_20260513_180105_90f400,1,17,17.0,16,physician,102.058,36.299,94.024,1.386,Radiology-zone,0.489,none,False,0.1885,False,none,0.65,53.518,12.703,66.221,False,0.22475,0.66667,0.35,0.65,0.51,0.48,0.18,False,0.075,False,0.055,True,0.52,8.0,Data obfuscation: coarsened location; privacy exposure -0.14; Encryption: encrypted payloads; latency +8 ms; energy +0.045 mJ
EXP_20260513_180105_90f400,1,17,17.0,17,porter,91.041,36.812,94.612,1.343,Surgery-zone,0.309,none,False,0.1907,False,none,0.65,53.481,14.94,68.421,False,0.22475,0.66667,0.35,0.65,0.51,0.48,0.18,False,0.075,False,0.055,False,0.52,8.0,Data obfuscation: coarsened location; privacy exposure -0.14; Encryption: encrypted payloads; latency +8 ms; energy +0.045 mJ
EXP_20260513_180105_90f400,1,17,17.0,18,physician,106.862,36.981,94.849,0.973,Radiology-zone,0.5,none,False,0.1869,False,none,0.65,49.828,15.76,65.588,False,0.22475,0.66667,0.35,0.65,0.51,0.48,0.18,False,0.075,False,0.055,False,0.52,8.0,Data obfuscation: coarsened location; privacy exposure -0.14; Encryption: encrypted payloads; latency +8 ms; energy +0.045 mJ
EXP_20260513_180105_90f400,1,17,17.0,19,nurse,105.683,37.054,94.275,1.85,Ward-A-zone,0.435,none,False,0.2244,False,none,0.65,68.55,13.167,81.717,False,0.22475,0.66667,0.35,0.65,0.51,0.48,0.18,False,0.075,False,0.055,True,0.52,8.0,Data obfuscation: coarsened location; privacy exposure -0.14; Encryption: encrypted payloads; latency +8 ms; energy +0.045 mJ
EXP_20260513_180105_90f400,1,17,17.0,20,technician,99.832,37.062,94.263,1.098,Surgery-zone,0.339,none,False,0.2376,False,none,0.65,60.932,14.634,75.566,False,0.22475,0.66667,0.35,0.65,0.51,0.48,0.18,False,0.075,False,0.055,False,0.52,8.0,Data obfuscation: coarsened location; privacy exposure -0.14; Encryption: encrypted payloads; latency +8 ms; energy +0.045 mJ
EXP_20260513_180105_90f400,1,18,18.0,1,nurse,85.378,37.171,96.969,1.272,Pharmacy-zone,0.377,none,False,0.0906,False,none,0.65,55.804,15.627,71.431,False,0.22475,0.66667,0.35,0.65,0.51,0.48,0.18,False,0.075,False,0.055,False,0.52,8.0,Data obfuscation: coarsened location; privacy exposure -0.14; Encryption: encrypted payloads; latency +8 ms; energy +0.045 mJ
EXP_20260513_180105_90f400,1,18,18.0,2,porter,101.892,36.893,96.367,1.659,Pharmacy-zone,0.62,none,False,0.1664,False,none,0.65,68.382,18.054,86.437,False,0.22475,0.66667,0.35,0.65,0.51,0.48,0.18,False,0.075,False,0.055,False,0.52,8.0,Data obfuscation: coarsened location; privacy exposure -0.14; Encryption: encrypted payloads; latency +8 ms; energy +0.045 mJ
EXP_20260513_180105_90f400,1,18,18.0,3,technician,97.908,37.25,94.544,2.086,Ward-A-zone,0.714,none,False,0.2412,False,none,0.65,38.762,15.154,53.916,False,0.22475,0.66667,0.35,0.65,0.51,0.48,0.18,False,0.075,False,0.055,False,0.52,8.0,Data obfuscation: coarsened location; privacy exposure -0.14; Encryption: encrypted payloads; latency +8 ms; energy +0.045 mJ
EXP_20260513_180105_90f400,1,18,18.0,4,porter,105.829,37.116,95.386,0.521,Surgery-zone,0.403,none,False,0.2416,False,none,0.65,48.048,17.587,65.635,False,0.22475,0.66667,0.35,0.65,0.51,0.48,0.18,False,0.075,False,0.055,False,0.52,8.0,Data obfuscation: coarsened location; privacy exposure -0.14; Encryption: encrypted payloads; latency +8 ms; energy +0.045 mJ
EXP_20260513_180105_90f400,1,18,18.0,5,technician,94.172,37.484,96.076,0.868,Emergency-zone,0.378,none,False,0.2168,False,none,0.65,60.632,12.71,73.342,False,0.22475,0.66667,0.35,0.65,0.51,0.48,0.18,False,0.075,False,0.055,False,0.52,8.0,Data obfuscation: coarsened location; privacy exposure -0.14; Encryption: encrypted payloads; latency +8 ms; energy +0.045 mJ
EXP_20260513_180105_90f400,1,18,18.0,6,porter,106.01,37.08,94.626,1.736,Emergency-zone,0.728,none,False,0.2995,False,none,0.65,53.943,12.424,66.367,False,0.22475,0.66667,0.35,0.65,0.51,0.48,0.18,False,0.075,False,0.055,False,0.52,8.0,Data obfuscation: coarsened location; privacy exposure -0.14; Encryption: encrypted payloads; latency +8 ms; energy +0.045 mJ
EXP_20260513_180105_90f400,1,18,18.0,7,porter,102.366,36.935,95.758,0.855,Radiology-zone,0.543,none,False,0.1525,False,none,0.65,51.305,13.235,64.539,False,0.22475,0.66667,0.35,0.65,0.51,0.48,0.18,False,0.075,False,0.055,False,0.52,8.0,Data obfuscation: coarsened location; privacy exposure -0.14; Encryption: encrypted payloads; latency +8 ms; energy +0.045 mJ
EXP_20260513_180105_90f400,1,18,18.0,8,porter,107.24,37.081,96.3,1.898,Emergency-zone,0.77,none,False,0.2845,False,none,0.65,56.091,16.536,72.627,False,0.22475,0.66667,0.35,0.65,0.51,0.48,0.18,False,0.075,False,0.055,False,0.52,8.0,Data obfuscation: coarsened location; privacy exposure -0.14; Encryption: encrypted payloads; latency +8 ms; energy +0.045 mJ
EXP_20260513_180105_90f400,1,18,18.0,9,technician,88.881,36.967,97.166,1.785,Ward-A-zone,0.329,none,False,0.1084,False,none,0.65,54.215,16.444,70.66,False,0.22475,0.66667,0.35,0.65,0.51,0.48,0.18,False,0.075,False,0.055,False,0.52,8.0,Data obfuscation: coarsened location; privacy exposure -0.14; Encryption: encrypted payloads; latency +8 ms; energy +0.045 mJ
EXP_20260513_180105_90f400,1,18,18.0,10,nurse,102.177,37.243,96.468,2.726,Pharmacy-zone,0.71,none,False,0.2608,False,none,0.65,67.527,12.317,79.844,False,0.22475,0.66667,0.35,0.65,0.51,0.48,0.18,False,0.075,False,0.055,False,0.52,8.0,Data obfuscation: coarsened location; privacy exposure -0.14; Encryption: encrypted payloads; latency +8 ms; energy +0.045 mJ
EXP_20260513_180105_90f400,1,18,18.0,11,cleaning_staff,94.222,36.746,94.728,1.337,Emergency-zone,0.413,none,False,0.2063,False,none,0.65,43.643,16.545,60.188,False,0.22475,0.66667,0.35,0.65,0.51,0.48,0.18,False,0.075,False,0.055,False,0.52,8.0,Data obfuscation: coarsened location; privacy exposure -0.14; Encryption: encrypted payloads; latency +8 ms; energy +0.045 mJ
EXP_20260513_180105_90f400,1,18,18.0,12,technician,93.496,37.095,96.302,1.383,Radiology-zone,0.42,none,False,0.1155,False,none,0.65,43.493,15.397,58.89,False,0.22475,0.66667,0.35,0.65,0.51,0.48,0.18,False,0.075,False,0.055,False,0.52,8.0,Data obfuscation: coarsened location; privacy exposure -0.14; Encryption: encrypted payloads; latency +8 ms; energy +0.045 mJ
EXP_20260513_180105_90f400,1,18,18.0,13,physician,91.881,36.79,96.318,0.803,ICU-zone,0.352,none,False,0.1641,False,none,0.65,75.12,14.716,89.836,False,0.22475,0.66667,0.35,0.65,0.51,0.48,0.18,False,0.075,False,0.055,False,0.52,8.0,Data obfuscation: coarsened location; privacy exposure -0.14; Encryption: encrypted payloads; latency +8 ms; energy +0.045 mJ
EXP_20260513_180105_90f400,1,18,18.0,14,technician,101.207,37.029,95.698,1.186,Radiology-zone,0.583,none,False,0.1551,False,none,0.65,53.21,12.733,65.943,False,0.22475,0.66667,0.35,0.65,0.51,0.48,0.18,False,0.075,False,0.055,False,0.52,8.0,Data obfuscation: coarsened location; privacy exposure -0.14; Encryption: encrypted payloads; latency +8 ms; energy +0.045 mJ
EXP_20260513_180105_90f400,1,18,18.0,15,physician,93.811,37.303,94.657,1.187,ICU-zone,0.461,none,False,0.2366,False,none,0.65,61.258,14.843,76.101,False,0.22475,0.66667,0.35,0.65,0.51,0.48,0.18,False,0.075,False,0.055,False,0.52,8.0,Data obfuscation: coarsened location; privacy exposure -0.14; Encryption: encrypted payloads; latency +8 ms; energy +0.045 mJ
EXP_20260513_180105_90f400,1,18,18.0,16,physician,98.907,37.178,94.567,1.349,Radiology-zone,0.732,none,False,0.1967,False,none,0.65,64.52,15.43,79.95,False,0.22475,0.66667,0.35,0.65,0.51,0.48,0.18,False,0.075,False,0.055,False,0.52,8.0,Data obfuscation: coarsened location; privacy exposure -0.14; Encryption: encrypted payloads; latency +8 ms; energy +0.045 mJ
EXP_20260513_180105_90f400,1,18,18.0,17,porter,98.787,36.843,94.502,1.473,Surgery-zone,0.586,none,False,0.2439,False,none,0.65,67.172,15.392,82.564,False,0.22475,0.66667,0.35,0.65,0.51,0.48,0.18,False,0.075,False,0.055,False,0.52,8.0,Data obfuscation: coarsened location; privacy exposure -0.14; Encryption: encrypted payloads; latency +8 ms; energy +0.045 mJ
EXP_20260513_180105_90f400,1,18,18.0,18,physician,107.365,36.939,94.845,1.264,Radiology-zone,0.483,none,False,0.1876,False,none,0.65,56.801,18.789,75.59,False,0.22475,0.66667,0.35,0.65,0.51,0.48,0.18,False,0.075,False,0.055,False,0.52,8.0,Data obfuscation: coarsened location; privacy exposure -0.14; Encryption: encrypted payloads; latency +8 ms; energy +0.045 mJ
EXP_20260513_180105_90f400,1,18,18.0,19,nurse,101.82,37.437,94.794,1.514,Surgery-zone,0.653,none,False,0.2935,False,none,0.65,56.306,17.576,73.883,False,0.22475,0.66667,0.35,0.65,0.51,0.48,0.18,False,0.075,False,0.055,False,0.52,8.0,Data obfuscation: coarsened location; privacy exposure -0.14; Encryption: encrypted payloads; latency +8 ms; energy +0.045 mJ
EXP_20260513_180105_90f400,1,18,18.0,20,technician,100.107,37.014,94.093,1.429,Surgery-zone,0.337,none,False,0.24,False,none,0.65,45.685,18.009,63.694,False,0.22475,0.66667,0.35,0.65,0.51,0.48,0.18,False,0.075,False,0.055,False,0.52,8.0,Data obfuscation: coarsened location; privacy exposure -0.14; Encryption: encrypted payloads; latency +8 ms; energy +0.045 mJ
EXP_20260513_180105_90f400,1,19,19.0,1,nurse,76.782,37.075,97.145,0.409,Pharmacy-zone,0.05,none,False,0.0588,False,none,0.65,65.207,14.81,80.017,False,0.22475,0.66667,0.35,0.65,0.51,0.48,0.18,False,0.075,False,0.055,False,0.52,8.0,Data obfuscation: coarsened location; privacy exposure -0.14; Encryption: encrypted payloads; latency +8 ms; energy +0.045 mJ
EXP_20260513_180105_90f400,1,19,19.0,2,porter,107.805,37.018,96.348,1.225,Pharmacy-zone,0.829,none,False,0.1869,False,none,0.65,63.118,16.717,79.835,False,0.22475,0.66667,0.35,0.65,0.51,0.48,0.18,False,0.075,False,0.055,False,0.52,8.0,Data obfuscation: coarsened location; privacy exposure -0.14; Encryption: encrypted payloads; latency +8 ms; energy +0.045 mJ
EXP_20260513_180105_90f400,1,19,19.0,3,technician,93.685,37.226,94.653,1.736,Ward-A-zone,0.563,none,False,0.1898,False,none,0.65,50.223,11.785,62.008,False,0.22475,0.66667,0.35,0.65,0.51,0.48,0.18,False,0.075,False,0.055,False,0.52,8.0,Data obfuscation: coarsened location; privacy exposure -0.14; Encryption: encrypted payloads; latency +8 ms; energy +0.045 mJ
EXP_20260513_180105_90f400,1,19,19.0,4,porter,104.863,37.067,95.039,1.453,Surgery-zone,0.356,none,False,0.2422,False,none,0.65,55.654,17.123,72.777,False,0.22475,0.66667,0.35,0.65,0.51,0.48,0.18,False,0.075,False,0.055,False,0.52,8.0,Data obfuscation: coarsened location; privacy exposure -0.14; Encryption: encrypted payloads; latency +8 ms; energy +0.045 mJ
EXP_20260513_180105_90f400,1,19,19.0,5,technician,92.068,37.457,95.708,0.938,Emergency-zone,0.266,none,False,0.2063,False,none,0.65,47.463,17.349,64.812,False,0.22475,0.66667,0.35,0.65,0.51,0.48,0.18,False,0.075,False,0.055,False,0.52,8.0,Data obfuscation: coarsened location; privacy exposure -0.14; Encryption: encrypted payloads; latency +8 ms; energy +0.045 mJ
EXP_20260513_180105_90f400,1,19,19.0,6,porter,107.379,37.054,94.425,1.856,Emergency-zone,0.775,none,False,0.3172,False,none,0.65,67.514,13.843,81.358,False,0.22475,0.66667,0.35,0.65,0.51,0.48,0.18,False,0.075,True,0.055,False,0.52,8.0,Data obfuscation: coarsened location; privacy exposure -0.14; Encryption: encrypted payloads; latency +8 ms; energy +0.045 mJ
EXP_20260513_180105_90f400,1,19,19.0,7,porter,102.357,36.932,95.967,1.451,Radiology-zone,0.525,none,False,0.1495,False,none,0.65,61.065,16.415,77.48,False,0.22475,0.66667,0.35,0.65,0.51,0.48,0.18,False,0.075,False,0.055,False,0.52,8.0,Data obfuscation: coarsened location; privacy exposure -0.14; Encryption: encrypted payloads; latency +8 ms; energy +0.045 mJ
EXP_20260513_180105_90f400,1,19,19.0,8,porter,109.98,37.162,96.008,1.545,Laboratory-zone,0.893,none,False,0.2206,False,none,0.65,61.97,16.247,78.217,False,0.22475,0.66667,0.35,0.65,0.51,0.48,0.18,False,0.075,True,0.055,False,0.52,8.0,Data obfuscation: coarsened location; privacy exposure -0.14; Encryption: encrypted payloads; latency +8 ms; energy +0.045 mJ
EXP_20260513_180105_90f400,1,19,19.0,9,technician,89.342,36.973,97.235,0.266,Emergency-zone,0.335,none,False,0.1539,False,none,0.65,57.069,11.718,68.787,False,0.22475,0.66667,0.35,0.65,0.51,0.48,0.18,False,0.075,False,0.055,False,0.52,8.0,Data obfuscation: coarsened location; privacy exposure -0.14; Encryption: encrypted payloads; latency +8 ms; energy +0.045 mJ
EXP_20260513_180105_90f400,1,19,19.0,10,nurse,100.336,37.253,96.687,1.336,Pharmacy-zone,0.644,none,False,0.1688,False,none,0.65,49.251,15.71,64.962,False,0.22475,0.66667,0.35,0.65,0.51,0.48,0.18,False,0.075,False,0.055,False,0.52,8.0,Data obfuscation: coarsened location; privacy exposure -0.14; Encryption: encrypted payloads; latency +8 ms; energy +0.045 mJ
EXP_20260513_180105_90f400,1,19,19.0,11,cleaning_staff,105.022,38.284,94.126,1.065,Emergency-zone,0.357,heat_stress,True,0.3688,False,none,0.65,60.218,16.005,76.223,False,0.22475,0.66667,0.35,0.65,0.51,0.48,0.18,False,0.075,False,0.055,False,0.52,8.0,Data obfuscation: coarsened location; privacy exposure -0.14; Encryption: encrypted payloads; latency +8 ms; energy +0.045 mJ
EXP_20260513_180105_90f400,1,19,19.0,12,technician,96.278,37.185,96.285,1.841,Radiology-zone,0.486,none,False,0.165,False,none,0.65,60.184,15.293,75.477,False,0.22475,0.66667,0.35,0.65,0.51,0.48,0.18,False,0.075,False,0.055,False,0.52,8.0,Data obfuscation: coarsened location; privacy exposure -0.14; Encryption: encrypted payloads; latency +8 ms; energy +0.045 mJ
EXP_20260513_180105_90f400,1,19,19.0,13,physician,93.398,36.824,96.283,0.651,ICU-zone,0.396,none,False,0.1724,False,none,0.65,66.429,16.529,82.958,False,0.22475,0.66667,0.35,0.65,0.51,0.48,0.18,False,0.075,False,0.055,False,0.52,8.0,Data obfuscation: coarsened location; privacy exposure -0.14; Encryption: encrypted payloads; latency +8 ms; energy +0.045 mJ
EXP_20260513_180105_90f400,1,19,19.0,14,technician,95.947,36.926,95.71,1.293,Radiology-zone,0.348,none,False,0.1178,False,none,0.65,63.911,12.69,76.602,False,0.22475,0.66667,0.35,0.65,0.51,0.48,0.18,False,0.075,False,0.055,False,0.52,8.0,Data obfuscation: coarsened location; privacy exposure -0.14; Encryption: encrypted payloads; latency +8 ms; energy +0.045 mJ
EXP_20260513_180105_90f400,1,19,19.0,15,physician,95.291,37.312,94.294,1.105,ICU-zone,0.501,none,False,0.2538,False,none,0.65,58.845,13.368,72.213,False,0.22475,0.66667,0.35,0.65,0.51,0.48,0.18,False,0.075,False,0.055,False,0.52,8.0,Data obfuscation: coarsened location; privacy exposure -0.14; Encryption: encrypted payloads; latency +8 ms; energy +0.045 mJ
EXP_20260513_180105_90f400,1,19,19.0,16,physician,91.993,37.084,94.697,1.818,Radiology-zone,0.449,none,False,0.1676,False,none,0.65,53.971,16.643,70.613,False,0.22475,0.66667,0.35,0.65,0.51,0.48,0.18,False,0.075,False,0.055,False,0.52,8.0,Data obfuscation: coarsened location; privacy exposure -0.14; Encryption: encrypted payloads; latency +8 ms; energy +0.045 mJ
EXP_20260513_180105_90f400,1,19,19.0,17,porter,96.574,36.85,94.527,1.779,Surgery-zone,0.481,none,False,0.2473,False,none,0.65,75.98,13.83,89.81,False,0.22475,0.66667,0.35,0.65,0.51,0.48,0.18,False,0.075,False,0.055,False,0.52,8.0,Data obfuscation: coarsened location; privacy exposure -0.14; Encryption: encrypted payloads; latency +8 ms; energy +0.045 mJ
EXP_20260513_180105_90f400,1,19,19.0,18,physician,111.484,37.088,94.495,0.091,Radiology-zone,0.631,none,False,0.2282,False,none,0.65,63.204,17.102,80.306,False,0.22475,0.66667,0.35,0.65,0.51,0.48,0.18,False,0.075,False,0.055,False,0.52,8.0,Data obfuscation: coarsened location; privacy exposure -0.14; Encryption: encrypted payloads; latency +8 ms; energy +0.045 mJ
EXP_20260513_180105_90f400,1,19,19.0,19,nurse,107.006,38.008,91.95,0.477,Surgery-zone,0.406,high_fatigue,True,0.4056,False,none,0.65,44.258,14.455,58.713,False,0.22475,0.66667,0.35,0.65,0.51,0.48,0.18,False,0.075,False,0.055,False,0.52,8.0,Data obfuscation: coarsened location; privacy exposure -0.14; Encryption: encrypted payloads; latency +8 ms; energy +0.045 mJ
EXP_20260513_180105_90f400,1,19,19.0,20,technician,99.569,37.038,94.199,1.054,Surgery-zone,0.327,none,False,0.2353,False,none,0.65,63.716,13.506,77.223,False,0.22475,0.66667,0.35,0.65,0.51,0.48,0.18,False,0.075,False,0.055,False,0.52,8.0,Data obfuscation: coarsened location; privacy exposure -0.14; Encryption: encrypted payloads; latency +8 ms; energy +0.045 mJ
EXP_20260513_180105_90f400,1,20,20.0,1,nurse,79.138,37.092,96.977,0.908,Pharmacy-zone,0.132,none,False,0.0658,False,none,0.65,57.552,14.041,71.593,False,0.22475,0.66667,0.35,0.65,0.51,0.48,0.18,False,0.075,False,0.055,False,0.52,8.0,Data obfuscation: coarsened location; privacy exposure -0.14; Encryption: encrypted payloads; latency +8 ms; energy +0.045 mJ
EXP_20260513_180105_90f400,1,20,20.0,2,porter,102.091,36.994,96.452,0.77,Pharmacy-zone,0.571,none,False,0.1477,False,none,0.65,52.886,19.202,72.088,False,0.22475,0.66667,0.35,0.65,0.51,0.48,0.18,False,0.075,False,0.055,False,0.52,8.0,Data obfuscation: coarsened location; privacy exposure -0.14; Encryption: encrypted payloads; latency +8 ms; energy +0.045 mJ
EXP_20260513_180105_90f400,1,20,20.0,3,technician,96.399,37.271,94.71,1.326,Ward-A-zone,0.66,none,False,0.1879,False,none,0.65,57.515,13.206,70.721,False,0.22475,0.66667,0.35,0.65,0.51,0.48,0.18,False,0.075,False,0.055,False,0.52,8.0,Data obfuscation: coarsened location; privacy exposure -0.14; Encryption: encrypted payloads; latency +8 ms; energy +0.045 mJ
EXP_20260513_180105_90f400,1,20,20.0,4,porter,100.049,36.967,95.19,0.889,Surgery-zone,0.111,none,False,0.1958,False,none,0.65,59.48,21.16,80.639,False,0.22475,0.66667,0.35,0.65,0.51,0.48,0.18,False,0.075,False,0.055,False,0.52,8.0,Data obfuscation: coarsened location; privacy exposure -0.14; Encryption: encrypted payloads; latency +8 ms; energy +0.045 mJ
EXP_20260513_180105_90f400,1,20,20.0,5,technician,111.147,38.17,93.332,1.027,Pharmacy-zone,0.447,high_fatigue,True,0.3377,False,none,0.65,60.99,17.065,78.055,False,0.22475,0.66667,0.35,0.65,0.51,0.48,0.18,False,0.075,False,0.055,False,0.52,8.0,Data obfuscation: coarsened location; privacy exposure -0.14; Encryption: encrypted payloads; latency +8 ms; energy +0.045 mJ
EXP_20260513_180105_90f400,1,20,20.0,6,porter,107.458,37.039,94.229,1.808,Emergency-zone,0.746,none,False,0.3159,False,none,0.65,58.805,13.055,71.86,False,0.22475,0.66667,0.35,0.65,0.51,0.48,0.18,False,0.075,False,0.055,False,0.52,8.0,Data obfuscation: coarsened location; privacy exposure -0.14; Encryption: encrypted payloads; latency +8 ms; energy +0.045 mJ
EXP_20260513_180105_90f400,1,20,20.0,7,porter,101.957,36.871,96.17,1.205,Emergency-zone,0.469,none,False,0.2076,False,none,0.65,52.921,14.59,67.511,False,0.22475,0.66667,0.35,0.65,0.51,0.48,0.18,False,0.075,False,0.055,False,0.52,8.0,Data obfuscation: coarsened location; privacy exposure -0.14; Encryption: encrypted payloads; latency +8 ms; energy +0.045 mJ
EXP_20260513_180105_90f400,1,20,20.0,8,porter,108.453,37.182,96.371,1.944,Emergency-zone,0.808,none,False,0.3032,False,none,0.65,66.183,12.432,78.616,False,0.22475,0.66667,0.35,0.65,0.51,0.48,0.18,False,0.075,False,0.055,False,0.52,8.0,Data obfuscation: coarsened location; privacy exposure -0.14; Encryption: encrypted payloads; latency +8 ms; energy +0.045 mJ
EXP_20260513_180105_90f400,1,20,20.0,9,technician,91.868,37.002,97.06,1.796,Ward-A-zone,0.387,none,False,0.1238,False,none,0.65,55.925,15.584,71.509,False,0.22475,0.66667,0.35,0.65,0.51,0.48,0.18,False,0.075,False,0.055,False,0.52,8.0,Data obfuscation: coarsened location; privacy exposure -0.14; Encryption: encrypted payloads; latency +8 ms; energy +0.045 mJ
EXP_20260513_180105_90f400,1,20,20.0,10,nurse,100.768,37.245,96.49,1.565,Pharmacy-zone,0.663,none,False,0.1811,False,none,0.65,53.213,13.675,66.888,False,0.22475,0.66667,0.35,0.65,0.51,0.48,0.18,False,0.075,True,0.055,False,0.52,8.0,Data obfuscation: coarsened location; privacy exposure -0.14; Encryption: encrypted payloads; latency +8 ms; energy +0.045 mJ
EXP_20260513_180105_90f400,1,20,20.0,11,cleaning_staff,99.555,36.833,94.63,1.609,Emergency-zone,0.612,none,False,0.2537,False,none,0.65,53.548,12.141,65.689,False,0.22475,0.66667,0.35,0.65,0.51,0.48,0.18,False,0.075,False,0.055,False,0.52,8.0,Data obfuscation: coarsened location; privacy exposure -0.14; Encryption: encrypted payloads; latency +8 ms; energy +0.045 mJ
EXP_20260513_180105_90f400,1,20,20.0,12,technician,113.641,38.703,95.711,0.601,Radiology-zone,0.47,heat_stress,True,0.3396,False,none,0.65,54.301,14.731,69.031,False,0.22475,0.66667,0.35,0.65,0.51,0.48,0.18,False,0.075,False,0.055,False,0.52,8.0,Data obfuscation: coarsened location; privacy exposure -0.14; Encryption: encrypted payloads; latency +8 ms; energy +0.045 mJ
EXP_20260513_180105_90f400,1,20,20.0,13,physician,92.827,36.782,96.398,1.074,ICU-zone,0.396,none,False,0.1703,False,none,0.65,67.269,16.946,84.215,False,0.22475,0.66667,0.35,0.65,0.51,0.48,0.18,False,0.075,False,0.055,False,0.52,8.0,Data obfuscation: coarsened location; privacy exposure -0.14; Encryption: encrypted payloads; latency +8 ms; energy +0.045 mJ
EXP_20260513_180105_90f400,1,20,20.0,14,technician,95.805,36.952,95.642,0.839,Radiology-zone,0.361,none,False,0.1198,False,none,0.65,65.344,15.765,81.11,False,0.22475,0.66667,0.35,0.65,0.51,0.48,0.18,False,0.075,False,0.055,False,0.52,8.0,Data obfuscation: coarsened location; privacy exposure -0.14; Encryption: encrypted payloads; latency +8 ms; energy +0.045 mJ
EXP_20260513_180105_90f400,1,20,20.0,15,physician,90.405,37.267,94.728,0.901,ICU-zone,0.284,none,False,0.2077,False,none,0.65,57.12,13.796,70.916,False,0.22475,0.66667,0.35,0.65,0.51,0.48,0.18,False,0.075,False,0.055,False,0.52,8.0,Data obfuscation: coarsened location; privacy exposure -0.14; Encryption: encrypted payloads; latency +8 ms; energy +0.045 mJ
EXP_20260513_180105_90f400,1,20,20.0,16,physician,97.058,37.133,94.536,1.904,Radiology-zone,0.643,none,False,0.2119,False,none,0.65,58.645,16.457,75.103,False,0.22475,0.66667,0.35,0.65,0.51,0.48,0.18,False,0.075,False,0.055,False,0.52,8.0,Data obfuscation: coarsened location; privacy exposure -0.14; Encryption: encrypted payloads; latency +8 ms; energy +0.045 mJ
EXP_20260513_180105_90f400,1,20,20.0,17,porter,104.905,36.975,94.427,2.181,Surgery-zone,0.803,none,False,0.0,False,no_assessment_packet_loss,0.65,59.336,0.0,59.336,True,0.22475,0.66667,0.35,0.65,0.51,0.48,0.18,False,0.075,False,0.055,False,0.52,8.0,Data obfuscation: coarsened location; privacy exposure -0.14; Encryption: encrypted payloads; latency +8 ms; energy +0.045 mJ
EXP_20260513_180105_90f400,1,20,20.0,18,physician,110.521,37.027,94.748,1.414,Radiology-zone,0.563,none,False,0.0,False,no_assessment_packet_loss,0.65,68.696,0.0,68.696,True,0.22475,0.66667,0.35,0.65,0.51,0.48,0.18,False,0.075,True,0.055,False,0.52,8.0,Data obfuscation: coarsened location; privacy exposure -0.14; Encryption: encrypted payloads; latency +8 ms; energy +0.045 mJ
EXP_20260513_180105_90f400,1,20,20.0,19,nurse,97.186,37.388,94.741,1.276,Surgery-zone,0.473,none,False,0.2549,False,none,0.65,77.384,14.593,91.978,False,0.22475,0.66667,0.35,0.65,0.51,0.48,0.18,False,0.075,False,0.055,False,0.52,8.0,Data obfuscation: coarsened location; privacy exposure -0.14; Encryption: encrypted payloads; latency +8 ms; energy +0.045 mJ
EXP_20260513_180105_90f400,1,20,20.0,20,technician,102.722,37.057,94.07,1.273,Surgery-zone,0.438,none,False,0.2586,False,none,0.65,46.727,11.121,57.848,False,0.22475,0.66667,0.35,0.65,0.51,0.48,0.18,False,0.075,True,0.055,False,0.52,8.0,Data obfuscation: coarsened location; privacy exposure -0.14; Encryption: encrypted payloads; latency +8 ms; energy +0.045 mJ
EXP_20260513_180105_90f400,1,21,21.0,1,nurse,83.733,37.118,97.021,0.0,ICU-zone,0.278,none,False,0.1452,False,none,0.65,37.515,15.654,53.168,False,0.22475,0.66667,0.35,0.65,0.51,0.48,0.18,False,0.075,False,0.055,False,0.52,8.0,Data obfuscation: coarsened location; privacy exposure -0.14; Encryption: encrypted payloads; latency +8 ms; energy +0.045 mJ
EXP_20260513_180105_90f400,1,21,21.0,2,porter,105.67,36.989,96.428,1.258,Pharmacy-zone,0.706,none,False,0.1695,False,none,0.65,68.459,13.204,81.663,False,0.22475,0.66667,0.35,0.65,0.51,0.48,0.18,False,0.075,False,0.055,False,0.52,8.0,Data obfuscation: coarsened location; privacy exposure -0.14; Encryption: encrypted payloads; latency +8 ms; energy +0.045 mJ
EXP_20260513_180105_90f400,1,21,21.0,3,technician,99.352,37.316,94.471,2.145,Ward-A-zone,0.723,none,False,0.258,False,none,0.65,52.54,13.299,65.839,False,0.22475,0.66667,0.35,0.65,0.51,0.48,0.18,False,0.075,False,0.055,False,0.52,8.0,Data obfuscation: coarsened location; privacy exposure -0.14; Encryption: encrypted payloads; latency +8 ms; energy +0.045 mJ
EXP_20260513_180105_90f400,1,21,21.0,4,porter,107.305,37.141,95.01,1.481,Surgery-zone,0.462,none,False,0.2669,False,none,0.65,51.733,14.172,65.906,False,0.22475,0.66667,0.35,0.65,0.51,0.48,0.18,False,0.075,False,0.055,False,0.52,8.0,Data obfuscation: coarsened location; privacy exposure -0.14; Encryption: encrypted payloads; latency +8 ms; energy +0.045 mJ
EXP_20260513_180105_90f400,1,21,21.0,5,technician,93.189,37.481,95.496,1.078,Emergency-zone,0.281,none,False,0.2184,False,none,0.65,60.554,11.957,72.51,False,0.22475,0.66667,0.35,0.65,0.51,0.48,0.18,False,0.075,False,0.055,False,0.52,8.0,Data obfuscation: coarsened location; privacy exposure -0.14; Encryption: encrypted payloads; latency +8 ms; energy +0.045 mJ
EXP_20260513_180105_90f400,1,21,21.0,6,porter,107.048,37.099,94.397,1.007,Emergency-zone,0.716,none,False,0.2887,False,none,0.65,63.907,14.608,78.516,False,0.22475,0.66667,0.35,0.65,0.51,0.48,0.18,False,0.075,False,0.055,False,0.52,8.0,Data obfuscation: coarsened location; privacy exposure -0.14; Encryption: encrypted payloads; latency +8 ms; energy +0.045 mJ
EXP_20260513_180105_90f400,1,21,21.0,7,porter,103.965,37.002,95.792,1.573,Radiology-zone,0.553,none,False,0.169,False,none,0.65,58.473,14.197,72.67,False,0.22475,0.66667,0.35,0.65,0.51,0.48,0.18,False,0.075,False,0.055,False,0.52,8.0,Data obfuscation: coarsened location; privacy exposure -0.14; Encryption: encrypted payloads; latency +8 ms; energy +0.045 mJ
EXP_20260513_180105_90f400,1,21,21.0,8,porter,103.741,37.119,96.383,1.667,Emergency-zone,0.627,none,False,0.2516,False,none,0.65,44.942,13.733,58.675,False,0.22475,0.66667,0.35,0.65,0.51,0.48,0.18,False,0.075,False,0.055,False,0.52,8.0,Data obfuscation: coarsened location; privacy exposure -0.14; Encryption: encrypted payloads; latency +8 ms; energy +0.045 mJ
EXP_20260513_180105_90f400,1,21,21.0,9,technician,95.16,37.688,95.106,0.862,Ward-A-zone,0.292,high_fatigue,True,0.0,False,no_assessment_packet_loss,0.65,48.736,0.0,48.736,True,0.22475,0.66667,0.35,0.65,0.51,0.48,0.18,False,0.075,False,0.055,False,0.52,8.0,Data obfuscation: coarsened location; privacy exposure -0.14; Encryption: encrypted payloads; latency +8 ms; energy +0.045 mJ
EXP_20260513_180105_90f400,1,21,21.0,10,nurse,107.536,37.34,96.263,1.946,Pharmacy-zone,0.89,none,False,0.2523,False,none,0.65,45.043,9.615,54.657,False,0.22475,0.66667,0.35,0.65,0.51,0.48,0.18,False,0.075,False,0.055,False,0.52,8.0,Data obfuscation: coarsened location; privacy exposure -0.14; Encryption: encrypted payloads; latency +8 ms; energy +0.045 mJ
EXP_20260513_180105_90f400,1,21,21.0,11,cleaning_staff,90.23,36.683,94.408,1.715,Emergency-zone,0.277,none,False,0.21,False,none,0.65,44.72,13.429,58.148,False,0.22475,0.66667,0.35,0.65,0.51,0.48,0.18,False,0.075,False,0.055,False,0.52,8.0,Data obfuscation: coarsened location; privacy exposure -0.14; Encryption: encrypted payloads; latency +8 ms; energy +0.045 mJ
EXP_20260513_180105_90f400,1,21,21.0,12,technician,91.768,37.128,96.424,0.983,Radiology-zone,0.34,none,False,0.1069,False,none,0.65,63.688,13.68,77.368,False,0.22475,0.66667,0.35,0.65,0.51,0.48,0.18,False,0.075,False,0.055,False,0.52,8.0,Data obfuscation: coarsened location; privacy exposure -0.14; Encryption: encrypted payloads; latency +8 ms; energy +0.045 mJ
EXP_20260513_180105_90f400,1,21,21.0,13,physician,95.595,36.866,96.319,1.346,ICU-zone,0.502,none,False,0.1873,False,none,0.65,56.867,12.173,69.04,False,0.22475,0.66667,0.35,0.65,0.51,0.48,0.18,False,0.075,False,0.055,False,0.52,8.0,Data obfuscation: coarsened location; privacy exposure -0.14; Encryption: encrypted payloads; latency +8 ms; energy +0.045 mJ
EXP_20260513_180105_90f400,1,21,21.0,14,technician,99.816,37.0,95.698,1.109,Emergency-zone,0.478,none,False,0.2077,False,none,0.65,61.954,14.378,76.332,False,0.22475,0.66667,0.35,0.65,0.51,0.48,0.18,False,0.075,False,0.055,False,0.52,8.0,Data obfuscation: coarsened location; privacy exposure -0.14; Encryption: encrypted payloads; latency +8 ms; energy +0.045 mJ
EXP_20260513_180105_90f400,1,21,21.0,15,physician,95.48,37.365,94.315,1.589,ICU-zone,0.502,none,False,0.2704,False,none,0.65,54.608,18.724,73.332,False,0.22475,0.66667,0.35,0.65,0.51,0.48,0.18,False,0.075,False,0.055,False,0.52,8.0,Data obfuscation: coarsened location; privacy exposure -0.14; Encryption: encrypted payloads; latency +8 ms; energy +0.045 mJ
EXP_20260513_180105_90f400,1,21,21.0,16,physician,95.494,37.115,94.293,1.319,Radiology-zone,0.603,none,False,0.1768,False,none,0.65,50.567,18.327,68.894,False,0.22475,0.66667,0.35,0.65,0.51,0.48,0.18,False,0.075,False,0.055,False,0.52,8.0,Data obfuscation: coarsened location; privacy exposure -0.14; Encryption: encrypted payloads; latency +8 ms; energy +0.045 mJ
EXP_20260513_180105_90f400,1,21,21.0,17,porter,93.346,36.856,94.583,0.969,Surgery-zone,0.364,none,False,0.2033,False,none,0.65,51.881,9.466,61.347,False,0.22475,0.66667,0.35,0.65,0.51,0.48,0.18,False,0.075,False,0.055,False,0.52,8.0,Data obfuscation: coarsened location; privacy exposure -0.14; Encryption: encrypted payloads; latency +8 ms; energy +0.045 mJ
EXP_20260513_180105_90f400,1,21,21.0,18,physician,116.498,37.131,94.419,2.272,Radiology-zone,0.832,none,False,0.3189,False,none,0.65,58.422,12.63,71.052,False,0.22475,0.66667,0.35,0.65,0.51,0.48,0.18,False,0.075,False,0.055,False,0.52,8.0,Data obfuscation: coarsened location; privacy exposure -0.14; Encryption: encrypted payloads; latency +8 ms; energy +0.045 mJ
EXP_20260513_180105_90f400,1,21,21.0,19,nurse,99.002,37.434,94.53,0.677,Surgery-zone,0.536,none,False,0.2746,False,none,0.65,69.415,12.147,81.562,False,0.22475,0.66667,0.35,0.65,0.51,0.48,0.18,False,0.075,False,0.055,False,0.52,8.0,Data obfuscation: coarsened location; privacy exposure -0.14; Encryption: encrypted payloads; latency +8 ms; energy +0.045 mJ
EXP_20260513_180105_90f400,1,21,21.0,20,technician,102.261,37.07,94.199,1.14,Surgery-zone,0.431,none,False,0.2546,False,none,0.65,49.711,15.09,64.801,False,0.22475,0.66667,0.35,0.65,0.51,0.48,0.18,False,0.075,False,0.055,False,0.52,8.0,Data obfuscation: coarsened location; privacy exposure -0.14; Encryption: encrypted payloads; latency +8 ms; energy +0.045 mJ
EXP_20260513_180105_90f400,1,22,22.0,1,nurse,81.846,37.12,97.058,0.281,Pharmacy-zone,0.191,none,False,0.0723,False,none,0.65,54.723,15.217,69.94,False,0.22475,0.66667,0.35,0.65,0.51,0.48,0.18,False,0.075,False,0.055,False,0.52,8.0,Data obfuscation: coarsened location; privacy exposure -0.14; Encryption: encrypted payloads; latency +8 ms; energy +0.045 mJ
EXP_20260513_180105_90f400,1,22,22.0,2,porter,104.144,37.035,96.178,1.552,Pharmacy-zone,0.655,none,False,0.1732,False,none,0.65,61.77,16.588,78.357,False,0.22475,0.66667,0.35,0.65,0.51,0.48,0.18,False,0.075,False,0.055,False,0.52,8.0,Data obfuscation: coarsened location; privacy exposure -0.14; Encryption: encrypted payloads; latency +8 ms; energy +0.045 mJ
EXP_20260513_180105_90f400,1,22,22.0,3,technician,99.162,37.311,94.698,1.57,Ward-A-zone,0.693,none,False,0.2142,False,none,0.65,54.332,17.072,71.403,False,0.22475,0.66667,0.35,0.65,0.51,0.48,0.18,False,0.075,False,0.055,False,0.52,8.0,Data obfuscation: coarsened location; privacy exposure -0.14; Encryption: encrypted payloads; latency +8 ms; energy +0.045 mJ
EXP_20260513_180105_90f400,1,22,22.0,4,porter,140.956,37.239,93.365,3.477,Surgery-zone,0.751,fall,True,0.576,False,none,0.65,57.456,12.571,70.027,False,0.22475,0.66667,0.35,0.65,0.51,0.48,0.18,False,0.075,False,0.055,False,0.52,8.0,Data obfuscation: coarsened location; privacy exposure -0.14; Encryption: encrypted payloads; latency +8 ms; energy +0.045 mJ
EXP_20260513_180105_90f400,1,22,22.0,5,technician,95.557,37.509,95.591,1.285,Emergency-zone,0.39,none,False,0.2344,False,none,0.65,64.751,10.743,75.494,False,0.22475,0.66667,0.35,0.65,0.51,0.48,0.18,False,0.075,False,0.055,False,0.52,8.0,Data obfuscation: coarsened location; privacy exposure -0.14; Encryption: encrypted payloads; latency +8 ms; energy +0.045 mJ
EXP_20260513_180105_90f400,1,22,22.0,6,porter,114.483,37.21,94.418,1.981,Emergency-zone,1.0,none,False,0.3793,False,none,0.65,76.275,12.239,88.514,False,0.22475,0.66667,0.35,0.65,0.51,0.48,0.18,False,0.075,False,0.055,False,0.52,8.0,Data obfuscation: coarsened location; privacy exposure -0.14; Encryption: encrypted payloads; latency +8 ms; energy +0.045 mJ
EXP_20260513_180105_90f400,1,22,22.0,7,porter,102.111,36.959,95.969,1.267,Radiology-zone,0.456,none,False,0.1408,False,none,0.65,46.538,16.76,63.299,False,0.22475,0.66667,0.35,0.65,0.51,0.48,0.18,False,0.075,False,0.055,False,0.52,8.0,Data obfuscation: coarsened location; privacy exposure -0.14; Encryption: encrypted payloads; latency +8 ms; energy +0.045 mJ
EXP_20260513_180105_90f400,1,22,22.0,8,porter,110.094,37.165,96.101,1.594,Emergency-zone,0.852,none,False,0.2888,False,none,0.65,65.818,14.956,80.775,False,0.22475,0.66667,0.35,0.65,0.51,0.48,0.18,False,0.075,False,0.055,False,0.52,8.0,Data obfuscation: coarsened location; privacy exposure -0.14; Encryption: encrypted payloads; latency +8 ms; energy +0.045 mJ
EXP_20260513_180105_90f400,1,22,22.0,9,technician,96.899,36.77,100.0,2.346,Ward-A-zone,0.605,none,False,0.19,False,none,0.65,53.679,19.929,73.608,False,0.22475,0.66667,0.35,0.65,0.51,0.48,0.18,False,0.075,False,0.055,True,0.52,8.0,Data obfuscation: coarsened location; privacy exposure -0.14; Encryption: encrypted payloads; latency +8 ms; energy +0.045 mJ
EXP_20260513_180105_90f400,1,22,22.0,10,nurse,102.269,37.235,96.236,1.52,Pharmacy-zone,0.713,none,False,0.1861,False,none,0.65,55.942,13.191,69.133,False,0.22475,0.66667,0.35,0.65,0.51,0.48,0.18,False,0.075,True,0.055,False,0.52,8.0,Data obfuscation: coarsened location; privacy exposure -0.14; Encryption: encrypted payloads; latency +8 ms; energy +0.045 mJ
EXP_20260513_180105_90f400,1,22,22.0,11,cleaning_staff,97.408,36.809,94.541,1.472,Emergency-zone,0.527,none,False,0.2341,False,none,0.65,72.263,16.414,88.677,False,0.22475,0.66667,0.35,0.65,0.51,0.48,0.18,False,0.075,False,0.055,False,0.52,8.0,Data obfuscation: coarsened location; privacy exposure -0.14; Encryption: encrypted payloads; latency +8 ms; energy +0.045 mJ
EXP_20260513_180105_90f400,1,22,22.0,12,technician,100.111,37.264,96.109,1.191,Surgery-zone,0.632,none,False,0.2354,False,none,0.65,69.391,16.049,85.44,False,0.22475,0.66667,0.35,0.65,0.51,0.48,0.18,False,0.075,True,0.055,False,0.52,8.0,Data obfuscation: coarsened location; privacy exposure -0.14; Encryption: encrypted payloads; latency +8 ms; energy +0.045 mJ
EXP_20260513_180105_90f400,1,22,22.0,13,physician,93.165,36.785,95.971,1.237,ICU-zone,0.411,none,False,0.0,False,no_assessment_packet_loss,0.65,52.577,0.0,52.577,True,0.22475,0.66667,0.35,0.65,0.51,0.48,0.18,False,0.075,False,0.055,False,0.52,8.0,Data obfuscation: coarsened location; privacy exposure -0.14; Encryption: encrypted payloads; latency +8 ms; energy +0.045 mJ
EXP_20260513_180105_90f400,1,22,22.0,14,technician,106.461,37.074,95.473,2.217,Radiology-zone,0.785,none,False,0.247,False,none,0.65,58.783,17.136,75.919,False,0.22475,0.66667,0.35,0.65,0.51,0.48,0.18,False,0.075,False,0.055,False,0.52,8.0,Data obfuscation: coarsened location; privacy exposure -0.14; Encryption: encrypted payloads; latency +8 ms; energy +0.045 mJ
EXP_20260513_180105_90f400,1,22,22.0,15,physician,93.263,37.291,94.344,1.32,ICU-zone,0.359,none,False,0.234,False,none,0.65,52.22,18.316,70.537,False,0.22475,0.66667,0.35,0.65,0.51,0.48,0.18,False,0.075,False,0.055,False,0.52,8.0,Data obfuscation: coarsened location; privacy exposure -0.14; Encryption: encrypted payloads; latency +8 ms; energy +0.045 mJ
EXP_20260513_180105_90f400,1,22,22.0,16,physician,89.087,37.029,94.826,1.002,Radiology-zone,0.369,none,False,0.0,False,no_assessment_packet_loss,0.65,54.937,0.0,54.937,True,0.22475,0.66667,0.35,0.65,0.51,0.48,0.18,False,0.075,False,0.055,False,0.52,8.0,Data obfuscation: coarsened location; privacy exposure -0.14; Encryption: encrypted payloads; latency +8 ms; energy +0.045 mJ
EXP_20260513_180105_90f400,1,22,22.0,17,porter,99.473,36.885,94.577,1.894,ICU-zone,0.557,none,False,0.2686,False,none,0.65,54.078,16.601,70.679,False,0.22475,0.66667,0.35,0.65,0.51,0.48,0.18,False,0.075,False,0.055,False,0.52,8.0,Data obfuscation: coarsened location; privacy exposure -0.14; Encryption: encrypted payloads; latency +8 ms; energy +0.045 mJ
EXP_20260513_180105_90f400,1,22,22.0,18,physician,113.841,37.1,94.762,2.041,Radiology-zone,0.676,none,False,0.2739,False,none,0.65,68.675,16.401,85.076,False,0.22475,0.66667,0.35,0.65,0.51,0.48,0.18,False,0.075,False,0.055,False,0.52,8.0,Data obfuscation: coarsened location; privacy exposure -0.14; Encryption: encrypted payloads; latency +8 ms; energy +0.045 mJ
EXP_20260513_180105_90f400,1,22,22.0,19,nurse,95.875,37.358,94.762,1.277,Surgery-zone,0.396,none,False,0.2419,False,none,0.65,62.931,16.312,79.242,False,0.22475,0.66667,0.35,0.65,0.51,0.48,0.18,False,0.075,False,0.055,False,0.52,8.0,Data obfuscation: coarsened location; privacy exposure -0.14; Encryption: encrypted payloads; latency +8 ms; energy +0.045 mJ
EXP_20260513_180105_90f400,1,22,22.0,20,technician,97.094,37.06,94.371,1.16,Surgery-zone,0.219,none,False,0.2172,False,none,0.65,47.67,10.589,58.259,False,0.22475,0.66667,0.35,0.65,0.51,0.48,0.18,False,0.075,False,0.055,False,0.52,8.0,Data obfuscation: coarsened location; privacy exposure -0.14; Encryption: encrypted payloads; latency +8 ms; energy +0.045 mJ
EXP_20260513_180105_90f400,1,23,23.0,1,nurse,80.734,37.131,97.128,0.778,Pharmacy-zone,0.169,none,False,0.0718,False,none,0.65,55.153,16.821,71.974,False,0.22475,0.66667,0.35,0.65,0.51,0.48,0.18,False,0.075,False,0.055,False,0.52,8.0,Data obfuscation: coarsened location; privacy exposure -0.14; Encryption: encrypted payloads; latency +8 ms; energy +0.045 mJ
EXP_20260513_180105_90f400,1,23,23.0,2,porter,102.278,36.946,96.275,1.389,Pharmacy-zone,0.559,none,False,0.1476,False,none,0.65,65.709,15.126,80.835,False,0.22475,0.66667,0.35,0.65,0.51,0.48,0.18,False,0.075,False,0.055,False,0.52,8.0,Data obfuscation: coarsened location; privacy exposure -0.14; Encryption: encrypted payloads; latency +8 ms; energy +0.045 mJ
EXP_20260513_180105_90f400,1,23,23.0,3,technician,97.601,37.316,94.378,1.518,Ward-A-zone,0.641,none,False,0.2099,False,none,0.65,54.598,13.034,67.632,False,0.22475,0.66667,0.35,0.65,0.51,0.48,0.18,False,0.075,False,0.055,False,0.52,8.0,Data obfuscation: coarsened location; privacy exposure -0.14; Encryption: encrypted payloads; latency +8 ms; energy +0.045 mJ
EXP_20260513_180105_90f400,1,23,23.0,4,porter,110.185,37.178,95.056,1.696,Surgery-zone,0.513,none,False,0.296,False,none,0.65,58.709,14.188,72.897,False,0.22475,0.66667,0.35,0.65,0.51,0.48,0.18,False,0.075,False,0.055,False,0.52,8.0,Data obfuscation: coarsened location; privacy exposure -0.14; Encryption: encrypted payloads; latency +8 ms; energy +0.045 mJ
EXP_20260513_180105_90f400,1,23,23.0,5,technician,103.237,37.597,95.283,0.991,Emergency-zone,0.646,none,False,0.2938,False,none,0.65,43.233,13.933,57.166,False,0.22475,0.66667,0.35,0.65,0.51,0.48,0.18,False,0.075,False,0.055,False,0.52,8.0,Data obfuscation: coarsened location; privacy exposure -0.14; Encryption: encrypted payloads; latency +8 ms; energy +0.045 mJ
EXP_20260513_180105_90f400,1,23,23.0,6,porter,105.016,37.064,94.346,2.092,Emergency-zone,0.663,none,False,0.3188,False,none,0.65,50.439,13.894,64.332,False,0.22475,0.66667,0.35,0.65,0.51,0.48,0.18,False,0.075,False,0.055,False,0.52,8.0,Data obfuscation: coarsened location; privacy exposure -0.14; Encryption: encrypted payloads; latency +8 ms; energy +0.045 mJ
EXP_20260513_180105_90f400,1,23,23.0,7,porter,106.07,37.015,95.839,0.804,Ward-A-zone,0.57,none,False,0.1669,False,none,0.65,52.729,17.775,70.504,False,0.22475,0.66667,0.35,0.65,0.51,0.48,0.18,False,0.075,False,0.055,False,0.52,8.0,Data obfuscation: coarsened location; privacy exposure -0.14; Encryption: encrypted payloads; latency +8 ms; energy +0.045 mJ
EXP_20260513_180105_90f400,1,23,23.0,8,porter,104.361,37.072,95.873,1.438,Emergency-zone,0.609,none,False,0.0,False,no_assessment_packet_loss,0.65,52.126,0.0,52.126,True,0.22475,0.66667,0.35,0.65,0.51,0.48,0.18,False,0.075,False,0.055,False,0.52,8.0,Data obfuscation: coarsened location; privacy exposure -0.14; Encryption: encrypted payloads; latency +8 ms; energy +0.045 mJ
EXP_20260513_180105_90f400,1,23,23.0,9,technician,95.81,37.109,96.991,1.436,Surgery-zone,0.495,none,False,0.1995,False,none,0.65,50.815,12.784,63.599,False,0.22475,0.66667,0.35,0.65,0.51,0.48,0.18,False,0.075,False,0.055,False,0.52,8.0,Data obfuscation: coarsened location; privacy exposure -0.14; Encryption: encrypted payloads; latency +8 ms; energy +0.045 mJ
EXP_20260513_180105_90f400,1,23,23.0,10,nurse,105.813,37.316,96.481,1.578,Pharmacy-zone,0.799,none,False,0.2152,False,none,0.65,60.689,14.678,75.367,False,0.22475,0.66667,0.35,0.65,0.51,0.48,0.18,False,0.075,False,0.055,False,0.52,8.0,Data obfuscation: coarsened location; privacy exposure -0.14; Encryption: encrypted payloads; latency +8 ms; energy +0.045 mJ
EXP_20260513_180105_90f400,1,23,23.0,11,cleaning_staff,99.294,36.821,94.628,1.61,Emergency-zone,0.587,none,False,0.2513,False,none,0.65,46.986,13.385,60.371,False,0.22475,0.66667,0.35,0.65,0.51,0.48,0.18,False,0.075,False,0.055,False,0.52,8.0,Data obfuscation: coarsened location; privacy exposure -0.14; Encryption: encrypted payloads; latency +8 ms; energy +0.045 mJ
EXP_20260513_180105_90f400,1,23,23.0,12,technician,97.589,37.184,96.211,1.281,Radiology-zone,0.555,none,False,0.1471,False,none,0.65,56.321,16.296,72.617,False,0.22475,0.66667,0.35,0.65,0.51,0.48,0.18,False,0.075,False,0.055,False,0.52,8.0,Data obfuscation: coarsened location; privacy exposure -0.14; Encryption: encrypted payloads; latency +8 ms; energy +0.045 mJ
EXP_20260513_180105_90f400,1,23,23.0,13,physician,96.429,36.803,96.049,1.261,ICU-zone,0.532,none,False,0.1923,False,none,0.65,56.468,13.851,70.32,False,0.22475,0.66667,0.35,0.65,0.51,0.48,0.18,False,0.075,False,0.055,False,0.52,8.0,Data obfuscation: coarsened location; privacy exposure -0.14; Encryption: encrypted payloads; latency +8 ms; energy +0.045 mJ
EXP_20260513_180105_90f400,1,23,23.0,14,technician,97.792,36.946,95.577,1.341,Radiology-zone,0.404,none,False,0.1312,False,none,0.65,75.253,14.27,89.523,False,0.22475,0.66667,0.35,0.65,0.51,0.48,0.18,False,0.075,False,0.055,False,0.52,8.0,Data obfuscation: coarsened location; privacy exposure -0.14; Encryption: encrypted payloads; latency +8 ms; energy +0.045 mJ
EXP_20260513_180105_90f400,1,23,23.0,15,physician,98.684,37.4,94.25,1.342,ICU-zone,0.579,none,False,0.28,False,none,0.65,71.642,14.004,85.646,False,0.22475,0.66667,0.35,0.65,0.51,0.48,0.18,False,0.075,False,0.055,False,0.52,8.0,Data obfuscation: coarsened location; privacy exposure -0.14; Encryption: encrypted payloads; latency +8 ms; energy +0.045 mJ
EXP_20260513_180105_90f400,1,23,23.0,16,physician,97.914,37.142,94.426,1.779,Radiology-zone,0.702,none,False,0.2146,False,none,0.65,47.009,15.678,62.687,False,0.22475,0.66667,0.35,0.65,0.51,0.48,0.18,False,0.075,False,0.055,False,0.52,8.0,Data obfuscation: coarsened location; privacy exposure -0.14; Encryption: encrypted payloads; latency +8 ms; energy +0.045 mJ
EXP_20260513_180105_90f400,1,23,23.0,17,porter,101.066,36.942,94.294,1.31,Surgery-zone,0.638,none,False,0.2559,False,none,0.65,49.418,12.767,62.185,False,0.22475,0.66667,0.35,0.65,0.51,0.48,0.18,False,0.075,False,0.055,False,0.52,8.0,Data obfuscation: coarsened location; privacy exposure -0.14; Encryption: encrypted payloads; latency +8 ms; energy +0.045 mJ
EXP_20260513_180105_90f400,1,23,23.0,18,physician,110.375,37.089,94.791,1.202,Radiology-zone,0.523,none,False,0.2102,False,none,0.65,47.768,10.976,58.744,False,0.22475,0.66667,0.35,0.65,0.51,0.48,0.18,False,0.075,False,0.055,False,0.52,8.0,Data obfuscation: coarsened location; privacy exposure -0.14; Encryption: encrypted payloads; latency +8 ms; energy +0.045 mJ
EXP_20260513_180105_90f400,1,23,23.0,19,nurse,101.76,37.43,94.657,1.798,Surgery-zone,0.617,none,False,0.311,False,none,0.65,53.991,14.599,68.59,False,0.22475,0.66667,0.35,0.65,0.51,0.48,0.18,False,0.075,False,0.055,False,0.52,8.0,Data obfuscation: coarsened location; privacy exposure -0.14; Encryption: encrypted payloads; latency +8 ms; energy +0.045 mJ
EXP_20260513_180105_90f400,1,23,23.0,20,technician,96.991,37.04,94.313,1.078,Surgery-zone,0.203,none,False,0.2152,False,none,0.65,67.486,14.549,82.035,False,0.22475,0.66667,0.35,0.65,0.51,0.48,0.18,False,0.075,False,0.055,False,0.52,8.0,Data obfuscation: coarsened location; privacy exposure -0.14; Encryption: encrypted payloads; latency +8 ms; energy +0.045 mJ
EXP_20260513_180105_90f400,1,24,24.0,1,nurse,83.347,37.171,96.805,0.844,Pharmacy-zone,0.238,none,False,0.08,False,none,0.65,49.313,13.892,63.206,False,0.22475,0.66667,0.35,0.65,0.51,0.48,0.18,False,0.075,False,0.055,False,0.52,8.0,Data obfuscation: coarsened location; privacy exposure -0.14; Encryption: encrypted payloads; latency +8 ms; energy +0.045 mJ
EXP_20260513_180105_90f400,1,24,24.0,2,porter,111.731,37.11,96.043,2.433,Pharmacy-zone,0.898,none,False,0.2775,False,none,0.65,70.678,15.836,86.514,False,0.22475,0.66667,0.35,0.65,0.51,0.48,0.18,False,0.075,False,0.055,False,0.52,8.0,Data obfuscation: coarsened location; privacy exposure -0.14; Encryption: encrypted payloads; latency +8 ms; energy +0.045 mJ
EXP_20260513_180105_90f400,1,24,24.0,3,technician,99.611,37.367,94.292,1.502,Ward-A-zone,0.712,none,False,0.2273,False,none,0.65,68.155,17.872,86.027,False,0.22475,0.66667,0.35,0.65,0.51,0.48,0.18,False,0.075,False,0.055,False,0.52,8.0,Data obfuscation: coarsened location; privacy exposure -0.14; Encryption: encrypted payloads; latency +8 ms; energy +0.045 mJ
EXP_20260513_180105_90f400,1,24,24.0,4,porter,105.61,37.069,94.97,0.497,Surgery-zone,0.354,none,False,0.2432,False,none,0.65,49.913,14.103,64.016,False,0.22475,0.66667,0.35,0.65,0.51,0.48,0.18,False,0.075,False,0.055,False,0.52,8.0,Data obfuscation: coarsened location; privacy exposure -0.14; Encryption: encrypted payloads; latency +8 ms; energy +0.045 mJ
EXP_20260513_180105_90f400,1,24,24.0,5,technician,93.034,37.525,95.566,1.525,Emergency-zone,0.27,none,False,0.2271,False,none,0.65,52.08,14.02,66.1,False,0.22475,0.66667,0.35,0.65,0.51,0.48,0.18,False,0.075,False,0.055,False,0.52,8.0,Data obfuscation: coarsened location; privacy exposure -0.14; Encryption: encrypted payloads; latency +8 ms; energy +0.045 mJ
EXP_20260513_180105_90f400,1,24,24.0,6,porter,104.72,37.084,94.344,1.46,Emergency-zone,0.612,none,False,0.277,False,none,0.65,50.769,16.918,67.687,False,0.22475,0.66667,0.35,0.65,0.51,0.48,0.18,False,0.075,False,0.055,False,0.52,8.0,Data obfuscation: coarsened location; privacy exposure -0.14; Encryption: encrypted payloads; latency +8 ms; energy +0.045 mJ
EXP_20260513_180105_90f400,1,24,24.0,7,porter,102.768,38.186,95.032,2.317,Radiology-zone,0.712,none,False,0.344,False,none,0.65,63.063,15.495,78.558,False,0.22475,0.66667,0.35,0.65,0.51,0.48,0.18,False,0.075,True,0.055,True,0.52,8.0,Data obfuscation: coarsened location; privacy exposure -0.14; Encryption: encrypted payloads; latency +8 ms; energy +0.045 mJ
EXP_20260513_180105_90f400,1,24,24.0,8,porter,107.998,37.184,95.939,1.566,Emergency-zone,0.753,none,False,0.2761,False,none,0.65,65.542,14.765,80.307,False,0.22475,0.66667,0.35,0.65,0.51,0.48,0.18,False,0.075,False,0.055,False,0.52,8.0,Data obfuscation: coarsened location; privacy exposure -0.14; Encryption: encrypted payloads; latency +8 ms; energy +0.045 mJ
EXP_20260513_180105_90f400,1,24,24.0,9,technician,92.273,37.108,97.247,1.097,Ward-A-zone,0.344,none,False,0.1073,False,none,0.65,45.34,15.762,61.103,False,0.22475,0.66667,0.35,0.65,0.51,0.48,0.18,False,0.075,False,0.055,False,0.52,8.0,Data obfuscation: coarsened location; privacy exposure -0.14; Encryption: encrypted payloads; latency +8 ms; energy +0.045 mJ
EXP_20260513_180105_90f400,1,24,24.0,10,nurse,104.043,37.288,96.547,1.085,Pharmacy-zone,0.71,none,False,0.1896,False,none,0.65,61.778,15.042,76.821,False,0.22475,0.66667,0.35,0.65,0.51,0.48,0.18,False,0.075,False,0.055,False,0.52,8.0,Data obfuscation: coarsened location; privacy exposure -0.14; Encryption: encrypted payloads; latency +8 ms; energy +0.045 mJ
EXP_20260513_180105_90f400,1,24,24.0,11,cleaning_staff,93.371,36.743,94.603,1.375,Laboratory-zone,0.357,none,False,0.1352,False,none,0.65,63.653,16.683,80.335,False,0.22475,0.66667,0.35,0.65,0.51,0.48,0.18,False,0.075,False,0.055,False,0.52,8.0,Data obfuscation: coarsened location; privacy exposure -0.14; Encryption: encrypted payloads; latency +8 ms; energy +0.045 mJ
EXP_20260513_180105_90f400,1,24,24.0,12,technician,93.196,37.122,96.057,1.155,Ward-A-zone,0.392,none,False,0.115,False,none,0.65,59.43,14.878,74.308,False,0.22475,0.66667,0.35,0.65,0.51,0.48,0.18,False,0.075,False,0.055,False,0.52,8.0,Data obfuscation: coarsened location; privacy exposure -0.14; Encryption: encrypted payloads; latency +8 ms; energy +0.045 mJ
EXP_20260513_180105_90f400,1,24,24.0,13,physician,102.059,36.92,96.274,1.823,ICU-zone,0.745,none,False,0.2526,False,none,0.65,53.805,17.608,71.413,False,0.22475,0.66667,0.35,0.65,0.51,0.48,0.18,False,0.075,False,0.055,False,0.52,8.0,Data obfuscation: coarsened location; privacy exposure -0.14; Encryption: encrypted payloads; latency +8 ms; energy +0.045 mJ
EXP_20260513_180105_90f400,1,24,24.0,14,technician,100.079,36.973,95.376,1.677,Laboratory-zone,0.512,none,False,0.1683,False,none,0.65,44.488,17.682,62.171,False,0.22475,0.66667,0.35,0.65,0.51,0.48,0.18,False,0.075,False,0.055,False,0.52,8.0,Data obfuscation: coarsened location; privacy exposure -0.14; Encryption: encrypted payloads; latency +8 ms; energy +0.045 mJ
EXP_20260513_180105_90f400,1,24,24.0,15,physician,94.631,37.351,94.13,0.91,ICU-zone,0.395,none,False,0.2516,False,none,0.65,56.79,17.565,74.355,False,0.22475,0.66667,0.35,0.65,0.51,0.48,0.18,False,0.075,False,0.055,False,0.52,8.0,Data obfuscation: coarsened location; privacy exposure -0.14; Encryption: encrypted payloads; latency +8 ms; energy +0.045 mJ
EXP_20260513_180105_90f400,1,24,24.0,16,physician,98.856,37.19,94.44,2.219,Radiology-zone,0.694,none,False,0.2486,False,none,0.65,60.67,18.246,78.916,False,0.22475,0.66667,0.35,0.65,0.51,0.48,0.18,False,0.075,False,0.055,False,0.52,8.0,Data obfuscation: coarsened location; privacy exposure -0.14; Encryption: encrypted payloads; latency +8 ms; energy +0.045 mJ
EXP_20260513_180105_90f400,1,24,24.0,17,porter,101.427,36.983,94.175,2.035,Surgery-zone,0.618,none,False,0.2977,False,none,0.65,67.101,11.066,78.167,False,0.22475,0.66667,0.35,0.65,0.51,0.48,0.18,False,0.075,False,0.055,False,0.52,8.0,Data obfuscation: coarsened location; privacy exposure -0.14; Encryption: encrypted payloads; latency +8 ms; energy +0.045 mJ
EXP_20260513_180105_90f400,1,24,24.0,18,physician,113.055,37.148,94.469,2.183,Radiology-zone,0.646,none,False,0.289,False,none,0.65,46.997,13.474,60.471,False,0.22475,0.66667,0.35,0.65,0.51,0.48,0.18,False,0.075,False,0.055,False,0.52,8.0,Data obfuscation: coarsened location; privacy exposure -0.14; Encryption: encrypted payloads; latency +8 ms; energy +0.045 mJ
EXP_20260513_180105_90f400,1,24,24.0,19,nurse,95.886,37.387,94.773,1.265,Surgery-zone,0.372,none,False,0.2427,False,none,0.65,56.309,13.362,69.67,False,0.22475,0.66667,0.35,0.65,0.51,0.48,0.18,False,0.075,False,0.055,False,0.52,8.0,Data obfuscation: coarsened location; privacy exposure -0.14; Encryption: encrypted payloads; latency +8 ms; energy +0.045 mJ
EXP_20260513_180105_90f400,1,24,24.0,20,technician,98.077,36.993,94.099,1.229,Surgery-zone,0.276,none,False,0.2255,False,none,0.65,50.846,13.477,64.323,False,0.22475,0.66667,0.35,0.65,0.51,0.48,0.18,False,0.075,False,0.055,False,0.52,8.0,Data obfuscation: coarsened location; privacy exposure -0.14; Encryption: encrypted payloads; latency +8 ms; energy +0.045 mJ
EXP_20260513_180105_90f400,1,25,25.0,1,nurse,83.883,37.189,96.968,0.663,Pharmacy-zone,0.257,none,False,0.0828,False,none,0.65,56.035,14.275,70.31,False,0.22475,0.66667,0.35,0.65,0.51,0.48,0.18,False,0.075,False,0.055,False,0.52,8.0,Data obfuscation: coarsened location; privacy exposure -0.14; Encryption: encrypted payloads; latency +8 ms; energy +0.045 mJ
EXP_20260513_180105_90f400,1,25,25.0,2,porter,108.994,37.487,94.324,1.245,Pharmacy-zone,0.464,high_fatigue,True,0.2475,False,none,0.65,64.902,15.082,79.984,False,0.22475,0.66667,0.35,0.65,0.51,0.48,0.18,False,0.075,False,0.055,False,0.52,8.0,Data obfuscation: coarsened location; privacy exposure -0.14; Encryption: encrypted payloads; latency +8 ms; energy +0.045 mJ
EXP_20260513_180105_90f400,1,25,25.0,3,technician,103.012,37.394,94.532,1.822,Ward-A-zone,0.795,none,False,0.2616,False,none,0.65,41.254,14.854,56.108,False,0.22475,0.66667,0.35,0.65,0.51,0.48,0.18,False,0.075,False,0.055,False,0.52,8.0,Data obfuscation: coarsened location; privacy exposure -0.14; Encryption: encrypted payloads; latency +8 ms; energy +0.045 mJ
EXP_20260513_180105_90f400,1,25,25.0,4,porter,107.176,37.158,95.068,1.408,Surgery-zone,0.404,none,False,0.2582,False,none,0.65,55.015,14.068,69.084,False,0.22475,0.66667,0.35,0.65,0.51,0.48,0.18,False,0.075,False,0.055,False,0.52,8.0,Data obfuscation: coarsened location; privacy exposure -0.14; Encryption: encrypted payloads; latency +8 ms; energy +0.045 mJ
EXP_20260513_180105_90f400,1,25,25.0,5,technician,94.76,38.29,95.121,0.0,Emergency-zone,0.6,none,False,0.3258,False,none,0.65,54.619,13.414,68.033,False,0.22475,0.66667,0.35,0.65,0.51,0.48,0.18,False,0.075,False,0.055,True,0.52,8.0,Data obfuscation: coarsened location; privacy exposure -0.14; Encryption: encrypted payloads; latency +8 ms; energy +0.045 mJ
EXP_20260513_180105_90f400,1,25,25.0,6,porter,109.643,37.17,94.066,1.481,Emergency-zone,0.767,none,False,0.3203,False,none,0.65,58.738,16.863,75.601,False,0.22475,0.66667,0.35,0.65,0.51,0.48,0.18,False,0.075,False,0.055,False,0.52,8.0,Data obfuscation: coarsened location; privacy exposure -0.14; Encryption: encrypted payloads; latency +8 ms; energy +0.045 mJ
EXP_20260513_180105_90f400,1,25,25.0,7,porter,106.532,37.06,95.672,1.498,Radiology-zone,0.555,none,False,0.1814,False,none,0.65,57.189,12.511,69.699,False,0.22475,0.66667,0.35,0.65,0.51,0.48,0.18,False,0.075,False,0.055,False,0.52,8.0,Data obfuscation: coarsened location; privacy exposure -0.14; Encryption: encrypted payloads; latency +8 ms; energy +0.045 mJ
EXP_20260513_180105_90f400,1,25,25.0,8,porter,101.723,37.05,96.127,1.503,Emergency-zone,0.495,none,False,0.2193,False,none,0.65,52.568,14.838,67.405,False,0.22475,0.66667,0.35,0.65,0.51,0.48,0.18,False,0.075,True,0.055,False,0.52,8.0,Data obfuscation: coarsened location; privacy exposure -0.14; Encryption: encrypted payloads; latency +8 ms; energy +0.045 mJ
EXP_20260513_180105_90f400,1,25,25.0,9,technician,88.528,38.441,98.786,1.736,Ward-A-zone,0.371,none,False,0.2347,False,none,0.65,44.66,14.378,59.038,False,0.22475,0.66667,0.35,0.65,0.51,0.48,0.18,False,0.075,True,0.055,True,0.52,8.0,Data obfuscation: coarsened location; privacy exposure -0.14; Encryption: encrypted payloads; latency +8 ms; energy +0.045 mJ
EXP_20260513_180105_90f400,1,25,25.0,10,nurse,102.611,37.28,96.628,1.73,Pharmacy-zone,0.639,none,False,0.1994,False,none,0.65,57.712,15.242,72.954,False,0.22475,0.66667,0.35,0.65,0.51,0.48,0.18,False,0.075,False,0.055,False,0.52,8.0,Data obfuscation: coarsened location; privacy exposure -0.14; Encryption: encrypted payloads; latency +8 ms; energy +0.045 mJ
EXP_20260513_180105_90f400,1,25,25.0,11,cleaning_staff,95.86,36.795,94.545,1.168,Emergency-zone,0.425,none,False,0.0,False,no_assessment_packet_loss,0.65,55.053,0.0,55.053,True,0.22475,0.66667,0.35,0.65,0.51,0.48,0.18,False,0.075,False,0.055,False,0.52,8.0,Data obfuscation: coarsened location; privacy exposure -0.14; Encryption: encrypted payloads; latency +8 ms; energy +0.045 mJ
EXP_20260513_180105_90f400,1,25,25.0,12,technician,98.092,37.205,96.126,1.338,Radiology-zone,0.548,none,False,0.1502,False,none,0.65,57.718,16.22,73.938,False,0.22475,0.66667,0.35,0.65,0.51,0.48,0.18,False,0.075,False,0.055,False,0.52,8.0,Data obfuscation: coarsened location; privacy exposure -0.14; Encryption: encrypted payloads; latency +8 ms; energy +0.045 mJ
EXP_20260513_180105_90f400,1,25,25.0,13,physician,92.927,36.809,96.05,0.953,ICU-zone,0.397,none,False,0.1708,False,none,0.65,54.195,16.278,70.473,False,0.22475,0.66667,0.35,0.65,0.51,0.48,0.18,False,0.075,False,0.055,False,0.52,8.0,Data obfuscation: coarsened location; privacy exposure -0.14; Encryption: encrypted payloads; latency +8 ms; energy +0.045 mJ
EXP_20260513_180105_90f400,1,25,25.0,14,technician,82.931,35.786,94.318,1.093,Radiology-zone,0.544,none,False,0.1249,False,none,0.65,53.299,12.895,66.194,False,0.22475,0.66667,0.35,0.65,0.51,0.48,0.18,False,0.075,False,0.055,True,0.52,8.0,Data obfuscation: coarsened location; privacy exposure -0.14; Encryption: encrypted payloads; latency +8 ms; energy +0.045 mJ
EXP_20260513_180105_90f400,1,25,25.0,15,physician,99.667,37.419,94.012,1.364,ICU-zone,0.56,none,False,0.2895,False,none,0.65,48.203,12.555,60.758,False,0.22475,0.66667,0.35,0.65,0.51,0.48,0.18,False,0.075,False,0.055,False,0.52,8.0,Data obfuscation: coarsened location; privacy exposure -0.14; Encryption: encrypted payloads; latency +8 ms; energy +0.045 mJ
EXP_20260513_180105_90f400,1,25,25.0,16,physician,95.16,37.125,94.759,1.751,Ward-B-zone,0.535,none,False,0.1826,False,none,0.65,59.062,12.175,71.237,False,0.22475,0.66667,0.35,0.65,0.51,0.48,0.18,False,0.075,False,0.055,False,0.52,8.0,Data obfuscation: coarsened location; privacy exposure -0.14; Encryption: encrypted payloads; latency +8 ms; energy +0.045 mJ
EXP_20260513_180105_90f400,1,25,25.0,17,porter,102.673,36.969,94.149,1.362,Emergency-zone,0.672,none,False,0.2672,False,none,0.65,69.095,14.946,84.04,False,0.22475,0.66667,0.35,0.65,0.51,0.48,0.18,False,0.075,False,0.055,False,0.52,8.0,Data obfuscation: coarsened location; privacy exposure -0.14; Encryption: encrypted payloads; latency +8 ms; energy +0.045 mJ
EXP_20260513_180105_90f400,1,25,25.0,18,physician,116.236,37.159,94.392,1.474,Radiology-zone,0.718,none,False,0.2642,False,none,0.65,59.474,15.72,75.194,False,0.22475,0.66667,0.35,0.65,0.51,0.48,0.18,False,0.075,False,0.055,False,0.52,8.0,Data obfuscation: coarsened location; privacy exposure -0.14; Encryption: encrypted payloads; latency +8 ms; energy +0.045 mJ
EXP_20260513_180105_90f400,1,25,25.0,19,nurse,96.082,37.379,94.798,1.843,Surgery-zone,0.364,none,False,0.2688,False,none,0.65,56.042,17.88,73.922,False,0.22475,0.66667,0.35,0.65,0.51,0.48,0.18,False,0.075,False,0.055,False,0.52,8.0,Data obfuscation: coarsened location; privacy exposure -0.14; Encryption: encrypted payloads; latency +8 ms; energy +0.045 mJ
EXP_20260513_180105_90f400,1,25,25.0,20,technician,104.131,37.103,94.071,1.891,Surgery-zone,0.493,none,False,0.3016,False,none,0.65,53.901,13.569,67.469,False,0.22475,0.66667,0.35,0.65,0.51,0.48,0.18,False,0.075,False,0.055,False,0.52,8.0,Data obfuscation: coarsened location; privacy exposure -0.14; Encryption: encrypted payloads; latency +8 ms; energy +0.045 mJ
EXP_20260513_180105_90f400,1,26,26.0,1,nurse,80.661,37.147,96.802,0.592,Pharmacy-zone,0.127,none,False,0.0703,False,none,0.65,56.854,18.058,74.913,False,0.22475,0.66667,0.35,0.65,0.51,0.48,0.18,False,0.075,False,0.055,False,0.52,8.0,Data obfuscation: coarsened location; privacy exposure -0.14; Encryption: encrypted payloads; latency +8 ms; energy +0.045 mJ
EXP_20260513_180105_90f400,1,26,26.0,2,porter,107.084,37.043,96.098,1.403,Pharmacy-zone,0.711,none,False,0.1789,False,none,0.65,35.221,17.438,52.659,False,0.22475,0.66667,0.35,0.65,0.51,0.48,0.18,False,0.075,False,0.055,False,0.52,8.0,Data obfuscation: coarsened location; privacy exposure -0.14; Encryption: encrypted payloads; latency +8 ms; energy +0.045 mJ
EXP_20260513_180105_90f400,1,26,26.0,3,technician,102.378,37.416,94.29,1.608,Ward-A-zone,0.789,none,False,0.2533,False,none,0.65,54.446,13.83,68.276,False,0.22475,0.66667,0.35,0.65,0.51,0.48,0.18,False,0.075,False,0.055,False,0.52,8.0,Data obfuscation: coarsened location; privacy exposure -0.14; Encryption: encrypted payloads; latency +8 ms; energy +0.045 mJ
EXP_20260513_180105_90f400,1,26,26.0,4,porter,105.614,37.104,95.105,1.262,Surgery-zone,0.339,none,False,0.2421,False,none,0.65,59.959,10.553,70.512,False,0.22475,0.66667,0.35,0.65,0.51,0.48,0.18,False,0.075,False,0.055,False,0.52,8.0,Data obfuscation: coarsened location; privacy exposure -0.14; Encryption: encrypted payloads; latency +8 ms; energy +0.045 mJ
EXP_20260513_180105_90f400,1,26,26.0,5,technician,94.221,37.959,99.962,1.448,Emergency-zone,0.482,none,False,0.269,False,none,0.65,52.449,14.958,67.407,False,0.22475,0.66667,0.35,0.65,0.51,0.48,0.18,False,0.075,False,0.055,True,0.52,8.0,Data obfuscation: coarsened location; privacy exposure -0.14; Encryption: encrypted payloads; latency +8 ms; energy +0.045 mJ
EXP_20260513_180105_90f400,1,26,26.0,6,porter,108.758,37.137,94.124,1.126,Emergency-zone,0.74,none,False,0.3061,False,none,0.65,53.648,13.932,67.58,False,0.22475,0.66667,0.35,0.65,0.51,0.48,0.18,False,0.075,True,0.055,False,0.52,8.0,Data obfuscation: coarsened location; privacy exposure -0.14; Encryption: encrypted payloads; latency +8 ms; energy +0.045 mJ
EXP_20260513_180105_90f400,1,26,26.0,7,porter,106.839,37.027,95.55,1.585,Radiology-zone,0.552,none,False,0.0,False,no_assessment_packet_loss,0.65,49.739,0.0,49.739,True,0.22475,0.66667,0.35,0.65,0.51,0.48,0.18,False,0.075,False,0.055,False,0.52,8.0,Data obfuscation: coarsened location; privacy exposure -0.14; Encryption: encrypted payloads; latency +8 ms; energy +0.045 mJ
EXP_20260513_180105_90f400,1,26,26.0,8,porter,107.763,37.177,95.965,1.982,Emergency-zone,0.732,none,False,0.2983,False,none,0.65,78.136,9.262,87.398,False,0.22475,0.66667,0.35,0.65,0.51,0.48,0.18,False,0.075,False,0.055,False,0.52,8.0,Data obfuscation: coarsened location; privacy exposure -0.14; Encryption: encrypted payloads; latency +8 ms; energy +0.045 mJ
EXP_20260513_180105_90f400,1,26,26.0,9,technician,97.436,37.177,96.568,0.936,Ward-A-zone,0.491,none,False,0.1416,False,none,0.65,49.681,14.502,64.183,False,0.22475,0.66667,0.35,0.65,0.51,0.48,0.18,False,0.075,False,0.055,False,0.52,8.0,Data obfuscation: coarsened location; privacy exposure -0.14; Encryption: encrypted payloads; latency +8 ms; energy +0.045 mJ
EXP_20260513_180105_90f400,1,26,26.0,10,nurse,103.939,37.326,96.286,1.672,Pharmacy-zone,0.717,none,False,0.2098,False,none,0.65,66.509,10.427,76.937,False,0.22475,0.66667,0.35,0.65,0.51,0.48,0.18,False,0.075,False,0.055,False,0.52,8.0,Data obfuscation: coarsened location; privacy exposure -0.14; Encryption: encrypted payloads; latency +8 ms; energy +0.045 mJ
EXP_20260513_180105_90f400,1,26,26.0,11,cleaning_staff,95.59,36.759,94.458,0.909,Emergency-zone,0.398,none,False,0.2165,False,none,0.65,54.824,17.067,71.891,False,0.22475,0.66667,0.35,0.65,0.51,0.48,0.18,False,0.075,False,0.055,False,0.52,8.0,Data obfuscation: coarsened location; privacy exposure -0.14; Encryption: encrypted payloads; latency +8 ms; energy +0.045 mJ
EXP_20260513_180105_90f400,1,26,26.0,12,technician,102.468,37.109,94.305,3.067,Surgery-zone,0.303,fall,True,0.3506,False,none,0.65,64.094,15.69,79.785,False,0.22475,0.66667,0.35,0.65,0.51,0.48,0.18,False,0.075,False,0.055,False,0.52,8.0,Data obfuscation: coarsened location; privacy exposure -0.14; Encryption: encrypted payloads; latency +8 ms; energy +0.045 mJ
EXP_20260513_180105_90f400,1,26,26.0,13,physician,105.091,37.103,94.226,1.465,ICU-zone,0.439,high_fatigue,True,0.2715,False,none,0.65,51.108,8.767,59.876,False,0.22475,0.66667,0.35,0.65,0.51,0.48,0.18,False,0.075,False,0.055,False,0.52,8.0,Data obfuscation: coarsened location; privacy exposure -0.14; Encryption: encrypted payloads; latency +8 ms; energy +0.045 mJ
EXP_20260513_180105_90f400,1,26,26.0,14,technician,102.28,37.016,95.48,1.536,Radiology-zone,0.576,none,False,0.1708,False,none,0.65,45.607,14.259,59.866,False,0.22475,0.66667,0.35,0.65,0.51,0.48,0.18,False,0.075,False,0.055,False,0.52,8.0,Data obfuscation: coarsened location; privacy exposure -0.14; Encryption: encrypted payloads; latency +8 ms; energy +0.045 mJ
EXP_20260513_180105_90f400,1,26,26.0,15,physician,116.872,38.691,93.555,0.516,ICU-zone,0.42,heat_stress,True,0.4645,False,none,0.65,49.515,15.117,64.632,False,0.22475,0.66667,0.35,0.65,0.51,0.48,0.18,False,0.075,False,0.055,False,0.52,8.0,Data obfuscation: coarsened location; privacy exposure -0.14; Encryption: encrypted payloads; latency +8 ms; energy +0.045 mJ
EXP_20260513_180105_90f400,1,26,26.0,16,physician,93.003,37.117,94.355,1.473,Radiology-zone,0.473,none,False,0.1624,False,none,0.65,59.149,13.88,73.03,False,0.22475,0.66667,0.35,0.65,0.51,0.48,0.18,False,0.075,False,0.055,False,0.52,8.0,Data obfuscation: coarsened location; privacy exposure -0.14; Encryption: encrypted payloads; latency +8 ms; energy +0.045 mJ
EXP_20260513_180105_90f400,1,26,26.0,17,porter,102.321,36.963,94.067,2.128,Ward-B-zone,0.634,none,False,0.2431,False,none,0.65,80.634,12.85,93.484,False,0.22475,0.66667,0.35,0.65,0.51,0.48,0.18,False,0.075,False,0.055,False,0.52,8.0,Data obfuscation: coarsened location; privacy exposure -0.14; Encryption: encrypted payloads; latency +8 ms; energy +0.045 mJ
EXP_20260513_180105_90f400,1,26,26.0,18,physician,111.138,37.135,94.544,1.136,Radiology-zone,0.534,none,False,0.2235,False,none,0.65,57.906,16.306,74.212,False,0.22475,0.66667,0.35,0.65,0.51,0.48,0.18,False,0.075,False,0.055,False,0.52,8.0,Data obfuscation: coarsened location; privacy exposure -0.14; Encryption: encrypted payloads; latency +8 ms; energy +0.045 mJ
EXP_20260513_180105_90f400,1,26,26.0,19,nurse,97.525,37.431,94.647,1.692,Surgery-zone,0.408,none,False,0.2758,False,none,0.65,52.869,15.332,68.202,False,0.22475,0.66667,0.35,0.65,0.51,0.48,0.18,False,0.075,False,0.055,False,0.52,8.0,Data obfuscation: coarsened location; privacy exposure -0.14; Encryption: encrypted payloads; latency +8 ms; energy +0.045 mJ
EXP_20260513_180105_90f400,1,26,26.0,20,technician,103.277,37.077,94.1,0.297,Surgery-zone,0.434,none,False,0.2613,False,none,0.65,55.521,16.68,72.2,False,0.22475,0.66667,0.35,0.65,0.51,0.48,0.18,False,0.075,False,0.055,False,0.52,8.0,Data obfuscation: coarsened location; privacy exposure -0.14; Encryption: encrypted payloads; latency +8 ms; energy +0.045 mJ
EXP_20260513_180105_90f400,1,27,27.0,1,nurse,78.766,37.144,96.751,1.031,Pharmacy-zone,0.05,none,False,0.0649,False,none,0.65,48.044,14.71,62.754,False,0.22475,0.66667,0.35,0.65,0.51,0.48,0.18,False,0.075,False,0.055,False,0.52,8.0,Data obfuscation: coarsened location; privacy exposure -0.14; Encryption: encrypted payloads; latency +8 ms; energy +0.045 mJ
EXP_20260513_180105_90f400,1,27,27.0,2,porter,106.595,37.091,96.138,1.148,Pharmacy-zone,0.688,none,False,0.1797,False,none,0.65,51.363,18.496,69.858,False,0.22475,0.66667,0.35,0.65,0.51,0.48,0.18,False,0.075,False,0.055,False,0.52,8.0,Data obfuscation: coarsened location; privacy exposure -0.14; Encryption: encrypted payloads; latency +8 ms; energy +0.045 mJ
EXP_20260513_180105_90f400,1,27,27.0,3,technician,101.237,37.357,94.103,1.419,Ward-A-zone,0.698,none,False,0.2306,False,none,0.65,62.357,14.267,76.624,False,0.22475,0.66667,0.35,0.65,0.51,0.48,0.18,False,0.075,False,0.055,False,0.52,8.0,Data obfuscation: coarsened location; privacy exposure -0.14; Encryption: encrypted payloads; latency +8 ms; energy +0.045 mJ
EXP_20260513_180105_90f400,1,27,27.0,4,porter,110.662,37.179,94.721,1.041,Surgery-zone,0.526,none,False,0.2882,False,none,0.65,40.944,14.713,55.657,False,0.22475,0.66667,0.35,0.65,0.51,0.48,0.18,False,0.075,False,0.055,False,0.52,8.0,Data obfuscation: coarsened location; privacy exposure -0.14; Encryption: encrypted payloads; latency +8 ms; energy +0.045 mJ
EXP_20260513_180105_90f400,1,27,27.0,5,technician,101.356,37.619,95.452,1.175,Emergency-zone,0.537,none,False,0.2778,False,none,0.65,59.346,14.52,73.865,False,0.22475,0.66667,0.35,0.65,0.51,0.48,0.18,False,0.075,False,0.055,False,0.52,8.0,Data obfuscation: coarsened location; privacy exposure -0.14; Encryption: encrypted payloads; latency +8 ms; energy +0.045 mJ
EXP_20260513_180105_90f400,1,27,27.0,6,porter,98.122,36.997,94.483,0.481,ICU-zone,0.307,none,False,0.2187,False,none,0.65,55.969,13.557,69.526,False,0.22475,0.66667,0.35,0.65,0.51,0.48,0.18,False,0.075,False,0.055,False,0.52,8.0,Data obfuscation: coarsened location; privacy exposure -0.14; Encryption: encrypted payloads; latency +8 ms; energy +0.045 mJ
EXP_20260513_180105_90f400,1,27,27.0,7,porter,105.941,37.039,95.66,1.738,Radiology-zone,0.506,none,False,0.0,False,no_assessment_packet_loss,0.65,63.989,0.0,63.989,True,0.22475,0.66667,0.35,0.65,0.51,0.48,0.18,False,0.075,False,0.055,False,0.52,8.0,Data obfuscation: coarsened location; privacy exposure -0.14; Encryption: encrypted payloads; latency +8 ms; energy +0.045 mJ
EXP_20260513_180105_90f400,1,27,27.0,8,porter,102.246,37.096,95.939,1.235,Radiology-zone,0.51,none,False,0.1541,False,none,0.65,40.785,15.807,56.592,False,0.22475,0.66667,0.35,0.65,0.51,0.48,0.18,False,0.075,False,0.055,False,0.52,8.0,Data obfuscation: coarsened location; privacy exposure -0.14; Encryption: encrypted payloads; latency +8 ms; energy +0.045 mJ
EXP_20260513_180105_90f400,1,27,27.0,9,technician,93.01,37.08,96.922,1.126,Ward-A-zone,0.3,none,False,0.1044,False,none,0.65,50.833,13.778,64.611,False,0.22475,0.66667,0.35,0.65,0.51,0.48,0.18,False,0.075,False,0.055,False,0.52,8.0,Data obfuscation: coarsened location; privacy exposure -0.14; Encryption: encrypted payloads; latency +8 ms; energy +0.045 mJ
EXP_20260513_180105_90f400,1,27,27.0,10,nurse,96.766,37.207,96.667,1.028,Pharmacy-zone,0.402,none,False,0.1359,False,none,0.65,51.19,13.354,64.544,False,0.22475,0.66667,0.35,0.65,0.51,0.48,0.18,False,0.075,False,0.055,False,0.52,8.0,Data obfuscation: coarsened location; privacy exposure -0.14; Encryption: encrypted payloads; latency +8 ms; energy +0.045 mJ
EXP_20260513_180105_90f400,1,27,27.0,11,cleaning_staff,99.105,36.806,94.248,1.754,Emergency-zone,0.541,none,False,0.2654,False,none,0.65,39.171,17.779,56.95,False,0.22475,0.66667,0.35,0.65,0.51,0.48,0.18,False,0.075,False,0.055,False,0.52,8.0,Data obfuscation: coarsened location; privacy exposure -0.14; Encryption: encrypted payloads; latency +8 ms; energy +0.045 mJ
EXP_20260513_180105_90f400,1,27,27.0,12,technician,93.315,37.126,96.092,1.045,Radiology-zone,0.364,none,False,0.0,False,no_assessment_packet_loss,0.65,52.208,0.0,52.208,True,0.22475,0.66667,0.35,0.65,0.51,0.48,0.18,False,0.075,False,0.055,False,0.52,8.0,Data obfuscation: coarsened location; privacy exposure -0.14; Encryption: encrypted payloads; latency +8 ms; energy +0.045 mJ
EXP_20260513_180105_90f400,1,27,27.0,13,physician,88.018,36.726,96.342,1.077,ICU-zone,0.22,none,False,0.1415,False,none,0.65,46.343,15.172,61.515,False,0.22475,0.66667,0.35,0.65,0.51,0.48,0.18,False,0.075,False,0.055,False,0.52,8.0,Data obfuscation: coarsened location; privacy exposure -0.14; Encryption: encrypted payloads; latency +8 ms; energy +0.045 mJ
EXP_20260513_180105_90f400,1,27,27.0,14,technician,100.749,37.02,95.544,1.443,Radiology-zone,0.534,none,False,0.1557,False,none,0.65,48.075,14.724,62.799,False,0.22475,0.66667,0.35,0.65,0.51,0.48,0.18,False,0.075,False,0.055,False,0.52,8.0,Data obfuscation: coarsened location; privacy exposure -0.14; Encryption: encrypted payloads; latency +8 ms; energy +0.045 mJ
EXP_20260513_180105_90f400,1,27,27.0,15,physician,97.83,37.601,93.428,0.964,ICU-zone,0.309,none,False,0.2958,False,none,0.65,54.964,14.671,69.634,False,0.22475,0.66667,0.35,0.65,0.51,0.48,0.18,False,0.075,False,0.055,True,0.52,8.0,Data obfuscation: coarsened location; privacy exposure -0.14; Encryption: encrypted payloads; latency +8 ms; energy +0.045 mJ
EXP_20260513_180105_90f400,1,27,27.0,16,physician,90.117,37.085,94.541,1.841,Radiology-zone,0.355,none,False,0.1598,False,none,0.65,54.415,13.646,68.061,False,0.22475,0.66667,0.35,0.65,0.51,0.48,0.18,False,0.075,False,0.055,False,0.52,8.0,Data obfuscation: coarsened location; privacy exposure -0.14; Encryption: encrypted payloads; latency +8 ms; energy +0.045 mJ
EXP_20260513_180105_90f400,1,27,27.0,17,porter,103.486,36.97,94.287,1.203,Surgery-zone,0.638,none,False,0.2646,False,none,0.65,44.686,15.584,60.27,False,0.22475,0.66667,0.35,0.65,0.51,0.48,0.18,False,0.075,False,0.055,False,0.52,8.0,Data obfuscation: coarsened location; privacy exposure -0.14; Encryption: encrypted payloads; latency +8 ms; energy +0.045 mJ
EXP_20260513_180105_90f400,1,27,27.0,18,physician,116.075,38.394,90.787,1.621,Radiology-zone,0.628,none,False,0.4607,False,none,0.65,47.41,16.792,64.201,False,0.22475,0.66667,0.35,0.65,0.51,0.48,0.18,False,0.075,False,0.055,True,0.52,8.0,Data obfuscation: coarsened location; privacy exposure -0.14; Encryption: encrypted payloads; latency +8 ms; energy +0.045 mJ
EXP_20260513_180105_90f400,1,27,27.0,19,nurse,98.015,37.481,94.823,1.587,Surgery-zone,0.412,none,False,0.2716,False,none,0.65,65.233,15.348,80.581,False,0.22475,0.66667,0.35,0.65,0.51,0.48,0.18,False,0.075,False,0.055,False,0.52,8.0,Data obfuscation: coarsened location; privacy exposure -0.14; Encryption: encrypted payloads; latency +8 ms; energy +0.045 mJ
EXP_20260513_180105_90f400,1,27,27.0,20,technician,101.352,37.052,94.181,0.306,Surgery-zone,0.369,none,False,0.2461,False,none,0.65,43.721,19.036,62.758,False,0.22475,0.66667,0.35,0.65,0.51,0.48,0.18,False,0.075,False,0.055,False,0.52,8.0,Data obfuscation: coarsened location; privacy exposure -0.14; Encryption: encrypted payloads; latency +8 ms; energy +0.045 mJ
EXP_20260513_180105_90f400,1,28,28.0,1,nurse,81.901,37.171,96.77,0.579,Pharmacy-zone,0.152,none,False,0.0742,False,none,0.65,47.371,14.703,62.074,False,0.22475,0.66667,0.35,0.65,0.51,0.48,0.18,False,0.075,False,0.055,False,0.52,8.0,Data obfuscation: coarsened location; privacy exposure -0.14; Encryption: encrypted payloads; latency +8 ms; energy +0.045 mJ
EXP_20260513_180105_90f400,1,28,28.0,2,porter,104.556,37.069,96.105,1.739,Pharmacy-zone,0.596,none,False,0.1851,False,none,0.65,61.398,16.318,77.716,False,0.22475,0.66667,0.35,0.65,0.51,0.48,0.18,False,0.075,False,0.055,False,0.52,8.0,Data obfuscation: coarsened location; privacy exposure -0.14; Encryption: encrypted payloads; latency +8 ms; energy +0.045 mJ
EXP_20260513_180105_90f400,1,28,28.0,3,technician,104.591,37.391,94.026,1.74,Ward-A-zone,0.81,none,False,0.2747,False,none,0.65,44.638,14.026,58.664,False,0.22475,0.66667,0.35,0.65,0.51,0.48,0.18,False,0.075,False,0.055,False,0.52,8.0,Data obfuscation: coarsened location; privacy exposure -0.14; Encryption: encrypted payloads; latency +8 ms; energy +0.045 mJ
EXP_20260513_180105_90f400,1,28,28.0,4,porter,114.355,37.248,94.816,1.352,ICU-zone,0.685,none,False,0.3158,False,none,0.65,64.358,15.95,80.307,False,0.22475,0.66667,0.35,0.65,0.51,0.48,0.18,False,0.075,False,0.055,False,0.52,8.0,Data obfuscation: coarsened location; privacy exposure -0.14; Encryption: encrypted payloads; latency +8 ms; energy +0.045 mJ
EXP_20260513_180105_90f400,1,28,28.0,5,technician,96.29,37.557,95.395,0.121,Emergency-zone,0.322,none,False,0.2412,False,none,0.65,50.321,14.76,65.081,False,0.22475,0.66667,0.35,0.65,0.51,0.48,0.18,False,0.075,False,0.055,False,0.52,8.0,Data obfuscation: coarsened location; privacy exposure -0.14; Encryption: encrypted payloads; latency +8 ms; energy +0.045 mJ
EXP_20260513_180105_90f400,1,28,28.0,6,porter,105.021,37.061,94.251,0.789,Emergency-zone,0.568,none,False,0.2715,False,none,0.65,69.588,13.343,82.931,False,0.22475,0.66667,0.35,0.65,0.51,0.48,0.18,False,0.075,False,0.055,False,0.52,8.0,Data obfuscation: coarsened location; privacy exposure -0.14; Encryption: encrypted payloads; latency +8 ms; energy +0.045 mJ
EXP_20260513_180105_90f400,1,28,28.0,7,porter,105.944,37.072,95.612,1.085,Radiology-zone,0.483,none,False,0.171,False,none,0.65,57.305,14.884,72.189,False,0.22475,0.66667,0.35,0.65,0.51,0.48,0.18,False,0.075,False,0.055,False,0.52,8.0,Data obfuscation: coarsened location; privacy exposure -0.14; Encryption: encrypted payloads; latency +8 ms; energy +0.045 mJ
EXP_20260513_180105_90f400,1,28,28.0,8,porter,111.343,37.218,95.9,1.234,Ward-B-zone,0.817,none,False,0.2188,False,none,0.65,58.378,11.717,70.095,False,0.22475,0.66667,0.35,0.65,0.51,0.48,0.18,False,0.075,False,0.055,False,0.52,8.0,Data obfuscation: coarsened location; privacy exposure -0.14; Encryption: encrypted payloads; latency +8 ms; energy +0.045 mJ
EXP_20260513_180105_90f400,1,28,28.0,9,technician,92.426,37.105,96.873,1.447,Ward-A-zone,0.263,none,False,0.105,False,none,0.65,56.306,17.958,74.263,False,0.22475,0.66667,0.35,0.65,0.51,0.48,0.18,False,0.075,False,0.055,False,0.52,8.0,Data obfuscation: coarsened location; privacy exposure -0.14; Encryption: encrypted payloads; latency +8 ms; energy +0.045 mJ
EXP_20260513_180105_90f400,1,28,28.0,10,nurse,110.389,37.413,96.026,1.652,Pharmacy-zone,0.9,none,False,0.2515,False,none,0.65,58.564,14.62,73.184,False,0.22475,0.66667,0.35,0.65,0.51,0.48,0.18,False,0.075,False,0.055,False,0.52,8.0,Data obfuscation: coarsened location; privacy exposure -0.14; Encryption: encrypted payloads; latency +8 ms; energy +0.045 mJ
EXP_20260513_180105_90f400,1,28,28.0,11,cleaning_staff,99.913,36.703,91.692,0.627,Emergency-zone,0.313,high_fatigue,True,0.291,False,none,0.65,65.591,11.072,76.663,False,0.22475,0.66667,0.35,0.65,0.51,0.48,0.18,False,0.075,False,0.055,True,0.52,8.0,Data obfuscation: coarsened location; privacy exposure -0.14; Encryption: encrypted payloads; latency +8 ms; energy +0.045 mJ
EXP_20260513_180105_90f400,1,28,28.0,12,technician,91.134,37.108,96.378,1.074,Radiology-zone,0.291,none,False,0.0997,False,none,0.65,49.517,13.813,63.331,False,0.22475,0.66667,0.35,0.65,0.51,0.48,0.18,False,0.075,False,0.055,False,0.52,8.0,Data obfuscation: coarsened location; privacy exposure -0.14; Encryption: encrypted payloads; latency +8 ms; energy +0.045 mJ
EXP_20260513_180105_90f400,1,28,28.0,13,physician,97.816,36.852,96.079,1.699,ICU-zone,0.539,none,False,0.2161,False,none,0.65,60.031,14.537,74.568,False,0.22475,0.66667,0.35,0.65,0.51,0.48,0.18,False,0.075,False,0.055,False,0.52,8.0,Data obfuscation: coarsened location; privacy exposure -0.14; Encryption: encrypted payloads; latency +8 ms; energy +0.045 mJ
EXP_20260513_180105_90f400,1,28,28.0,14,technician,101.646,37.025,95.586,1.919,ICU-zone,0.569,none,False,0.2572,False,none,0.65,32.524,15.549,48.073,False,0.22475,0.66667,0.35,0.65,0.51,0.48,0.18,False,0.075,False,0.055,False,0.52,8.0,Data obfuscation: coarsened location; privacy exposure -0.14; Encryption: encrypted payloads; latency +8 ms; energy +0.045 mJ
EXP_20260513_180105_90f400,1,28,28.0,15,physician,99.106,37.442,93.947,1.537,ICU-zone,0.508,none,False,0.2959,False,none,0.65,52.435,17.354,69.789,False,0.22475,0.66667,0.35,0.65,0.51,0.48,0.18,False,0.075,False,0.055,False,0.52,8.0,Data obfuscation: coarsened location; privacy exposure -0.14; Encryption: encrypted payloads; latency +8 ms; energy +0.045 mJ
EXP_20260513_180105_90f400,1,28,28.0,16,physician,95.101,37.115,94.555,1.152,Radiology-zone,0.528,none,False,0.1642,False,none,0.65,61.368,13.063,74.431,False,0.22475,0.66667,0.35,0.65,0.51,0.48,0.18,False,0.075,False,0.055,False,0.52,8.0,Data obfuscation: coarsened location; privacy exposure -0.14; Encryption: encrypted payloads; latency +8 ms; energy +0.045 mJ
EXP_20260513_180105_90f400,1,28,28.0,17,porter,106.752,37.018,94.009,1.872,Surgery-zone,0.733,none,False,0.3198,False,none,0.65,55.175,13.995,69.17,False,0.22475,0.66667,0.35,0.65,0.51,0.48,0.18,False,0.075,False,0.055,False,0.52,8.0,Data obfuscation: coarsened location; privacy exposure -0.14; Encryption: encrypted payloads; latency +8 ms; energy +0.045 mJ
EXP_20260513_180105_90f400,1,28,28.0,18,physician,124.809,37.261,94.103,2.237,Radiology-zone,1.0,none,False,0.3764,False,none,0.65,55.571,12.383,67.955,False,0.22475,0.66667,0.35,0.65,0.51,0.48,0.18,False,0.075,False,0.055,False,0.52,8.0,Data obfuscation: coarsened location; privacy exposure -0.14; Encryption: encrypted payloads; latency +8 ms; energy +0.045 mJ
EXP_20260513_180105_90f400,1,28,28.0,19,nurse,99.287,37.474,94.21,0.576,Surgery-zone,0.429,none,False,0.2795,False,none,0.65,51.574,15.884,67.458,False,0.22475,0.66667,0.35,0.65,0.51,0.48,0.18,False,0.075,False,0.055,False,0.52,8.0,Data obfuscation: coarsened location; privacy exposure -0.14; Encryption: encrypted payloads; latency +8 ms; energy +0.045 mJ
EXP_20260513_180105_90f400,1,28,28.0,20,technician,97.382,37.036,94.071,1.131,Surgery-zone,0.205,none,False,0.2221,False,none,0.65,43.516,13.424,56.941,False,0.22475,0.66667,0.35,0.65,0.51,0.48,0.18,False,0.075,False,0.055,False,0.52,8.0,Data obfuscation: coarsened location; privacy exposure -0.14; Encryption: encrypted payloads; latency +8 ms; energy +0.045 mJ
EXP_20260513_180105_90f400,1,29,29.0,1,nurse,82.216,37.199,96.85,0.364,ICU-zone,0.174,none,False,0.1453,False,none,0.65,67.779,16.76,84.539,False,0.22475,0.66667,0.35,0.65,0.51,0.48,0.18,False,0.075,False,0.055,False,0.52,8.0,Data obfuscation: coarsened location; privacy exposure -0.14; Encryption: encrypted payloads; latency +8 ms; energy +0.045 mJ
EXP_20260513_180105_90f400,1,29,29.0,2,porter,106.775,37.089,96.148,1.542,Pharmacy-zone,0.675,none,False,0.188,False,none,0.65,64.477,11.313,75.791,False,0.22475,0.66667,0.35,0.65,0.51,0.48,0.18,False,0.075,False,0.055,False,0.52,8.0,Data obfuscation: coarsened location; privacy exposure -0.14; Encryption: encrypted payloads; latency +8 ms; energy +0.045 mJ
EXP_20260513_180105_90f400,1,29,29.0,3,technician,102.965,37.447,94.06,1.625,Ward-A-zone,0.769,none,False,0.2631,False,none,0.65,64.318,13.977,78.295,False,0.22475,0.66667,0.35,0.65,0.51,0.48,0.18,False,0.075,False,0.055,False,0.52,8.0,Data obfuscation: coarsened location; privacy exposure -0.14; Encryption: encrypted payloads; latency +8 ms; energy +0.045 mJ
EXP_20260513_180105_90f400,1,29,29.0,4,porter,107.554,37.145,94.82,1.029,Surgery-zone,0.4,none,False,0.2633,False,none,0.65,70.391,15.891,86.283,False,0.22475,0.66667,0.35,0.65,0.51,0.48,0.18,False,0.075,False,0.055,False,0.52,8.0,Data obfuscation: coarsened location; privacy exposure -0.14; Encryption: encrypted payloads; latency +8 ms; energy +0.045 mJ
EXP_20260513_180105_90f400,1,29,29.0,5,technician,95.743,37.586,95.409,1.667,Emergency-zone,0.312,none,False,0.2573,False,none,0.65,60.193,15.127,75.32,False,0.22475,0.66667,0.35,0.65,0.51,0.48,0.18,False,0.075,False,0.055,False,0.52,8.0,Data obfuscation: coarsened location; privacy exposure -0.14; Encryption: encrypted payloads; latency +8 ms; energy +0.045 mJ
EXP_20260513_180105_90f400,1,29,29.0,6,porter,104.91,37.057,94.301,1.358,Emergency-zone,0.543,none,False,0.268,False,none,0.65,46.711,14.801,61.512,False,0.22475,0.66667,0.35,0.65,0.51,0.48,0.18,False,0.075,False,0.055,False,0.52,8.0,Data obfuscation: coarsened location; privacy exposure -0.14; Encryption: encrypted payloads; latency +8 ms; energy +0.045 mJ
EXP_20260513_180105_90f400,1,29,29.0,7,porter,109.816,37.135,95.262,1.12,Emergency-zone,0.642,none,False,0.2764,False,none,0.65,45.669,16.612,62.281,False,0.22475,0.66667,0.35,0.65,0.51,0.48,0.18,False,0.075,False,0.055,False,0.52,8.0,Data obfuscation: coarsened location; privacy exposure -0.14; Encryption: encrypted payloads; latency +8 ms; energy +0.045 mJ
EXP_20260513_180105_90f400,1,29,29.0,8,porter,108.414,37.197,95.941,1.149,Emergency-zone,0.733,none,False,0.2671,False,none,0.65,56.327,15.264,71.591,False,0.22475,0.66667,0.35,0.65,0.51,0.48,0.18,False,0.075,False,0.055,False,0.52,8.0,Data obfuscation: coarsened location; privacy exposure -0.14; Encryption: encrypted payloads; latency +8 ms; energy +0.045 mJ
EXP_20260513_180105_90f400,1,29,29.0,9,technician,96.974,37.188,96.849,0.776,Ward-A-zone,0.418,none,False,0.136,False,none,0.65,46.605,14.466,61.072,False,0.22475,0.66667,0.35,0.65,0.51,0.48,0.18,False,0.075,False,0.055,False,0.52,8.0,Data obfuscation: coarsened location; privacy exposure -0.14; Encryption: encrypted payloads; latency +8 ms; energy +0.045 mJ
EXP_20260513_180105_90f400,1,29,29.0,10,nurse,109.254,37.41,96.053,1.724,Pharmacy-zone,0.85,none,False,0.2483,False,none,0.65,43.267,14.871,58.139,False,0.22475,0.66667,0.35,0.65,0.51,0.48,0.18,False,0.075,False,0.055,False,0.52,8.0,Data obfuscation: coarsened location; privacy exposure -0.14; Encryption: encrypted payloads; latency +8 ms; energy +0.045 mJ
EXP_20260513_180105_90f400,1,29,29.0,11,cleaning_staff,104.651,37.196,93.656,0.663,Emergency-zone,0.545,none,False,0.2946,False,none,0.65,64.748,16.224,80.971,False,0.22475,0.66667,0.35,0.65,0.51,0.48,0.18,False,0.075,False,0.055,True,0.52,8.0,Data obfuscation: coarsened location; privacy exposure -0.14; Encryption: encrypted payloads; latency +8 ms; energy +0.045 mJ
EXP_20260513_180105_90f400,1,29,29.0,12,technician,98.961,37.251,95.99,1.72,Radiology-zone,0.581,none,False,0.1796,False,none,0.65,68.226,13.052,81.278,False,0.22475,0.66667,0.35,0.65,0.51,0.48,0.18,False,0.075,False,0.055,False,0.52,8.0,Data obfuscation: coarsened location; privacy exposure -0.14; Encryption: encrypted payloads; latency +8 ms; energy +0.045 mJ
EXP_20260513_180105_90f400,1,29,29.0,13,physician,122.407,36.836,95.172,4.463,ICU-zone,0.582,fall,True,0.48,False,none,0.65,55.767,13.186,68.953,False,0.22475,0.66667,0.35,0.65,0.51,0.48,0.18,False,0.075,False,0.055,False,0.52,8.0,Data obfuscation: coarsened location; privacy exposure -0.14; Encryption: encrypted payloads; latency +8 ms; energy +0.045 mJ
EXP_20260513_180105_90f400,1,29,29.0,14,technician,101.49,37.077,95.54,1.612,Radiology-zone,0.59,none,False,0.1776,False,none,0.65,40.857,14.327,55.185,False,0.22475,0.66667,0.35,0.65,0.51,0.48,0.18,False,0.075,False,0.055,False,0.52,8.0,Data obfuscation: coarsened location; privacy exposure -0.14; Encryption: encrypted payloads; latency +8 ms; energy +0.045 mJ
EXP_20260513_180105_90f400,1,29,29.0,15,physician,99.984,37.423,94.273,1.099,ICU-zone,0.51,none,False,0.2815,False,none,0.65,55.024,17.806,72.83,False,0.22475,0.66667,0.35,0.65,0.51,0.48,0.18,False,0.075,True,0.055,False,0.52,8.0,Data obfuscation: coarsened location; privacy exposure -0.14; Encryption: encrypted payloads; latency +8 ms; energy +0.045 mJ
EXP_20260513_180105_90f400,1,29,29.0,16,physician,93.814,37.09,94.592,0.81,Radiology-zone,0.485,none,False,0.1537,False,none,0.65,48.95,16.476,65.427,False,0.22475,0.66667,0.35,0.65,0.51,0.48,0.18,False,0.075,False,0.055,False,0.52,8.0,Data obfuscation: coarsened location; privacy exposure -0.14; Encryption: encrypted payloads; latency +8 ms; energy +0.045 mJ
EXP_20260513_180105_90f400,1,29,29.0,17,porter,98.507,36.995,94.486,0.428,Surgery-zone,0.472,none,False,0.2311,False,none,0.65,62.689,13.662,76.351,False,0.22475,0.66667,0.35,0.65,0.51,0.48,0.18,False,0.075,False,0.055,False,0.52,8.0,Data obfuscation: coarsened location; privacy exposure -0.14; Encryption: encrypted payloads; latency +8 ms; energy +0.045 mJ
EXP_20260513_180105_90f400,1,29,29.0,18,physician,91.97,37.084,99.442,0.529,Radiology-zone,0.617,none,False,0.1224,False,none,0.65,63.058,18.647,81.705,False,0.22475,0.66667,0.35,0.65,0.51,0.48,0.18,False,0.075,False,0.055,True,0.52,8.0,Data obfuscation: coarsened location; privacy exposure -0.14; Encryption: encrypted payloads; latency +8 ms; energy +0.045 mJ
EXP_20260513_180105_90f400,1,29,29.0,19,nurse,87.46,38.105,92.947,2.247,Surgery-zone,0.475,none,False,0.3784,False,none,0.65,46.427,15.797,62.224,False,0.22475,0.66667,0.35,0.65,0.51,0.48,0.18,False,0.075,False,0.055,True,0.52,8.0,Data obfuscation: coarsened location; privacy exposure -0.14; Encryption: encrypted payloads; latency +8 ms; energy +0.045 mJ
EXP_20260513_180105_90f400,1,29,29.0,20,technician,102.145,37.098,94.05,1.318,Radiology-zone,0.385,none,False,0.1899,False,none,0.65,62.016,16.111,78.127,False,0.22475,0.66667,0.35,0.65,0.51,0.48,0.18,False,0.075,False,0.055,False,0.52,8.0,Data obfuscation: coarsened location; privacy exposure -0.14; Encryption: encrypted payloads; latency +8 ms; energy +0.045 mJ
EXP_20260513_180105_90f400,1,30,30.0,1,nurse,107.465,38.209,96.995,1.136,Pharmacy-zone,0.311,none,False,0.2565,False,none,0.65,65.243,15.049,80.292,False,0.22475,0.66667,0.35,0.65,0.51,0.48,0.18,False,0.075,False,0.055,True,0.52,8.0,Data obfuscation: coarsened location; privacy exposure -0.14; Encryption: encrypted payloads; latency +8 ms; energy +0.045 mJ
EXP_20260513_180105_90f400,1,30,30.0,2,porter,107.252,37.1,95.914,1.67,Pharmacy-zone,0.669,none,False,0.2001,False,none,0.65,66.391,16.335,82.726,False,0.22475,0.66667,0.35,0.65,0.51,0.48,0.18,False,0.075,False,0.055,False,0.52,8.0,Data obfuscation: coarsened location; privacy exposure -0.14; Encryption: encrypted payloads; latency +8 ms; energy +0.045 mJ
EXP_20260513_180105_90f400,1,30,30.0,3,technician,104.956,37.452,94.102,1.223,Ward-A-zone,0.795,none,False,0.2576,False,none,0.65,53.474,12.568,66.042,False,0.22475,0.66667,0.35,0.65,0.51,0.48,0.18,False,0.075,False,0.055,False,0.52,8.0,Data obfuscation: coarsened location; privacy exposure -0.14; Encryption: encrypted payloads; latency +8 ms; energy +0.045 mJ
EXP_20260513_180105_90f400,1,30,30.0,4,porter,107.749,37.139,95.043,1.258,Surgery-zone,0.423,none,False,0.2598,False,none,0.65,55.826,15.396,71.222,False,0.22475,0.66667,0.35,0.65,0.51,0.48,0.18,False,0.075,False,0.055,False,0.52,8.0,Data obfuscation: coarsened location; privacy exposure -0.14; Encryption: encrypted payloads; latency +8 ms; energy +0.045 mJ
EXP_20260513_180105_90f400,1,30,30.0,5,technician,101.066,37.688,95.101,0.705,Emergency-zone,0.482,none,False,0.0,False,no_assessment_packet_loss,0.65,56.467,0.0,56.467,True,0.22475,0.66667,0.35,0.65,0.51,0.48,0.18,False,0.075,False,0.055,False,0.52,8.0,Data obfuscation: coarsened location; privacy exposure -0.14; Encryption: encrypted payloads; latency +8 ms; energy +0.045 mJ
EXP_20260513_180105_90f400,1,30,30.0,6,porter,107.566,37.099,94.198,1.443,Emergency-zone,0.653,none,False,0.2936,False,none,0.65,52.396,17.776,70.172,False,0.22475,0.66667,0.35,0.65,0.51,0.48,0.18,False,0.075,False,0.055,False,0.52,8.0,Data obfuscation: coarsened location; privacy exposure -0.14; Encryption: encrypted payloads; latency +8 ms; energy +0.045 mJ
EXP_20260513_180105_90f400,1,30,30.0,7,porter,108.666,37.081,95.256,1.48,Radiology-zone,0.575,none,False,0.0,False,no_assessment_packet_loss,0.65,43.944,0.0,43.944,True,0.22475,0.66667,0.35,0.65,0.51,0.48,0.18,False,0.075,True,0.055,False,0.52,8.0,Data obfuscation: coarsened location; privacy exposure -0.14; Encryption: encrypted payloads; latency +8 ms; energy +0.045 mJ
EXP_20260513_180105_90f400,1,30,30.0,8,porter,106.427,37.119,95.673,1.259,Emergency-zone,0.625,none,False,0.2522,False,none,0.65,51.388,17.902,69.29,False,0.22475,0.66667,0.35,0.65,0.51,0.48,0.18,False,0.075,False,0.055,False,0.52,8.0,Data obfuscation: coarsened location; privacy exposure -0.14; Encryption: encrypted payloads; latency +8 ms; energy +0.045 mJ
EXP_20260513_180105_90f400,1,30,30.0,9,technician,97.05,37.197,96.71,2.028,Ward-A-zone,0.388,none,False,0.0,False,no_assessment_packet_loss,0.65,57.251,0.0,57.251,True,0.22475,0.66667,0.35,0.65,0.51,0.48,0.18,False,0.075,False,0.055,False,0.52,8.0,Data obfuscation: coarsened location; privacy exposure -0.14; Encryption: encrypted payloads; latency +8 ms; energy +0.045 mJ
EXP_20260513_180105_90f400,1,30,30.0,10,nurse,109.64,37.386,96.079,1.903,Pharmacy-zone,0.838,none,False,0.2577,False,none,0.65,51.831,15.214,67.045,False,0.22475,0.66667,0.35,0.65,0.51,0.48,0.18,False,0.075,False,0.055,False,0.52,8.0,Data obfuscation: coarsened location; privacy exposure -0.14; Encryption: encrypted payloads; latency +8 ms; energy +0.045 mJ
EXP_20260513_180105_90f400,1,30,30.0,11,cleaning_staff,95.686,36.777,94.366,1.44,Emergency-zone,0.348,none,False,0.2181,False,none,0.65,51.753,15.225,66.978,False,0.22475,0.66667,0.35,0.65,0.51,0.48,0.18,False,0.075,False,0.055,False,0.52,8.0,Data obfuscation: coarsened location; privacy exposure -0.14; Encryption: encrypted payloads; latency +8 ms; energy +0.045 mJ
EXP_20260513_180105_90f400,1,30,30.0,12,technician,94.525,37.151,96.059,1.158,Radiology-zone,0.387,none,False,0.1219,False,none,0.65,47.607,14.863,62.471,False,0.22475,0.66667,0.35,0.65,0.51,0.48,0.18,False,0.075,False,0.055,False,0.52,8.0,Data obfuscation: coarsened location; privacy exposure -0.14; Encryption: encrypted payloads; latency +8 ms; energy +0.045 mJ
EXP_20260513_180105_90f400,1,30,30.0,13,physician,101.202,36.879,95.818,0.898,ICU-zone,0.666,none,False,0.2225,False,none,0.65,60.497,13.294,73.791,False,0.22475,0.66667,0.35,0.65,0.51,0.48,0.18,False,0.075,False,0.055,False,0.52,8.0,Data obfuscation: coarsened location; privacy exposure -0.14; Encryption: encrypted payloads; latency +8 ms; energy +0.045 mJ
EXP_20260513_180105_90f400,1,30,30.0,14,technician,101.313,37.015,95.492,1.306,Radiology-zone,0.545,none,False,0.1565,False,none,0.65,58.914,17.124,76.038,False,0.22475,0.66667,0.35,0.65,0.51,0.48,0.18,False,0.075,False,0.055,False,0.52,8.0,Data obfuscation: coarsened location; privacy exposure -0.14; Encryption: encrypted payloads; latency +8 ms; energy +0.045 mJ
EXP_20260513_180105_90f400,1,30,30.0,15,physician,104.698,37.504,94.143,1.097,ICU-zone,0.698,none,False,0.321,False,none,0.65,52.734,7.742,60.476,False,0.22475,0.66667,0.35,0.65,0.51,0.48,0.18,False,0.075,False,0.055,False,0.52,8.0,Data obfuscation: coarsened location; privacy exposure -0.14; Encryption: encrypted payloads; latency +8 ms; energy +0.045 mJ
EXP_20260513_180105_90f400,1,30,30.0,16,physician,94.987,37.137,94.548,1.624,Radiology-zone,0.491,none,False,0.1772,False,none,0.65,46.222,17.793,64.015,False,0.22475,0.66667,0.35,0.65,0.51,0.48,0.18,False,0.075,False,0.055,False,0.52,8.0,Data obfuscation: coarsened location; privacy exposure -0.14; Encryption: encrypted payloads; latency +8 ms; energy +0.045 mJ
EXP_20260513_180105_90f400,1,30,30.0,17,porter,105.506,37.047,94.162,1.342,Surgery-zone,0.689,none,False,0.2823,False,none,0.65,62.742,15.799,78.541,False,0.22475,0.66667,0.35,0.65,0.51,0.48,0.18,False,0.075,False,0.055,False,0.52,8.0,Data obfuscation: coarsened location; privacy exposure -0.14; Encryption: encrypted payloads; latency +8 ms; energy +0.045 mJ
EXP_20260513_180105_90f400,1,30,30.0,18,physician,114.289,37.162,94.294,1.625,Radiology-zone,0.567,none,False,0.2589,False,none,0.65,46.133,16.071,62.204,False,0.22475,0.66667,0.35,0.65,0.51,0.48,0.18,False,0.075,False,0.055,False,0.52,8.0,Data obfuscation: coarsened location; privacy exposure -0.14; Encryption: encrypted payloads; latency +8 ms; energy +0.045 mJ
EXP_20260513_180105_90f400,1,30,30.0,19,nurse,98.811,37.473,94.538,1.185,Surgery-zone,0.391,none,False,0.2674,False,none,0.65,59.843,14.962,74.805,False,0.22475,0.66667,0.35,0.65,0.51,0.48,0.18,False,0.075,False,0.055,False,0.52,8.0,Data obfuscation: coarsened location; privacy exposure -0.14; Encryption: encrypted payloads; latency +8 ms; energy +0.045 mJ
EXP_20260513_180105_90f400,1,30,30.0,20,technician,105.177,37.062,93.925,1.228,Surgery-zone,0.502,none,False,0.2755,False,none,0.65,61.267,15.265,76.532,False,0.22475,0.66667,0.35,0.65,0.51,0.48,0.18,False,0.075,False,0.055,False,0.52,8.0,Data obfuscation: coarsened location; privacy exposure -0.14; Encryption: encrypted payloads; latency +8 ms; energy +0.045 mJ
EXP_20260513_180105_90f400,1,31,31.0,1,nurse,82.119,37.159,96.716,0.649,Pharmacy-zone,0.131,none,False,0.0717,False,none,0.65,62.191,17.205,79.396,False,0.22475,0.66667,0.35,0.65,0.51,0.48,0.18,False,0.075,False,0.055,False,0.52,8.0,Data obfuscation: coarsened location; privacy exposure -0.14; Encryption: encrypted payloads; latency +8 ms; energy +0.045 mJ
EXP_20260513_180105_90f400,1,31,31.0,2,porter,103.306,37.064,96.033,0.896,Pharmacy-zone,0.523,none,False,0.1545,False,none,0.65,51.879,17.155,69.034,False,0.22475,0.66667,0.35,0.65,0.51,0.48,0.18,False,0.075,False,0.055,False,0.52,8.0,Data obfuscation: coarsened location; privacy exposure -0.14; Encryption: encrypted payloads; latency +8 ms; energy +0.045 mJ
EXP_20260513_180105_90f400,1,31,31.0,3,technician,140.73,37.52,94.03,4.993,Ward-A-zone,0.943,fall,True,0.5748,False,none,0.65,61.318,12.428,73.747,False,0.22475,0.66667,0.35,0.65,0.51,0.48,0.18,False,0.075,False,0.055,True,0.52,8.0,Data obfuscation: coarsened location; privacy exposure -0.14; Encryption: encrypted payloads; latency +8 ms; energy +0.045 mJ
EXP_20260513_180105_90f400,1,31,31.0,4,porter,107.954,37.122,95.031,1.423,Surgery-zone,0.382,none,False,0.258,False,none,0.65,45.287,15.535,60.823,False,0.22475,0.66667,0.35,0.65,0.51,0.48,0.18,False,0.075,False,0.055,False,0.52,8.0,Data obfuscation: coarsened location; privacy exposure -0.14; Encryption: encrypted payloads; latency +8 ms; energy +0.045 mJ
EXP_20260513_180105_90f400,1,31,31.0,5,technician,122.02,37.56,94.458,4.218,Emergency-zone,0.213,fall,True,0.5201,False,none,0.65,67.045,17.613,84.658,False,0.22475,0.66667,0.35,0.65,0.51,0.48,0.18,False,0.075,False,0.055,False,0.52,8.0,Data obfuscation: coarsened location; privacy exposure -0.14; Encryption: encrypted payloads; latency +8 ms; energy +0.045 mJ
EXP_20260513_180105_90f400,1,31,31.0,6,porter,109.55,37.169,94.057,1.677,Emergency-zone,0.719,none,False,0.329,False,none,0.65,42.265,15.4,57.665,False,0.22475,0.66667,0.35,0.65,0.51,0.48,0.18,False,0.075,False,0.055,False,0.52,8.0,Data obfuscation: coarsened location; privacy exposure -0.14; Encryption: encrypted payloads; latency +8 ms; energy +0.045 mJ
EXP_20260513_180105_90f400,1,31,31.0,7,porter,109.072,37.059,95.329,1.553,Radiology-zone,0.563,none,False,0.2024,False,none,0.65,69.192,17.84,87.031,False,0.22475,0.66667,0.35,0.65,0.51,0.48,0.18,False,0.075,False,0.055,False,0.52,8.0,Data obfuscation: coarsened location; privacy exposure -0.14; Encryption: encrypted payloads; latency +8 ms; energy +0.045 mJ
EXP_20260513_180105_90f400,1,31,31.0,8,porter,108.863,37.222,96.011,1.658,Radiology-zone,0.706,none,False,0.2164,False,none,0.65,62.228,18.128,80.357,False,0.22475,0.66667,0.35,0.65,0.51,0.48,0.18,False,0.075,False,0.055,False,0.52,8.0,Data obfuscation: coarsened location; privacy exposure -0.14; Encryption: encrypted payloads; latency +8 ms; energy +0.045 mJ
EXP_20260513_180105_90f400,1,31,31.0,9,technician,106.169,37.516,95.857,1.161,Ward-A-zone,0.363,none,False,0.1972,False,none,0.65,52.108,11.822,63.93,False,0.22475,0.66667,0.35,0.65,0.51,0.48,0.18,False,0.075,False,0.055,True,0.52,8.0,Data obfuscation: coarsened location; privacy exposure -0.14; Encryption: encrypted payloads; latency +8 ms; energy +0.045 mJ
EXP_20260513_180105_90f400,1,31,31.0,10,nurse,102.684,37.279,96.297,1.409,Pharmacy-zone,0.557,none,False,0.1742,False,none,0.65,46.393,15.067,61.46,False,0.22475,0.66667,0.35,0.65,0.51,0.48,0.18,False,0.075,False,0.055,False,0.52,8.0,Data obfuscation: coarsened location; privacy exposure -0.14; Encryption: encrypted payloads; latency +8 ms; energy +0.045 mJ
EXP_20260513_180105_90f400,1,31,31.0,11,cleaning_staff,90.989,36.738,94.373,1.09,Emergency-zone,0.204,none,False,0.1891,False,none,0.65,54.474,17.268,71.741,False,0.22475,0.66667,0.35,0.65,0.51,0.48,0.18,False,0.075,True,0.055,False,0.52,8.0,Data obfuscation: coarsened location; privacy exposure -0.14; Encryption: encrypted payloads; latency +8 ms; energy +0.045 mJ
EXP_20260513_180105_90f400,1,31,31.0,12,technician,94.591,37.135,96.002,0.932,Radiology-zone,0.352,none,False,0.1184,False,none,0.65,46.246,12.508,58.754,False,0.22475,0.66667,0.35,0.65,0.51,0.48,0.18,False,0.075,False,0.055,False,0.52,8.0,Data obfuscation: coarsened location; privacy exposure -0.14; Encryption: encrypted payloads; latency +8 ms; energy +0.045 mJ
EXP_20260513_180105_90f400,1,31,31.0,13,physician,96.331,36.824,95.987,1.773,ICU-zone,0.463,none,False,0.0,False,no_assessment_packet_loss,0.65,60.098,0.0,60.098,True,0.22475,0.66667,0.35,0.65,0.51,0.48,0.18,False,0.075,False,0.055,False,0.52,8.0,Data obfuscation: coarsened location; privacy exposure -0.14; Encryption: encrypted payloads; latency +8 ms; energy +0.045 mJ
EXP_20260513_180105_90f400,1,31,31.0,14,technician,99.557,36.997,95.386,1.031,Radiology-zone,0.48,none,False,0.147,False,none,0.65,70.057,13.644,83.7,False,0.22475,0.66667,0.35,0.65,0.51,0.48,0.18,False,0.075,False,0.055,False,0.52,8.0,Data obfuscation: coarsened location; privacy exposure -0.14; Encryption: encrypted payloads; latency +8 ms; energy +0.045 mJ
EXP_20260513_180105_90f400,1,31,31.0,15,physician,102.022,37.501,94.066,0.985,ICU-zone,0.568,none,False,0.3043,False,none,0.65,48.799,15.93,64.729,False,0.22475,0.66667,0.35,0.65,0.51,0.48,0.18,False,0.075,False,0.055,False,0.52,8.0,Data obfuscation: coarsened location; privacy exposure -0.14; Encryption: encrypted payloads; latency +8 ms; energy +0.045 mJ
EXP_20260513_180105_90f400,1,31,31.0,16,physician,94.486,37.145,94.174,1.686,Radiology-zone,0.512,none,False,0.1902,False,none,0.65,45.477,15.94,61.418,False,0.22475,0.66667,0.35,0.65,0.51,0.48,0.18,False,0.075,False,0.055,False,0.52,8.0,Data obfuscation: coarsened location; privacy exposure -0.14; Encryption: encrypted payloads; latency +8 ms; energy +0.045 mJ
EXP_20260513_180105_90f400,1,31,31.0,17,porter,102.109,37.015,94.227,0.977,Surgery-zone,0.537,none,False,0.2557,False,none,0.65,55.689,16.578,72.267,False,0.22475,0.66667,0.35,0.65,0.51,0.48,0.18,False,0.075,False,0.055,False,0.52,8.0,Data obfuscation: coarsened location; privacy exposure -0.14; Encryption: encrypted payloads; latency +8 ms; energy +0.045 mJ
EXP_20260513_180105_90f400,1,31,31.0,18,physician,112.914,37.17,94.106,1.167,Ward-A-zone,0.463,none,False,0.2383,False,none,0.65,35.528,13.058,48.587,False,0.22475,0.66667,0.35,0.65,0.51,0.48,0.18,False,0.075,False,0.055,False,0.52,8.0,Data obfuscation: coarsened location; privacy exposure -0.14; Encryption: encrypted payloads; latency +8 ms; energy +0.045 mJ
EXP_20260513_180105_90f400,1,31,31.0,19,nurse,93.119,37.418,94.703,0.73,Surgery-zone,0.167,none,False,0.2235,False,none,0.65,62.601,13.589,76.19,False,0.22475,0.66667,0.35,0.65,0.51,0.48,0.18,False,0.075,False,0.055,False,0.52,8.0,Data obfuscation: coarsened location; privacy exposure -0.14; Encryption: encrypted payloads; latency +8 ms; energy +0.045 mJ
EXP_20260513_180105_90f400,1,31,31.0,20,technician,101.231,37.084,94.021,0.595,Surgery-zone,0.346,none,False,0.0,False,no_assessment_packet_loss,0.65,53.017,0.0,53.017,True,0.22475,0.66667,0.35,0.65,0.51,0.48,0.18,False,0.075,False,0.055,False,0.52,8.0,Data obfuscation: coarsened location; privacy exposure -0.14; Encryption: encrypted payloads; latency +8 ms; energy +0.045 mJ
EXP_20260513_180105_90f400,1,32,32.0,1,nurse,79.468,37.132,96.984,0.647,Pharmacy-zone,0.05,none,False,0.0639,False,none,0.65,39.609,10.492,50.101,False,0.22475,0.66667,0.35,0.65,0.51,0.48,0.18,False,0.075,False,0.055,False,0.52,8.0,Data obfuscation: coarsened location; privacy exposure -0.14; Encryption: encrypted payloads; latency +8 ms; energy +0.045 mJ
EXP_20260513_180105_90f400,1,32,32.0,2,porter,108.681,37.065,95.863,2.049,Pharmacy-zone,0.734,none,False,0.2311,False,none,0.65,52.113,11.516,63.63,False,0.22475,0.66667,0.35,0.65,0.51,0.48,0.18,False,0.075,False,0.055,False,0.52,8.0,Data obfuscation: coarsened location; privacy exposure -0.14; Encryption: encrypted payloads; latency +8 ms; energy +0.045 mJ
EXP_20260513_180105_90f400,1,32,32.0,3,technician,106.882,37.447,94.09,1.84,Ward-A-zone,0.881,none,False,0.2971,False,none,0.65,77.523,11.431,88.954,False,0.22475,0.66667,0.35,0.65,0.51,0.48,0.18,False,0.075,False,0.055,False,0.52,8.0,Data obfuscation: coarsened location; privacy exposure -0.14; Encryption: encrypted payloads; latency +8 ms; energy +0.045 mJ
EXP_20260513_180105_90f400,1,32,32.0,4,porter,107.245,37.165,94.935,0.968,Surgery-zone,0.363,none,False,0.2588,False,none,0.65,51.109,15.678,66.787,False,0.22475,0.66667,0.35,0.65,0.51,0.48,0.18,False,0.075,False,0.055,False,0.52,8.0,Data obfuscation: coarsened location; privacy exposure -0.14; Encryption: encrypted payloads; latency +8 ms; energy +0.045 mJ
EXP_20260513_180105_90f400,1,32,32.0,5,technician,97.495,37.62,95.35,1.246,Emergency-zone,0.329,none,False,0.2526,False,none,0.65,67.124,11.926,79.05,False,0.22475,0.66667,0.35,0.65,0.51,0.48,0.18,False,0.075,False,0.055,False,0.52,8.0,Data obfuscation: coarsened location; privacy exposure -0.14; Encryption: encrypted payloads; latency +8 ms; energy +0.045 mJ
EXP_20260513_180105_90f400,1,32,32.0,6,porter,105.705,37.142,94.037,1.157,Emergency-zone,0.548,none,False,0.2849,False,none,0.65,62.532,12.207,74.739,False,0.22475,0.66667,0.35,0.65,0.51,0.48,0.18,False,0.075,False,0.055,False,0.52,8.0,Data obfuscation: coarsened location; privacy exposure -0.14; Encryption: encrypted payloads; latency +8 ms; energy +0.045 mJ
EXP_20260513_180105_90f400,1,32,32.0,7,porter,98.809,37.817,98.805,2.597,Radiology-zone,0.458,none,False,0.2748,False,none,0.65,60.813,16.902,77.715,False,0.22475,0.66667,0.35,0.65,0.51,0.48,0.18,False,0.075,False,0.055,True,0.52,8.0,Data obfuscation: coarsened location; privacy exposure -0.14; Encryption: encrypted payloads; latency +8 ms; energy +0.045 mJ
EXP_20260513_180105_90f400,1,32,32.0,8,porter,103.472,37.158,96.06,1.65,Emergency-zone,0.555,none,False,0.2482,False,none,0.65,51.528,14.258,65.786,False,0.22475,0.66667,0.35,0.65,0.51,0.48,0.18,False,0.075,False,0.055,False,0.52,8.0,Data obfuscation: coarsened location; privacy exposure -0.14; Encryption: encrypted payloads; latency +8 ms; energy +0.045 mJ
EXP_20260513_180105_90f400,1,32,32.0,9,technician,104.323,37.283,96.34,1.286,Ward-A-zone,0.619,none,False,0.0,False,no_assessment_packet_loss,0.65,46.044,0.0,46.044,True,0.22475,0.66667,0.35,0.65,0.51,0.48,0.18,False,0.075,False,0.055,False,0.52,8.0,Data obfuscation: coarsened location; privacy exposure -0.14; Encryption: encrypted payloads; latency +8 ms; energy +0.045 mJ
EXP_20260513_180105_90f400,1,32,32.0,10,nurse,102.545,37.312,96.178,1.284,Pharmacy-zone,0.529,none,False,0.1742,False,none,0.65,56.971,12.066,69.037,False,0.22475,0.66667,0.35,0.65,0.51,0.48,0.18,False,0.075,False,0.055,False,0.52,8.0,Data obfuscation: coarsened location; privacy exposure -0.14; Encryption: encrypted payloads; latency +8 ms; energy +0.045 mJ
EXP_20260513_180105_90f400,1,32,32.0,11,cleaning_staff,96.85,36.842,94.286,1.333,Laboratory-zone,0.37,none,False,0.1559,False,none,0.65,30.138,10.858,40.995,False,0.22475,0.66667,0.35,0.65,0.51,0.48,0.18,False,0.075,False,0.055,False,0.52,8.0,Data obfuscation: coarsened location; privacy exposure -0.14; Encryption: encrypted payloads; latency +8 ms; energy +0.045 mJ
EXP_20260513_180105_90f400,1,32,32.0,12,technician,99.403,37.231,96.018,1.025,Radiology-zone,0.551,none,False,0.1573,False,none,0.65,56.44,12.757,69.197,False,0.22475,0.66667,0.35,0.65,0.51,0.48,0.18,False,0.075,False,0.055,False,0.52,8.0,Data obfuscation: coarsened location; privacy exposure -0.14; Encryption: encrypted payloads; latency +8 ms; energy +0.045 mJ
EXP_20260513_180105_90f400,1,32,32.0,13,physician,93.943,37.338,94.687,0.688,ICU-zone,0.304,high_fatigue,True,0.2289,False,none,0.65,56.348,12.635,68.983,False,0.22475,0.66667,0.35,0.65,0.51,0.48,0.18,False,0.075,False,0.055,False,0.52,8.0,Data obfuscation: coarsened location; privacy exposure -0.14; Encryption: encrypted payloads; latency +8 ms; energy +0.045 mJ
EXP_20260513_180105_90f400,1,32,32.0,14,technician,102.821,37.078,95.37,1.531,Radiology-zone,0.592,none,False,0.1816,False,none,0.65,64.572,15.738,80.31,False,0.22475,0.66667,0.35,0.65,0.51,0.48,0.18,False,0.075,False,0.055,False,0.52,8.0,Data obfuscation: coarsened location; privacy exposure -0.14; Encryption: encrypted payloads; latency +8 ms; energy +0.045 mJ
EXP_20260513_180105_90f400,1,32,32.0,15,physician,98.955,37.426,93.93,1.613,ICU-zone,0.437,none,False,0.2943,False,none,0.65,57.569,16.815,74.384,False,0.22475,0.66667,0.35,0.65,0.51,0.48,0.18,False,0.075,False,0.055,False,0.52,8.0,Data obfuscation: coarsened location; privacy exposure -0.14; Encryption: encrypted payloads; latency +8 ms; energy +0.045 mJ
EXP_20260513_180105_90f400,1,32,32.0,16,physician,94.214,37.121,94.307,1.59,Radiology-zone,0.435,none,False,0.1729,False,none,0.65,53.551,12.198,65.749,False,0.22475,0.66667,0.35,0.65,0.51,0.48,0.18,False,0.075,False,0.055,False,0.52,8.0,Data obfuscation: coarsened location; privacy exposure -0.14; Encryption: encrypted payloads; latency +8 ms; energy +0.045 mJ
EXP_20260513_180105_90f400,1,32,32.0,17,porter,110.353,34.5,92.896,0.908,Surgery-zone,0.339,none,False,0.3015,False,none,0.65,53.225,12.915,66.14,False,0.22475,0.66667,0.35,0.65,0.51,0.48,0.18,False,0.075,True,0.055,True,0.52,8.0,Data obfuscation: coarsened location; privacy exposure -0.14; Encryption: encrypted payloads; latency +8 ms; energy +0.045 mJ
EXP_20260513_180105_90f400,1,32,32.0,18,physician,117.982,37.285,93.976,2.013,Radiology-zone,0.686,none,False,0.3224,False,none,0.65,51.67,12.96,64.63,False,0.22475,0.66667,0.35,0.65,0.51,0.48,0.18,False,0.075,False,0.055,False,0.52,8.0,Data obfuscation: coarsened location; privacy exposure -0.14; Encryption: encrypted payloads; latency +8 ms; energy +0.045 mJ
EXP_20260513_180105_90f400,1,32,32.0,19,nurse,97.848,37.437,94.368,0.665,Surgery-zone,0.342,none,False,0.2616,False,none,0.65,38.016,16.233,54.249,False,0.22475,0.66667,0.35,0.65,0.51,0.48,0.18,False,0.075,False,0.055,False,0.52,8.0,Data obfuscation: coarsened location; privacy exposure -0.14; Encryption: encrypted payloads; latency +8 ms; energy +0.045 mJ
EXP_20260513_180105_90f400,1,32,32.0,20,technician,102.809,37.053,94.093,0.882,Emergency-zone,0.388,none,False,0.2546,False,none,0.65,54.426,13.669,68.096,False,0.22475,0.66667,0.35,0.65,0.51,0.48,0.18,False,0.075,False,0.055,False,0.52,8.0,Data obfuscation: coarsened location; privacy exposure -0.14; Encryption: encrypted payloads; latency +8 ms; energy +0.045 mJ
EXP_20260513_180105_90f400,1,33,33.0,1,nurse,85.555,37.241,96.75,0.627,Pharmacy-zone,0.28,none,False,0.0909,False,none,0.65,60.281,19.504,79.786,False,0.22475,0.66667,0.35,0.65,0.51,0.48,0.18,False,0.075,False,0.055,False,0.52,8.0,Data obfuscation: coarsened location; privacy exposure -0.14; Encryption: encrypted payloads; latency +8 ms; energy +0.045 mJ
EXP_20260513_180105_90f400,1,33,33.0,2,porter,101.165,37.019,96.108,1.2,Pharmacy-zone,0.447,none,False,0.1378,False,none,0.65,53.161,11.425,64.586,False,0.22475,0.66667,0.35,0.65,0.51,0.48,0.18,False,0.075,False,0.055,False,0.52,8.0,Data obfuscation: coarsened location; privacy exposure -0.14; Encryption: encrypted payloads; latency +8 ms; energy +0.045 mJ
EXP_20260513_180105_90f400,1,33,33.0,3,technician,98.817,37.324,94.396,0.91,Ward-A-zone,0.556,none,False,0.2015,False,none,0.65,47.422,15.2,62.622,False,0.22475,0.66667,0.35,0.65,0.51,0.48,0.18,False,0.075,False,0.055,False,0.52,8.0,Data obfuscation: coarsened location; privacy exposure -0.14; Encryption: encrypted payloads; latency +8 ms; energy +0.045 mJ
EXP_20260513_180105_90f400,1,33,33.0,4,porter,105.369,37.11,95.114,0.591,Surgery-zone,0.29,none,False,0.2382,False,none,0.65,48.156,14.884,63.04,False,0.22475,0.66667,0.35,0.65,0.51,0.48,0.18,False,0.075,False,0.055,False,0.52,8.0,Data obfuscation: coarsened location; privacy exposure -0.14; Encryption: encrypted payloads; latency +8 ms; energy +0.045 mJ
EXP_20260513_180105_90f400,1,33,33.0,5,technician,108.656,37.885,92.776,0.606,Emergency-zone,0.34,high_fatigue,True,0.3767,False,none,0.65,60.787,11.969,72.756,False,0.22475,0.66667,0.35,0.65,0.51,0.48,0.18,False,0.075,False,0.055,False,0.52,8.0,Data obfuscation: coarsened location; privacy exposure -0.14; Encryption: encrypted payloads; latency +8 ms; energy +0.045 mJ
EXP_20260513_180105_90f400,1,33,33.0,6,porter,115.788,37.26,93.743,2.49,Emergency-zone,0.928,none,False,0.4307,False,none,0.65,56.938,14.95,71.888,False,0.22475,0.66667,0.35,0.65,0.51,0.48,0.18,False,0.075,False,0.055,False,0.52,8.0,Data obfuscation: coarsened location; privacy exposure -0.14; Encryption: encrypted payloads; latency +8 ms; energy +0.045 mJ
EXP_20260513_180105_90f400,1,33,33.0,7,porter,108.131,37.128,95.302,1.421,Radiology-zone,0.522,none,False,0.1949,False,none,0.65,54.464,13.577,68.041,False,0.22475,0.66667,0.35,0.65,0.51,0.48,0.18,False,0.075,False,0.055,False,0.52,8.0,Data obfuscation: coarsened location; privacy exposure -0.14; Encryption: encrypted payloads; latency +8 ms; energy +0.045 mJ
EXP_20260513_180105_90f400,1,33,33.0,8,porter,108.85,37.183,95.781,1.457,Emergency-zone,0.713,none,False,0.2733,False,none,0.65,51.655,13.475,65.13,False,0.22475,0.66667,0.35,0.65,0.51,0.48,0.18,False,0.075,False,0.055,False,0.52,8.0,Data obfuscation: coarsened location; privacy exposure -0.14; Encryption: encrypted payloads; latency +8 ms; energy +0.045 mJ
EXP_20260513_180105_90f400,1,33,33.0,9,technician,94.381,37.15,96.734,1.167,Ward-A-zone,0.202,none,False,0.1089,False,none,0.65,53.616,13.446,67.063,False,0.22475,0.66667,0.35,0.65,0.51,0.48,0.18,False,0.075,False,0.055,False,0.52,8.0,Data obfuscation: coarsened location; privacy exposure -0.14; Encryption: encrypted payloads; latency +8 ms; energy +0.045 mJ
EXP_20260513_180105_90f400,1,33,33.0,10,nurse,113.342,37.488,95.976,1.993,Pharmacy-zone,0.931,none,False,0.2922,False,none,0.65,57.811,14.183,71.995,False,0.22475,0.66667,0.35,0.65,0.51,0.48,0.18,False,0.075,False,0.055,False,0.52,8.0,Data obfuscation: coarsened location; privacy exposure -0.14; Encryption: encrypted payloads; latency +8 ms; energy +0.045 mJ
EXP_20260513_180105_90f400,1,33,33.0,11,cleaning_staff,92.16,36.787,94.69,1.191,Emergency-zone,0.2,none,False,0.1856,False,none,0.65,55.56,16.108,71.668,False,0.22475,0.66667,0.35,0.65,0.51,0.48,0.18,False,0.075,False,0.055,False,0.52,8.0,Data obfuscation: coarsened location; privacy exposure -0.14; Encryption: encrypted payloads; latency +8 ms; energy +0.045 mJ
EXP_20260513_180105_90f400,1,33,33.0,12,technician,91.772,37.19,95.943,0.882,Radiology-zone,0.277,none,False,0.1096,False,none,0.65,43.553,14.382,57.935,False,0.22475,0.66667,0.35,0.65,0.51,0.48,0.18,False,0.075,False,0.055,False,0.52,8.0,Data obfuscation: coarsened location; privacy exposure -0.14; Encryption: encrypted payloads; latency +8 ms; energy +0.045 mJ
EXP_20260513_180105_90f400,1,33,33.0,13,physician,99.978,36.876,95.904,1.673,Pharmacy-zone,0.593,none,False,0.1608,False,none,0.65,71.845,12.204,84.049,False,0.22475,0.66667,0.35,0.65,0.51,0.48,0.18,False,0.075,False,0.055,False,0.52,8.0,Data obfuscation: coarsened location; privacy exposure -0.14; Encryption: encrypted payloads; latency +8 ms; energy +0.045 mJ
EXP_20260513_180105_90f400,1,33,33.0,14,technician,97.993,36.999,95.427,1.02,Radiology-zone,0.419,none,False,0.1365,False,none,0.65,63.643,12.515,76.157,False,0.22475,0.66667,0.35,0.65,0.51,0.48,0.18,False,0.075,False,0.055,False,0.52,8.0,Data obfuscation: coarsened location; privacy exposure -0.14; Encryption: encrypted payloads; latency +8 ms; energy +0.045 mJ
EXP_20260513_180105_90f400,1,33,33.0,15,physician,103.725,37.515,93.721,1.658,ICU-zone,0.639,none,False,0.3403,False,none,0.65,72.349,13.955,86.304,False,0.22475,0.66667,0.35,0.65,0.51,0.48,0.18,False,0.075,False,0.055,False,0.52,8.0,Data obfuscation: coarsened location; privacy exposure -0.14; Encryption: encrypted payloads; latency +8 ms; energy +0.045 mJ
EXP_20260513_180105_90f400,1,33,33.0,16,physician,94.405,37.159,94.396,1.84,Radiology-zone,0.447,none,False,0.1911,False,none,0.65,70.406,11.498,81.905,False,0.22475,0.66667,0.35,0.65,0.51,0.48,0.18,False,0.075,False,0.055,False,0.52,8.0,Data obfuscation: coarsened location; privacy exposure -0.14; Encryption: encrypted payloads; latency +8 ms; energy +0.045 mJ
EXP_20260513_180105_90f400,1,33,33.0,17,porter,100.6,36.976,94.052,1.24,Ward-B-zone,0.438,none,False,0.1793,False,none,0.65,61.923,15.06,76.984,False,0.22475,0.66667,0.35,0.65,0.51,0.48,0.18,False,0.075,False,0.055,False,0.52,8.0,Data obfuscation: coarsened location; privacy exposure -0.14; Encryption: encrypted payloads; latency +8 ms; energy +0.045 mJ
EXP_20260513_180105_90f400,1,33,33.0,18,physician,130.459,36.398,86.909,0.585,Radiology-zone,0.646,none,False,0.4645,False,none,0.65,56.576,18.502,75.078,False,0.22475,0.66667,0.35,0.65,0.51,0.48,0.18,False,0.075,False,0.055,True,0.52,8.0,Data obfuscation: coarsened location; privacy exposure -0.14; Encryption: encrypted payloads; latency +8 ms; energy +0.045 mJ
EXP_20260513_180105_90f400,1,33,33.0,19,nurse,106.98,37.576,94.211,1.511,Surgery-zone,0.654,none,False,0.3377,False,none,0.65,47.241,9.141,56.382,False,0.22475,0.66667,0.35,0.65,0.51,0.48,0.18,False,0.075,True,0.055,False,0.52,8.0,Data obfuscation: coarsened location; privacy exposure -0.14; Encryption: encrypted payloads; latency +8 ms; energy +0.045 mJ
EXP_20260513_180105_90f400,1,33,33.0,20,technician,102.343,37.084,93.938,1.178,Surgery-zone,0.379,none,False,0.2588,False,none,0.65,53.852,15.197,69.049,False,0.22475,0.66667,0.35,0.65,0.51,0.48,0.18,False,0.075,False,0.055,False,0.52,8.0,Data obfuscation: coarsened location; privacy exposure -0.14; Encryption: encrypted payloads; latency +8 ms; energy +0.045 mJ
EXP_20260513_180105_90f400,1,34,34.0,1,nurse,84.414,37.182,96.64,0.418,Pharmacy-zone,0.227,none,False,0.0802,False,none,0.65,74.519,14.801,89.32,False,0.22475,0.66667,0.35,0.65,0.51,0.48,0.18,False,0.075,False,0.055,False,0.52,8.0,Data obfuscation: coarsened location; privacy exposure -0.14; Encryption: encrypted payloads; latency +8 ms; energy +0.045 mJ
EXP_20260513_180105_90f400,1,34,34.0,2,porter,106.755,37.048,95.913,1.805,Pharmacy-zone,0.623,none,False,0.1991,False,none,0.65,64.845,15.977,80.822,False,0.22475,0.66667,0.35,0.65,0.51,0.48,0.18,False,0.075,False,0.055,False,0.52,8.0,Data obfuscation: coarsened location; privacy exposure -0.14; Encryption: encrypted payloads; latency +8 ms; energy +0.045 mJ
EXP_20260513_180105_90f400,1,34,34.0,3,technician,112.34,35.847,93.262,1.074,Ward-A-zone,0.691,none,False,0.2564,False,none,0.65,53.635,14.305,67.941,False,0.22475,0.66667,0.35,0.65,0.51,0.48,0.18,False,0.075,False,0.055,True,0.52,8.0,Data obfuscation: coarsened location; privacy exposure -0.14; Encryption: encrypted payloads; latency +8 ms; energy +0.045 mJ
EXP_20260513_180105_90f400,1,34,34.0,4,porter,113.198,37.203,94.997,1.593,Surgery-zone,0.567,none,False,0.3075,False,none,0.65,61.722,16.944,78.666,False,0.22475,0.66667,0.35,0.65,0.51,0.48,0.18,False,0.075,False,0.055,False,0.52,8.0,Data obfuscation: coarsened location; privacy exposure -0.14; Encryption: encrypted payloads; latency +8 ms; energy +0.045 mJ
EXP_20260513_180105_90f400,1,34,34.0,5,technician,101.812,37.666,95.181,1.428,Emergency-zone,0.465,none,False,0.2867,False,none,0.65,68.456,14.715,83.172,False,0.22475,0.66667,0.35,0.65,0.51,0.48,0.18,False,0.075,False,0.055,False,0.52,8.0,Data obfuscation: coarsened location; privacy exposure -0.14; Encryption: encrypted payloads; latency +8 ms; energy +0.045 mJ
EXP_20260513_180105_90f400,1,34,34.0,6,porter,121.782,37.707,91.659,1.85,Emergency-zone,0.642,high_fatigue,True,0.4819,False,none,0.65,68.26,15.258,83.518,False,0.22475,0.66667,0.35,0.65,0.51,0.48,0.18,False,0.075,False,0.055,False,0.52,8.0,Data obfuscation: coarsened location; privacy exposure -0.14; Encryption: encrypted payloads; latency +8 ms; energy +0.045 mJ
EXP_20260513_180105_90f400,1,34,34.0,7,porter,111.193,37.165,95.317,1.255,Radiology-zone,0.608,none,False,0.2131,False,none,0.65,57.22,18.17,75.39,False,0.22475,0.66667,0.35,0.65,0.51,0.48,0.18,False,0.075,False,0.055,False,0.52,8.0,Data obfuscation: coarsened location; privacy exposure -0.14; Encryption: encrypted payloads; latency +8 ms; energy +0.045 mJ
EXP_20260513_180105_90f400,1,34,34.0,8,porter,107.625,37.175,95.784,1.687,Emergency-zone,0.664,none,False,0.2791,False,none,0.65,55.791,13.667,69.458,False,0.22475,0.66667,0.35,0.65,0.51,0.48,0.18,False,0.075,False,0.055,False,0.52,8.0,Data obfuscation: coarsened location; privacy exposure -0.14; Encryption: encrypted payloads; latency +8 ms; energy +0.045 mJ
EXP_20260513_180105_90f400,1,34,34.0,9,technician,101.242,37.301,96.213,0.901,Ward-A-zone,0.488,none,False,0.1658,False,none,0.65,61.603,13.871,75.474,False,0.22475,0.66667,0.35,0.65,0.51,0.48,0.18,False,0.075,False,0.055,False,0.52,8.0,Data obfuscation: coarsened location; privacy exposure -0.14; Encryption: encrypted payloads; latency +8 ms; energy +0.045 mJ
EXP_20260513_180105_90f400,1,34,34.0,10,nurse,111.771,37.983,94.055,1.269,Pharmacy-zone,0.47,high_fatigue,True,0.308,False,none,0.65,64.495,20.598,85.093,False,0.22475,0.66667,0.35,0.65,0.51,0.48,0.18,False,0.075,False,0.055,False,0.52,8.0,Data obfuscation: coarsened location; privacy exposure -0.14; Encryption: encrypted payloads; latency +8 ms; energy +0.045 mJ
EXP_20260513_180105_90f400,1,34,34.0,11,cleaning_staff,96.308,36.807,94.439,1.19,Emergency-zone,0.318,none,False,0.2141,False,none,0.65,64.856,10.713,75.569,False,0.22475,0.66667,0.35,0.65,0.51,0.48,0.18,False,0.075,False,0.055,False,0.52,8.0,Data obfuscation: coarsened location; privacy exposure -0.14; Encryption: encrypted payloads; latency +8 ms; energy +0.045 mJ
EXP_20260513_180105_90f400,1,34,34.0,12,technician,102.442,37.304,96.228,1.679,Radiology-zone,0.637,none,False,0.1976,False,none,0.65,52.195,13.738,65.933,False,0.22475,0.66667,0.35,0.65,0.51,0.48,0.18,False,0.075,False,0.055,False,0.52,8.0,Data obfuscation: coarsened location; privacy exposure -0.14; Encryption: encrypted payloads; latency +8 ms; energy +0.045 mJ
EXP_20260513_180105_90f400,1,34,34.0,13,physician,98.796,36.888,95.994,1.335,ICU-zone,0.537,none,False,0.2011,False,none,0.65,42.235,16.096,58.331,False,0.22475,0.66667,0.35,0.65,0.51,0.48,0.18,False,0.075,False,0.055,False,0.52,8.0,Data obfuscation: coarsened location; privacy exposure -0.14; Encryption: encrypted payloads; latency +8 ms; energy +0.045 mJ
EXP_20260513_180105_90f400,1,34,34.0,14,technician,96.176,36.954,95.73,0.999,Radiology-zone,0.323,none,False,0.1164,False,none,0.65,62.183,17.261,79.444,False,0.22475,0.66667,0.35,0.65,0.51,0.48,0.18,False,0.075,False,0.055,False,0.52,8.0,Data obfuscation: coarsened location; privacy exposure -0.14; Encryption: encrypted payloads; latency +8 ms; energy +0.045 mJ
EXP_20260513_180105_90f400,1,34,34.0,15,physician,107.533,37.55,93.746,1.371,ICU-zone,0.762,none,False,0.3487,False,none,0.65,51.737,17.053,68.79,False,0.22475,0.66667,0.35,0.65,0.51,0.48,0.18,False,0.075,False,0.055,False,0.52,8.0,Data obfuscation: coarsened location; privacy exposure -0.14; Encryption: encrypted payloads; latency +8 ms; energy +0.045 mJ
EXP_20260513_180105_90f400,1,34,34.0,16,physician,96.714,37.15,94.212,0.662,Radiology-zone,0.515,none,False,0.1802,False,none,0.65,53.613,12.341,65.954,False,0.22475,0.66667,0.35,0.65,0.51,0.48,0.18,False,0.075,False,0.055,False,0.52,8.0,Data obfuscation: coarsened location; privacy exposure -0.14; Encryption: encrypted payloads; latency +8 ms; energy +0.045 mJ
EXP_20260513_180105_90f400,1,34,34.0,17,porter,102.107,37.025,94.161,1.784,Surgery-zone,0.467,none,False,0.2771,False,none,0.65,63.096,15.626,78.722,False,0.22475,0.66667,0.35,0.65,0.51,0.48,0.18,False,0.075,False,0.055,False,0.52,8.0,Data obfuscation: coarsened location; privacy exposure -0.14; Encryption: encrypted payloads; latency +8 ms; energy +0.045 mJ
EXP_20260513_180105_90f400,1,34,34.0,18,physician,120.143,37.289,94.02,2.025,Radiology-zone,0.718,none,False,0.3323,False,none,0.65,60.68,14.378,75.057,False,0.22475,0.66667,0.35,0.65,0.51,0.48,0.18,False,0.075,False,0.055,False,0.52,8.0,Data obfuscation: coarsened location; privacy exposure -0.14; Encryption: encrypted payloads; latency +8 ms; energy +0.045 mJ
EXP_20260513_180105_90f400,1,34,34.0,19,nurse,99.267,37.493,94.376,1.785,Surgery-zone,0.357,none,False,0.2961,False,none,0.65,61.588,14.405,75.993,False,0.22475,0.66667,0.35,0.65,0.51,0.48,0.18,False,0.075,False,0.055,False,0.52,8.0,Data obfuscation: coarsened location; privacy exposure -0.14; Encryption: encrypted payloads; latency +8 ms; energy +0.045 mJ
EXP_20260513_180105_90f400,1,34,34.0,20,technician,101.934,37.098,93.804,1.331,Surgery-zone,0.37,none,False,0.2611,False,none,0.65,62.836,16.59,79.425,False,0.22475,0.66667,0.35,0.65,0.51,0.48,0.18,False,0.075,False,0.055,False,0.52,8.0,Data obfuscation: coarsened location; privacy exposure -0.14; Encryption: encrypted payloads; latency +8 ms; energy +0.045 mJ
EXP_20260513_180105_90f400,1,35,35.0,1,nurse,125.852,37.48,95.666,0.0,Surgery-zone,0.05,heat_stress,True,0.3145,False,none,0.65,52.179,14.564,66.744,False,0.22475,0.66667,0.35,0.65,0.51,0.48,0.18,False,0.075,False,0.055,True,0.52,8.0,Data obfuscation: coarsened location; privacy exposure -0.14; Encryption: encrypted payloads; latency +8 ms; energy +0.045 mJ
EXP_20260513_180105_90f400,1,35,35.0,2,porter,106.948,37.094,95.937,1.768,Radiology-zone,0.648,none,False,0.2027,False,none,0.65,56.291,11.358,67.649,False,0.22475,0.66667,0.35,0.65,0.51,0.48,0.18,False,0.075,False,0.055,False,0.52,8.0,Data obfuscation: coarsened location; privacy exposure -0.14; Encryption: encrypted payloads; latency +8 ms; energy +0.045 mJ
EXP_20260513_180105_90f400,1,35,35.0,3,technician,101.288,37.395,94.022,1.736,Ward-A-zone,0.625,none,False,0.2506,False,none,0.65,51.188,11.492,62.68,False,0.22475,0.66667,0.35,0.65,0.51,0.48,0.18,False,0.075,False,0.055,False,0.52,8.0,Data obfuscation: coarsened location; privacy exposure -0.14; Encryption: encrypted payloads; latency +8 ms; energy +0.045 mJ
EXP_20260513_180105_90f400,1,35,35.0,4,porter,108.315,37.113,94.911,1.24,Surgery-zone,0.395,none,False,0.2607,False,none,0.65,56.639,12.393,69.032,False,0.22475,0.66667,0.35,0.65,0.51,0.48,0.18,False,0.075,False,0.055,False,0.52,8.0,Data obfuscation: coarsened location; privacy exposure -0.14; Encryption: encrypted payloads; latency +8 ms; energy +0.045 mJ
EXP_20260513_180105_90f400,1,35,35.0,5,technician,102.811,37.719,94.851,1.492,Emergency-zone,0.486,none,False,0.3081,False,none,0.65,67.765,14.357,82.121,False,0.22475,0.66667,0.35,0.65,0.51,0.48,0.18,False,0.075,True,0.055,False,0.52,8.0,Data obfuscation: coarsened location; privacy exposure -0.14; Encryption: encrypted payloads; latency +8 ms; energy +0.045 mJ
EXP_20260513_180105_90f400,1,35,35.0,6,porter,104.713,37.08,94.079,1.071,Emergency-zone,0.48,none,False,0.0,False,no_assessment_packet_loss,0.65,50.7,0.0,50.7,True,0.22475,0.66667,0.35,0.65,0.51,0.48,0.18,False,0.075,False,0.055,False,0.52,8.0,Data obfuscation: coarsened location; privacy exposure -0.14; Encryption: encrypted payloads; latency +8 ms; energy +0.045 mJ
EXP_20260513_180105_90f400,1,35,35.0,7,porter,110.07,37.127,95.284,1.954,Radiology-zone,0.566,none,False,0.2379,False,none,0.65,77.839,12.332,90.171,False,0.22475,0.66667,0.35,0.65,0.51,0.48,0.18,False,0.075,True,0.055,False,0.52,8.0,Data obfuscation: coarsened location; privacy exposure -0.14; Encryption: encrypted payloads; latency +8 ms; energy +0.045 mJ
EXP_20260513_180105_90f400,1,35,35.0,8,porter,106.617,37.189,95.916,1.195,Emergency-zone,0.617,none,False,0.2528,False,none,0.65,57.799,18.781,76.58,False,0.22475,0.66667,0.35,0.65,0.51,0.48,0.18,False,0.075,False,0.055,False,0.52,8.0,Data obfuscation: coarsened location; privacy exposure -0.14; Encryption: encrypted payloads; latency +8 ms; energy +0.045 mJ
EXP_20260513_180105_90f400,1,35,35.0,9,technician,101.867,37.276,96.513,1.552,Ward-A-zone,0.462,none,False,0.1736,False,none,0.65,60.858,15.162,76.02,False,0.22475,0.66667,0.35,0.65,0.51,0.48,0.18,False,0.075,False,0.055,False,0.52,8.0,Data obfuscation: coarsened location; privacy exposure -0.14; Encryption: encrypted payloads; latency +8 ms; energy +0.045 mJ
EXP_20260513_180105_90f400,1,35,35.0,10,nurse,109.552,37.464,95.83,1.599,Pharmacy-zone,0.787,none,False,0.2462,False,none,0.65,57.967,17.138,75.105,False,0.22475,0.66667,0.35,0.65,0.51,0.48,0.18,False,0.075,False,0.055,False,0.52,8.0,Data obfuscation: coarsened location; privacy exposure -0.14; Encryption: encrypted payloads; latency +8 ms; energy +0.045 mJ
EXP_20260513_180105_90f400,1,35,35.0,11,cleaning_staff,107.552,37.185,92.794,1.104,Surgery-zone,0.192,high_fatigue,True,0.3005,False,none,0.65,60.929,15.845,76.775,False,0.22475,0.66667,0.35,0.65,0.51,0.48,0.18,False,0.075,False,0.055,False,0.52,8.0,Data obfuscation: coarsened location; privacy exposure -0.14; Encryption: encrypted payloads; latency +8 ms; energy +0.045 mJ
EXP_20260513_180105_90f400,1,35,35.0,12,technician,98.073,37.259,95.968,1.544,Radiology-zone,0.454,none,False,0.1582,False,none,0.65,54.662,12.239,66.901,False,0.22475,0.66667,0.35,0.65,0.51,0.48,0.18,False,0.075,True,0.055,False,0.52,8.0,Data obfuscation: coarsened location; privacy exposure -0.14; Encryption: encrypted payloads; latency +8 ms; energy +0.045 mJ
EXP_20260513_180105_90f400,1,35,35.0,13,physician,94.35,36.845,96.117,1.096,ICU-zone,0.349,none,False,0.1726,False,none,0.65,66.685,16.193,82.877,False,0.22475,0.66667,0.35,0.65,0.51,0.48,0.18,False,0.075,False,0.055,False,0.52,8.0,Data obfuscation: coarsened location; privacy exposure -0.14; Encryption: encrypted payloads; latency +8 ms; energy +0.045 mJ
EXP_20260513_180105_90f400,1,35,35.0,14,technician,106.745,37.124,95.323,1.604,Radiology-zone,0.73,none,False,0.2144,False,none,0.65,62.893,14.931,77.824,False,0.22475,0.66667,0.35,0.65,0.51,0.48,0.18,False,0.075,False,0.055,False,0.52,8.0,Data obfuscation: coarsened location; privacy exposure -0.14; Encryption: encrypted payloads; latency +8 ms; energy +0.045 mJ
EXP_20260513_180105_90f400,1,35,35.0,15,physician,95.799,37.438,93.933,0.428,ICU-zone,0.293,none,False,0.2613,False,none,0.65,49.189,12.468,61.657,False,0.22475,0.66667,0.35,0.65,0.51,0.48,0.18,False,0.075,False,0.055,False,0.52,8.0,Data obfuscation: coarsened location; privacy exposure -0.14; Encryption: encrypted payloads; latency +8 ms; energy +0.045 mJ
EXP_20260513_180105_90f400,1,35,35.0,16,physician,95.298,37.167,94.46,1.376,ICU-zone,0.46,none,False,0.2343,False,none,0.65,49.991,15.902,65.893,False,0.22475,0.66667,0.35,0.65,0.51,0.48,0.18,False,0.075,False,0.055,False,0.52,8.0,Data obfuscation: coarsened location; privacy exposure -0.14; Encryption: encrypted payloads; latency +8 ms; energy +0.045 mJ
EXP_20260513_180105_90f400,1,35,35.0,17,porter,101.467,37.012,93.867,0.698,Surgery-zone,0.473,none,False,0.2573,False,none,0.65,59.734,16.906,76.641,False,0.22475,0.66667,0.35,0.65,0.51,0.48,0.18,False,0.075,False,0.055,False,0.52,8.0,Data obfuscation: coarsened location; privacy exposure -0.14; Encryption: encrypted payloads; latency +8 ms; energy +0.045 mJ
EXP_20260513_180105_90f400,1,35,35.0,18,physician,114.873,37.208,93.968,1.47,Radiology-zone,0.492,none,False,0.2581,False,none,0.65,55.86,15.585,71.444,False,0.22475,0.66667,0.35,0.65,0.51,0.48,0.18,False,0.075,False,0.055,False,0.52,8.0,Data obfuscation: coarsened location; privacy exposure -0.14; Encryption: encrypted payloads; latency +8 ms; energy +0.045 mJ
EXP_20260513_180105_90f400,1,35,35.0,19,nurse,102.249,37.555,94.14,1.032,Surgery-zone,0.496,none,False,0.3033,False,none,0.65,56.925,15.518,72.443,False,0.22475,0.66667,0.35,0.65,0.51,0.48,0.18,False,0.075,False,0.055,False,0.52,8.0,Data obfuscation: coarsened location; privacy exposure -0.14; Encryption: encrypted payloads; latency +8 ms; energy +0.045 mJ
EXP_20260513_180105_90f400,1,35,35.0,20,technician,99.759,37.091,94.071,0.05,Surgery-zone,0.233,none,False,0.2373,False,none,0.65,53.946,11.284,65.229,False,0.22475,0.66667,0.35,0.65,0.51,0.48,0.18,False,0.075,False,0.055,False,0.52,8.0,Data obfuscation: coarsened location; privacy exposure -0.14; Encryption: encrypted payloads; latency +8 ms; energy +0.045 mJ
EXP_20260513_180105_90f400,1,36,36.0,1,nurse,83.756,37.193,96.64,0.257,Pharmacy-zone,0.19,none,False,0.0787,False,none,0.65,56.33,13.671,70.001,False,0.22475,0.66667,0.35,0.65,0.51,0.48,0.18,False,0.075,False,0.055,False,0.52,8.0,Data obfuscation: coarsened location; privacy exposure -0.14; Encryption: encrypted payloads; latency +8 ms; energy +0.045 mJ
EXP_20260513_180105_90f400,1,36,36.0,2,porter,104.435,37.079,95.783,1.324,Pharmacy-zone,0.567,none,False,0.1679,False,none,0.65,52.65,14.499,67.149,False,0.22475,0.66667,0.35,0.65,0.51,0.48,0.18,False,0.075,False,0.055,False,0.52,8.0,Data obfuscation: coarsened location; privacy exposure -0.14; Encryption: encrypted payloads; latency +8 ms; energy +0.045 mJ
EXP_20260513_180105_90f400,1,36,36.0,3,technician,100.707,37.386,94.427,1.205,Ward-A-zone,0.604,none,False,0.2162,False,none,0.65,63.928,11.522,75.451,False,0.22475,0.66667,0.35,0.65,0.51,0.48,0.18,False,0.075,False,0.055,False,0.52,8.0,Data obfuscation: coarsened location; privacy exposure -0.14; Encryption: encrypted payloads; latency +8 ms; energy +0.045 mJ
EXP_20260513_180105_90f400,1,36,36.0,4,porter,109.479,37.199,94.939,1.419,Radiology-zone,0.416,none,False,0.2072,False,none,0.65,40.943,15.039,55.982,False,0.22475,0.66667,0.35,0.65,0.51,0.48,0.18,False,0.075,False,0.055,False,0.52,8.0,Data obfuscation: coarsened location; privacy exposure -0.14; Encryption: encrypted payloads; latency +8 ms; energy +0.045 mJ
EXP_20260513_180105_90f400,1,36,36.0,5,technician,122.323,39.39,94.513,1.694,Emergency-zone,0.57,heat_stress,True,0.5515,False,none,0.65,50.056,15.23,65.286,False,0.22475,0.66667,0.35,0.65,0.51,0.48,0.18,False,0.075,False,0.055,False,0.52,8.0,Data obfuscation: coarsened location; privacy exposure -0.14; Encryption: encrypted payloads; latency +8 ms; energy +0.045 mJ
EXP_20260513_180105_90f400,1,36,36.0,6,porter,113.061,37.246,93.878,1.829,Emergency-zone,0.82,none,False,0.3686,False,none,0.65,62.321,13.857,76.178,False,0.22475,0.66667,0.35,0.65,0.51,0.48,0.18,False,0.075,False,0.055,False,0.52,8.0,Data obfuscation: coarsened location; privacy exposure -0.14; Encryption: encrypted payloads; latency +8 ms; energy +0.045 mJ
EXP_20260513_180105_90f400,1,36,36.0,7,porter,110.764,37.166,95.168,1.266,Radiology-zone,0.576,none,False,0.0,False,no_assessment_packet_loss,0.65,38.865,0.0,38.865,True,0.22475,0.66667,0.35,0.65,0.51,0.48,0.18,False,0.075,False,0.055,False,0.52,8.0,Data obfuscation: coarsened location; privacy exposure -0.14; Encryption: encrypted payloads; latency +8 ms; energy +0.045 mJ
EXP_20260513_180105_90f400,1,36,36.0,8,porter,106.696,37.185,95.711,1.397,Emergency-zone,0.604,none,False,0.2566,False,none,0.65,55.071,13.975,69.045,False,0.22475,0.66667,0.35,0.65,0.51,0.48,0.18,False,0.075,False,0.055,False,0.52,8.0,Data obfuscation: coarsened location; privacy exposure -0.14; Encryption: encrypted payloads; latency +8 ms; energy +0.045 mJ
EXP_20260513_180105_90f400,1,36,36.0,9,technician,94.154,37.208,96.393,0.544,Ward-A-zone,0.152,none,False,0.11,False,none,0.65,46.545,18.331,64.875,False,0.22475,0.66667,0.35,0.65,0.51,0.48,0.18,False,0.075,True,0.055,False,0.52,8.0,Data obfuscation: coarsened location; privacy exposure -0.14; Encryption: encrypted payloads; latency +8 ms; energy +0.045 mJ
EXP_20260513_180105_90f400,1,36,36.0,10,nurse,111.368,37.657,94.421,1.184,Pharmacy-zone,0.461,high_fatigue,True,0.0,False,no_assessment_packet_loss,0.65,59.381,0.0,59.381,True,0.22475,0.66667,0.35,0.65,0.51,0.48,0.18,False,0.075,False,0.055,False,0.52,8.0,Data obfuscation: coarsened location; privacy exposure -0.14; Encryption: encrypted payloads; latency +8 ms; energy +0.045 mJ
EXP_20260513_180105_90f400,1,36,36.0,11,cleaning_staff,98.689,36.887,93.991,0.974,Emergency-zone,0.378,none,False,0.2371,False,none,0.65,66.765,15.334,82.099,False,0.22475,0.66667,0.35,0.65,0.51,0.48,0.18,False,0.075,True,0.055,False,0.52,8.0,Data obfuscation: coarsened location; privacy exposure -0.14; Encryption: encrypted payloads; latency +8 ms; energy +0.045 mJ
EXP_20260513_180105_90f400,1,36,36.0,12,technician,99.78,37.284,95.868,1.742,Radiology-zone,0.518,none,False,0.1854,False,none,0.65,65.044,12.057,77.101,False,0.22475,0.66667,0.35,0.65,0.51,0.48,0.18,False,0.075,False,0.055,False,0.52,8.0,Data obfuscation: coarsened location; privacy exposure -0.14; Encryption: encrypted payloads; latency +8 ms; energy +0.045 mJ
EXP_20260513_180105_90f400,1,36,36.0,13,physician,95.758,36.865,96.048,1.015,ICU-zone,0.379,none,False,0.1796,False,none,0.65,71.695,15.934,87.629,False,0.22475,0.66667,0.35,0.65,0.51,0.48,0.18,False,0.075,False,0.055,False,0.52,8.0,Data obfuscation: coarsened location; privacy exposure -0.14; Encryption: encrypted payloads; latency +8 ms; energy +0.045 mJ
EXP_20260513_180105_90f400,1,36,36.0,14,technician,97.229,36.987,95.571,1.245,Radiology-zone,0.364,none,False,0.1267,False,none,0.65,52.237,17.545,69.782,False,0.22475,0.66667,0.35,0.65,0.51,0.48,0.18,False,0.075,True,0.055,False,0.52,8.0,Data obfuscation: coarsened location; privacy exposure -0.14; Encryption: encrypted payloads; latency +8 ms; energy +0.045 mJ
EXP_20260513_180105_90f400,1,36,36.0,15,physician,98.7,37.451,93.781,0.114,ICU-zone,0.393,none,False,0.2831,False,none,0.65,66.078,14.182,80.259,False,0.22475,0.66667,0.35,0.65,0.51,0.48,0.18,False,0.075,False,0.055,False,0.52,8.0,Data obfuscation: coarsened location; privacy exposure -0.14; Encryption: encrypted payloads; latency +8 ms; energy +0.045 mJ
EXP_20260513_180105_90f400,1,36,36.0,16,physician,98.614,37.219,94.239,1.681,Radiology-zone,0.556,none,False,0.2125,False,none,0.65,49.25,12.088,61.338,False,0.22475,0.66667,0.35,0.65,0.51,0.48,0.18,False,0.075,False,0.055,False,0.52,8.0,Data obfuscation: coarsened location; privacy exposure -0.14; Encryption: encrypted payloads; latency +8 ms; energy +0.045 mJ
EXP_20260513_180105_90f400,1,36,36.0,17,porter,103.306,37.047,93.749,1.618,Surgery-zone,0.52,none,False,0.2863,False,none,0.65,50.468,13.117,63.584,False,0.22475,0.66667,0.35,0.65,0.51,0.48,0.18,False,0.075,True,0.055,False,0.52,8.0,Data obfuscation: coarsened location; privacy exposure -0.14; Encryption: encrypted payloads; latency +8 ms; energy +0.045 mJ
EXP_20260513_180105_90f400,1,36,36.0,18,physician,118.12,37.26,93.979,1.683,Radiology-zone,0.591,none,False,0.2938,False,none,0.65,46.216,14.461,60.678,False,0.22475,0.66667,0.35,0.65,0.51,0.48,0.18,False,0.075,False,0.055,False,0.52,8.0,Data obfuscation: coarsened location; privacy exposure -0.14; Encryption: encrypted payloads; latency +8 ms; energy +0.045 mJ
EXP_20260513_180105_90f400,1,36,36.0,19,nurse,103.845,37.558,94.151,1.192,Surgery-zone,0.5,none,False,0.3092,False,none,0.65,55.04,17.984,73.024,False,0.22475,0.66667,0.35,0.65,0.51,0.48,0.18,False,0.075,False,0.055,False,0.52,8.0,Data obfuscation: coarsened location; privacy exposure -0.14; Encryption: encrypted payloads; latency +8 ms; energy +0.045 mJ
EXP_20260513_180105_90f400,1,36,36.0,20,technician,101.832,37.091,94.166,0.842,Surgery-zone,0.346,none,False,0.25,False,none,0.65,41.929,10.256,52.185,False,0.22475,0.66667,0.35,0.65,0.51,0.48,0.18,False,0.075,True,0.055,False,0.52,8.0,Data obfuscation: coarsened location; privacy exposure -0.14; Encryption: encrypted payloads; latency +8 ms; energy +0.045 mJ
EXP_20260513_180105_90f400,1,37,37.0,1,nurse,86.899,37.253,96.474,1.623,Pharmacy-zone,0.322,none,False,0.1134,False,none,0.65,69.158,14.768,83.926,False,0.22475,0.66667,0.35,0.65,0.51,0.48,0.18,False,0.075,False,0.055,False,0.52,8.0,Data obfuscation: coarsened location; privacy exposure -0.14; Encryption: encrypted payloads; latency +8 ms; energy +0.045 mJ
EXP_20260513_180105_90f400,1,37,37.0,2,porter,105.845,37.137,96.073,0.967,Pharmacy-zone,0.6,none,False,0.1751,False,none,0.65,44.838,18.596,63.434,False,0.22475,0.66667,0.35,0.65,0.51,0.48,0.18,False,0.075,True,0.055,False,0.52,8.0,Data obfuscation: coarsened location; privacy exposure -0.14; Encryption: encrypted payloads; latency +8 ms; energy +0.045 mJ
EXP_20260513_180105_90f400,1,37,37.0,3,technician,101.164,37.413,94.219,0.927,Ward-A-zone,0.627,none,False,0.2266,False,none,0.65,60.148,15.719,75.867,False,0.22475,0.66667,0.35,0.65,0.51,0.48,0.18,False,0.075,False,0.055,False,0.52,8.0,Data obfuscation: coarsened location; privacy exposure -0.14; Encryption: encrypted payloads; latency +8 ms; energy +0.045 mJ
EXP_20260513_180105_90f400,1,37,37.0,4,porter,110.619,37.178,94.78,1.535,Surgery-zone,0.495,none,False,0.2928,False,none,0.65,66.177,13.729,79.906,False,0.22475,0.66667,0.35,0.65,0.51,0.48,0.18,False,0.075,False,0.055,False,0.52,8.0,Data obfuscation: coarsened location; privacy exposure -0.14; Encryption: encrypted payloads; latency +8 ms; energy +0.045 mJ
EXP_20260513_180105_90f400,1,37,37.0,5,technician,105.251,37.706,94.759,1.773,Emergency-zone,0.545,none,False,0.3391,False,none,0.65,70.061,16.856,86.917,False,0.22475,0.66667,0.35,0.65,0.51,0.48,0.18,False,0.075,True,0.055,False,0.52,8.0,Data obfuscation: coarsened location; privacy exposure -0.14; Encryption: encrypted payloads; latency +8 ms; energy +0.045 mJ
EXP_20260513_180105_90f400,1,37,37.0,6,porter,106.124,37.147,94.266,1.121,Emergency-zone,0.545,none,False,0.2812,False,none,0.65,50.332,13.536,63.868,False,0.22475,0.66667,0.35,0.65,0.51,0.48,0.18,False,0.075,False,0.055,False,0.52,8.0,Data obfuscation: coarsened location; privacy exposure -0.14; Encryption: encrypted payloads; latency +8 ms; energy +0.045 mJ
EXP_20260513_180105_90f400,1,37,37.0,7,porter,110.146,37.114,95.071,1.519,Radiology-zone,0.516,none,False,0.2119,False,none,0.65,54.06,14.762,68.823,False,0.22475,0.66667,0.35,0.65,0.51,0.48,0.18,False,0.075,False,0.055,False,0.52,8.0,Data obfuscation: coarsened location; privacy exposure -0.14; Encryption: encrypted payloads; latency +8 ms; energy +0.045 mJ
EXP_20260513_180105_90f400,1,37,37.0,8,porter,108.665,37.201,95.92,1.499,Emergency-zone,0.696,none,False,0.2725,False,none,0.65,59.372,20.007,79.379,False,0.22475,0.66667,0.35,0.65,0.51,0.48,0.18,False,0.075,False,0.055,False,0.52,8.0,Data obfuscation: coarsened location; privacy exposure -0.14; Encryption: encrypted payloads; latency +8 ms; energy +0.045 mJ
EXP_20260513_180105_90f400,1,37,37.0,9,technician,102.794,37.31,96.3,1.384,Ward-A-zone,0.478,none,False,0.0,False,no_assessment_packet_loss,0.65,58.171,0.0,58.171,True,0.22475,0.66667,0.35,0.65,0.51,0.48,0.18,False,0.075,False,0.055,False,0.52,8.0,Data obfuscation: coarsened location; privacy exposure -0.14; Encryption: encrypted payloads; latency +8 ms; energy +0.045 mJ
EXP_20260513_180105_90f400,1,37,37.0,10,nurse,106.956,37.428,95.914,1.798,Pharmacy-zone,0.628,none,False,0.2333,False,none,0.65,56.612,15.647,72.259,False,0.22475,0.66667,0.35,0.65,0.51,0.48,0.18,False,0.075,False,0.055,False,0.52,8.0,Data obfuscation: coarsened location; privacy exposure -0.14; Encryption: encrypted payloads; latency +8 ms; energy +0.045 mJ
EXP_20260513_180105_90f400,1,37,37.0,11,cleaning_staff,95.781,36.843,94.128,0.875,Emergency-zone,0.246,none,False,0.2146,False,none,0.65,41.028,14.244,55.272,False,0.22475,0.66667,0.35,0.65,0.51,0.48,0.18,False,0.075,False,0.055,False,0.52,8.0,Data obfuscation: coarsened location; privacy exposure -0.14; Encryption: encrypted payloads; latency +8 ms; energy +0.045 mJ
EXP_20260513_180105_90f400,1,37,37.0,12,technician,102.007,37.328,95.962,1.465,Radiology-zone,0.581,none,False,0.1821,False,none,0.65,49.175,15.396,64.571,False,0.22475,0.66667,0.35,0.65,0.51,0.48,0.18,False,0.075,False,0.055,False,0.52,8.0,Data obfuscation: coarsened location; privacy exposure -0.14; Encryption: encrypted payloads; latency +8 ms; energy +0.045 mJ
EXP_20260513_180105_90f400,1,37,37.0,13,physician,101.387,36.934,95.707,1.492,ICU-zone,0.591,none,False,0.2264,False,none,0.65,51.319,17.042,68.361,False,0.22475,0.66667,0.35,0.65,0.51,0.48,0.18,False,0.075,False,0.055,False,0.52,8.0,Data obfuscation: coarsened location; privacy exposure -0.14; Encryption: encrypted payloads; latency +8 ms; energy +0.045 mJ
EXP_20260513_180105_90f400,1,37,37.0,14,technician,107.381,37.144,95.2,0.892,Pharmacy-zone,0.743,none,False,0.2096,False,none,0.65,57.657,14.37,72.027,False,0.22475,0.66667,0.35,0.65,0.51,0.48,0.18,False,0.075,False,0.055,False,0.52,8.0,Data obfuscation: coarsened location; privacy exposure -0.14; Encryption: encrypted payloads; latency +8 ms; energy +0.045 mJ
EXP_20260513_180105_90f400,1,37,37.0,15,physician,103.549,37.509,93.649,1.717,ICU-zone,0.606,none,False,0.3423,False,none,0.65,53.091,15.173,68.264,False,0.22475,0.66667,0.35,0.65,0.51,0.48,0.18,False,0.075,False,0.055,False,0.52,8.0,Data obfuscation: coarsened location; privacy exposure -0.14; Encryption: encrypted payloads; latency +8 ms; energy +0.045 mJ
EXP_20260513_180105_90f400,1,37,37.0,16,physician,94.82,37.208,93.954,1.528,Radiology-zone,0.421,none,False,0.1862,False,none,0.65,69.64,13.357,82.997,False,0.22475,0.66667,0.35,0.65,0.51,0.48,0.18,False,0.075,False,0.055,False,0.52,8.0,Data obfuscation: coarsened location; privacy exposure -0.14; Encryption: encrypted payloads; latency +8 ms; energy +0.045 mJ
EXP_20260513_180105_90f400,1,37,37.0,17,porter,105.303,37.119,93.922,0.89,Emergency-zone,0.58,none,False,0.2862,False,none,0.65,61.879,16.155,78.034,False,0.22475,0.66667,0.35,0.65,0.51,0.48,0.18,False,0.075,False,0.055,False,0.52,8.0,Data obfuscation: coarsened location; privacy exposure -0.14; Encryption: encrypted payloads; latency +8 ms; energy +0.045 mJ
EXP_20260513_180105_90f400,1,37,37.0,18,physician,115.005,37.188,94.108,1.162,Radiology-zone,0.46,none,False,0.2471,False,none,0.65,49.345,16.003,65.348,False,0.22475,0.66667,0.35,0.65,0.51,0.48,0.18,False,0.075,False,0.055,False,0.52,8.0,Data obfuscation: coarsened location; privacy exposure -0.14; Encryption: encrypted payloads; latency +8 ms; energy +0.045 mJ
EXP_20260513_180105_90f400,1,37,37.0,19,nurse,98.422,37.491,94.405,1.12,Surgery-zone,0.299,none,False,0.2646,False,none,0.65,59.105,17.479,76.584,False,0.22475,0.66667,0.35,0.65,0.51,0.48,0.18,False,0.075,False,0.055,False,0.52,8.0,Data obfuscation: coarsened location; privacy exposure -0.14; Encryption: encrypted payloads; latency +8 ms; energy +0.045 mJ
EXP_20260513_180105_90f400,1,37,37.0,20,technician,104.103,37.118,94.074,1.444,Surgery-zone,0.428,none,False,0.2708,False,none,0.65,64.39,16.732,81.122,False,0.22475,0.66667,0.35,0.65,0.51,0.48,0.18,False,0.075,False,0.055,False,0.52,8.0,Data obfuscation: coarsened location; privacy exposure -0.14; Encryption: encrypted payloads; latency +8 ms; energy +0.045 mJ
EXP_20260513_180105_90f400,1,38,38.0,1,nurse,81.019,37.148,96.675,1.125,Pharmacy-zone,0.056,none,False,0.0657,False,none,0.65,49.764,17.615,67.379,False,0.22475,0.66667,0.35,0.65,0.51,0.48,0.18,False,0.075,False,0.055,False,0.52,8.0,Data obfuscation: coarsened location; privacy exposure -0.14; Encryption: encrypted payloads; latency +8 ms; energy +0.045 mJ
EXP_20260513_180105_90f400,1,38,38.0,2,porter,112.509,37.181,96.037,1.488,Pharmacy-zone,0.84,none,False,0.2242,False,none,0.65,42.289,14.277,56.566,False,0.22475,0.66667,0.35,0.65,0.51,0.48,0.18,False,0.075,True,0.055,False,0.52,8.0,Data obfuscation: coarsened location; privacy exposure -0.14; Encryption: encrypted payloads; latency +8 ms; energy +0.045 mJ
EXP_20260513_180105_90f400,1,38,38.0,3,technician,103.076,38.983,97.885,1.47,Ward-A-zone,0.876,none,False,0.3518,False,none,0.65,63.348,13.22,76.568,False,0.22475,0.66667,0.35,0.65,0.51,0.48,0.18,False,0.075,False,0.055,True,0.52,8.0,Data obfuscation: coarsened location; privacy exposure -0.14; Encryption: encrypted payloads; latency +8 ms; energy +0.045 mJ
EXP_20260513_180105_90f400,1,38,38.0,4,porter,107.169,37.108,94.886,1.324,Surgery-zone,0.333,none,False,0.2527,False,none,0.65,52.719,14.813,67.532,False,0.22475,0.66667,0.35,0.65,0.51,0.48,0.18,False,0.075,False,0.055,False,0.52,8.0,Data obfuscation: coarsened location; privacy exposure -0.14; Encryption: encrypted payloads; latency +8 ms; energy +0.045 mJ
EXP_20260513_180105_90f400,1,38,38.0,5,technician,101.12,37.69,94.865,1.377,Emergency-zone,0.393,none,False,0.2873,False,none,0.65,50.801,16.788,67.589,False,0.22475,0.66667,0.35,0.65,0.51,0.48,0.18,False,0.075,False,0.055,False,0.52,8.0,Data obfuscation: coarsened location; privacy exposure -0.14; Encryption: encrypted payloads; latency +8 ms; energy +0.045 mJ
EXP_20260513_180105_90f400,1,38,38.0,6,porter,110.465,37.17,93.919,1.791,Emergency-zone,0.681,none,False,0.34,False,none,0.65,51.404,14.667,66.07,False,0.22475,0.66667,0.35,0.65,0.51,0.48,0.18,False,0.075,False,0.055,False,0.52,8.0,Data obfuscation: coarsened location; privacy exposure -0.14; Encryption: encrypted payloads; latency +8 ms; energy +0.045 mJ
EXP_20260513_180105_90f400,1,38,38.0,7,porter,109.614,37.17,95.236,1.68,Radiology-zone,0.508,none,False,0.2205,False,none,0.65,48.275,15.632,63.908,False,0.22475,0.66667,0.35,0.65,0.51,0.48,0.18,False,0.075,False,0.055,False,0.52,8.0,Data obfuscation: coarsened location; privacy exposure -0.14; Encryption: encrypted payloads; latency +8 ms; energy +0.045 mJ
EXP_20260513_180105_90f400,1,38,38.0,8,porter,105.546,37.167,95.721,1.212,Ward-A-zone,0.566,none,False,0.181,False,none,0.65,54.352,12.844,67.196,False,0.22475,0.66667,0.35,0.65,0.51,0.48,0.18,False,0.075,False,0.055,False,0.52,8.0,Data obfuscation: coarsened location; privacy exposure -0.14; Encryption: encrypted payloads; latency +8 ms; energy +0.045 mJ
EXP_20260513_180105_90f400,1,38,38.0,9,technician,96.01,37.231,96.331,0.453,Ward-A-zone,0.218,none,False,0.123,False,none,0.65,55.99,16.098,72.088,False,0.22475,0.66667,0.35,0.65,0.51,0.48,0.18,False,0.075,False,0.055,False,0.52,8.0,Data obfuscation: coarsened location; privacy exposure -0.14; Encryption: encrypted payloads; latency +8 ms; energy +0.045 mJ
EXP_20260513_180105_90f400,1,38,38.0,10,nurse,102.613,37.415,95.897,1.251,Pharmacy-zone,0.468,none,False,0.1819,False,none,0.65,48.061,15.522,63.583,False,0.22475,0.66667,0.35,0.65,0.51,0.48,0.18,False,0.075,False,0.055,False,0.52,8.0,Data obfuscation: coarsened location; privacy exposure -0.14; Encryption: encrypted payloads; latency +8 ms; energy +0.045 mJ
EXP_20260513_180105_90f400,1,38,38.0,11,cleaning_staff,101.518,36.962,94.103,1.07,Emergency-zone,0.451,none,False,0.2494,False,none,0.65,67.664,13.819,81.483,False,0.22475,0.66667,0.35,0.65,0.51,0.48,0.18,False,0.075,False,0.055,False,0.52,8.0,Data obfuscation: coarsened location; privacy exposure -0.14; Encryption: encrypted payloads; latency +8 ms; energy +0.045 mJ
EXP_20260513_180105_90f400,1,38,38.0,12,technician,100.737,37.312,96.018,1.262,Radiology-zone,0.554,none,False,0.1694,False,none,0.65,35.403,14.98,50.383,False,0.22475,0.66667,0.35,0.65,0.51,0.48,0.18,False,0.075,False,0.055,False,0.52,8.0,Data obfuscation: coarsened location; privacy exposure -0.14; Encryption: encrypted payloads; latency +8 ms; energy +0.045 mJ
EXP_20260513_180105_90f400,1,38,38.0,13,physician,92.579,36.862,95.821,0.979,ICU-zone,0.26,none,False,0.1645,False,none,0.65,64.719,13.674,78.393,False,0.22475,0.66667,0.35,0.65,0.51,0.48,0.18,False,0.075,False,0.055,False,0.52,8.0,Data obfuscation: coarsened location; privacy exposure -0.14; Encryption: encrypted payloads; latency +8 ms; energy +0.045 mJ
EXP_20260513_180105_90f400,1,38,38.0,14,technician,98.022,36.974,95.495,1.053,Radiology-zone,0.384,none,False,0.1326,False,none,0.65,54.547,12.971,67.518,False,0.22475,0.66667,0.35,0.65,0.51,0.48,0.18,False,0.075,False,0.055,False,0.52,8.0,Data obfuscation: coarsened location; privacy exposure -0.14; Encryption: encrypted payloads; latency +8 ms; energy +0.045 mJ
EXP_20260513_180105_90f400,1,38,38.0,15,physician,104.295,37.589,93.751,1.33,ICU-zone,0.609,none,False,0.3303,False,none,0.65,64.173,13.844,78.017,False,0.22475,0.66667,0.35,0.65,0.51,0.48,0.18,False,0.075,False,0.055,False,0.52,8.0,Data obfuscation: coarsened location; privacy exposure -0.14; Encryption: encrypted payloads; latency +8 ms; energy +0.045 mJ
EXP_20260513_180105_90f400,1,38,38.0,16,physician,93.469,37.182,94.161,1.0,Emergency-zone,0.378,none,False,0.2307,False,none,0.65,52.032,13.36,65.392,False,0.22475,0.66667,0.35,0.65,0.51,0.48,0.18,False,0.075,False,0.055,False,0.52,8.0,Data obfuscation: coarsened location; privacy exposure -0.14; Encryption: encrypted payloads; latency +8 ms; energy +0.045 mJ
EXP_20260513_180105_90f400,1,38,38.0,17,porter,100.903,37.063,94.046,1.307,Surgery-zone,0.385,none,False,0.2496,False,none,0.65,53.616,16.103,69.718,False,0.22475,0.66667,0.35,0.65,0.51,0.48,0.18,False,0.075,False,0.055,False,0.52,8.0,Data obfuscation: coarsened location; privacy exposure -0.14; Encryption: encrypted payloads; latency +8 ms; energy +0.045 mJ
EXP_20260513_180105_90f400,1,38,38.0,18,physician,119.742,37.282,94.072,1.597,Radiology-zone,0.624,none,False,0.2963,False,none,0.65,32.677,12.174,44.851,False,0.22475,0.66667,0.35,0.65,0.51,0.48,0.18,False,0.075,False,0.055,False,0.52,8.0,Data obfuscation: coarsened location; privacy exposure -0.14; Encryption: encrypted payloads; latency +8 ms; energy +0.045 mJ
EXP_20260513_180105_90f400,1,38,38.0,19,nurse,104.832,37.572,94.352,0.71,Surgery-zone,0.535,none,False,0.3116,False,none,0.65,51.93,14.266,66.196,False,0.22475,0.66667,0.35,0.65,0.51,0.48,0.18,False,0.075,False,0.055,False,0.52,8.0,Data obfuscation: coarsened location; privacy exposure -0.14; Encryption: encrypted payloads; latency +8 ms; energy +0.045 mJ
EXP_20260513_180105_90f400,1,38,38.0,20,technician,101.331,37.133,93.871,0.423,Surgery-zone,0.303,none,False,0.256,False,none,0.65,55.771,14.825,70.596,False,0.22475,0.66667,0.35,0.65,0.51,0.48,0.18,False,0.075,True,0.055,False,0.52,8.0,Data obfuscation: coarsened location; privacy exposure -0.14; Encryption: encrypted payloads; latency +8 ms; energy +0.045 mJ
EXP_20260513_180105_90f400,1,39,39.0,1,nurse,83.679,37.225,96.725,1.134,Pharmacy-zone,0.174,none,False,0.0805,False,none,0.65,56.283,15.543,71.826,False,0.22475,0.66667,0.35,0.65,0.51,0.48,0.18,False,0.075,False,0.055,False,0.52,8.0,Data obfuscation: coarsened location; privacy exposure -0.14; Encryption: encrypted payloads; latency +8 ms; energy +0.045 mJ
EXP_20260513_180105_90f400,1,39,39.0,2,porter,109.916,37.146,96.049,2.033,Pharmacy-zone,0.758,none,False,0.0,False,no_assessment_packet_loss,0.65,57.898,0.0,57.898,True,0.22475,0.66667,0.35,0.65,0.51,0.48,0.18,False,0.075,False,0.055,False,0.52,8.0,Data obfuscation: coarsened location; privacy exposure -0.14; Encryption: encrypted payloads; latency +8 ms; energy +0.045 mJ
EXP_20260513_180105_90f400,1,39,39.0,3,technician,110.466,39.049,87.279,3.342,Ward-A-zone,0.749,none,False,0.6955,True,fall_detection_alert,0.65,43.967,13.782,57.749,False,0.22475,0.66667,0.35,0.65,0.51,0.48,0.18,False,0.075,False,0.055,True,0.52,8.0,Data obfuscation: coarsened location; privacy exposure -0.14; Encryption: encrypted payloads; latency +8 ms; energy +0.045 mJ
EXP_20260513_180105_90f400,1,39,39.0,4,porter,112.978,37.228,94.745,0.796,Surgery-zone,0.528,none,False,0.3004,False,none,0.65,53.81,17.99,71.8,False,0.22475,0.66667,0.35,0.65,0.51,0.48,0.18,False,0.075,False,0.055,False,0.52,8.0,Data obfuscation: coarsened location; privacy exposure -0.14; Encryption: encrypted payloads; latency +8 ms; energy +0.045 mJ
EXP_20260513_180105_90f400,1,39,39.0,5,technician,103.916,37.676,94.924,1.25,Emergency-zone,0.464,none,False,0.2994,False,none,0.65,68.389,13.485,81.874,False,0.22475,0.66667,0.35,0.65,0.51,0.48,0.18,False,0.075,False,0.055,False,0.52,8.0,Data obfuscation: coarsened location; privacy exposure -0.14; Encryption: encrypted payloads; latency +8 ms; energy +0.045 mJ
EXP_20260513_180105_90f400,1,39,39.0,6,porter,107.725,37.187,94.284,0.619,Emergency-zone,0.584,none,False,0.2927,False,none,0.65,39.09,14.774,53.863,False,0.22475,0.66667,0.35,0.65,0.51,0.48,0.18,False,0.075,False,0.055,False,0.52,8.0,Data obfuscation: coarsened location; privacy exposure -0.14; Encryption: encrypted payloads; latency +8 ms; energy +0.045 mJ
EXP_20260513_180105_90f400,1,39,39.0,7,porter,109.029,37.186,95.224,0.894,Radiology-zone,0.455,none,False,0.1993,False,none,0.65,60.841,15.878,76.719,False,0.22475,0.66667,0.35,0.65,0.51,0.48,0.18,False,0.075,False,0.055,False,0.52,8.0,Data obfuscation: coarsened location; privacy exposure -0.14; Encryption: encrypted payloads; latency +8 ms; energy +0.045 mJ
EXP_20260513_180105_90f400,1,39,39.0,8,porter,116.873,37.624,99.145,1.816,Emergency-zone,0.861,none,False,0.3678,False,none,0.65,57.435,13.115,70.551,False,0.22475,0.66667,0.35,0.65,0.51,0.48,0.18,False,0.075,False,0.055,True,0.52,8.0,Data obfuscation: coarsened location; privacy exposure -0.14; Encryption: encrypted payloads; latency +8 ms; energy +0.045 mJ
EXP_20260513_180105_90f400,1,39,39.0,9,technician,113.126,37.689,94.919,1.315,Ward-A-zone,0.469,high_fatigue,True,0.2665,False,none,0.65,52.047,17.757,69.803,False,0.22475,0.66667,0.35,0.65,0.51,0.48,0.18,False,0.075,False,0.055,False,0.52,8.0,Data obfuscation: coarsened location; privacy exposure -0.14; Encryption: encrypted payloads; latency +8 ms; energy +0.045 mJ
EXP_20260513_180105_90f400,1,39,39.0,10,nurse,112.219,37.476,95.962,1.942,Pharmacy-zone,0.763,none,False,0.273,False,none,0.65,55.72,15.276,70.996,False,0.22475,0.66667,0.35,0.65,0.51,0.48,0.18,False,0.075,False,0.055,False,0.52,8.0,Data obfuscation: coarsened location; privacy exposure -0.14; Encryption: encrypted payloads; latency +8 ms; energy +0.045 mJ
EXP_20260513_180105_90f400,1,39,39.0,11,cleaning_staff,99.775,36.951,94.048,1.077,Emergency-zone,0.367,none,False,0.2388,False,none,0.65,57.028,15.061,72.089,False,0.22475,0.66667,0.35,0.65,0.51,0.48,0.18,False,0.075,False,0.055,False,0.52,8.0,Data obfuscation: coarsened location; privacy exposure -0.14; Encryption: encrypted payloads; latency +8 ms; energy +0.045 mJ
EXP_20260513_180105_90f400,1,39,39.0,12,technician,95.104,37.229,96.297,1.206,Radiology-zone,0.32,none,False,0.1264,False,none,0.65,51.563,15.491,67.054,False,0.22475,0.66667,0.35,0.65,0.51,0.48,0.18,False,0.075,False,0.055,False,0.52,8.0,Data obfuscation: coarsened location; privacy exposure -0.14; Encryption: encrypted payloads; latency +8 ms; energy +0.045 mJ
EXP_20260513_180105_90f400,1,39,39.0,13,physician,97.405,36.819,96.161,1.744,ICU-zone,0.428,none,False,0.21,False,none,0.65,64.394,12.34,76.734,False,0.22475,0.66667,0.35,0.65,0.51,0.48,0.18,False,0.075,False,0.055,False,0.52,8.0,Data obfuscation: coarsened location; privacy exposure -0.14; Encryption: encrypted payloads; latency +8 ms; energy +0.045 mJ
EXP_20260513_180105_90f400,1,39,39.0,14,technician,106.464,37.137,95.24,1.353,Ward-A-zone,0.707,none,False,0.2024,False,none,0.65,43.111,17.116,60.227,False,0.22475,0.66667,0.35,0.65,0.51,0.48,0.18,False,0.075,False,0.055,False,0.52,8.0,Data obfuscation: coarsened location; privacy exposure -0.14; Encryption: encrypted payloads; latency +8 ms; energy +0.045 mJ
EXP_20260513_180105_90f400,1,39,39.0,15,physician,105.698,37.553,93.714,1.864,ICU-zone,0.663,none,False,0.3652,False,none,0.65,54.731,14.736,69.467,False,0.22475,0.66667,0.35,0.65,0.51,0.48,0.18,False,0.075,False,0.055,False,0.52,8.0,Data obfuscation: coarsened location; privacy exposure -0.14; Encryption: encrypted payloads; latency +8 ms; energy +0.045 mJ
EXP_20260513_180105_90f400,1,39,39.0,16,physician,95.214,37.216,93.999,0.889,Radiology-zone,0.386,none,False,0.177,False,none,0.65,48.503,14.906,63.409,False,0.22475,0.66667,0.35,0.65,0.51,0.48,0.18,False,0.075,False,0.055,False,0.52,8.0,Data obfuscation: coarsened location; privacy exposure -0.14; Encryption: encrypted payloads; latency +8 ms; energy +0.045 mJ
EXP_20260513_180105_90f400,1,39,39.0,17,porter,103.38,37.055,93.633,1.122,Surgery-zone,0.461,none,False,0.2725,False,none,0.65,52.918,19.065,71.983,False,0.22475,0.66667,0.35,0.65,0.51,0.48,0.18,False,0.075,False,0.055,False,0.52,8.0,Data obfuscation: coarsened location; privacy exposure -0.14; Encryption: encrypted payloads; latency +8 ms; energy +0.045 mJ
EXP_20260513_180105_90f400,1,39,39.0,18,physician,118.024,37.318,93.861,1.28,Radiology-zone,0.538,none,False,0.2804,False,none,0.65,56.525,16.948,73.473,False,0.22475,0.66667,0.35,0.65,0.51,0.48,0.18,False,0.075,False,0.055,False,0.52,8.0,Data obfuscation: coarsened location; privacy exposure -0.14; Encryption: encrypted payloads; latency +8 ms; energy +0.045 mJ
EXP_20260513_180105_90f400,1,39,39.0,19,nurse,103.894,37.545,94.104,0.769,Ward-B-zone,0.482,none,False,0.241,False,none,0.65,81.292,14.312,95.604,False,0.22475,0.66667,0.35,0.65,0.51,0.48,0.18,False,0.075,False,0.055,False,0.52,8.0,Data obfuscation: coarsened location; privacy exposure -0.14; Encryption: encrypted payloads; latency +8 ms; energy +0.045 mJ
EXP_20260513_180105_90f400,1,39,39.0,20,technician,104.239,37.168,93.773,1.185,Surgery-zone,0.398,none,False,0.2781,False,none,0.65,49.713,14.368,64.081,False,0.22475,0.66667,0.35,0.65,0.51,0.48,0.18,False,0.075,False,0.055,False,0.52,8.0,Data obfuscation: coarsened location; privacy exposure -0.14; Encryption: encrypted payloads; latency +8 ms; energy +0.045 mJ
EXP_20260513_180105_90f400,1,40,40.0,1,nurse,81.875,37.193,96.657,0.861,Pharmacy-zone,0.094,none,False,0.0723,False,none,0.65,49.523,12.497,62.02,False,0.22475,0.66667,0.35,0.65,0.51,0.48,0.18,False,0.075,False,0.055,False,0.52,8.0,Data obfuscation: coarsened location; privacy exposure -0.14; Encryption: encrypted payloads; latency +8 ms; energy +0.045 mJ
EXP_20260513_180105_90f400,1,40,40.0,2,porter,107.326,37.096,95.897,1.298,Pharmacy-zone,0.637,none,False,0.1816,False,none,0.65,64.514,14.921,79.436,False,0.22475,0.66667,0.35,0.65,0.51,0.48,0.18,False,0.075,False,0.055,False,0.52,8.0,Data obfuscation: coarsened location; privacy exposure -0.14; Encryption: encrypted payloads; latency +8 ms; energy +0.045 mJ
EXP_20260513_180105_90f400,1,40,40.0,3,technician,99.447,37.41,94.168,1.633,Ward-A-zone,0.537,none,False,0.2298,False,none,0.65,53.288,18.338,71.625,False,0.22475,0.66667,0.35,0.65,0.51,0.48,0.18,False,0.075,False,0.055,False,0.52,8.0,Data obfuscation: coarsened location; privacy exposure -0.14; Encryption: encrypted payloads; latency +8 ms; energy +0.045 mJ
EXP_20260513_180105_90f400,1,40,40.0,4,porter,109.976,37.161,94.547,1.1,Radiology-zone,0.399,none,False,0.2125,False,none,0.65,54.059,15.01,69.069,False,0.22475,0.66667,0.35,0.65,0.51,0.48,0.18,False,0.075,False,0.055,False,0.52,8.0,Data obfuscation: coarsened location; privacy exposure -0.14; Encryption: encrypted payloads; latency +8 ms; energy +0.045 mJ
EXP_20260513_180105_90f400,1,40,40.0,5,technician,103.003,37.718,94.812,1.017,Emergency-zone,0.421,none,False,0.0,False,no_assessment_packet_loss,0.65,44.698,0.0,44.698,True,0.22475,0.66667,0.35,0.65,0.51,0.48,0.18,False,0.075,False,0.055,False,0.52,8.0,Data obfuscation: coarsened location; privacy exposure -0.14; Encryption: encrypted payloads; latency +8 ms; energy +0.045 mJ
EXP_20260513_180105_90f400,1,40,40.0,6,porter,98.546,36.917,98.337,0.996,Emergency-zone,0.408,none,False,0.1915,False,none,0.65,59.953,11.238,71.191,False,0.22475,0.66667,0.35,0.65,0.51,0.48,0.18,False,0.075,False,0.055,True,0.52,8.0,Data obfuscation: coarsened location; privacy exposure -0.14; Encryption: encrypted payloads; latency +8 ms; energy +0.045 mJ
EXP_20260513_180105_90f400,1,40,40.0,7,porter,112.127,37.218,94.923,1.802,Radiology-zone,0.598,none,False,0.2546,False,none,0.65,52.356,13.673,66.029,False,0.22475,0.66667,0.35,0.65,0.51,0.48,0.18,False,0.075,False,0.055,False,0.52,8.0,Data obfuscation: coarsened location; privacy exposure -0.14; Encryption: encrypted payloads; latency +8 ms; energy +0.045 mJ
EXP_20260513_180105_90f400,1,40,40.0,8,porter,112.972,37.276,95.878,2.358,Emergency-zone,0.837,none,False,0.3578,False,none,0.65,54.668,16.85,71.518,False,0.22475,0.66667,0.35,0.65,0.51,0.48,0.18,False,0.075,False,0.055,False,0.52,8.0,Data obfuscation: coarsened location; privacy exposure -0.14; Encryption: encrypted payloads; latency +8 ms; energy +0.045 mJ
EXP_20260513_180105_90f400,1,40,40.0,9,technician,106.997,37.344,95.962,0.806,Ward-A-zone,0.566,none,False,0.1961,False,none,0.65,53.749,16.397,70.147,False,0.22475,0.66667,0.35,0.65,0.51,0.48,0.18,False,0.075,False,0.055,False,0.52,8.0,Data obfuscation: coarsened location; privacy exposure -0.14; Encryption: encrypted payloads; latency +8 ms; energy +0.045 mJ
EXP_20260513_180105_90f400,1,40,40.0,10,nurse,110.495,37.507,95.71,0.698,Pharmacy-zone,0.74,none,False,0.2406,False,none,0.65,63.281,15.153,78.433,False,0.22475,0.66667,0.35,0.65,0.51,0.48,0.18,False,0.075,False,0.055,False,0.52,8.0,Data obfuscation: coarsened location; privacy exposure -0.14; Encryption: encrypted payloads; latency +8 ms; energy +0.045 mJ
EXP_20260513_180105_90f400,1,40,40.0,11,cleaning_staff,99.627,36.935,94.261,0.187,Emergency-zone,0.369,none,False,0.2335,False,none,0.65,69.855,13.779,83.634,False,0.22475,0.66667,0.35,0.65,0.51,0.48,0.18,False,0.075,False,0.055,False,0.52,8.0,Data obfuscation: coarsened location; privacy exposure -0.14; Encryption: encrypted payloads; latency +8 ms; energy +0.045 mJ
EXP_20260513_180105_90f400,1,40,40.0,12,technician,97.787,37.296,95.836,1.43,Radiology-zone,0.415,none,False,0.1539,False,none,0.65,47.862,13.041,60.903,False,0.22475,0.66667,0.35,0.65,0.51,0.48,0.18,False,0.075,False,0.055,False,0.52,8.0,Data obfuscation: coarsened location; privacy exposure -0.14; Encryption: encrypted payloads; latency +8 ms; energy +0.045 mJ
EXP_20260513_180105_90f400,1,40,40.0,13,physician,119.611,36.924,95.029,4.934,ICU-zone,0.511,fall,True,0.4686,False,none,0.65,46.463,12.365,58.828,False,0.22475,0.66667,0.35,0.65,0.51,0.48,0.18,False,0.075,False,0.055,False,0.52,8.0,Data obfuscation: coarsened location; privacy exposure -0.14; Encryption: encrypted payloads; latency +8 ms; energy +0.045 mJ
EXP_20260513_180105_90f400,1,40,40.0,14,technician,100.129,37.032,95.217,1.425,Radiology-zone,0.462,none,False,0.1562,False,none,0.65,55.076,12.932,68.008,False,0.22475,0.66667,0.35,0.65,0.51,0.48,0.18,False,0.075,False,0.055,False,0.52,8.0,Data obfuscation: coarsened location; privacy exposure -0.14; Encryption: encrypted payloads; latency +8 ms; energy +0.045 mJ
EXP_20260513_180105_90f400,1,40,40.0,15,physician,103.665,37.539,93.839,1.312,ICU-zone,0.612,none,False,0.3217,False,none,0.65,59.727,12.915,72.642,False,0.22475,0.66667,0.35,0.65,0.51,0.48,0.18,False,0.075,False,0.055,False,0.52,8.0,Data obfuscation: coarsened location; privacy exposure -0.14; Encryption: encrypted payloads; latency +8 ms; energy +0.045 mJ
EXP_20260513_180105_90f400,1,40,40.0,16,physician,95.582,37.224,93.954,1.476,Radiology-zone,0.392,none,False,0.1852,False,none,0.65,57.505,12.94,70.444,False,0.22475,0.66667,0.35,0.65,0.51,0.48,0.18,False,0.075,False,0.055,False,0.52,8.0,Data obfuscation: coarsened location; privacy exposure -0.14; Encryption: encrypted payloads; latency +8 ms; energy +0.045 mJ
EXP_20260513_180105_90f400,1,40,40.0,17,porter,102.966,37.068,93.872,1.591,Surgery-zone,0.439,none,False,0.277,False,none,0.65,64.162,13.681,77.843,False,0.22475,0.66667,0.35,0.65,0.51,0.48,0.18,False,0.075,False,0.055,False,0.52,8.0,Data obfuscation: coarsened location; privacy exposure -0.14; Encryption: encrypted payloads; latency +8 ms; energy +0.045 mJ
EXP_20260513_180105_90f400,1,40,40.0,18,physician,115.035,37.24,93.951,1.612,Radiology-zone,0.445,none,False,0.2676,False,none,0.65,48.932,15.776,64.707,False,0.22475,0.66667,0.35,0.65,0.51,0.48,0.18,False,0.075,False,0.055,False,0.52,8.0,Data obfuscation: coarsened location; privacy exposure -0.14; Encryption: encrypted payloads; latency +8 ms; energy +0.045 mJ
EXP_20260513_180105_90f400,1,40,40.0,19,nurse,105.284,37.55,94.16,1.136,Surgery-zone,0.519,none,False,0.3147,False,none,0.65,65.694,16.388,82.082,False,0.22475,0.66667,0.35,0.65,0.51,0.48,0.18,False,0.075,False,0.055,False,0.52,8.0,Data obfuscation: coarsened location; privacy exposure -0.14; Encryption: encrypted payloads; latency +8 ms; energy +0.045 mJ
EXP_20260513_180105_90f400,1,40,40.0,20,technician,97.261,37.017,94.079,0.403,Surgery-zone,0.092,none,False,0.2123,False,none,0.65,39.738,13.211,52.95,False,0.22475,0.66667,0.35,0.65,0.51,0.48,0.18,False,0.075,False,0.055,False,0.52,8.0,Data obfuscation: coarsened location; privacy exposure -0.14; Encryption: encrypted payloads; latency +8 ms; energy +0.045 mJ
EXP_20260513_180105_90f400,1,41,41.0,1,nurse,88.331,37.321,96.609,0.974,Pharmacy-zone,0.345,none,False,0.1122,False,none,0.65,55.834,15.442,71.277,False,0.22475,0.66667,0.35,0.65,0.51,0.48,0.18,False,0.075,False,0.055,False,0.52,8.0,Data obfuscation: coarsened location; privacy exposure -0.14; Encryption: encrypted payloads; latency +8 ms; energy +0.045 mJ
EXP_20260513_180105_90f400,1,41,41.0,2,porter,104.508,37.058,95.929,0.684,Pharmacy-zone,0.541,none,False,0.1611,False,none,0.65,54.359,15.361,69.721,False,0.22475,0.66667,0.35,0.65,0.51,0.48,0.18,False,0.075,False,0.055,False,0.52,8.0,Data obfuscation: coarsened location; privacy exposure -0.14; Encryption: encrypted payloads; latency +8 ms; energy +0.045 mJ
EXP_20260513_180105_90f400,1,41,41.0,3,technician,110.856,37.562,93.79,2.33,Ward-A-zone,1.0,none,False,0.3667,False,none,0.65,58.451,15.548,73.999,False,0.22475,0.66667,0.35,0.65,0.51,0.48,0.18,False,0.075,False,0.055,False,0.52,8.0,Data obfuscation: coarsened location; privacy exposure -0.14; Encryption: encrypted payloads; latency +8 ms; energy +0.045 mJ
EXP_20260513_180105_90f400,1,41,41.0,4,porter,110.878,37.206,94.737,1.521,Surgery-zone,0.426,none,False,0.2917,False,none,0.65,56.305,15.556,71.861,False,0.22475,0.66667,0.35,0.65,0.51,0.48,0.18,False,0.075,False,0.055,False,0.52,8.0,Data obfuscation: coarsened location; privacy exposure -0.14; Encryption: encrypted payloads; latency +8 ms; energy +0.045 mJ
EXP_20260513_180105_90f400,1,41,41.0,5,technician,138.822,37.932,93.259,4.168,Emergency-zone,0.958,fall,True,0.6888,True,fall_detection_alert,0.65,59.044,16.379,75.422,False,0.22475,0.66667,0.35,0.65,0.51,0.48,0.18,False,0.075,False,0.055,False,0.52,8.0,Data obfuscation: coarsened location; privacy exposure -0.14; Encryption: encrypted payloads; latency +8 ms; energy +0.045 mJ
EXP_20260513_180105_90f400,1,41,41.0,6,porter,113.575,37.243,93.889,2.098,Emergency-zone,0.797,none,False,0.385,False,none,0.65,51.219,18.566,69.785,False,0.22475,0.66667,0.35,0.65,0.51,0.48,0.18,False,0.075,False,0.055,False,0.52,8.0,Data obfuscation: coarsened location; privacy exposure -0.14; Encryption: encrypted payloads; latency +8 ms; energy +0.045 mJ
EXP_20260513_180105_90f400,1,41,41.0,7,porter,108.817,37.19,95.326,0.958,Radiology-zone,0.44,none,False,0.1954,False,none,0.65,58.332,16.264,74.596,False,0.22475,0.66667,0.35,0.65,0.51,0.48,0.18,False,0.075,True,0.055,False,0.52,8.0,Data obfuscation: coarsened location; privacy exposure -0.14; Encryption: encrypted payloads; latency +8 ms; energy +0.045 mJ
EXP_20260513_180105_90f400,1,41,41.0,8,porter,107.765,37.187,95.639,1.413,Emergency-zone,0.639,none,False,0.2655,False,none,0.65,52.438,16.506,68.944,False,0.22475,0.66667,0.35,0.65,0.51,0.48,0.18,False,0.075,False,0.055,False,0.52,8.0,Data obfuscation: coarsened location; privacy exposure -0.14; Encryption: encrypted payloads; latency +8 ms; energy +0.045 mJ
EXP_20260513_180105_90f400,1,41,41.0,9,technician,98.323,37.274,96.282,0.837,Ward-A-zone,0.253,none,False,0.1373,False,none,0.65,59.3,15.207,74.507,False,0.22475,0.66667,0.35,0.65,0.51,0.48,0.18,False,0.075,False,0.055,False,0.52,8.0,Data obfuscation: coarsened location; privacy exposure -0.14; Encryption: encrypted payloads; latency +8 ms; energy +0.045 mJ
EXP_20260513_180105_90f400,1,41,41.0,10,nurse,108.856,37.453,95.823,1.462,Pharmacy-zone,0.644,none,False,0.2248,False,none,0.65,62.044,17.579,79.622,False,0.22475,0.66667,0.35,0.65,0.51,0.48,0.18,False,0.075,False,0.055,False,0.52,8.0,Data obfuscation: coarsened location; privacy exposure -0.14; Encryption: encrypted payloads; latency +8 ms; energy +0.045 mJ
EXP_20260513_180105_90f400,1,41,41.0,11,cleaning_staff,103.79,36.117,91.581,1.11,Emergency-zone,0.474,none,False,0.3182,False,none,0.65,46.015,15.002,61.017,False,0.22475,0.66667,0.35,0.65,0.51,0.48,0.18,False,0.075,False,0.055,True,0.52,8.0,Data obfuscation: coarsened location; privacy exposure -0.14; Encryption: encrypted payloads; latency +8 ms; energy +0.045 mJ
EXP_20260513_180105_90f400,1,41,41.0,12,technician,99.57,37.31,95.619,0.821,Radiology-zone,0.434,none,False,0.166,False,none,0.65,47.854,15.391,63.245,False,0.22475,0.66667,0.35,0.65,0.51,0.48,0.18,False,0.075,True,0.055,False,0.52,8.0,Data obfuscation: coarsened location; privacy exposure -0.14; Encryption: encrypted payloads; latency +8 ms; energy +0.045 mJ
EXP_20260513_180105_90f400,1,41,41.0,13,physician,100.293,36.943,95.733,1.136,Radiology-zone,0.514,none,False,0.1439,False,none,0.65,47.346,11.066,58.413,False,0.22475,0.66667,0.35,0.65,0.51,0.48,0.18,False,0.075,False,0.055,False,0.52,8.0,Data obfuscation: coarsened location; privacy exposure -0.14; Encryption: encrypted payloads; latency +8 ms; energy +0.045 mJ
EXP_20260513_180105_90f400,1,41,41.0,14,technician,101.642,37.072,95.472,0.782,Radiology-zone,0.493,none,False,0.1597,False,none,0.65,56.871,9.05,65.922,False,0.22475,0.66667,0.35,0.65,0.51,0.48,0.18,False,0.075,False,0.055,False,0.52,8.0,Data obfuscation: coarsened location; privacy exposure -0.14; Encryption: encrypted payloads; latency +8 ms; energy +0.045 mJ
EXP_20260513_180105_90f400,1,41,41.0,15,physician,102.32,37.499,93.705,1.335,ICU-zone,0.54,none,False,0.3118,False,none,0.65,52.409,14.885,67.294,False,0.22475,0.66667,0.35,0.65,0.51,0.48,0.18,False,0.075,False,0.055,False,0.52,8.0,Data obfuscation: coarsened location; privacy exposure -0.14; Encryption: encrypted payloads; latency +8 ms; energy +0.045 mJ
EXP_20260513_180105_90f400,1,41,41.0,16,physician,98.908,37.26,93.972,1.341,Radiology-zone,0.511,none,False,0.203,False,none,0.65,56.486,14.331,70.817,False,0.22475,0.66667,0.35,0.65,0.51,0.48,0.18,False,0.075,False,0.055,False,0.52,8.0,Data obfuscation: coarsened location; privacy exposure -0.14; Encryption: encrypted payloads; latency +8 ms; energy +0.045 mJ
EXP_20260513_180105_90f400,1,41,41.0,17,porter,112.193,37.205,93.614,2.189,Surgery-zone,0.78,none,False,0.3876,False,none,0.65,63.193,14.925,78.117,False,0.22475,0.66667,0.35,0.65,0.51,0.48,0.18,False,0.075,False,0.055,False,0.52,8.0,Data obfuscation: coarsened location; privacy exposure -0.14; Encryption: encrypted payloads; latency +8 ms; energy +0.045 mJ
EXP_20260513_180105_90f400,1,41,41.0,18,physician,118.068,37.335,93.938,1.157,Radiology-zone,0.512,none,False,0.2786,False,none,0.65,70.557,14.793,85.35,False,0.22475,0.66667,0.35,0.65,0.51,0.48,0.18,False,0.075,True,0.055,False,0.52,8.0,Data obfuscation: coarsened location; privacy exposure -0.14; Encryption: encrypted payloads; latency +8 ms; energy +0.045 mJ
EXP_20260513_180105_90f400,1,41,41.0,19,nurse,102.913,37.533,94.24,0.971,Surgery-zone,0.405,none,False,0.2952,False,none,0.65,50.398,11.885,62.283,False,0.22475,0.66667,0.35,0.65,0.51,0.48,0.18,False,0.075,False,0.055,False,0.52,8.0,Data obfuscation: coarsened location; privacy exposure -0.14; Encryption: encrypted payloads; latency +8 ms; energy +0.045 mJ
EXP_20260513_180105_90f400,1,41,41.0,20,technician,104.187,37.14,94.035,1.253,Surgery-zone,0.376,none,False,0.2677,False,none,0.65,46.008,14.871,60.879,False,0.22475,0.66667,0.35,0.65,0.51,0.48,0.18,False,0.075,False,0.055,False,0.52,8.0,Data obfuscation: coarsened location; privacy exposure -0.14; Encryption: encrypted payloads; latency +8 ms; energy +0.045 mJ
EXP_20260513_180105_90f400,1,42,42.0,1,nurse,83.335,37.261,96.547,0.788,Ward-B-zone,0.161,none,False,0.0828,False,none,0.65,66.165,18.233,84.398,False,0.22475,0.66667,0.35,0.65,0.51,0.48,0.18,False,0.075,False,0.055,False,0.52,8.0,Data obfuscation: coarsened location; privacy exposure -0.14; Encryption: encrypted payloads; latency +8 ms; energy +0.045 mJ
EXP_20260513_180105_90f400,1,42,42.0,2,porter,113.868,37.207,95.581,2.114,Pharmacy-zone,0.878,none,False,0.2824,False,none,0.65,57.243,15.166,72.409,False,0.22475,0.66667,0.35,0.65,0.51,0.48,0.18,False,0.075,False,0.055,False,0.52,8.0,Data obfuscation: coarsened location; privacy exposure -0.14; Encryption: encrypted payloads; latency +8 ms; energy +0.045 mJ
EXP_20260513_180105_90f400,1,42,42.0,3,technician,106.777,37.465,93.95,1.739,Ward-A-zone,0.816,none,False,0.291,False,none,0.65,49.322,12.002,61.324,False,0.22475,0.66667,0.35,0.65,0.51,0.48,0.18,False,0.075,False,0.055,False,0.52,8.0,Data obfuscation: coarsened location; privacy exposure -0.14; Encryption: encrypted payloads; latency +8 ms; energy +0.045 mJ
EXP_20260513_180105_90f400,1,42,42.0,4,porter,114.285,37.26,94.787,1.098,Surgery-zone,0.563,none,False,0.3091,False,none,0.65,46.6,17.349,63.949,False,0.22475,0.66667,0.35,0.65,0.51,0.48,0.18,False,0.075,False,0.055,False,0.52,8.0,Data obfuscation: coarsened location; privacy exposure -0.14; Encryption: encrypted payloads; latency +8 ms; energy +0.045 mJ
EXP_20260513_180105_90f400,1,42,42.0,5,technician,83.749,38.304,99.467,1.126,Ward-B-zone,0.26,none,False,0.1818,False,none,0.65,48.778,13.835,62.613,False,0.22475,0.66667,0.35,0.65,0.51,0.48,0.18,False,0.075,False,0.055,True,0.52,8.0,Data obfuscation: coarsened location; privacy exposure -0.14; Encryption: encrypted payloads; latency +8 ms; energy +0.045 mJ
EXP_20260513_180105_90f400,1,42,42.0,6,porter,110.722,37.196,93.941,1.606,Emergency-zone,0.719,none,False,0.3339,False,none,0.65,57.383,19.905,77.288,False,0.22475,0.66667,0.35,0.65,0.51,0.48,0.18,False,0.075,False,0.055,False,0.52,8.0,Data obfuscation: coarsened location; privacy exposure -0.14; Encryption: encrypted payloads; latency +8 ms; energy +0.045 mJ
EXP_20260513_180105_90f400,1,42,42.0,7,porter,112.867,37.211,94.978,2.482,Radiology-zone,0.61,none,False,0.298,False,none,0.65,51.912,14.244,66.156,False,0.22475,0.66667,0.35,0.65,0.51,0.48,0.18,False,0.075,False,0.055,False,0.52,8.0,Data obfuscation: coarsened location; privacy exposure -0.14; Encryption: encrypted payloads; latency +8 ms; energy +0.045 mJ
EXP_20260513_180105_90f400,1,42,42.0,8,porter,112.327,37.283,95.769,1.508,Emergency-zone,0.814,none,False,0.3048,False,none,0.65,54.895,15.184,70.079,False,0.22475,0.66667,0.35,0.65,0.51,0.48,0.18,False,0.075,False,0.055,False,0.52,8.0,Data obfuscation: coarsened location; privacy exposure -0.14; Encryption: encrypted payloads; latency +8 ms; energy +0.045 mJ
EXP_20260513_180105_90f400,1,42,42.0,9,technician,101.314,37.289,96.396,1.182,Ward-A-zone,0.36,none,False,0.1564,False,none,0.65,44.149,13.441,57.59,False,0.22475,0.66667,0.35,0.65,0.51,0.48,0.18,False,0.075,False,0.055,False,0.52,8.0,Data obfuscation: coarsened location; privacy exposure -0.14; Encryption: encrypted payloads; latency +8 ms; energy +0.045 mJ
EXP_20260513_180105_90f400,1,42,42.0,10,nurse,111.243,37.534,95.708,1.372,Pharmacy-zone,0.721,none,False,0.2444,False,none,0.65,42.155,16.012,58.167,False,0.22475,0.66667,0.35,0.65,0.51,0.48,0.18,False,0.075,False,0.055,False,0.52,8.0,Data obfuscation: coarsened location; privacy exposure -0.14; Encryption: encrypted payloads; latency +8 ms; energy +0.045 mJ
EXP_20260513_180105_90f400,1,42,42.0,11,cleaning_staff,105.005,37.014,93.854,1.2,Emergency-zone,0.508,none,False,0.2727,False,none,0.65,62.692,14.157,76.848,False,0.22475,0.66667,0.35,0.65,0.51,0.48,0.18,False,0.075,False,0.055,False,0.52,8.0,Data obfuscation: coarsened location; privacy exposure -0.14; Encryption: encrypted payloads; latency +8 ms; energy +0.045 mJ
EXP_20260513_180105_90f400,1,42,42.0,12,technician,101.2,37.37,95.88,0.711,Radiology-zone,0.471,none,False,0.1734,False,none,0.65,48.956,13.89,62.846,False,0.22475,0.66667,0.35,0.65,0.51,0.48,0.18,False,0.075,False,0.055,False,0.52,8.0,Data obfuscation: coarsened location; privacy exposure -0.14; Encryption: encrypted payloads; latency +8 ms; energy +0.045 mJ
EXP_20260513_180105_90f400,1,42,42.0,13,physician,98.902,35.537,94.827,0.975,ICU-zone,0.606,none,False,0.2335,False,none,0.65,56.513,15.949,72.463,False,0.22475,0.66667,0.35,0.65,0.51,0.48,0.18,False,0.075,False,0.055,True,0.52,8.0,Data obfuscation: coarsened location; privacy exposure -0.14; Encryption: encrypted payloads; latency +8 ms; energy +0.045 mJ
EXP_20260513_180105_90f400,1,42,42.0,14,technician,102.533,37.07,95.341,0.604,Radiology-zone,0.527,none,False,0.168,False,none,0.65,49.427,15.335,64.763,False,0.22475,0.66667,0.35,0.65,0.51,0.48,0.18,False,0.075,False,0.055,False,0.52,8.0,Data obfuscation: coarsened location; privacy exposure -0.14; Encryption: encrypted payloads; latency +8 ms; energy +0.045 mJ
EXP_20260513_180105_90f400,1,42,42.0,15,physician,100.832,37.501,93.724,2.07,ICU-zone,0.462,none,False,0.3423,False,none,0.65,51.156,13.874,65.031,False,0.22475,0.66667,0.35,0.65,0.51,0.48,0.18,False,0.075,False,0.055,False,0.52,8.0,Data obfuscation: coarsened location; privacy exposure -0.14; Encryption: encrypted payloads; latency +8 ms; energy +0.045 mJ
EXP_20260513_180105_90f400,1,42,42.0,16,physician,100.182,37.304,94.207,1.861,Radiology-zone,0.513,none,False,0.2345,False,none,0.65,55.608,15.975,71.584,False,0.22475,0.66667,0.35,0.65,0.51,0.48,0.18,False,0.075,False,0.055,False,0.52,8.0,Data obfuscation: coarsened location; privacy exposure -0.14; Encryption: encrypted payloads; latency +8 ms; energy +0.045 mJ
EXP_20260513_180105_90f400,1,42,42.0,17,porter,108.547,37.176,93.465,1.627,Surgery-zone,0.627,none,False,0.3307,False,none,0.65,56.947,14.1,71.047,False,0.22475,0.66667,0.35,0.65,0.51,0.48,0.18,False,0.075,False,0.055,False,0.52,8.0,Data obfuscation: coarsened location; privacy exposure -0.14; Encryption: encrypted payloads; latency +8 ms; energy +0.045 mJ
EXP_20260513_180105_90f400,1,42,42.0,18,physician,121.426,37.343,93.798,1.705,Emergency-zone,0.623,none,False,0.0,False,no_assessment_packet_loss,0.65,64.456,0.0,64.456,True,0.22475,0.66667,0.35,0.65,0.51,0.48,0.18,False,0.075,False,0.055,False,0.52,8.0,Data obfuscation: coarsened location; privacy exposure -0.14; Encryption: encrypted payloads; latency +8 ms; energy +0.045 mJ
EXP_20260513_180105_90f400,1,42,42.0,19,nurse,98.029,37.533,94.07,0.288,Surgery-zone,0.22,none,False,0.2695,False,none,0.65,53.613,14.197,67.811,False,0.22475,0.66667,0.35,0.65,0.51,0.48,0.18,False,0.075,False,0.055,False,0.52,8.0,Data obfuscation: coarsened location; privacy exposure -0.14; Encryption: encrypted payloads; latency +8 ms; energy +0.045 mJ
EXP_20260513_180105_90f400,1,42,42.0,20,technician,100.843,37.105,93.871,1.198,Pharmacy-zone,0.232,none,False,0.1798,False,none,0.65,44.521,12.024,56.545,False,0.22475,0.66667,0.35,0.65,0.51,0.48,0.18,False,0.075,False,0.055,False,0.52,8.0,Data obfuscation: coarsened location; privacy exposure -0.14; Encryption: encrypted payloads; latency +8 ms; energy +0.045 mJ
EXP_20260513_180105_90f400,1,43,43.0,1,nurse,82.954,37.197,96.785,0.243,Pharmacy-zone,0.108,none,False,0.0735,False,none,0.65,34.459,11.221,45.679,False,0.22475,0.66667,0.35,0.65,0.51,0.48,0.18,False,0.075,False,0.055,False,0.52,8.0,Data obfuscation: coarsened location; privacy exposure -0.14; Encryption: encrypted payloads; latency +8 ms; energy +0.045 mJ
EXP_20260513_180105_90f400,1,43,43.0,2,porter,105.502,37.106,96.094,1.471,Pharmacy-zone,0.555,none,False,0.1725,False,none,0.65,52.897,13.744,66.642,False,0.22475,0.66667,0.35,0.65,0.51,0.48,0.18,False,0.075,False,0.055,False,0.52,8.0,Data obfuscation: coarsened location; privacy exposure -0.14; Encryption: encrypted payloads; latency +8 ms; energy +0.045 mJ
EXP_20260513_180105_90f400,1,43,43.0,3,technician,106.508,37.442,94.171,1.883,Pharmacy-zone,0.798,none,False,0.2906,False,none,0.65,57.753,15.532,73.285,False,0.22475,0.66667,0.35,0.65,0.51,0.48,0.18,False,0.075,False,0.055,False,0.52,8.0,Data obfuscation: coarsened location; privacy exposure -0.14; Encryption: encrypted payloads; latency +8 ms; energy +0.045 mJ
EXP_20260513_180105_90f400,1,43,43.0,4,porter,112.694,37.268,94.684,1.177,Surgery-zone,0.48,none,False,0.301,False,none,0.65,68.868,14.927,83.795,False,0.22475,0.66667,0.35,0.65,0.51,0.48,0.18,False,0.075,False,0.055,False,0.52,8.0,Data obfuscation: coarsened location; privacy exposure -0.14; Encryption: encrypted payloads; latency +8 ms; energy +0.045 mJ
EXP_20260513_180105_90f400,1,43,43.0,5,technician,104.313,37.775,94.698,1.079,Emergency-zone,0.436,none,False,0.313,False,none,0.65,48.22,13.657,61.876,False,0.22475,0.66667,0.35,0.65,0.51,0.48,0.18,False,0.075,False,0.055,False,0.52,8.0,Data obfuscation: coarsened location; privacy exposure -0.14; Encryption: encrypted payloads; latency +8 ms; energy +0.045 mJ
EXP_20260513_180105_90f400,1,43,43.0,6,porter,107.546,37.177,94.132,0.722,Emergency-zone,0.585,none,False,0.2948,False,none,0.65,48.569,13.966,62.535,False,0.22475,0.66667,0.35,0.65,0.51,0.48,0.18,False,0.075,False,0.055,False,0.52,8.0,Data obfuscation: coarsened location; privacy exposure -0.14; Encryption: encrypted payloads; latency +8 ms; energy +0.045 mJ
EXP_20260513_180105_90f400,1,43,43.0,7,porter,110.753,37.174,94.977,1.2,Radiology-zone,0.515,none,False,0.2142,False,none,0.65,56.281,17.581,73.862,False,0.22475,0.66667,0.35,0.65,0.51,0.48,0.18,False,0.075,False,0.055,False,0.52,8.0,Data obfuscation: coarsened location; privacy exposure -0.14; Encryption: encrypted payloads; latency +8 ms; energy +0.045 mJ
EXP_20260513_180105_90f400,1,43,43.0,8,porter,108.317,37.217,95.769,1.847,Emergency-zone,0.674,none,False,0.2962,False,none,0.65,60.141,18.955,79.096,False,0.22475,0.66667,0.35,0.65,0.51,0.48,0.18,False,0.075,False,0.055,False,0.52,8.0,Data obfuscation: coarsened location; privacy exposure -0.14; Encryption: encrypted payloads; latency +8 ms; energy +0.045 mJ
EXP_20260513_180105_90f400,1,43,43.0,9,technician,97.91,37.276,96.172,1.069,Ward-A-zone,0.253,none,False,0.136,False,none,0.65,61.481,15.609,77.09,False,0.22475,0.66667,0.35,0.65,0.51,0.48,0.18,False,0.075,False,0.055,False,0.52,8.0,Data obfuscation: coarsened location; privacy exposure -0.14; Encryption: encrypted payloads; latency +8 ms; energy +0.045 mJ
EXP_20260513_180105_90f400,1,43,43.0,10,nurse,110.708,37.504,95.696,1.555,Pharmacy-zone,0.66,none,False,0.2457,False,none,0.65,57.369,15.016,72.385,False,0.22475,0.66667,0.35,0.65,0.51,0.48,0.18,False,0.075,True,0.055,False,0.52,8.0,Data obfuscation: coarsened location; privacy exposure -0.14; Encryption: encrypted payloads; latency +8 ms; energy +0.045 mJ
EXP_20260513_180105_90f400,1,43,43.0,11,cleaning_staff,95.09,36.397,93.253,0.031,Emergency-zone,0.359,none,False,0.2404,False,none,0.65,64.063,13.988,78.051,False,0.22475,0.66667,0.35,0.65,0.51,0.48,0.18,False,0.075,False,0.055,True,0.52,8.0,Data obfuscation: coarsened location; privacy exposure -0.14; Encryption: encrypted payloads; latency +8 ms; energy +0.045 mJ
EXP_20260513_180105_90f400,1,43,43.0,12,technician,105.494,37.371,95.684,1.388,Radiology-zone,0.647,none,False,0.2052,False,none,0.65,51.497,15.271,66.767,False,0.22475,0.66667,0.35,0.65,0.51,0.48,0.18,False,0.075,False,0.055,False,0.52,8.0,Data obfuscation: coarsened location; privacy exposure -0.14; Encryption: encrypted payloads; latency +8 ms; energy +0.045 mJ
EXP_20260513_180105_90f400,1,43,43.0,13,physician,98.853,36.944,95.578,1.521,ICU-zone,0.455,none,False,0.213,False,none,0.65,51.338,10.935,62.273,False,0.22475,0.66667,0.35,0.65,0.51,0.48,0.18,False,0.075,False,0.055,False,0.52,8.0,Data obfuscation: coarsened location; privacy exposure -0.14; Encryption: encrypted payloads; latency +8 ms; energy +0.045 mJ
EXP_20260513_180105_90f400,1,43,43.0,14,technician,105.582,37.113,95.304,1.324,Radiology-zone,0.607,none,False,0.1889,False,none,0.65,66.142,19.283,85.425,False,0.22475,0.66667,0.35,0.65,0.51,0.48,0.18,False,0.075,False,0.055,False,0.52,8.0,Data obfuscation: coarsened location; privacy exposure -0.14; Encryption: encrypted payloads; latency +8 ms; energy +0.045 mJ
EXP_20260513_180105_90f400,1,43,43.0,15,physician,103.275,37.507,93.723,1.217,ICU-zone,0.548,none,False,0.316,False,none,0.65,41.34,14.457,55.797,False,0.22475,0.66667,0.35,0.65,0.51,0.48,0.18,False,0.075,False,0.055,False,0.52,8.0,Data obfuscation: coarsened location; privacy exposure -0.14; Encryption: encrypted payloads; latency +8 ms; energy +0.045 mJ
EXP_20260513_180105_90f400,1,43,43.0,16,physician,98.167,36.75,93.573,0.0,Ward-B-zone,0.377,none,False,0.1778,False,none,0.65,55.315,16.935,72.25,False,0.22475,0.66667,0.35,0.65,0.51,0.48,0.18,False,0.075,False,0.055,True,0.52,8.0,Data obfuscation: coarsened location; privacy exposure -0.14; Encryption: encrypted payloads; latency +8 ms; energy +0.045 mJ
EXP_20260513_180105_90f400,1,43,43.0,17,porter,105.755,37.125,93.798,1.022,Surgery-zone,0.515,none,False,0.2869,False,none,0.65,51.759,15.873,67.632,False,0.22475,0.66667,0.35,0.65,0.51,0.48,0.18,False,0.075,True,0.055,False,0.52,8.0,Data obfuscation: coarsened location; privacy exposure -0.14; Encryption: encrypted payloads; latency +8 ms; energy +0.045 mJ
EXP_20260513_180105_90f400,1,43,43.0,18,physician,124.372,37.39,93.838,1.633,Radiology-zone,0.746,none,False,0.3382,False,none,0.65,50.697,16.445,67.142,False,0.22475,0.66667,0.35,0.65,0.51,0.48,0.18,False,0.075,False,0.055,False,0.52,8.0,Data obfuscation: coarsened location; privacy exposure -0.14; Encryption: encrypted payloads; latency +8 ms; energy +0.045 mJ
EXP_20260513_180105_90f400,1,43,43.0,19,nurse,100.47,37.55,94.392,1.028,Surgery-zone,0.33,none,False,0.2795,False,none,0.65,55.892,14.223,70.115,False,0.22475,0.66667,0.35,0.65,0.51,0.48,0.18,False,0.075,False,0.055,False,0.52,8.0,Data obfuscation: coarsened location; privacy exposure -0.14; Encryption: encrypted payloads; latency +8 ms; energy +0.045 mJ
EXP_20260513_180105_90f400,1,43,43.0,20,technician,107.958,37.245,93.443,1.351,Surgery-zone,0.489,none,False,0.3119,False,none,0.65,57.392,18.512,75.905,False,0.22475,0.66667,0.35,0.65,0.51,0.48,0.18,False,0.075,False,0.055,False,0.52,8.0,Data obfuscation: coarsened location; privacy exposure -0.14; Encryption: encrypted payloads; latency +8 ms; energy +0.045 mJ
EXP_20260513_180105_90f400,1,44,44.0,1,nurse,86.74,37.211,96.617,0.936,Pharmacy-zone,0.239,none,False,0.0897,False,none,0.65,70.484,14.775,85.259,False,0.22475,0.66667,0.35,0.65,0.51,0.48,0.18,False,0.075,False,0.055,False,0.52,8.0,Data obfuscation: coarsened location; privacy exposure -0.14; Encryption: encrypted payloads; latency +8 ms; energy +0.045 mJ
EXP_20260513_180105_90f400,1,44,44.0,2,porter,104.126,37.069,96.032,1.03,Pharmacy-zone,0.484,none,False,0.1552,False,none,0.65,52.256,12.35,64.606,False,0.22475,0.66667,0.35,0.65,0.51,0.48,0.18,False,0.075,False,0.055,False,0.52,8.0,Data obfuscation: coarsened location; privacy exposure -0.14; Encryption: encrypted payloads; latency +8 ms; energy +0.045 mJ
EXP_20260513_180105_90f400,1,44,44.0,3,technician,103.242,37.452,94.185,1.557,Ward-A-zone,0.661,none,False,0.2502,False,none,0.65,55.391,14.074,69.465,False,0.22475,0.66667,0.35,0.65,0.51,0.48,0.18,False,0.075,False,0.055,False,0.52,8.0,Data obfuscation: coarsened location; privacy exposure -0.14; Encryption: encrypted payloads; latency +8 ms; energy +0.045 mJ
EXP_20260513_180105_90f400,1,44,44.0,4,porter,113.286,37.24,94.673,1.559,Surgery-zone,0.488,none,False,0.3113,False,none,0.65,62.91,15.895,78.805,False,0.22475,0.66667,0.35,0.65,0.51,0.48,0.18,False,0.075,False,0.055,False,0.52,8.0,Data obfuscation: coarsened location; privacy exposure -0.14; Encryption: encrypted payloads; latency +8 ms; energy +0.045 mJ
EXP_20260513_180105_90f400,1,44,44.0,5,technician,95.663,36.605,90.897,0.864,Emergency-zone,0.296,none,False,0.2934,False,none,0.65,44.337,15.745,60.082,False,0.22475,0.66667,0.35,0.65,0.51,0.48,0.18,False,0.075,False,0.055,True,0.52,8.0,Data obfuscation: coarsened location; privacy exposure -0.14; Encryption: encrypted payloads; latency +8 ms; energy +0.045 mJ
EXP_20260513_180105_90f400,1,44,44.0,6,porter,111.074,37.216,94.011,1.436,Emergency-zone,0.704,none,False,0.3238,False,none,0.65,57.172,15.1,72.272,False,0.22475,0.66667,0.35,0.65,0.51,0.48,0.18,False,0.075,False,0.055,False,0.52,8.0,Data obfuscation: coarsened location; privacy exposure -0.14; Encryption: encrypted payloads; latency +8 ms; energy +0.045 mJ
EXP_20260513_180105_90f400,1,44,44.0,7,porter,107.581,37.169,94.998,1.049,Radiology-zone,0.417,none,False,0.1953,False,none,0.65,48.273,16.497,64.77,False,0.22475,0.66667,0.35,0.65,0.51,0.48,0.18,False,0.075,True,0.055,False,0.52,8.0,Data obfuscation: coarsened location; privacy exposure -0.14; Encryption: encrypted payloads; latency +8 ms; energy +0.045 mJ
EXP_20260513_180105_90f400,1,44,44.0,8,porter,107.845,37.195,95.731,1.283,Radiology-zone,0.639,none,False,0.1963,False,none,0.65,70.055,13.256,83.311,False,0.22475,0.66667,0.35,0.65,0.51,0.48,0.18,False,0.075,False,0.055,False,0.52,8.0,Data obfuscation: coarsened location; privacy exposure -0.14; Encryption: encrypted payloads; latency +8 ms; energy +0.045 mJ
EXP_20260513_180105_90f400,1,44,44.0,9,technician,95.653,37.235,96.255,0.542,Ward-A-zone,0.182,none,False,0.1196,False,none,0.65,61.115,14.604,75.72,False,0.22475,0.66667,0.35,0.65,0.51,0.48,0.18,False,0.075,False,0.055,False,0.52,8.0,Data obfuscation: coarsened location; privacy exposure -0.14; Encryption: encrypted payloads; latency +8 ms; energy +0.045 mJ
EXP_20260513_180105_90f400,1,44,44.0,10,nurse,111.773,37.558,95.541,1.336,Pharmacy-zone,0.717,none,False,0.2521,False,none,0.65,41.918,15.157,57.075,False,0.22475,0.66667,0.35,0.65,0.51,0.48,0.18,False,0.075,False,0.055,False,0.52,8.0,Data obfuscation: coarsened location; privacy exposure -0.14; Encryption: encrypted payloads; latency +8 ms; energy +0.045 mJ
EXP_20260513_180105_90f400,1,44,44.0,11,cleaning_staff,89.092,37.493,91.383,1.412,Emergency-zone,0.437,none,False,0.3127,False,none,0.65,65.277,16.509,81.786,False,0.22475,0.66667,0.35,0.65,0.51,0.48,0.18,False,0.075,False,0.055,True,0.52,8.0,Data obfuscation: coarsened location; privacy exposure -0.14; Encryption: encrypted payloads; latency +8 ms; energy +0.045 mJ
EXP_20260513_180105_90f400,1,44,44.0,12,technician,99.959,37.344,95.87,1.747,Radiology-zone,0.426,none,False,0.1855,False,none,0.65,49.687,13.054,62.741,False,0.22475,0.66667,0.35,0.65,0.51,0.48,0.18,False,0.075,False,0.055,False,0.52,8.0,Data obfuscation: coarsened location; privacy exposure -0.14; Encryption: encrypted payloads; latency +8 ms; energy +0.045 mJ
EXP_20260513_180105_90f400,1,44,44.0,13,physician,99.289,36.931,95.52,1.932,ICU-zone,0.444,none,False,0.2406,False,none,0.65,48.53,20.169,68.699,False,0.22475,0.66667,0.35,0.65,0.51,0.48,0.18,False,0.075,False,0.055,False,0.52,8.0,Data obfuscation: coarsened location; privacy exposure -0.14; Encryption: encrypted payloads; latency +8 ms; energy +0.045 mJ
EXP_20260513_180105_90f400,1,44,44.0,14,technician,102.544,37.094,95.37,1.09,Radiology-zone,0.524,none,False,0.1694,False,none,0.65,61.898,12.89,74.788,False,0.22475,0.66667,0.35,0.65,0.51,0.48,0.18,False,0.075,False,0.055,False,0.52,8.0,Data obfuscation: coarsened location; privacy exposure -0.14; Encryption: encrypted payloads; latency +8 ms; energy +0.045 mJ
EXP_20260513_180105_90f400,1,44,44.0,15,physician,104.353,37.53,93.801,1.246,ICU-zone,0.583,none,False,0.3223,False,none,0.65,53.908,14.661,68.569,False,0.22475,0.66667,0.35,0.65,0.51,0.48,0.18,False,0.075,False,0.055,False,0.52,8.0,Data obfuscation: coarsened location; privacy exposure -0.14; Encryption: encrypted payloads; latency +8 ms; energy +0.045 mJ
EXP_20260513_180105_90f400,1,44,44.0,16,physician,98.323,37.273,93.944,1.334,Radiology-zone,0.408,none,False,0.1959,False,none,0.65,55.505,16.613,72.117,False,0.22475,0.66667,0.35,0.65,0.51,0.48,0.18,False,0.075,False,0.055,False,0.52,8.0,Data obfuscation: coarsened location; privacy exposure -0.14; Encryption: encrypted payloads; latency +8 ms; energy +0.045 mJ
EXP_20260513_180105_90f400,1,44,44.0,17,porter,107.256,37.125,93.588,1.162,Surgery-zone,0.556,none,False,0.2999,False,none,0.65,59.927,16.424,76.35,False,0.22475,0.66667,0.35,0.65,0.51,0.48,0.18,False,0.075,False,0.055,False,0.52,8.0,Data obfuscation: coarsened location; privacy exposure -0.14; Encryption: encrypted payloads; latency +8 ms; energy +0.045 mJ
EXP_20260513_180105_90f400,1,44,44.0,18,physician,122.751,37.334,93.904,1.415,Radiology-zone,0.647,none,False,0.3058,False,none,0.65,54.773,16.917,71.69,False,0.22475,0.66667,0.35,0.65,0.51,0.48,0.18,False,0.075,False,0.055,False,0.52,8.0,Data obfuscation: coarsened location; privacy exposure -0.14; Encryption: encrypted payloads; latency +8 ms; energy +0.045 mJ
EXP_20260513_180105_90f400,1,44,44.0,19,nurse,104.652,37.622,94.122,1.851,Surgery-zone,0.475,none,False,0.3446,False,none,0.65,59.725,14.753,74.479,False,0.22475,0.66667,0.35,0.65,0.51,0.48,0.18,False,0.075,False,0.055,False,0.52,8.0,Data obfuscation: coarsened location; privacy exposure -0.14; Encryption: encrypted payloads; latency +8 ms; energy +0.045 mJ
EXP_20260513_180105_90f400,1,44,44.0,20,technician,110.174,37.229,93.554,1.278,Surgery-zone,0.569,none,False,0.3211,False,none,0.65,59.938,14.045,73.983,False,0.22475,0.66667,0.35,0.65,0.51,0.48,0.18,False,0.075,False,0.055,False,0.52,8.0,Data obfuscation: coarsened location; privacy exposure -0.14; Encryption: encrypted payloads; latency +8 ms; energy +0.045 mJ
EXP_20260513_180105_90f400,1,45,45.0,1,nurse,84.83,37.226,96.538,0.914,Pharmacy-zone,0.183,none,False,0.0811,False,none,0.65,56.239,14.95,71.19,False,0.22475,0.66667,0.35,0.65,0.51,0.48,0.18,False,0.075,False,0.055,False,0.52,8.0,Data obfuscation: coarsened location; privacy exposure -0.14; Encryption: encrypted payloads; latency +8 ms; energy +0.045 mJ
EXP_20260513_180105_90f400,1,45,45.0,2,porter,108.556,37.137,95.738,1.599,Pharmacy-zone,0.658,none,False,0.207,False,none,0.65,53.525,17.097,70.621,False,0.22475,0.66667,0.35,0.65,0.51,0.48,0.18,False,0.075,False,0.055,False,0.52,8.0,Data obfuscation: coarsened location; privacy exposure -0.14; Encryption: encrypted payloads; latency +8 ms; energy +0.045 mJ
EXP_20260513_180105_90f400,1,45,45.0,3,technician,109.324,37.506,94.182,2.003,Ward-A-zone,0.874,none,False,0.3185,False,none,0.65,53.14,14.473,67.613,False,0.22475,0.66667,0.35,0.65,0.51,0.48,0.18,False,0.075,False,0.055,False,0.52,8.0,Data obfuscation: coarsened location; privacy exposure -0.14; Encryption: encrypted payloads; latency +8 ms; energy +0.045 mJ
EXP_20260513_180105_90f400,1,45,45.0,4,porter,112.75,37.327,94.818,0.93,Surgery-zone,0.465,none,False,0.3024,False,none,0.65,52.997,12.737,65.734,False,0.22475,0.66667,0.35,0.65,0.51,0.48,0.18,False,0.075,False,0.055,False,0.52,8.0,Data obfuscation: coarsened location; privacy exposure -0.14; Encryption: encrypted payloads; latency +8 ms; energy +0.045 mJ
EXP_20260513_180105_90f400,1,45,45.0,5,technician,118.217,39.53,94.654,0.992,Emergency-zone,0.47,heat_stress,True,0.5211,False,none,0.65,52.866,11.419,64.284,False,0.22475,0.66667,0.35,0.65,0.51,0.48,0.18,False,0.075,False,0.055,False,0.52,8.0,Data obfuscation: coarsened location; privacy exposure -0.14; Encryption: encrypted payloads; latency +8 ms; energy +0.045 mJ
EXP_20260513_180105_90f400,1,45,45.0,6,porter,110.994,37.227,93.871,1.757,Emergency-zone,0.678,none,False,0.3458,False,none,0.65,72.647,14.353,87.001,False,0.22475,0.66667,0.35,0.65,0.51,0.48,0.18,False,0.075,False,0.055,False,0.52,8.0,Data obfuscation: coarsened location; privacy exposure -0.14; Encryption: encrypted payloads; latency +8 ms; energy +0.045 mJ
EXP_20260513_180105_90f400,1,45,45.0,7,porter,110.419,37.209,95.083,1.222,Radiology-zone,0.521,none,False,0.2139,False,none,0.65,58.541,14.699,73.24,False,0.22475,0.66667,0.35,0.65,0.51,0.48,0.18,False,0.075,False,0.055,False,0.52,8.0,Data obfuscation: coarsened location; privacy exposure -0.14; Encryption: encrypted payloads; latency +8 ms; energy +0.045 mJ
EXP_20260513_180105_90f400,1,45,45.0,8,porter,107.814,37.201,95.868,1.659,Emergency-zone,0.629,none,False,0.276,False,none,0.65,67.681,14.226,81.907,False,0.22475,0.66667,0.35,0.65,0.51,0.48,0.18,False,0.075,False,0.055,False,0.52,8.0,Data obfuscation: coarsened location; privacy exposure -0.14; Encryption: encrypted payloads; latency +8 ms; energy +0.045 mJ
EXP_20260513_180105_90f400,1,45,45.0,9,technician,100.114,37.292,96.128,0.777,Emergency-zone,0.333,none,False,0.2178,False,none,0.65,52.005,16.851,68.856,False,0.22475,0.66667,0.35,0.65,0.51,0.48,0.18,False,0.075,False,0.055,False,0.52,8.0,Data obfuscation: coarsened location; privacy exposure -0.14; Encryption: encrypted payloads; latency +8 ms; energy +0.045 mJ
EXP_20260513_180105_90f400,1,45,45.0,10,nurse,108.506,37.476,95.731,1.292,Pharmacy-zone,0.556,none,False,0.2179,False,none,0.65,43.022,13.161,56.184,False,0.22475,0.66667,0.35,0.65,0.51,0.48,0.18,False,0.075,False,0.055,False,0.52,8.0,Data obfuscation: coarsened location; privacy exposure -0.14; Encryption: encrypted payloads; latency +8 ms; energy +0.045 mJ
EXP_20260513_180105_90f400,1,45,45.0,11,cleaning_staff,102.379,37.006,93.735,0.751,Emergency-zone,0.372,none,False,0.2563,False,none,0.65,52.735,14.916,67.651,False,0.22475,0.66667,0.35,0.65,0.51,0.48,0.18,False,0.075,False,0.055,False,0.52,8.0,Data obfuscation: coarsened location; privacy exposure -0.14; Encryption: encrypted payloads; latency +8 ms; energy +0.045 mJ
EXP_20260513_180105_90f400,1,45,45.0,12,technician,101.02,37.34,95.946,1.704,Radiology-zone,0.395,none,False,0.1823,False,none,0.65,50.023,13.081,63.104,False,0.22475,0.66667,0.35,0.65,0.51,0.48,0.18,False,0.075,False,0.055,False,0.52,8.0,Data obfuscation: coarsened location; privacy exposure -0.14; Encryption: encrypted payloads; latency +8 ms; energy +0.045 mJ
EXP_20260513_180105_90f400,1,45,45.0,13,physician,100.61,35.79,90.184,0.457,ICU-zone,0.602,none,False,0.3483,False,none,0.65,70.651,13.636,84.287,False,0.22475,0.66667,0.35,0.65,0.51,0.48,0.18,False,0.075,False,0.055,True,0.52,8.0,Data obfuscation: coarsened location; privacy exposure -0.14; Encryption: encrypted payloads; latency +8 ms; energy +0.045 mJ
EXP_20260513_180105_90f400,1,45,45.0,14,technician,98.461,37.063,95.303,1.731,Radiology-zone,0.348,none,False,0.1622,False,none,0.65,66.915,14.559,81.474,False,0.22475,0.66667,0.35,0.65,0.51,0.48,0.18,False,0.075,False,0.055,False,0.52,8.0,Data obfuscation: coarsened location; privacy exposure -0.14; Encryption: encrypted payloads; latency +8 ms; energy +0.045 mJ
EXP_20260513_180105_90f400,1,45,45.0,15,physician,91.433,37.238,93.729,0.154,ICU-zone,0.44,none,False,0.2428,False,none,0.65,66.972,15.29,82.261,False,0.22475,0.66667,0.35,0.65,0.51,0.48,0.18,False,0.075,False,0.055,True,0.52,8.0,Data obfuscation: coarsened location; privacy exposure -0.14; Encryption: encrypted payloads; latency +8 ms; energy +0.045 mJ
EXP_20260513_180105_90f400,1,45,45.0,16,physician,102.393,37.307,93.95,2.117,Radiology-zone,0.544,none,False,0.2665,False,none,0.65,67.467,14.805,82.273,False,0.22475,0.66667,0.35,0.65,0.51,0.48,0.18,False,0.075,False,0.055,False,0.52,8.0,Data obfuscation: coarsened location; privacy exposure -0.14; Encryption: encrypted payloads; latency +8 ms; energy +0.045 mJ
EXP_20260513_180105_90f400,1,45,45.0,17,porter,111.454,37.273,93.475,1.848,Surgery-zone,0.697,none,False,0.3676,False,none,0.65,55.087,13.226,68.313,False,0.22475,0.66667,0.35,0.65,0.51,0.48,0.18,False,0.075,False,0.055,False,0.52,8.0,Data obfuscation: coarsened location; privacy exposure -0.14; Encryption: encrypted payloads; latency +8 ms; energy +0.045 mJ
EXP_20260513_180105_90f400,1,45,45.0,18,physician,120.9,37.342,93.531,1.512,Radiology-zone,0.571,none,False,0.3096,False,none,0.65,67.525,13.169,80.695,False,0.22475,0.66667,0.35,0.65,0.51,0.48,0.18,False,0.075,False,0.055,False,0.52,8.0,Data obfuscation: coarsened location; privacy exposure -0.14; Encryption: encrypted payloads; latency +8 ms; energy +0.045 mJ
EXP_20260513_180105_90f400,1,45,45.0,19,nurse,102.229,37.542,94.07,1.593,Surgery-zone,0.364,none,False,0.3068,False,none,0.65,58.915,13.698,72.613,False,0.22475,0.66667,0.35,0.65,0.51,0.48,0.18,False,0.075,False,0.055,False,0.52,8.0,Data obfuscation: coarsened location; privacy exposure -0.14; Encryption: encrypted payloads; latency +8 ms; energy +0.045 mJ
EXP_20260513_180105_90f400,1,45,45.0,20,technician,101.123,37.099,93.786,0.831,Surgery-zone,0.18,none,False,0.2459,False,none,0.65,53.535,16.117,69.652,False,0.22475,0.66667,0.35,0.65,0.51,0.48,0.18,False,0.075,False,0.055,False,0.52,8.0,Data obfuscation: coarsened location; privacy exposure -0.14; Encryption: encrypted payloads; latency +8 ms; energy +0.045 mJ
EXP_20260513_180105_90f400,1,46,46.0,1,nurse,87.277,37.266,96.535,0.739,Ward-A-zone,0.282,none,False,0.0993,False,none,0.65,59.625,14.447,74.073,False,0.22475,0.66667,0.35,0.65,0.51,0.48,0.18,False,0.075,False,0.055,False,0.52,8.0,Data obfuscation: coarsened location; privacy exposure -0.14; Encryption: encrypted payloads; latency +8 ms; energy +0.045 mJ
EXP_20260513_180105_90f400,1,46,46.0,2,porter,112.211,37.172,95.944,1.812,ICU-zone,0.782,none,False,0.307,False,none,0.65,65.626,14.7,80.326,False,0.22475,0.66667,0.35,0.65,0.51,0.48,0.18,False,0.075,False,0.055,False,0.52,8.0,Data obfuscation: coarsened location; privacy exposure -0.14; Encryption: encrypted payloads; latency +8 ms; energy +0.045 mJ
EXP_20260513_180105_90f400,1,46,46.0,3,technician,100.265,37.466,93.972,0.717,Ward-A-zone,0.582,none,False,0.2309,False,none,0.65,43.695,15.348,59.044,False,0.22475,0.66667,0.35,0.65,0.51,0.48,0.18,False,0.075,False,0.055,False,0.52,8.0,Data obfuscation: coarsened location; privacy exposure -0.14; Encryption: encrypted payloads; latency +8 ms; energy +0.045 mJ
EXP_20260513_180105_90f400,1,46,46.0,4,porter,111.311,37.277,94.637,0.814,Emergency-zone,0.372,none,False,0.2908,False,none,0.65,56.115,13.373,69.487,False,0.22475,0.66667,0.35,0.65,0.51,0.48,0.18,False,0.075,False,0.055,False,0.52,8.0,Data obfuscation: coarsened location; privacy exposure -0.14; Encryption: encrypted payloads; latency +8 ms; energy +0.045 mJ
EXP_20260513_180105_90f400,1,46,46.0,5,technician,106.54,37.796,94.723,1.722,ICU-zone,0.458,none,False,0.3435,False,none,0.65,54.924,14.429,69.353,False,0.22475,0.66667,0.35,0.65,0.51,0.48,0.18,False,0.075,False,0.055,False,0.52,8.0,Data obfuscation: coarsened location; privacy exposure -0.14; Encryption: encrypted payloads; latency +8 ms; energy +0.045 mJ
EXP_20260513_180105_90f400,1,46,46.0,6,porter,108.244,37.225,93.997,1.742,Emergency-zone,0.614,none,False,0.3277,False,none,0.65,50.036,16.198,66.234,False,0.22475,0.66667,0.35,0.65,0.51,0.48,0.18,False,0.075,False,0.055,False,0.52,8.0,Data obfuscation: coarsened location; privacy exposure -0.14; Encryption: encrypted payloads; latency +8 ms; energy +0.045 mJ
EXP_20260513_180105_90f400,1,46,46.0,7,porter,113.991,37.264,95.018,0.652,Radiology-zone,0.644,none,False,0.2413,False,none,0.65,47.606,10.136,57.742,False,0.22475,0.66667,0.35,0.65,0.51,0.48,0.18,False,0.075,False,0.055,False,0.52,8.0,Data obfuscation: coarsened location; privacy exposure -0.14; Encryption: encrypted payloads; latency +8 ms; energy +0.045 mJ
EXP_20260513_180105_90f400,1,46,46.0,8,porter,111.751,37.256,95.684,1.915,Emergency-zone,0.806,none,False,0.3269,False,none,0.65,54.426,11.693,66.119,False,0.22475,0.66667,0.35,0.65,0.51,0.48,0.18,False,0.075,False,0.055,False,0.52,8.0,Data obfuscation: coarsened location; privacy exposure -0.14; Encryption: encrypted payloads; latency +8 ms; energy +0.045 mJ
EXP_20260513_180105_90f400,1,46,46.0,9,technician,100.853,37.293,95.837,1.105,Surgery-zone,0.362,none,False,0.2263,False,none,0.65,59.485,15.874,75.359,False,0.22475,0.66667,0.35,0.65,0.51,0.48,0.18,False,0.075,False,0.055,False,0.52,8.0,Data obfuscation: coarsened location; privacy exposure -0.14; Encryption: encrypted payloads; latency +8 ms; energy +0.045 mJ
EXP_20260513_180105_90f400,1,46,46.0,10,nurse,108.343,37.492,95.734,1.765,Pharmacy-zone,0.561,none,False,0.2416,False,none,0.65,43.369,15.893,59.262,False,0.22475,0.66667,0.35,0.65,0.51,0.48,0.18,False,0.075,False,0.055,False,0.52,8.0,Data obfuscation: coarsened location; privacy exposure -0.14; Encryption: encrypted payloads; latency +8 ms; energy +0.045 mJ
EXP_20260513_180105_90f400,1,46,46.0,11,cleaning_staff,98.223,36.969,93.472,0.794,Emergency-zone,0.192,none,False,0.2351,False,none,0.65,58.652,15.2,73.853,False,0.22475,0.66667,0.35,0.65,0.51,0.48,0.18,False,0.075,False,0.055,False,0.52,8.0,Data obfuscation: coarsened location; privacy exposure -0.14; Encryption: encrypted payloads; latency +8 ms; energy +0.045 mJ
EXP_20260513_180105_90f400,1,46,46.0,12,technician,108.121,37.42,95.388,1.492,Radiology-zone,0.68,none,False,0.2337,False,none,0.65,58.315,16.043,74.358,False,0.22475,0.66667,0.35,0.65,0.51,0.48,0.18,False,0.075,False,0.055,False,0.52,8.0,Data obfuscation: coarsened location; privacy exposure -0.14; Encryption: encrypted payloads; latency +8 ms; energy +0.045 mJ
EXP_20260513_180105_90f400,1,46,46.0,13,physician,99.126,36.973,95.702,1.08,ICU-zone,0.392,none,False,0.1994,False,none,0.65,51.193,15.068,66.262,False,0.22475,0.66667,0.35,0.65,0.51,0.48,0.18,False,0.075,False,0.055,False,0.52,8.0,Data obfuscation: coarsened location; privacy exposure -0.14; Encryption: encrypted payloads; latency +8 ms; energy +0.045 mJ
EXP_20260513_180105_90f400,1,46,46.0,14,technician,102.232,37.544,93.195,1.125,Radiology-zone,0.298,high_fatigue,True,0.244,False,none,0.65,60.244,12.457,72.701,False,0.22475,0.66667,0.35,0.65,0.51,0.48,0.18,False,0.075,False,0.055,False,0.52,8.0,Data obfuscation: coarsened location; privacy exposure -0.14; Encryption: encrypted payloads; latency +8 ms; energy +0.045 mJ
EXP_20260513_180105_90f400,1,46,46.0,15,physician,116.331,37.817,91.508,0.808,ICU-zone,0.52,high_fatigue,True,0.4398,False,none,0.65,53.652,13.212,66.864,False,0.22475,0.66667,0.35,0.65,0.51,0.48,0.18,False,0.075,False,0.055,False,0.52,8.0,Data obfuscation: coarsened location; privacy exposure -0.14; Encryption: encrypted payloads; latency +8 ms; energy +0.045 mJ
EXP_20260513_180105_90f400,1,46,46.0,16,physician,99.409,37.306,93.816,0.891,Radiology-zone,0.39,none,False,0.2045,False,none,0.65,46.925,15.251,62.176,False,0.22475,0.66667,0.35,0.65,0.51,0.48,0.18,False,0.075,False,0.055,False,0.52,8.0,Data obfuscation: coarsened location; privacy exposure -0.14; Encryption: encrypted payloads; latency +8 ms; energy +0.045 mJ
EXP_20260513_180105_90f400,1,46,46.0,17,porter,116.37,37.769,92.505,0.852,Surgery-zone,0.398,high_fatigue,True,0.0,False,no_assessment_packet_loss,0.65,63.051,0.0,63.051,True,0.22475,0.66667,0.35,0.65,0.51,0.48,0.18,False,0.075,False,0.055,False,0.52,8.0,Data obfuscation: coarsened location; privacy exposure -0.14; Encryption: encrypted payloads; latency +8 ms; energy +0.045 mJ
EXP_20260513_180105_90f400,1,46,46.0,18,physician,119.078,37.333,93.892,1.809,ICU-zone,0.511,none,False,0.3754,False,none,0.65,58.473,11.772,70.245,False,0.22475,0.66667,0.35,0.65,0.51,0.48,0.18,False,0.075,False,0.055,False,0.52,8.0,Data obfuscation: coarsened location; privacy exposure -0.14; Encryption: encrypted payloads; latency +8 ms; energy +0.045 mJ
EXP_20260513_180105_90f400,1,46,46.0,19,nurse,107.825,37.668,93.777,0.881,Surgery-zone,0.599,none,False,0.3486,False,none,0.65,64.064,13.88,77.944,False,0.22475,0.66667,0.35,0.65,0.51,0.48,0.18,False,0.075,False,0.055,False,0.52,8.0,Data obfuscation: coarsened location; privacy exposure -0.14; Encryption: encrypted payloads; latency +8 ms; energy +0.045 mJ
EXP_20260513_180105_90f400,1,46,46.0,20,technician,104.38,37.136,93.625,1.005,Surgery-zone,0.299,none,False,0.2725,False,none,0.65,68.714,16.174,84.888,False,0.22475,0.66667,0.35,0.65,0.51,0.48,0.18,False,0.075,False,0.055,False,0.52,8.0,Data obfuscation: coarsened location; privacy exposure -0.14; Encryption: encrypted payloads; latency +8 ms; energy +0.045 mJ
EXP_20260513_180105_90f400,1,47,47.0,1,nurse,87.303,37.3,96.679,1.539,Pharmacy-zone,0.303,none,False,0.1124,False,none,0.65,45.459,14.198,59.657,False,0.22475,0.66667,0.35,0.65,0.51,0.48,0.18,False,0.075,False,0.055,False,0.52,8.0,Data obfuscation: coarsened location; privacy exposure -0.14; Encryption: encrypted payloads; latency +8 ms; energy +0.045 mJ
EXP_20260513_180105_90f400,1,47,47.0,2,porter,109.813,37.133,95.836,1.643,Ward-A-zone,0.708,none,False,0.2149,False,none,0.65,56.387,15.754,72.141,False,0.22475,0.66667,0.35,0.65,0.51,0.48,0.18,False,0.075,False,0.055,False,0.52,8.0,Data obfuscation: coarsened location; privacy exposure -0.14; Encryption: encrypted payloads; latency +8 ms; energy +0.045 mJ
EXP_20260513_180105_90f400,1,47,47.0,3,technician,106.534,37.505,93.915,1.209,Ward-A-zone,0.768,none,False,0.2704,False,none,0.65,73.791,17.961,91.752,False,0.22475,0.66667,0.35,0.65,0.51,0.48,0.18,False,0.075,False,0.055,False,0.52,8.0,Data obfuscation: coarsened location; privacy exposure -0.14; Encryption: encrypted payloads; latency +8 ms; energy +0.045 mJ
EXP_20260513_180105_90f400,1,47,47.0,4,porter,124.992,37.745,92.306,1.286,Surgery-zone,0.329,high_fatigue,True,0.4326,False,none,0.65,56.376,14.595,70.971,False,0.22475,0.66667,0.35,0.65,0.51,0.48,0.18,False,0.075,False,0.055,False,0.52,8.0,Data obfuscation: coarsened location; privacy exposure -0.14; Encryption: encrypted payloads; latency +8 ms; energy +0.045 mJ
EXP_20260513_180105_90f400,1,47,47.0,5,technician,108.84,37.824,94.921,1.487,Emergency-zone,0.579,none,False,0.3431,False,none,0.65,53.209,13.381,66.59,False,0.22475,0.66667,0.35,0.65,0.51,0.48,0.18,False,0.075,False,0.055,False,0.52,8.0,Data obfuscation: coarsened location; privacy exposure -0.14; Encryption: encrypted payloads; latency +8 ms; energy +0.045 mJ
EXP_20260513_180105_90f400,1,47,47.0,6,porter,110.509,37.227,93.895,1.372,Emergency-zone,0.666,none,False,0.3207,False,none,0.65,65.07,12.344,77.415,False,0.22475,0.66667,0.35,0.65,0.51,0.48,0.18,False,0.075,False,0.055,False,0.52,8.0,Data obfuscation: coarsened location; privacy exposure -0.14; Encryption: encrypted payloads; latency +8 ms; energy +0.045 mJ
EXP_20260513_180105_90f400,1,47,47.0,7,porter,109.584,37.149,94.998,1.467,Radiology-zone,0.479,none,False,0.209,False,none,0.65,63.961,13.088,77.049,False,0.22475,0.66667,0.35,0.65,0.51,0.48,0.18,False,0.075,False,0.055,False,0.52,8.0,Data obfuscation: coarsened location; privacy exposure -0.14; Encryption: encrypted payloads; latency +8 ms; energy +0.045 mJ
EXP_20260513_180105_90f400,1,47,47.0,8,porter,107.301,37.239,95.909,1.781,Emergency-zone,0.609,none,False,0.2828,False,none,0.65,54.92,16.291,71.211,False,0.22475,0.66667,0.35,0.65,0.51,0.48,0.18,False,0.075,False,0.055,False,0.52,8.0,Data obfuscation: coarsened location; privacy exposure -0.14; Encryption: encrypted payloads; latency +8 ms; energy +0.045 mJ
EXP_20260513_180105_90f400,1,47,47.0,9,technician,105.111,37.397,95.96,1.145,Ward-A-zone,0.551,none,False,0.1932,False,none,0.65,62.487,15.388,77.876,False,0.22475,0.66667,0.35,0.65,0.51,0.48,0.18,False,0.075,False,0.055,False,0.52,8.0,Data obfuscation: coarsened location; privacy exposure -0.14; Encryption: encrypted payloads; latency +8 ms; energy +0.045 mJ
EXP_20260513_180105_90f400,1,47,47.0,10,nurse,116.859,37.586,95.369,1.342,Pharmacy-zone,0.88,none,False,0.2876,False,none,0.65,64.854,17.239,82.093,False,0.22475,0.66667,0.35,0.65,0.51,0.48,0.18,False,0.075,False,0.055,False,0.52,8.0,Data obfuscation: coarsened location; privacy exposure -0.14; Encryption: encrypted payloads; latency +8 ms; energy +0.045 mJ
EXP_20260513_180105_90f400,1,47,47.0,11,cleaning_staff,100.832,37.012,93.556,0.727,Emergency-zone,0.248,none,False,0.2472,False,none,0.65,59.936,15.12,75.055,False,0.22475,0.66667,0.35,0.65,0.51,0.48,0.18,False,0.075,False,0.055,False,0.52,8.0,Data obfuscation: coarsened location; privacy exposure -0.14; Encryption: encrypted payloads; latency +8 ms; energy +0.045 mJ
EXP_20260513_180105_90f400,1,47,47.0,12,technician,100.419,37.359,95.56,0.618,Radiology-zone,0.357,none,False,0.1696,False,none,0.65,57.172,17.149,74.321,False,0.22475,0.66667,0.35,0.65,0.51,0.48,0.18,False,0.075,False,0.055,False,0.52,8.0,Data obfuscation: coarsened location; privacy exposure -0.14; Encryption: encrypted payloads; latency +8 ms; energy +0.045 mJ
EXP_20260513_180105_90f400,1,47,47.0,13,physician,100.36,36.995,95.487,0.127,ICU-zone,0.403,none,False,0.2096,False,none,0.65,54.985,15.539,70.524,False,0.22475,0.66667,0.35,0.65,0.51,0.48,0.18,False,0.075,False,0.055,False,0.52,8.0,Data obfuscation: coarsened location; privacy exposure -0.14; Encryption: encrypted payloads; latency +8 ms; energy +0.045 mJ
EXP_20260513_180105_90f400,1,47,47.0,14,technician,97.496,37.041,95.564,0.563,Radiology-zone,0.285,none,False,0.1261,False,none,0.65,40.06,13.321,53.381,False,0.22475,0.66667,0.35,0.65,0.51,0.48,0.18,False,0.075,False,0.055,False,0.52,8.0,Data obfuscation: coarsened location; privacy exposure -0.14; Encryption: encrypted payloads; latency +8 ms; energy +0.045 mJ
EXP_20260513_180105_90f400,1,47,47.0,15,physician,103.977,37.567,93.68,1.061,ICU-zone,0.572,none,False,0.3264,False,none,0.65,55.568,11.048,66.616,False,0.22475,0.66667,0.35,0.65,0.51,0.48,0.18,False,0.075,True,0.055,False,0.52,8.0,Data obfuscation: coarsened location; privacy exposure -0.14; Encryption: encrypted payloads; latency +8 ms; energy +0.045 mJ
EXP_20260513_180105_90f400,1,47,47.0,16,physician,101.507,37.352,93.975,0.82,Radiology-zone,0.477,none,False,0.2181,False,none,0.65,54.757,14.129,68.886,False,0.22475,0.66667,0.35,0.65,0.51,0.48,0.18,False,0.075,False,0.055,False,0.52,8.0,Data obfuscation: coarsened location; privacy exposure -0.14; Encryption: encrypted payloads; latency +8 ms; energy +0.045 mJ
EXP_20260513_180105_90f400,1,47,47.0,17,porter,109.131,37.226,93.744,1.722,Surgery-zone,0.572,none,False,0.3328,False,none,0.65,60.755,15.565,76.321,False,0.22475,0.66667,0.35,0.65,0.51,0.48,0.18,False,0.075,False,0.055,False,0.52,8.0,Data obfuscation: coarsened location; privacy exposure -0.14; Encryption: encrypted payloads; latency +8 ms; energy +0.045 mJ
EXP_20260513_180105_90f400,1,47,47.0,18,physician,118.146,37.318,93.634,1.15,Radiology-zone,0.431,none,False,0.279,False,none,0.65,49.813,12.878,62.69,False,0.22475,0.66667,0.35,0.65,0.51,0.48,0.18,False,0.075,False,0.055,False,0.52,8.0,Data obfuscation: coarsened location; privacy exposure -0.14; Encryption: encrypted payloads; latency +8 ms; energy +0.045 mJ
EXP_20260513_180105_90f400,1,47,47.0,19,nurse,100.12,37.595,93.908,1.075,Surgery-zone,0.29,none,False,0.2909,False,none,0.65,56.462,10.445,66.907,False,0.22475,0.66667,0.35,0.65,0.51,0.48,0.18,False,0.075,True,0.055,False,0.52,8.0,Data obfuscation: coarsened location; privacy exposure -0.14; Encryption: encrypted payloads; latency +8 ms; energy +0.045 mJ
EXP_20260513_180105_90f400,1,47,47.0,20,technician,111.339,37.31,93.249,1.701,Surgery-zone,0.544,none,False,0.3565,False,none,0.65,50.43,15.563,65.993,False,0.22475,0.66667,0.35,0.65,0.51,0.48,0.18,False,0.075,False,0.055,False,0.52,8.0,Data obfuscation: coarsened location; privacy exposure -0.14; Encryption: encrypted payloads; latency +8 ms; energy +0.045 mJ
EXP_20260513_180105_90f400,1,48,48.0,1,nurse,88.691,37.336,96.609,1.245,Pharmacy-zone,0.339,none,False,0.1144,False,none,0.65,52.786,10.334,63.12,False,0.22475,0.66667,0.35,0.65,0.51,0.48,0.18,False,0.075,False,0.055,False,0.52,8.0,Data obfuscation: coarsened location; privacy exposure -0.14; Encryption: encrypted payloads; latency +8 ms; energy +0.045 mJ
EXP_20260513_180105_90f400,1,48,48.0,2,porter,102.735,37.034,96.005,0.879,Pharmacy-zone,0.451,none,False,0.145,False,none,0.65,45.173,16.445,61.618,False,0.22475,0.66667,0.35,0.65,0.51,0.48,0.18,False,0.075,False,0.055,False,0.52,8.0,Data obfuscation: coarsened location; privacy exposure -0.14; Encryption: encrypted payloads; latency +8 ms; energy +0.045 mJ
EXP_20260513_180105_90f400,1,48,48.0,3,technician,103.283,37.458,93.889,0.874,Ward-A-zone,0.678,none,False,0.2493,False,none,0.65,51.794,16.549,68.344,False,0.22475,0.66667,0.35,0.65,0.51,0.48,0.18,False,0.075,False,0.055,False,0.52,8.0,Data obfuscation: coarsened location; privacy exposure -0.14; Encryption: encrypted payloads; latency +8 ms; energy +0.045 mJ
EXP_20260513_180105_90f400,1,48,48.0,4,porter,118.749,37.401,94.472,1.305,Surgery-zone,0.65,none,False,0.3507,False,none,0.65,51.046,15.338,66.384,False,0.22475,0.66667,0.35,0.65,0.51,0.48,0.18,False,0.075,False,0.055,False,0.52,8.0,Data obfuscation: coarsened location; privacy exposure -0.14; Encryption: encrypted payloads; latency +8 ms; energy +0.045 mJ
EXP_20260513_180105_90f400,1,48,48.0,5,technician,107.936,37.831,94.696,1.532,Emergency-zone,0.501,none,False,0.3434,False,none,0.65,57.35,19.13,76.48,False,0.22475,0.66667,0.35,0.65,0.51,0.48,0.18,False,0.075,False,0.055,False,0.52,8.0,Data obfuscation: coarsened location; privacy exposure -0.14; Encryption: encrypted payloads; latency +8 ms; energy +0.045 mJ
EXP_20260513_180105_90f400,1,48,48.0,6,porter,113.688,37.262,93.783,1.698,Laboratory-zone,0.806,none,False,0.2983,False,none,0.65,67.468,14.729,82.197,False,0.22475,0.66667,0.35,0.65,0.51,0.48,0.18,False,0.075,False,0.055,False,0.52,8.0,Data obfuscation: coarsened location; privacy exposure -0.14; Encryption: encrypted payloads; latency +8 ms; energy +0.045 mJ
EXP_20260513_180105_90f400,1,48,48.0,7,porter,110.573,37.161,95.108,1.337,Radiology-zone,0.502,none,False,0.2084,False,none,0.65,58.61,13.27,71.88,False,0.22475,0.66667,0.35,0.65,0.51,0.48,0.18,False,0.075,False,0.055,False,0.52,8.0,Data obfuscation: coarsened location; privacy exposure -0.14; Encryption: encrypted payloads; latency +8 ms; energy +0.045 mJ
EXP_20260513_180105_90f400,1,48,48.0,8,porter,107.099,37.207,95.647,1.393,Radiology-zone,0.592,none,False,0.1935,False,none,0.65,65.493,14.748,80.241,False,0.22475,0.66667,0.35,0.65,0.51,0.48,0.18,False,0.075,False,0.055,False,0.52,8.0,Data obfuscation: coarsened location; privacy exposure -0.14; Encryption: encrypted payloads; latency +8 ms; energy +0.045 mJ
EXP_20260513_180105_90f400,1,48,48.0,9,technician,92.991,37.081,91.809,1.666,Pharmacy-zone,0.417,none,False,0.227,False,none,0.65,63.884,18.167,82.051,False,0.22475,0.66667,0.35,0.65,0.51,0.48,0.18,False,0.075,False,0.055,True,0.52,8.0,Data obfuscation: coarsened location; privacy exposure -0.14; Encryption: encrypted payloads; latency +8 ms; energy +0.045 mJ
EXP_20260513_180105_90f400,1,48,48.0,10,nurse,110.952,37.51,95.276,1.321,Pharmacy-zone,0.636,none,False,0.2457,False,none,0.65,68.168,17.998,86.167,False,0.22475,0.66667,0.35,0.65,0.51,0.48,0.18,False,0.075,False,0.055,False,0.52,8.0,Data obfuscation: coarsened location; privacy exposure -0.14; Encryption: encrypted payloads; latency +8 ms; energy +0.045 mJ
EXP_20260513_180105_90f400,1,48,48.0,11,cleaning_staff,97.963,36.978,93.652,0.721,Emergency-zone,0.101,none,False,0.2238,False,none,0.65,55.015,16.324,71.339,False,0.22475,0.66667,0.35,0.65,0.51,0.48,0.18,False,0.075,False,0.055,False,0.52,8.0,Data obfuscation: coarsened location; privacy exposure -0.14; Encryption: encrypted payloads; latency +8 ms; energy +0.045 mJ
EXP_20260513_180105_90f400,1,48,48.0,12,technician,103.013,37.406,95.25,1.593,Radiology-zone,0.443,none,False,0.2079,False,none,0.65,58.587,13.872,72.459,False,0.22475,0.66667,0.35,0.65,0.51,0.48,0.18,False,0.075,False,0.055,False,0.52,8.0,Data obfuscation: coarsened location; privacy exposure -0.14; Encryption: encrypted payloads; latency +8 ms; energy +0.045 mJ
EXP_20260513_180105_90f400,1,48,48.0,13,physician,105.686,37.042,95.428,1.088,ICU-zone,0.575,none,False,0.2451,False,none,0.65,53.804,14.645,68.449,False,0.22475,0.66667,0.35,0.65,0.51,0.48,0.18,False,0.075,False,0.055,False,0.52,8.0,Data obfuscation: coarsened location; privacy exposure -0.14; Encryption: encrypted payloads; latency +8 ms; energy +0.045 mJ
EXP_20260513_180105_90f400,1,48,48.0,14,technician,100.962,36.43,97.487,2.734,Radiology-zone,0.663,none,False,0.2323,False,none,0.65,44.229,15.502,59.731,False,0.22475,0.66667,0.35,0.65,0.51,0.48,0.18,False,0.075,False,0.055,True,0.52,8.0,Data obfuscation: coarsened location; privacy exposure -0.14; Encryption: encrypted payloads; latency +8 ms; energy +0.045 mJ
EXP_20260513_180105_90f400,1,48,48.0,15,physician,101.72,37.516,93.881,0.629,ICU-zone,0.511,none,False,0.305,False,none,0.65,55.989,14.269,70.258,False,0.22475,0.66667,0.35,0.65,0.51,0.48,0.18,False,0.075,False,0.055,False,0.52,8.0,Data obfuscation: coarsened location; privacy exposure -0.14; Encryption: encrypted payloads; latency +8 ms; energy +0.045 mJ
EXP_20260513_180105_90f400,1,48,48.0,16,physician,101.418,37.39,93.634,1.399,Radiology-zone,0.441,none,False,0.2267,False,none,0.65,54.965,17.931,72.896,False,0.22475,0.66667,0.35,0.65,0.51,0.48,0.18,False,0.075,False,0.055,False,0.52,8.0,Data obfuscation: coarsened location; privacy exposure -0.14; Encryption: encrypted payloads; latency +8 ms; energy +0.045 mJ
EXP_20260513_180105_90f400,1,48,48.0,17,porter,107.816,37.182,93.376,0.53,Surgery-zone,0.55,none,False,0.3115,False,none,0.65,51.69,15.705,67.394,False,0.22475,0.66667,0.35,0.65,0.51,0.48,0.18,False,0.075,False,0.055,False,0.52,8.0,Data obfuscation: coarsened location; privacy exposure -0.14; Encryption: encrypted payloads; latency +8 ms; energy +0.045 mJ
EXP_20260513_180105_90f400,1,48,48.0,18,physician,124.631,37.378,93.552,1.864,Radiology-zone,0.691,none,False,0.3553,False,none,0.65,64.827,18.657,83.484,False,0.22475,0.66667,0.35,0.65,0.51,0.48,0.18,False,0.075,False,0.055,False,0.52,8.0,Data obfuscation: coarsened location; privacy exposure -0.14; Encryption: encrypted payloads; latency +8 ms; energy +0.045 mJ
EXP_20260513_180105_90f400,1,48,48.0,19,nurse,107.098,37.628,93.998,1.016,Surgery-zone,0.561,none,False,0.3347,False,none,0.65,52.787,11.774,64.561,False,0.22475,0.66667,0.35,0.65,0.51,0.48,0.18,False,0.075,False,0.055,False,0.52,8.0,Data obfuscation: coarsened location; privacy exposure -0.14; Encryption: encrypted payloads; latency +8 ms; energy +0.045 mJ
EXP_20260513_180105_90f400,1,48,48.0,20,technician,111.063,37.312,93.328,1.281,Emergency-zone,0.533,none,False,0.3346,False,none,0.65,54.484,18.509,72.993,False,0.22475,0.66667,0.35,0.65,0.51,0.48,0.18,False,0.075,True,0.055,False,0.52,8.0,Data obfuscation: coarsened location; privacy exposure -0.14; Encryption: encrypted payloads; latency +8 ms; energy +0.045 mJ
EXP_20260513_180105_90f400,1,49,49.0,1,nurse,88.409,37.255,96.695,1.163,Pharmacy-zone,0.321,none,False,0.0,False,no_assessment_packet_loss,0.65,47.892,0.0,47.892,True,0.22475,0.66667,0.35,0.65,0.51,0.48,0.18,False,0.075,False,0.055,False,0.52,8.0,Data obfuscation: coarsened location; privacy exposure -0.14; Encryption: encrypted payloads; latency +8 ms; energy +0.045 mJ
EXP_20260513_180105_90f400,1,49,49.0,2,porter,107.528,37.157,95.952,1.439,Pharmacy-zone,0.605,none,False,0.1867,False,none,0.65,54.267,16.756,71.023,False,0.22475,0.66667,0.35,0.65,0.51,0.48,0.18,False,0.075,False,0.055,False,0.52,8.0,Data obfuscation: coarsened location; privacy exposure -0.14; Encryption: encrypted payloads; latency +8 ms; energy +0.045 mJ
EXP_20260513_180105_90f400,1,49,49.0,3,technician,103.632,37.47,94.194,1.382,Ward-A-zone,0.701,none,False,0.2459,False,none,0.65,58.002,17.462,75.464,False,0.22475,0.66667,0.35,0.65,0.51,0.48,0.18,False,0.075,False,0.055,False,0.52,8.0,Data obfuscation: coarsened location; privacy exposure -0.14; Encryption: encrypted payloads; latency +8 ms; energy +0.045 mJ
EXP_20260513_180105_90f400,1,49,49.0,4,porter,113.222,37.305,94.595,1.959,Surgery-zone,0.427,none,False,0.3393,False,none,0.65,49.993,13.813,63.806,False,0.22475,0.66667,0.35,0.65,0.51,0.48,0.18,False,0.075,False,0.055,False,0.52,8.0,Data obfuscation: coarsened location; privacy exposure -0.14; Encryption: encrypted payloads; latency +8 ms; energy +0.045 mJ
EXP_20260513_180105_90f400,1,49,49.0,5,technician,112.103,38.182,93.506,0.88,Emergency-zone,0.378,high_fatigue,True,0.4008,False,none,0.65,55.939,17.304,73.243,False,0.22475,0.66667,0.35,0.65,0.51,0.48,0.18,False,0.075,False,0.055,False,0.52,8.0,Data obfuscation: coarsened location; privacy exposure -0.14; Encryption: encrypted payloads; latency +8 ms; energy +0.045 mJ
EXP_20260513_180105_90f400,1,49,49.0,6,porter,111.16,37.257,94.107,1.116,Emergency-zone,0.692,none,False,0.3224,False,none,0.65,57.22,17.281,74.502,False,0.22475,0.66667,0.35,0.65,0.51,0.48,0.18,False,0.075,False,0.055,False,0.52,8.0,Data obfuscation: coarsened location; privacy exposure -0.14; Encryption: encrypted payloads; latency +8 ms; energy +0.045 mJ
EXP_20260513_180105_90f400,1,49,49.0,7,porter,109.663,37.213,95.139,1.376,Surgery-zone,0.461,none,False,0.2735,False,none,0.65,65.316,15.68,80.996,False,0.22475,0.66667,0.35,0.65,0.51,0.48,0.18,False,0.075,False,0.055,False,0.52,8.0,Data obfuscation: coarsened location; privacy exposure -0.14; Encryption: encrypted payloads; latency +8 ms; energy +0.045 mJ
EXP_20260513_180105_90f400,1,49,49.0,8,porter,117.813,37.65,94.708,1.433,Emergency-zone,0.509,high_fatigue,True,0.3565,False,none,0.65,63.622,13.549,77.171,False,0.22475,0.66667,0.35,0.65,0.51,0.48,0.18,False,0.075,False,0.055,False,0.52,8.0,Data obfuscation: coarsened location; privacy exposure -0.14; Encryption: encrypted payloads; latency +8 ms; energy +0.045 mJ
EXP_20260513_180105_90f400,1,49,49.0,9,technician,94.939,37.273,96.356,1.002,Ward-A-zone,0.142,none,False,0.1178,False,none,0.65,49.989,15.34,65.329,False,0.22475,0.66667,0.35,0.65,0.51,0.48,0.18,False,0.075,False,0.055,False,0.52,8.0,Data obfuscation: coarsened location; privacy exposure -0.14; Encryption: encrypted payloads; latency +8 ms; energy +0.045 mJ
EXP_20260513_180105_90f400,1,49,49.0,10,nurse,109.66,37.535,95.655,0.836,Pharmacy-zone,0.573,none,False,0.2302,False,none,0.65,77.139,14.785,91.924,False,0.22475,0.66667,0.35,0.65,0.51,0.48,0.18,False,0.075,False,0.055,False,0.52,8.0,Data obfuscation: coarsened location; privacy exposure -0.14; Encryption: encrypted payloads; latency +8 ms; energy +0.045 mJ
EXP_20260513_180105_90f400,1,49,49.0,11,cleaning_staff,104.313,37.047,93.511,1.367,Emergency-zone,0.375,none,False,0.2722,False,none,0.65,51.806,17.033,68.839,False,0.22475,0.66667,0.35,0.65,0.51,0.48,0.18,False,0.075,False,0.055,False,0.52,8.0,Data obfuscation: coarsened location; privacy exposure -0.14; Encryption: encrypted payloads; latency +8 ms; energy +0.045 mJ
EXP_20260513_180105_90f400,1,49,49.0,12,technician,101.405,37.364,95.617,1.256,Radiology-zone,0.358,none,False,0.1722,False,none,0.65,36.643,12.877,49.52,False,0.22475,0.66667,0.35,0.65,0.51,0.48,0.18,False,0.075,False,0.055,False,0.52,8.0,Data obfuscation: coarsened location; privacy exposure -0.14; Encryption: encrypted payloads; latency +8 ms; energy +0.045 mJ
EXP_20260513_180105_90f400,1,49,49.0,13,physician,100.697,36.991,95.747,1.031,ICU-zone,0.368,none,False,0.2023,False,none,0.65,42.694,15.17,57.865,False,0.22475,0.66667,0.35,0.65,0.51,0.48,0.18,False,0.075,False,0.055,False,0.52,8.0,Data obfuscation: coarsened location; privacy exposure -0.14; Encryption: encrypted payloads; latency +8 ms; energy +0.045 mJ
EXP_20260513_180105_90f400,1,49,49.0,14,technician,101.02,37.085,95.19,0.762,Radiology-zone,0.378,none,False,0.1575,False,none,0.65,49.325,14.251,63.575,False,0.22475,0.66667,0.35,0.65,0.51,0.48,0.18,False,0.075,False,0.055,False,0.52,8.0,Data obfuscation: coarsened location; privacy exposure -0.14; Encryption: encrypted payloads; latency +8 ms; energy +0.045 mJ
EXP_20260513_180105_90f400,1,49,49.0,15,physician,101.334,37.537,93.876,1.474,ICU-zone,0.494,none,False,0.3091,False,none,0.65,54.821,16.44,71.261,False,0.22475,0.66667,0.35,0.65,0.51,0.48,0.18,False,0.075,False,0.055,False,0.52,8.0,Data obfuscation: coarsened location; privacy exposure -0.14; Encryption: encrypted payloads; latency +8 ms; energy +0.045 mJ
EXP_20260513_180105_90f400,1,49,49.0,16,physician,102.881,37.386,93.6,1.21,Radiology-zone,0.523,none,False,0.0,False,no_assessment_packet_loss,0.65,66.405,0.0,66.405,True,0.22475,0.66667,0.35,0.65,0.51,0.48,0.18,False,0.075,False,0.055,False,0.52,8.0,Data obfuscation: coarsened location; privacy exposure -0.14; Encryption: encrypted payloads; latency +8 ms; energy +0.045 mJ
EXP_20260513_180105_90f400,1,49,49.0,17,porter,110.277,37.231,93.586,1.389,Surgery-zone,0.633,none,False,0.3252,False,none,0.65,62.66,16.056,78.716,False,0.22475,0.66667,0.35,0.65,0.51,0.48,0.18,False,0.075,False,0.055,False,0.52,8.0,Data obfuscation: coarsened location; privacy exposure -0.14; Encryption: encrypted payloads; latency +8 ms; energy +0.045 mJ
EXP_20260513_180105_90f400,1,49,49.0,18,physician,125.983,37.435,93.436,1.193,Radiology-zone,0.735,none,False,0.3421,False,none,0.65,61.489,14.732,76.221,False,0.22475,0.66667,0.35,0.65,0.51,0.48,0.18,False,0.075,False,0.055,False,0.52,8.0,Data obfuscation: coarsened location; privacy exposure -0.14; Encryption: encrypted payloads; latency +8 ms; energy +0.045 mJ
EXP_20260513_180105_90f400,1,49,49.0,19,nurse,110.367,37.705,93.921,1.631,Surgery-zone,0.663,none,False,0.376,False,none,0.65,50.851,13.712,64.563,False,0.22475,0.66667,0.35,0.65,0.51,0.48,0.18,False,0.075,False,0.055,False,0.52,8.0,Data obfuscation: coarsened location; privacy exposure -0.14; Encryption: encrypted payloads; latency +8 ms; energy +0.045 mJ
EXP_20260513_180105_90f400,1,49,49.0,20,technician,112.316,37.304,93.471,1.481,Surgery-zone,0.533,none,False,0.3399,False,none,0.65,46.226,16.133,62.359,False,0.22475,0.66667,0.35,0.65,0.51,0.48,0.18,False,0.075,False,0.055,False,0.52,8.0,Data obfuscation: coarsened location; privacy exposure -0.14; Encryption: encrypted payloads; latency +8 ms; energy +0.045 mJ
EXP_20260513_180105_90f400,1,50,50.0,1,nurse,90.875,37.357,96.435,1.461,Pharmacy-zone,0.385,none,False,0.1309,False,none,0.65,46.507,14.133,60.64,False,0.22475,0.66667,0.35,0.65,0.51,0.48,0.18,False,0.075,False,0.055,False,0.52,8.0,Data obfuscation: coarsened location; privacy exposure -0.14; Encryption: encrypted payloads; latency +8 ms; energy +0.045 mJ
EXP_20260513_180105_90f400,1,50,50.0,2,porter,110.938,37.217,95.847,1.54,Pharmacy-zone,0.708,none,False,0.2198,False,none,0.65,53.779,16.408,70.187,False,0.22475,0.66667,0.35,0.65,0.51,0.48,0.18,False,0.075,False,0.055,False,0.52,8.0,Data obfuscation: coarsened location; privacy exposure -0.14; Encryption: encrypted payloads; latency +8 ms; energy +0.045 mJ
EXP_20260513_180105_90f400,1,50,50.0,3,technician,110.477,37.548,93.709,2.12,Radiology-zone,0.927,none,False,0.3482,False,none,0.65,47.631,15.597,63.228,False,0.22475,0.66667,0.35,0.65,0.51,0.48,0.18,False,0.075,False,0.055,False,0.52,8.0,Data obfuscation: coarsened location; privacy exposure -0.14; Encryption: encrypted payloads; latency +8 ms; energy +0.045 mJ
EXP_20260513_180105_90f400,1,50,50.0,4,porter,103.937,36.943,96.546,2.84,Surgery-zone,0.52,none,False,0.307,False,none,0.65,44.354,12.725,57.079,False,0.22475,0.66667,0.35,0.65,0.51,0.48,0.18,False,0.075,False,0.055,True,0.52,8.0,Data obfuscation: coarsened location; privacy exposure -0.14; Encryption: encrypted payloads; latency +8 ms; energy +0.045 mJ
EXP_20260513_180105_90f400,1,50,50.0,5,technician,103.627,37.78,94.774,1.236,Surgery-zone,0.337,none,False,0.3026,False,none,0.65,64.262,15.312,79.574,False,0.22475,0.66667,0.35,0.65,0.51,0.48,0.18,False,0.075,True,0.055,False,0.52,8.0,Data obfuscation: coarsened location; privacy exposure -0.14; Encryption: encrypted payloads; latency +8 ms; energy +0.045 mJ
EXP_20260513_180105_90f400,1,50,50.0,6,porter,113.315,37.283,93.837,1.793,Emergency-zone,0.759,none,False,0.3674,False,none,0.65,63.383,14.803,78.187,False,0.22475,0.66667,0.35,0.65,0.51,0.48,0.18,False,0.075,False,0.055,False,0.52,8.0,Data obfuscation: coarsened location; privacy exposure -0.14; Encryption: encrypted payloads; latency +8 ms; energy +0.045 mJ
EXP_20260513_180105_90f400,1,50,50.0,7,porter,114.113,37.267,94.925,1.648,Radiology-zone,0.629,none,False,0.2585,False,none,0.65,46.68,11.81,58.49,False,0.22475,0.66667,0.35,0.65,0.51,0.48,0.18,False,0.075,False,0.055,False,0.52,8.0,Data obfuscation: coarsened location; privacy exposure -0.14; Encryption: encrypted payloads; latency +8 ms; energy +0.045 mJ
EXP_20260513_180105_90f400,1,50,50.0,8,porter,110.024,37.265,95.665,0.989,Emergency-zone,0.729,none,False,0.285,False,none,0.65,59.576,14.287,73.862,False,0.22475,0.66667,0.35,0.65,0.51,0.48,0.18,False,0.075,False,0.055,False,0.52,8.0,Data obfuscation: coarsened location; privacy exposure -0.14; Encryption: encrypted payloads; latency +8 ms; energy +0.045 mJ
EXP_20260513_180105_90f400,1,50,50.0,9,technician,95.6,37.224,96.188,0.947,Ward-A-zone,0.155,none,False,0.1167,False,none,0.65,56.482,16.277,72.759,False,0.22475,0.66667,0.35,0.65,0.51,0.48,0.18,False,0.075,False,0.055,False,0.52,8.0,Data obfuscation: coarsened location; privacy exposure -0.14; Encryption: encrypted payloads; latency +8 ms; energy +0.045 mJ
EXP_20260513_180105_90f400,1,50,50.0,10,nurse,112.658,37.574,95.628,2.039,Laboratory-zone,0.698,none,False,0.2928,False,none,0.65,37.537,15.499,53.036,False,0.22475,0.66667,0.35,0.65,0.51,0.48,0.18,False,0.075,False,0.055,False,0.52,8.0,Data obfuscation: coarsened location; privacy exposure -0.14; Encryption: encrypted payloads; latency +8 ms; energy +0.045 mJ
EXP_20260513_180105_90f400,1,50,50.0,11,cleaning_staff,103.059,37.004,93.395,0.779,Emergency-zone,0.345,none,False,0.2647,False,none,0.65,63.353,13.967,77.32,False,0.22475,0.66667,0.35,0.65,0.51,0.48,0.18,False,0.075,True,0.055,False,0.52,8.0,Data obfuscation: coarsened location; privacy exposure -0.14; Encryption: encrypted payloads; latency +8 ms; energy +0.045 mJ
EXP_20260513_180105_90f400,1,50,50.0,12,technician,110.292,37.515,95.22,2.126,Radiology-zone,0.72,none,False,0.2956,False,none,0.65,41.752,12.593,54.345,False,0.22475,0.66667,0.35,0.65,0.51,0.48,0.18,False,0.075,False,0.055,False,0.52,8.0,Data obfuscation: coarsened location; privacy exposure -0.14; Encryption: encrypted payloads; latency +8 ms; energy +0.045 mJ
EXP_20260513_180105_90f400,1,50,50.0,13,physician,100.002,36.967,95.617,1.208,ICU-zone,0.367,none,False,0.2028,False,none,0.65,67.419,14.901,82.321,False,0.22475,0.66667,0.35,0.65,0.51,0.48,0.18,False,0.075,False,0.055,False,0.52,8.0,Data obfuscation: coarsened location; privacy exposure -0.14; Encryption: encrypted payloads; latency +8 ms; energy +0.045 mJ
EXP_20260513_180105_90f400,1,50,50.0,14,technician,103.081,37.116,94.989,1.238,Ward-B-zone,0.47,none,False,0.1785,False,none,0.65,59.296,15.974,75.27,False,0.22475,0.66667,0.35,0.65,0.51,0.48,0.18,False,0.075,False,0.055,False,0.52,8.0,Data obfuscation: coarsened location; privacy exposure -0.14; Encryption: encrypted payloads; latency +8 ms; energy +0.045 mJ
EXP_20260513_180105_90f400,1,50,50.0,15,physician,112.544,37.808,91.867,0.81,Emergency-zone,0.3,high_fatigue,True,0.4024,False,none,0.65,35.672,15.121,50.793,False,0.22475,0.66667,0.35,0.65,0.51,0.48,0.18,False,0.075,False,0.055,False,0.52,8.0,Data obfuscation: coarsened location; privacy exposure -0.14; Encryption: encrypted payloads; latency +8 ms; energy +0.045 mJ
EXP_20260513_180105_90f400,1,50,50.0,16,physician,93.458,37.178,93.77,0.419,Radiology-zone,0.149,none,False,0.1569,False,none,0.65,71.363,14.843,86.206,False,0.22475,0.66667,0.35,0.65,0.51,0.48,0.18,False,0.075,False,0.055,False,0.52,8.0,Data obfuscation: coarsened location; privacy exposure -0.14; Encryption: encrypted payloads; latency +8 ms; energy +0.045 mJ
EXP_20260513_180105_90f400,1,50,50.0,17,porter,112.275,37.245,93.363,1.732,Surgery-zone,0.674,none,False,0.362,False,none,0.65,65.55,12.863,78.413,False,0.22475,0.66667,0.35,0.65,0.51,0.48,0.18,False,0.075,False,0.055,False,0.52,8.0,Data obfuscation: coarsened location; privacy exposure -0.14; Encryption: encrypted payloads; latency +8 ms; energy +0.045 mJ
EXP_20260513_180105_90f400,1,50,50.0,18,physician,120.011,37.36,93.753,1.331,Radiology-zone,0.504,none,False,0.2914,False,none,0.65,47.155,17.983,65.138,False,0.22475,0.66667,0.35,0.65,0.51,0.48,0.18,False,0.075,False,0.055,False,0.52,8.0,Data obfuscation: coarsened location; privacy exposure -0.14; Encryption: encrypted payloads; latency +8 ms; energy +0.045 mJ
EXP_20260513_180105_90f400,1,50,50.0,19,nurse,102.256,37.572,94.214,0.876,Surgery-zone,0.36,none,False,0.2939,False,none,0.65,62.284,15.775,78.059,False,0.22475,0.66667,0.35,0.65,0.51,0.48,0.18,False,0.075,True,0.055,False,0.52,8.0,Data obfuscation: coarsened location; privacy exposure -0.14; Encryption: encrypted payloads; latency +8 ms; energy +0.045 mJ
EXP_20260513_180105_90f400,1,50,50.0,20,technician,105.506,37.2,93.57,0.908,Surgery-zone,0.286,none,False,0.2826,False,none,0.65,53.773,12.092,65.865,False,0.22475,0.66667,0.35,0.65,0.51,0.48,0.18,False,0.075,False,0.055,False,0.52,8.0,Data obfuscation: coarsened location; privacy exposure -0.14; Encryption: encrypted payloads; latency +8 ms; energy +0.045 mJ
EXP_20260513_180105_90f400,1,51,51.0,1,nurse,81.582,37.207,96.64,0.629,Pharmacy-zone,0.05,none,False,0.0705,False,none,0.65,35.603,14.02,49.623,False,0.22475,0.66667,0.35,0.65,0.51,0.48,0.18,False,0.075,False,0.055,False,0.52,8.0,Data obfuscation: coarsened location; privacy exposure -0.14; Encryption: encrypted payloads; latency +8 ms; energy +0.045 mJ
EXP_20260513_180105_90f400,1,51,51.0,2,porter,113.439,37.198,95.814,1.585,Pharmacy-zone,0.82,none,False,0.238,False,none,0.65,59.998,13.515,73.513,False,0.22475,0.66667,0.35,0.65,0.51,0.48,0.18,False,0.075,False,0.055,False,0.52,8.0,Data obfuscation: coarsened location; privacy exposure -0.14; Encryption: encrypted payloads; latency +8 ms; energy +0.045 mJ
EXP_20260513_180105_90f400,1,51,51.0,3,technician,109.394,37.543,93.9,1.752,Ward-A-zone,0.892,none,False,0.3143,False,none,0.65,41.391,12.555,53.946,False,0.22475,0.66667,0.35,0.65,0.51,0.48,0.18,False,0.075,False,0.055,False,0.52,8.0,Data obfuscation: coarsened location; privacy exposure -0.14; Encryption: encrypted payloads; latency +8 ms; energy +0.045 mJ
EXP_20260513_180105_90f400,1,51,51.0,4,porter,93.874,37.79,95.686,2.366,Surgery-zone,0.316,none,False,0.3056,False,none,0.65,53.114,12.277,65.391,False,0.22475,0.66667,0.35,0.65,0.51,0.48,0.18,False,0.075,False,0.055,True,0.52,8.0,Data obfuscation: coarsened location; privacy exposure -0.14; Encryption: encrypted payloads; latency +8 ms; energy +0.045 mJ
EXP_20260513_180105_90f400,1,51,51.0,5,technician,103.421,37.774,94.767,0.184,Emergency-zone,0.286,none,False,0.298,False,none,0.65,69.647,13.769,83.415,False,0.22475,0.66667,0.35,0.65,0.51,0.48,0.18,False,0.075,False,0.055,False,0.52,8.0,Data obfuscation: coarsened location; privacy exposure -0.14; Encryption: encrypted payloads; latency +8 ms; energy +0.045 mJ
EXP_20260513_180105_90f400,1,51,51.0,6,porter,117.254,37.322,93.768,1.78,Emergency-zone,0.913,none,False,0.3961,False,none,0.65,65.371,11.482,76.854,False,0.22475,0.66667,0.35,0.65,0.51,0.48,0.18,False,0.075,False,0.055,False,0.52,8.0,Data obfuscation: coarsened location; privacy exposure -0.14; Encryption: encrypted payloads; latency +8 ms; energy +0.045 mJ
EXP_20260513_180105_90f400,1,51,51.0,7,porter,114.487,37.258,94.786,1.093,Pharmacy-zone,0.608,none,False,0.2456,False,none,0.65,62.827,12.305,75.132,False,0.22475,0.66667,0.35,0.65,0.51,0.48,0.18,False,0.075,False,0.055,False,0.52,8.0,Data obfuscation: coarsened location; privacy exposure -0.14; Encryption: encrypted payloads; latency +8 ms; energy +0.045 mJ
EXP_20260513_180105_90f400,1,51,51.0,8,porter,109.059,37.223,95.893,1.374,Emergency-zone,0.64,none,False,0.2665,False,none,0.65,61.357,16.542,77.899,False,0.22475,0.66667,0.35,0.65,0.51,0.48,0.18,False,0.075,False,0.055,False,0.52,8.0,Data obfuscation: coarsened location; privacy exposure -0.14; Encryption: encrypted payloads; latency +8 ms; energy +0.045 mJ
EXP_20260513_180105_90f400,1,51,51.0,9,technician,99.542,37.321,96.328,1.048,Ward-A-zone,0.31,none,False,0.1496,False,none,0.65,39.327,15.2,54.526,False,0.22475,0.66667,0.35,0.65,0.51,0.48,0.18,False,0.075,False,0.055,False,0.52,8.0,Data obfuscation: coarsened location; privacy exposure -0.14; Encryption: encrypted payloads; latency +8 ms; energy +0.045 mJ
EXP_20260513_180105_90f400,1,51,51.0,10,nurse,109.744,36.769,99.381,1.903,Pharmacy-zone,0.797,none,False,0.2211,False,none,0.65,61.584,16.424,78.008,False,0.22475,0.66667,0.35,0.65,0.51,0.48,0.18,False,0.075,False,0.055,True,0.52,8.0,Data obfuscation: coarsened location; privacy exposure -0.14; Encryption: encrypted payloads; latency +8 ms; energy +0.045 mJ
EXP_20260513_180105_90f400,1,51,51.0,11,cleaning_staff,107.473,37.081,93.588,2.015,Emergency-zone,0.476,none,False,0.0,False,no_assessment_packet_loss,0.65,44.4,0.0,44.4,True,0.22475,0.66667,0.35,0.65,0.51,0.48,0.18,False,0.075,False,0.055,False,0.52,8.0,Data obfuscation: coarsened location; privacy exposure -0.14; Encryption: encrypted payloads; latency +8 ms; energy +0.045 mJ
EXP_20260513_180105_90f400,1,51,51.0,12,technician,101.184,37.378,95.433,1.83,Radiology-zone,0.312,none,False,0.2005,False,none,0.65,76.918,13.32,90.238,False,0.22475,0.66667,0.35,0.65,0.51,0.48,0.18,False,0.075,False,0.055,False,0.52,8.0,Data obfuscation: coarsened location; privacy exposure -0.14; Encryption: encrypted payloads; latency +8 ms; energy +0.045 mJ
EXP_20260513_180105_90f400,1,51,51.0,13,physician,97.425,36.949,95.296,0.869,ICU-zone,0.217,none,False,0.1911,False,none,0.65,50.938,12.669,63.607,False,0.22475,0.66667,0.35,0.65,0.51,0.48,0.18,False,0.075,False,0.055,False,0.52,8.0,Data obfuscation: coarsened location; privacy exposure -0.14; Encryption: encrypted payloads; latency +8 ms; energy +0.045 mJ
EXP_20260513_180105_90f400,1,51,51.0,14,technician,105.829,37.178,95.076,1.005,Radiology-zone,0.552,none,False,0.0,False,no_assessment_packet_loss,0.65,54.499,0.0,54.499,True,0.22475,0.66667,0.35,0.65,0.51,0.48,0.18,False,0.075,False,0.055,False,0.52,8.0,Data obfuscation: coarsened location; privacy exposure -0.14; Encryption: encrypted payloads; latency +8 ms; energy +0.045 mJ
EXP_20260513_180105_90f400,1,51,51.0,15,physician,103.03,37.551,93.751,2.026,ICU-zone,0.52,none,False,0.3551,False,none,0.65,56.854,16.915,73.769,False,0.22475,0.66667,0.35,0.65,0.51,0.48,0.18,False,0.075,False,0.055,False,0.52,8.0,Data obfuscation: coarsened location; privacy exposure -0.14; Encryption: encrypted payloads; latency +8 ms; energy +0.045 mJ
EXP_20260513_180105_90f400,1,51,51.0,16,physician,102.472,37.329,93.518,1.282,ICU-zone,0.511,none,False,0.2997,False,none,0.65,62.192,14.529,76.721,False,0.22475,0.66667,0.35,0.65,0.51,0.48,0.18,False,0.075,False,0.055,False,0.52,8.0,Data obfuscation: coarsened location; privacy exposure -0.14; Encryption: encrypted payloads; latency +8 ms; energy +0.045 mJ
EXP_20260513_180105_90f400,1,51,51.0,17,porter,108.967,37.211,93.246,1.718,Surgery-zone,0.542,none,False,0.3403,False,none,0.65,66.444,18.592,85.036,False,0.22475,0.66667,0.35,0.65,0.51,0.48,0.18,False,0.075,False,0.055,False,0.52,8.0,Data obfuscation: coarsened location; privacy exposure -0.14; Encryption: encrypted payloads; latency +8 ms; energy +0.045 mJ
EXP_20260513_180105_90f400,1,51,51.0,18,physician,121.72,37.392,93.508,1.44,Radiology-zone,0.568,none,False,0.3128,False,none,0.65,54.935,13.278,68.213,False,0.22475,0.66667,0.35,0.65,0.51,0.48,0.18,False,0.075,False,0.055,False,0.52,8.0,Data obfuscation: coarsened location; privacy exposure -0.14; Encryption: encrypted payloads; latency +8 ms; energy +0.045 mJ
EXP_20260513_180105_90f400,1,51,51.0,19,nurse,98.909,37.541,94.066,1.221,Surgery-zone,0.241,none,False,0.2748,False,none,0.65,60.186,17.237,77.423,False,0.22475,0.66667,0.35,0.65,0.51,0.48,0.18,False,0.075,False,0.055,False,0.52,8.0,Data obfuscation: coarsened location; privacy exposure -0.14; Encryption: encrypted payloads; latency +8 ms; energy +0.045 mJ
EXP_20260513_180105_90f400,1,51,51.0,20,technician,128.745,36.154,99.344,1.329,Pharmacy-zone,0.431,none,False,0.2328,False,none,0.65,62.338,13.71,76.047,False,0.22475,0.66667,0.35,0.65,0.51,0.48,0.18,False,0.075,False,0.055,True,0.52,8.0,Data obfuscation: coarsened location; privacy exposure -0.14; Encryption: encrypted payloads; latency +8 ms; energy +0.045 mJ
EXP_20260513_180105_90f400,1,52,52.0,1,nurse,90.491,37.31,96.232,1.546,Pharmacy-zone,0.39,none,False,0.131,False,none,0.65,45.591,16.79,62.381,False,0.22475,0.66667,0.35,0.65,0.51,0.48,0.18,False,0.075,False,0.055,False,0.52,8.0,Data obfuscation: coarsened location; privacy exposure -0.14; Encryption: encrypted payloads; latency +8 ms; energy +0.045 mJ
EXP_20260513_180105_90f400,1,52,52.0,2,porter,109.037,37.16,95.687,1.493,Pharmacy-zone,0.644,none,False,0.2045,False,none,0.65,64.051,14.485,78.537,False,0.22475,0.66667,0.35,0.65,0.51,0.48,0.18,False,0.075,False,0.055,False,0.52,8.0,Data obfuscation: coarsened location; privacy exposure -0.14; Encryption: encrypted payloads; latency +8 ms; energy +0.045 mJ
EXP_20260513_180105_90f400,1,52,52.0,3,technician,101.729,37.441,93.925,1.391,Ward-A-zone,0.585,none,False,0.2352,False,none,0.65,62.466,17.462,79.929,False,0.22475,0.66667,0.35,0.65,0.51,0.48,0.18,False,0.075,False,0.055,False,0.52,8.0,Data obfuscation: coarsened location; privacy exposure -0.14; Encryption: encrypted payloads; latency +8 ms; energy +0.045 mJ
EXP_20260513_180105_90f400,1,52,52.0,4,porter,120.641,37.428,94.463,1.227,Surgery-zone,0.633,none,False,0.3588,False,none,0.65,59.8,16.386,76.187,False,0.22475,0.66667,0.35,0.65,0.51,0.48,0.18,False,0.075,False,0.055,False,0.52,8.0,Data obfuscation: coarsened location; privacy exposure -0.14; Encryption: encrypted payloads; latency +8 ms; energy +0.045 mJ
EXP_20260513_180105_90f400,1,52,52.0,5,technician,107.208,37.841,94.653,1.954,Emergency-zone,0.476,none,False,0.367,False,none,0.65,51.162,13.318,64.48,False,0.22475,0.66667,0.35,0.65,0.51,0.48,0.18,False,0.075,False,0.055,False,0.52,8.0,Data obfuscation: coarsened location; privacy exposure -0.14; Encryption: encrypted payloads; latency +8 ms; energy +0.045 mJ
EXP_20260513_180105_90f400,1,52,52.0,6,porter,105.955,37.196,94.019,1.119,Emergency-zone,0.451,none,False,0.2845,False,none,0.65,62.779,12.271,75.05,False,0.22475,0.66667,0.35,0.65,0.51,0.48,0.18,False,0.075,False,0.055,False,0.52,8.0,Data obfuscation: coarsened location; privacy exposure -0.14; Encryption: encrypted payloads; latency +8 ms; energy +0.045 mJ
EXP_20260513_180105_90f400,1,52,52.0,7,porter,118.168,37.301,94.859,1.803,Radiology-zone,0.785,none,False,0.2974,False,none,0.65,63.731,13.674,77.406,False,0.22475,0.66667,0.35,0.65,0.51,0.48,0.18,False,0.075,False,0.055,False,0.52,8.0,Data obfuscation: coarsened location; privacy exposure -0.14; Encryption: encrypted payloads; latency +8 ms; energy +0.045 mJ
EXP_20260513_180105_90f400,1,52,52.0,8,porter,135.017,38.902,95.035,2.475,Emergency-zone,0.879,heat_stress,True,0.6099,False,none,0.65,48.706,14.679,63.385,False,0.22475,0.66667,0.35,0.65,0.51,0.48,0.18,False,0.075,False,0.055,False,0.52,8.0,Data obfuscation: coarsened location; privacy exposure -0.14; Encryption: encrypted payloads; latency +8 ms; energy +0.045 mJ
EXP_20260513_180105_90f400,1,52,52.0,9,technician,108.004,37.597,93.748,1.221,Ward-A-zone,0.182,high_fatigue,True,0.2483,False,none,0.65,66.507,14.205,80.711,False,0.22475,0.66667,0.35,0.65,0.51,0.48,0.18,False,0.075,False,0.055,False,0.52,8.0,Data obfuscation: coarsened location; privacy exposure -0.14; Encryption: encrypted payloads; latency +8 ms; energy +0.045 mJ
EXP_20260513_180105_90f400,1,52,52.0,10,nurse,115.908,37.6,95.667,1.681,Pharmacy-zone,0.779,none,False,0.289,False,none,0.65,69.725,15.942,85.667,False,0.22475,0.66667,0.35,0.65,0.51,0.48,0.18,False,0.075,False,0.055,False,0.52,8.0,Data obfuscation: coarsened location; privacy exposure -0.14; Encryption: encrypted payloads; latency +8 ms; energy +0.045 mJ
EXP_20260513_180105_90f400,1,52,52.0,11,cleaning_staff,101.908,37.057,93.853,1.271,Emergency-zone,0.269,none,False,0.2494,False,none,0.65,47.555,16.329,63.883,False,0.22475,0.66667,0.35,0.65,0.51,0.48,0.18,False,0.075,False,0.055,False,0.52,8.0,Data obfuscation: coarsened location; privacy exposure -0.14; Encryption: encrypted payloads; latency +8 ms; energy +0.045 mJ
EXP_20260513_180105_90f400,1,52,52.0,12,technician,107.393,37.467,95.223,1.09,Radiology-zone,0.556,none,False,0.2251,False,none,0.65,53.625,14.538,68.163,False,0.22475,0.66667,0.35,0.65,0.51,0.48,0.18,False,0.075,False,0.055,False,0.52,8.0,Data obfuscation: coarsened location; privacy exposure -0.14; Encryption: encrypted payloads; latency +8 ms; energy +0.045 mJ
EXP_20260513_180105_90f400,1,52,52.0,13,physician,105.57,37.103,93.828,0.985,ICU-zone,0.352,none,False,0.2726,False,none,0.65,47.771,11.443,59.214,False,0.22475,0.66667,0.35,0.65,0.51,0.48,0.18,False,0.075,False,0.055,True,0.52,8.0,Data obfuscation: coarsened location; privacy exposure -0.14; Encryption: encrypted payloads; latency +8 ms; energy +0.045 mJ
EXP_20260513_180105_90f400,1,52,52.0,14,technician,109.219,37.2,95.039,1.607,Radiology-zone,0.666,none,False,0.2325,False,none,0.65,65.019,16.479,81.498,False,0.22475,0.66667,0.35,0.65,0.51,0.48,0.18,False,0.075,False,0.055,False,0.52,8.0,Data obfuscation: coarsened location; privacy exposure -0.14; Encryption: encrypted payloads; latency +8 ms; energy +0.045 mJ
EXP_20260513_180105_90f400,1,52,52.0,15,physician,107.619,37.595,93.777,1.315,ICU-zone,0.696,none,False,0.3478,False,none,0.65,63.746,16.167,79.913,False,0.22475,0.66667,0.35,0.65,0.51,0.48,0.18,False,0.075,False,0.055,False,0.52,8.0,Data obfuscation: coarsened location; privacy exposure -0.14; Encryption: encrypted payloads; latency +8 ms; energy +0.045 mJ
EXP_20260513_180105_90f400,1,52,52.0,16,physician,104.371,37.768,91.954,1.039,Ward-B-zone,0.275,high_fatigue,True,0.2989,False,none,0.65,63.933,16.522,80.455,False,0.22475,0.66667,0.35,0.65,0.51,0.48,0.18,False,0.075,False,0.055,False,0.52,8.0,Data obfuscation: coarsened location; privacy exposure -0.14; Encryption: encrypted payloads; latency +8 ms; energy +0.045 mJ
EXP_20260513_180105_90f400,1,52,52.0,17,porter,109.047,37.242,93.426,1.236,Surgery-zone,0.532,none,False,0.3188,False,none,0.65,58.746,13.205,71.95,False,0.22475,0.66667,0.35,0.65,0.51,0.48,0.18,False,0.075,False,0.055,False,0.52,8.0,Data obfuscation: coarsened location; privacy exposure -0.14; Encryption: encrypted payloads; latency +8 ms; energy +0.045 mJ
EXP_20260513_180105_90f400,1,52,52.0,18,physician,121.231,37.398,93.455,1.332,Radiology-zone,0.572,none,False,0.3107,False,none,0.65,60.113,11.195,71.307,False,0.22475,0.66667,0.35,0.65,0.51,0.48,0.18,False,0.075,False,0.055,False,0.52,8.0,Data obfuscation: coarsened location; privacy exposure -0.14; Encryption: encrypted payloads; latency +8 ms; energy +0.045 mJ
EXP_20260513_180105_90f400,1,52,52.0,19,nurse,102.29,37.563,93.884,0.935,Surgery-zone,0.359,none,False,0.301,False,none,0.65,65.01,13.934,78.944,False,0.22475,0.66667,0.35,0.65,0.51,0.48,0.18,False,0.075,False,0.055,False,0.52,8.0,Data obfuscation: coarsened location; privacy exposure -0.14; Encryption: encrypted payloads; latency +8 ms; energy +0.045 mJ
EXP_20260513_180105_90f400,1,52,52.0,20,technician,110.318,37.292,93.235,0.882,Surgery-zone,0.408,none,False,0.324,False,none,0.65,51.245,14.009,65.254,False,0.22475,0.66667,0.35,0.65,0.51,0.48,0.18,False,0.075,False,0.055,False,0.52,8.0,Data obfuscation: coarsened location; privacy exposure -0.14; Encryption: encrypted payloads; latency +8 ms; energy +0.045 mJ
EXP_20260513_180105_90f400,1,53,53.0,1,nurse,86.792,37.265,96.29,1.232,Pharmacy-zone,0.228,none,False,0.094,False,none,0.65,49.711,13.273,62.984,False,0.22475,0.66667,0.35,0.65,0.51,0.48,0.18,False,0.075,True,0.055,False,0.52,8.0,Data obfuscation: coarsened location; privacy exposure -0.14; Encryption: encrypted payloads; latency +8 ms; energy +0.045 mJ
EXP_20260513_180105_90f400,1,53,53.0,2,porter,115.813,37.28,95.634,1.749,Laboratory-zone,0.881,none,False,0.2721,False,none,0.65,50.681,12.649,63.331,False,0.22475,0.66667,0.35,0.65,0.51,0.48,0.18,False,0.075,False,0.055,False,0.52,8.0,Data obfuscation: coarsened location; privacy exposure -0.14; Encryption: encrypted payloads; latency +8 ms; energy +0.045 mJ
EXP_20260513_180105_90f400,1,53,53.0,3,technician,100.731,37.422,93.984,1.6,Pharmacy-zone,0.534,none,False,0.2375,False,none,0.65,57.795,16.715,74.509,False,0.22475,0.66667,0.35,0.65,0.51,0.48,0.18,False,0.075,False,0.055,False,0.52,8.0,Data obfuscation: coarsened location; privacy exposure -0.14; Encryption: encrypted payloads; latency +8 ms; energy +0.045 mJ
EXP_20260513_180105_90f400,1,53,53.0,4,porter,115.835,37.379,94.21,1.297,Surgery-zone,0.422,none,False,0.3293,False,none,0.65,67.399,13.737,81.135,False,0.22475,0.66667,0.35,0.65,0.51,0.48,0.18,False,0.075,False,0.055,False,0.52,8.0,Data obfuscation: coarsened location; privacy exposure -0.14; Encryption: encrypted payloads; latency +8 ms; energy +0.045 mJ
EXP_20260513_180105_90f400,1,53,53.0,5,technician,102.969,37.832,94.567,1.445,Emergency-zone,0.304,none,False,0.3103,False,none,0.65,50.987,12.957,63.944,False,0.22475,0.66667,0.35,0.65,0.51,0.48,0.18,False,0.075,False,0.055,False,0.52,8.0,Data obfuscation: coarsened location; privacy exposure -0.14; Encryption: encrypted payloads; latency +8 ms; energy +0.045 mJ
EXP_20260513_180105_90f400,1,53,53.0,6,porter,111.24,37.305,93.773,1.543,Emergency-zone,0.667,none,False,0.0,False,no_assessment_packet_loss,0.65,52.837,0.0,52.837,True,0.22475,0.66667,0.35,0.65,0.51,0.48,0.18,False,0.075,False,0.055,False,0.52,8.0,Data obfuscation: coarsened location; privacy exposure -0.14; Encryption: encrypted payloads; latency +8 ms; energy +0.045 mJ
EXP_20260513_180105_90f400,1,53,53.0,7,porter,115.256,37.258,95.09,1.522,Radiology-zone,0.656,none,False,0.2518,False,none,0.65,54.197,13.682,67.879,False,0.22475,0.66667,0.35,0.65,0.51,0.48,0.18,False,0.075,False,0.055,False,0.52,8.0,Data obfuscation: coarsened location; privacy exposure -0.14; Encryption: encrypted payloads; latency +8 ms; energy +0.045 mJ
EXP_20260513_180105_90f400,1,53,53.0,8,porter,111.623,37.291,95.402,2.313,Surgery-zone,0.763,none,False,0.3578,False,none,0.65,58.358,16.259,74.617,False,0.22475,0.66667,0.35,0.65,0.51,0.48,0.18,False,0.075,False,0.055,False,0.52,8.0,Data obfuscation: coarsened location; privacy exposure -0.14; Encryption: encrypted payloads; latency +8 ms; energy +0.045 mJ
EXP_20260513_180105_90f400,1,53,53.0,9,technician,101.935,37.336,95.972,1.036,Ward-A-zone,0.388,none,False,0.1653,False,none,0.65,48.189,13.88,62.069,False,0.22475,0.66667,0.35,0.65,0.51,0.48,0.18,False,0.075,False,0.055,False,0.52,8.0,Data obfuscation: coarsened location; privacy exposure -0.14; Encryption: encrypted payloads; latency +8 ms; energy +0.045 mJ
EXP_20260513_180105_90f400,1,53,53.0,10,nurse,126.453,38.631,94.915,1.858,Pharmacy-zone,0.517,heat_stress,True,0.4287,False,none,0.65,48.258,13.336,61.594,False,0.22475,0.66667,0.35,0.65,0.51,0.48,0.18,False,0.075,False,0.055,False,0.52,8.0,Data obfuscation: coarsened location; privacy exposure -0.14; Encryption: encrypted payloads; latency +8 ms; energy +0.045 mJ
EXP_20260513_180105_90f400,1,53,53.0,11,cleaning_staff,105.719,37.098,93.603,0.882,Emergency-zone,0.41,none,False,0.2819,False,none,0.65,45.205,15.512,60.717,False,0.22475,0.66667,0.35,0.65,0.51,0.48,0.18,False,0.075,False,0.055,False,0.52,8.0,Data obfuscation: coarsened location; privacy exposure -0.14; Encryption: encrypted payloads; latency +8 ms; energy +0.045 mJ
EXP_20260513_180105_90f400,1,53,53.0,12,technician,111.269,37.538,95.224,2.153,Radiology-zone,0.729,none,False,0.3032,False,none,0.65,68.735,14.41,83.145,False,0.22475,0.66667,0.35,0.65,0.51,0.48,0.18,False,0.075,False,0.055,False,0.52,8.0,Data obfuscation: coarsened location; privacy exposure -0.14; Encryption: encrypted payloads; latency +8 ms; energy +0.045 mJ
EXP_20260513_180105_90f400,1,53,53.0,13,physician,106.286,37.086,95.071,1.085,ICU-zone,0.58,none,False,0.2599,False,none,0.65,47.062,13.691,60.753,False,0.22475,0.66667,0.35,0.65,0.51,0.48,0.18,False,0.075,False,0.055,False,0.52,8.0,Data obfuscation: coarsened location; privacy exposure -0.14; Encryption: encrypted payloads; latency +8 ms; energy +0.045 mJ
EXP_20260513_180105_90f400,1,53,53.0,14,technician,107.953,37.174,95.093,1.115,Radiology-zone,0.618,none,False,0.0,False,no_assessment_packet_loss,0.65,46.481,0.0,46.481,True,0.22475,0.66667,0.35,0.65,0.51,0.48,0.18,False,0.075,False,0.055,False,0.52,8.0,Data obfuscation: coarsened location; privacy exposure -0.14; Encryption: encrypted payloads; latency +8 ms; energy +0.045 mJ
EXP_20260513_180105_90f400,1,53,53.0,15,physician,122.004,39.04,93.232,1.262,ICU-zone,0.69,heat_stress,True,0.5393,False,none,0.65,59.714,13.235,72.95,False,0.22475,0.66667,0.35,0.65,0.51,0.48,0.18,False,0.075,False,0.055,False,0.52,8.0,Data obfuscation: coarsened location; privacy exposure -0.14; Encryption: encrypted payloads; latency +8 ms; energy +0.045 mJ
EXP_20260513_180105_90f400,1,53,53.0,16,physician,97.578,37.307,93.937,1.332,Radiology-zone,0.306,none,False,0.1896,False,none,0.65,66.68,16.89,83.57,False,0.22475,0.66667,0.35,0.65,0.51,0.48,0.18,False,0.075,False,0.055,False,0.52,8.0,Data obfuscation: coarsened location; privacy exposure -0.14; Encryption: encrypted payloads; latency +8 ms; energy +0.045 mJ
EXP_20260513_180105_90f400,1,53,53.0,17,porter,114.81,37.587,95.034,0.607,Surgery-zone,0.634,none,False,0.3389,False,none,0.65,63.128,15.626,78.754,False,0.22475,0.66667,0.35,0.65,0.51,0.48,0.18,False,0.075,False,0.055,True,0.52,8.0,Data obfuscation: coarsened location; privacy exposure -0.14; Encryption: encrypted payloads; latency +8 ms; energy +0.045 mJ
EXP_20260513_180105_90f400,1,53,53.0,18,physician,119.803,37.302,93.843,1.632,Radiology-zone,0.459,none,False,0.2947,False,none,0.65,59.752,14.589,74.34,False,0.22475,0.66667,0.35,0.65,0.51,0.48,0.18,False,0.075,False,0.055,False,0.52,8.0,Data obfuscation: coarsened location; privacy exposure -0.14; Encryption: encrypted payloads; latency +8 ms; energy +0.045 mJ
EXP_20260513_180105_90f400,1,53,53.0,19,nurse,103.845,37.59,93.873,1.393,Surgery-zone,0.409,none,False,0.3125,False,none,0.65,49.459,12.428,61.887,False,0.22475,0.66667,0.35,0.65,0.51,0.48,0.18,False,0.075,False,0.055,False,0.52,8.0,Data obfuscation: coarsened location; privacy exposure -0.14; Encryption: encrypted payloads; latency +8 ms; energy +0.045 mJ
EXP_20260513_180105_90f400,1,53,53.0,20,technician,118.309,37.443,92.963,2.062,Emergency-zone,0.709,none,False,0.4331,False,none,0.65,64.455,14.537,78.992,False,0.22475,0.66667,0.35,0.65,0.51,0.48,0.18,False,0.075,True,0.055,False,0.52,8.0,Data obfuscation: coarsened location; privacy exposure -0.14; Encryption: encrypted payloads; latency +8 ms; energy +0.045 mJ
EXP_20260513_180105_90f400,1,54,54.0,1,nurse,83.372,37.227,96.632,0.858,Pharmacy-zone,0.096,none,False,0.0754,False,none,0.65,47.36,12.985,60.345,False,0.22475,0.66667,0.35,0.65,0.51,0.48,0.18,False,0.075,False,0.055,False,0.52,8.0,Data obfuscation: coarsened location; privacy exposure -0.14; Encryption: encrypted payloads; latency +8 ms; energy +0.045 mJ
EXP_20260513_180105_90f400,1,54,54.0,2,porter,113.783,37.219,95.611,2.145,Pharmacy-zone,0.784,none,False,0.278,False,none,0.65,63.76,14.76,78.52,False,0.22475,0.66667,0.35,0.65,0.51,0.48,0.18,False,0.075,False,0.055,False,0.52,8.0,Data obfuscation: coarsened location; privacy exposure -0.14; Encryption: encrypted payloads; latency +8 ms; energy +0.045 mJ
EXP_20260513_180105_90f400,1,54,54.0,3,technician,100.093,37.383,94.089,1.114,Ward-A-zone,0.524,none,False,0.2163,False,none,0.65,58.813,14.98,73.792,False,0.22475,0.66667,0.35,0.65,0.51,0.48,0.18,False,0.075,False,0.055,False,0.52,8.0,Data obfuscation: coarsened location; privacy exposure -0.14; Encryption: encrypted payloads; latency +8 ms; energy +0.045 mJ
EXP_20260513_180105_90f400,1,54,54.0,4,porter,125.566,37.868,91.704,0.748,Radiology-zone,0.396,high_fatigue,True,0.3969,False,none,0.65,68.449,16.516,84.966,False,0.22475,0.66667,0.35,0.65,0.51,0.48,0.18,False,0.075,False,0.055,False,0.52,8.0,Data obfuscation: coarsened location; privacy exposure -0.14; Encryption: encrypted payloads; latency +8 ms; energy +0.045 mJ
EXP_20260513_180105_90f400,1,54,54.0,5,technician,111.424,37.893,94.359,0.575,Emergency-zone,0.603,none,False,0.3678,False,none,0.65,63.693,11.565,75.258,False,0.22475,0.66667,0.35,0.65,0.51,0.48,0.18,False,0.075,False,0.055,False,0.52,8.0,Data obfuscation: coarsened location; privacy exposure -0.14; Encryption: encrypted payloads; latency +8 ms; energy +0.045 mJ
EXP_20260513_180105_90f400,1,54,54.0,6,porter,116.283,37.302,93.635,1.345,Emergency-zone,0.835,none,False,0.3652,False,none,0.65,60.92,17.572,78.492,False,0.22475,0.66667,0.35,0.65,0.51,0.48,0.18,False,0.075,False,0.055,False,0.52,8.0,Data obfuscation: coarsened location; privacy exposure -0.14; Encryption: encrypted payloads; latency +8 ms; energy +0.045 mJ
EXP_20260513_180105_90f400,1,54,54.0,7,porter,117.636,37.281,94.764,1.605,Ward-B-zone,0.757,none,False,0.2819,False,none,0.65,51.816,16.271,68.087,False,0.22475,0.66667,0.35,0.65,0.51,0.48,0.18,False,0.075,False,0.055,False,0.52,8.0,Data obfuscation: coarsened location; privacy exposure -0.14; Encryption: encrypted payloads; latency +8 ms; energy +0.045 mJ
EXP_20260513_180105_90f400,1,54,54.0,8,porter,110.117,37.265,95.563,1.701,Emergency-zone,0.681,none,False,0.0,False,no_assessment_packet_loss,0.65,57.574,0.0,57.574,True,0.22475,0.66667,0.35,0.65,0.51,0.48,0.18,False,0.075,False,0.055,False,0.52,8.0,Data obfuscation: coarsened location; privacy exposure -0.14; Encryption: encrypted payloads; latency +8 ms; energy +0.045 mJ
EXP_20260513_180105_90f400,1,54,54.0,9,technician,101.633,37.298,95.979,0.995,Ward-A-zone,0.397,none,False,0.1613,False,none,0.65,42.759,16.469,59.228,False,0.22475,0.66667,0.35,0.65,0.51,0.48,0.18,False,0.075,False,0.055,False,0.52,8.0,Data obfuscation: coarsened location; privacy exposure -0.14; Encryption: encrypted payloads; latency +8 ms; energy +0.045 mJ
EXP_20260513_180105_90f400,1,54,54.0,10,nurse,110.865,37.544,95.564,1.423,Surgery-zone,0.623,none,False,0.3094,False,none,0.65,37.651,17.525,55.177,False,0.22475,0.66667,0.35,0.65,0.51,0.48,0.18,False,0.075,False,0.055,False,0.52,8.0,Data obfuscation: coarsened location; privacy exposure -0.14; Encryption: encrypted payloads; latency +8 ms; energy +0.045 mJ
EXP_20260513_180105_90f400,1,54,54.0,11,cleaning_staff,100.587,37.046,93.681,0.905,Emergency-zone,0.228,none,False,0.245,False,none,0.65,60.712,11.518,72.229,False,0.22475,0.66667,0.35,0.65,0.51,0.48,0.18,False,0.075,False,0.055,False,0.52,8.0,Data obfuscation: coarsened location; privacy exposure -0.14; Encryption: encrypted payloads; latency +8 ms; energy +0.045 mJ
EXP_20260513_180105_90f400,1,54,54.0,12,technician,100.289,37.382,95.229,0.777,Radiology-zone,0.265,none,False,0.1728,False,none,0.65,53.972,19.669,73.641,False,0.22475,0.66667,0.35,0.65,0.51,0.48,0.18,False,0.075,True,0.055,False,0.52,8.0,Data obfuscation: coarsened location; privacy exposure -0.14; Encryption: encrypted payloads; latency +8 ms; energy +0.045 mJ
EXP_20260513_180105_90f400,1,54,54.0,13,physician,104.356,37.043,95.281,0.993,ICU-zone,0.421,none,False,0.2336,False,none,0.65,58.236,15.141,73.377,False,0.22475,0.66667,0.35,0.65,0.51,0.48,0.18,False,0.075,False,0.055,False,0.52,8.0,Data obfuscation: coarsened location; privacy exposure -0.14; Encryption: encrypted payloads; latency +8 ms; energy +0.045 mJ
EXP_20260513_180105_90f400,1,54,54.0,14,technician,103.472,37.135,95.094,1.151,Radiology-zone,0.434,none,False,0.1766,False,none,0.65,46.482,14.307,60.79,False,0.22475,0.66667,0.35,0.65,0.51,0.48,0.18,False,0.075,False,0.055,False,0.52,8.0,Data obfuscation: coarsened location; privacy exposure -0.14; Encryption: encrypted payloads; latency +8 ms; energy +0.045 mJ
EXP_20260513_180105_90f400,1,54,54.0,15,physician,101.116,37.53,93.946,0.501,ICU-zone,0.457,none,False,0.299,False,none,0.65,56.383,16.281,72.664,False,0.22475,0.66667,0.35,0.65,0.51,0.48,0.18,False,0.075,False,0.055,False,0.52,8.0,Data obfuscation: coarsened location; privacy exposure -0.14; Encryption: encrypted payloads; latency +8 ms; energy +0.045 mJ
EXP_20260513_180105_90f400,1,54,54.0,16,physician,99.649,37.325,93.549,1.098,Radiology-zone,0.398,none,False,0.2138,False,none,0.65,54.459,13.96,68.42,False,0.22475,0.66667,0.35,0.65,0.51,0.48,0.18,False,0.075,False,0.055,False,0.52,8.0,Data obfuscation: coarsened location; privacy exposure -0.14; Encryption: encrypted payloads; latency +8 ms; energy +0.045 mJ
EXP_20260513_180105_90f400,1,54,54.0,17,porter,109.264,37.242,93.541,1.973,Surgery-zone,0.552,none,False,0.3536,False,none,0.65,53.561,14.196,67.757,False,0.22475,0.66667,0.35,0.65,0.51,0.48,0.18,False,0.075,False,0.055,False,0.52,8.0,Data obfuscation: coarsened location; privacy exposure -0.14; Encryption: encrypted payloads; latency +8 ms; energy +0.045 mJ
EXP_20260513_180105_90f400,1,54,54.0,18,physician,120.791,37.34,93.757,1.769,Radiology-zone,0.541,none,False,0.3176,False,none,0.65,57.374,14.196,71.571,False,0.22475,0.66667,0.35,0.65,0.51,0.48,0.18,False,0.075,False,0.055,False,0.52,8.0,Data obfuscation: coarsened location; privacy exposure -0.14; Encryption: encrypted payloads; latency +8 ms; energy +0.045 mJ
EXP_20260513_180105_90f400,1,54,54.0,19,nurse,108.547,37.675,93.987,1.344,Surgery-zone,0.576,none,False,0.3452,False,none,0.65,48.01,17.651,65.661,False,0.22475,0.66667,0.35,0.65,0.51,0.48,0.18,False,0.075,False,0.055,False,0.52,8.0,Data obfuscation: coarsened location; privacy exposure -0.14; Encryption: encrypted payloads; latency +8 ms; energy +0.045 mJ
EXP_20260513_180105_90f400,1,54,54.0,20,technician,107.681,37.287,93.335,0.9,Surgery-zone,0.281,none,False,0.3033,False,none,0.65,52.711,14.706,67.417,False,0.22475,0.66667,0.35,0.65,0.51,0.48,0.18,False,0.075,False,0.055,False,0.52,8.0,Data obfuscation: coarsened location; privacy exposure -0.14; Encryption: encrypted payloads; latency +8 ms; energy +0.045 mJ
EXP_20260513_180105_90f400,1,55,55.0,1,nurse,89.225,37.326,96.567,1.447,Pharmacy-zone,0.337,none,False,0.1182,False,none,0.65,44.597,14.098,58.695,False,0.22475,0.66667,0.35,0.65,0.51,0.48,0.18,False,0.075,False,0.055,False,0.52,8.0,Data obfuscation: coarsened location; privacy exposure -0.14; Encryption: encrypted payloads; latency +8 ms; energy +0.045 mJ
EXP_20260513_180105_90f400,1,55,55.0,2,porter,107.66,37.123,95.753,2.257,Pharmacy-zone,0.56,none,False,0.2363,False,none,0.65,57.866,14.509,72.375,False,0.22475,0.66667,0.35,0.65,0.51,0.48,0.18,False,0.075,False,0.055,False,0.52,8.0,Data obfuscation: coarsened location; privacy exposure -0.14; Encryption: encrypted payloads; latency +8 ms; energy +0.045 mJ
EXP_20260513_180105_90f400,1,55,55.0,3,technician,103.405,37.517,93.833,1.179,Ward-A-zone,0.642,none,False,0.2539,False,none,0.65,63.122,13.246,76.367,False,0.22475,0.66667,0.35,0.65,0.51,0.48,0.18,False,0.075,False,0.055,False,0.52,8.0,Data obfuscation: coarsened location; privacy exposure -0.14; Encryption: encrypted payloads; latency +8 ms; energy +0.045 mJ
EXP_20260513_180105_90f400,1,55,55.0,4,porter,114.97,37.348,94.371,1.389,Surgery-zone,0.406,none,False,0.3186,False,none,0.65,68.493,16.85,85.343,False,0.22475,0.66667,0.35,0.65,0.51,0.48,0.18,False,0.075,False,0.055,False,0.52,8.0,Data obfuscation: coarsened location; privacy exposure -0.14; Encryption: encrypted payloads; latency +8 ms; energy +0.045 mJ
EXP_20260513_180105_90f400,1,55,55.0,5,technician,106.879,37.829,94.775,1.285,Emergency-zone,0.438,none,False,0.0,False,no_assessment_packet_loss,0.65,66.698,0.0,66.698,True,0.22475,0.66667,0.35,0.65,0.51,0.48,0.18,False,0.075,False,0.055,False,0.52,8.0,Data obfuscation: coarsened location; privacy exposure -0.14; Encryption: encrypted payloads; latency +8 ms; energy +0.045 mJ
EXP_20260513_180105_90f400,1,55,55.0,6,porter,116.161,37.299,93.67,1.903,Emergency-zone,0.777,none,False,0.3909,False,none,0.65,66.699,16.934,83.633,False,0.22475,0.66667,0.35,0.65,0.51,0.48,0.18,False,0.075,True,0.055,False,0.52,8.0,Data obfuscation: coarsened location; privacy exposure -0.14; Encryption: encrypted payloads; latency +8 ms; energy +0.045 mJ
EXP_20260513_180105_90f400,1,55,55.0,7,porter,110.858,37.193,94.957,0.874,Radiology-zone,0.477,none,False,0.2141,False,none,0.65,49.153,17.726,66.878,False,0.22475,0.66667,0.35,0.65,0.51,0.48,0.18,False,0.075,True,0.055,False,0.52,8.0,Data obfuscation: coarsened location; privacy exposure -0.14; Encryption: encrypted payloads; latency +8 ms; energy +0.045 mJ
EXP_20260513_180105_90f400,1,55,55.0,8,porter,109.386,37.215,95.588,1.897,Surgery-zone,0.625,none,False,0.3038,False,none,0.65,57.656,13.65,71.306,False,0.22475,0.66667,0.35,0.65,0.51,0.48,0.18,False,0.075,False,0.055,False,0.52,8.0,Data obfuscation: coarsened location; privacy exposure -0.14; Encryption: encrypted payloads; latency +8 ms; energy +0.045 mJ
EXP_20260513_180105_90f400,1,55,55.0,9,technician,106.62,37.402,96.081,1.546,Ward-A-zone,0.585,none,False,0.2094,False,none,0.65,44.546,11.741,56.287,False,0.22475,0.66667,0.35,0.65,0.51,0.48,0.18,False,0.075,False,0.055,False,0.52,8.0,Data obfuscation: coarsened location; privacy exposure -0.14; Encryption: encrypted payloads; latency +8 ms; energy +0.045 mJ
EXP_20260513_180105_90f400,1,55,55.0,10,nurse,109.926,37.523,95.493,1.944,Pharmacy-zone,0.56,none,False,0.2666,False,none,0.65,55.39,13.635,69.026,False,0.22475,0.66667,0.35,0.65,0.51,0.48,0.18,False,0.075,False,0.055,False,0.52,8.0,Data obfuscation: coarsened location; privacy exposure -0.14; Encryption: encrypted payloads; latency +8 ms; energy +0.045 mJ
EXP_20260513_180105_90f400,1,55,55.0,11,cleaning_staff,100.985,37.038,93.711,0.643,Emergency-zone,0.221,none,False,0.2446,False,none,0.65,54.326,15.602,69.928,False,0.22475,0.66667,0.35,0.65,0.51,0.48,0.18,False,0.075,False,0.055,False,0.52,8.0,Data obfuscation: coarsened location; privacy exposure -0.14; Encryption: encrypted payloads; latency +8 ms; energy +0.045 mJ
EXP_20260513_180105_90f400,1,55,55.0,12,technician,111.053,38.464,88.324,1.743,Radiology-zone,0.372,none,False,0.4971,False,none,0.65,56.883,14.45,71.334,False,0.22475,0.66667,0.35,0.65,0.51,0.48,0.18,False,0.075,False,0.055,True,0.52,8.0,Data obfuscation: coarsened location; privacy exposure -0.14; Encryption: encrypted payloads; latency +8 ms; energy +0.045 mJ
EXP_20260513_180105_90f400,1,55,55.0,13,physician,103.717,37.061,95.167,1.051,Laboratory-zone,0.401,none,False,0.1671,False,none,0.65,53.108,15.655,68.763,False,0.22475,0.66667,0.35,0.65,0.51,0.48,0.18,False,0.075,False,0.055,False,0.52,8.0,Data obfuscation: coarsened location; privacy exposure -0.14; Encryption: encrypted payloads; latency +8 ms; energy +0.045 mJ
EXP_20260513_180105_90f400,1,55,55.0,14,technician,109.769,37.21,94.808,2.426,Radiology-zone,0.64,none,False,0.2896,False,none,0.65,50.098,14.53,64.628,False,0.22475,0.66667,0.35,0.65,0.51,0.48,0.18,False,0.075,True,0.055,False,0.52,8.0,Data obfuscation: coarsened location; privacy exposure -0.14; Encryption: encrypted payloads; latency +8 ms; energy +0.045 mJ
EXP_20260513_180105_90f400,1,55,55.0,15,physician,97.319,37.466,93.751,0.827,ICU-zone,0.331,none,False,0.276,False,none,0.65,63.814,14.434,78.248,False,0.22475,0.66667,0.35,0.65,0.51,0.48,0.18,False,0.075,False,0.055,False,0.52,8.0,Data obfuscation: coarsened location; privacy exposure -0.14; Encryption: encrypted payloads; latency +8 ms; energy +0.045 mJ
EXP_20260513_180105_90f400,1,55,55.0,16,physician,102.64,37.381,93.724,1.814,Radiology-zone,0.536,none,False,0.26,False,none,0.65,62.151,15.718,77.869,False,0.22475,0.66667,0.35,0.65,0.51,0.48,0.18,False,0.075,False,0.055,False,0.52,8.0,Data obfuscation: coarsened location; privacy exposure -0.14; Encryption: encrypted payloads; latency +8 ms; energy +0.045 mJ
EXP_20260513_180105_90f400,1,55,55.0,17,porter,107.79,37.16,93.237,1.179,ICU-zone,0.453,none,False,0.3063,False,none,0.65,60.843,15.344,76.187,False,0.22475,0.66667,0.35,0.65,0.51,0.48,0.18,False,0.075,False,0.055,False,0.52,8.0,Data obfuscation: coarsened location; privacy exposure -0.14; Encryption: encrypted payloads; latency +8 ms; energy +0.045 mJ
EXP_20260513_180105_90f400,1,55,55.0,18,physician,117.775,37.336,93.692,0.802,Radiology-zone,0.427,none,False,0.2776,False,none,0.65,48.698,16.013,64.712,False,0.22475,0.66667,0.35,0.65,0.51,0.48,0.18,False,0.075,False,0.055,False,0.52,8.0,Data obfuscation: coarsened location; privacy exposure -0.14; Encryption: encrypted payloads; latency +8 ms; energy +0.045 mJ
EXP_20260513_180105_90f400,1,55,55.0,19,nurse,107.078,37.694,93.73,1.223,Surgery-zone,0.533,none,False,0.3448,False,none,0.65,53.056,14.023,67.08,False,0.22475,0.66667,0.35,0.65,0.51,0.48,0.18,False,0.075,True,0.055,False,0.52,8.0,Data obfuscation: coarsened location; privacy exposure -0.14; Encryption: encrypted payloads; latency +8 ms; energy +0.045 mJ
EXP_20260513_180105_90f400,1,55,55.0,20,technician,106.73,37.283,93.122,1.344,Pharmacy-zone,0.254,none,False,0.2354,False,none,0.65,54.826,14.54,69.366,False,0.22475,0.66667,0.35,0.65,0.51,0.48,0.18,False,0.075,False,0.055,False,0.52,8.0,Data obfuscation: coarsened location; privacy exposure -0.14; Encryption: encrypted payloads; latency +8 ms; energy +0.045 mJ
EXP_20260513_180105_90f400,1,56,56.0,1,nurse,89.08,37.343,96.315,0.797,Laboratory-zone,0.294,none,False,0.1134,False,none,0.65,51.945,13.933,65.878,False,0.22475,0.66667,0.35,0.65,0.51,0.48,0.18,False,0.075,False,0.055,False,0.52,8.0,Data obfuscation: coarsened location; privacy exposure -0.14; Encryption: encrypted payloads; latency +8 ms; energy +0.045 mJ
EXP_20260513_180105_90f400,1,56,56.0,2,porter,109.005,37.165,95.865,1.413,Pharmacy-zone,0.608,none,False,0.1934,False,none,0.65,45.175,15.278,60.453,False,0.22475,0.66667,0.35,0.65,0.51,0.48,0.18,False,0.075,False,0.055,False,0.52,8.0,Data obfuscation: coarsened location; privacy exposure -0.14; Encryption: encrypted payloads; latency +8 ms; energy +0.045 mJ
EXP_20260513_180105_90f400,1,56,56.0,3,technician,106.182,37.545,93.696,1.889,Ward-A-zone,0.715,none,False,0.3044,False,none,0.65,42.352,14.834,57.186,False,0.22475,0.66667,0.35,0.65,0.51,0.48,0.18,False,0.075,False,0.055,False,0.52,8.0,Data obfuscation: coarsened location; privacy exposure -0.14; Encryption: encrypted payloads; latency +8 ms; energy +0.045 mJ
EXP_20260513_180105_90f400,1,56,56.0,4,porter,115.104,37.38,94.247,1.009,Surgery-zone,0.426,none,False,0.3262,False,none,0.65,62.339,12.062,74.401,False,0.22475,0.66667,0.35,0.65,0.51,0.48,0.18,False,0.075,False,0.055,False,0.52,8.0,Data obfuscation: coarsened location; privacy exposure -0.14; Encryption: encrypted payloads; latency +8 ms; energy +0.045 mJ
EXP_20260513_180105_90f400,1,56,56.0,5,technician,106.209,37.818,94.482,1.517,Emergency-zone,0.412,none,False,0.3342,False,none,0.65,49.977,16.371,66.347,False,0.22475,0.66667,0.35,0.65,0.51,0.48,0.18,False,0.075,False,0.055,False,0.52,8.0,Data obfuscation: coarsened location; privacy exposure -0.14; Encryption: encrypted payloads; latency +8 ms; energy +0.045 mJ
EXP_20260513_180105_90f400,1,56,56.0,6,porter,118.749,37.352,93.531,1.953,Emergency-zone,0.895,none,False,0.419,False,none,0.65,47.633,13.771,61.404,False,0.22475,0.66667,0.35,0.65,0.51,0.48,0.18,False,0.075,False,0.055,False,0.52,8.0,Data obfuscation: coarsened location; privacy exposure -0.14; Encryption: encrypted payloads; latency +8 ms; energy +0.045 mJ
EXP_20260513_180105_90f400,1,56,56.0,7,porter,129.48,37.788,92.853,0.914,Radiology-zone,0.511,high_fatigue,True,0.3845,False,none,0.65,50.292,14.198,64.49,False,0.22475,0.66667,0.35,0.65,0.51,0.48,0.18,False,0.075,False,0.055,False,0.52,8.0,Data obfuscation: coarsened location; privacy exposure -0.14; Encryption: encrypted payloads; latency +8 ms; energy +0.045 mJ
EXP_20260513_180105_90f400,1,56,56.0,8,porter,127.505,37.364,94.967,3.378,Emergency-zone,0.929,fall,True,0.5076,False,none,0.65,41.795,19.372,61.167,False,0.22475,0.66667,0.35,0.65,0.51,0.48,0.18,False,0.075,False,0.055,False,0.52,8.0,Data obfuscation: coarsened location; privacy exposure -0.14; Encryption: encrypted payloads; latency +8 ms; energy +0.045 mJ
EXP_20260513_180105_90f400,1,56,56.0,9,technician,103.714,37.345,96.286,1.526,Ward-A-zone,0.449,none,False,0.1837,False,none,0.65,53.066,13.953,67.019,False,0.22475,0.66667,0.35,0.65,0.51,0.48,0.18,False,0.075,False,0.055,False,0.52,8.0,Data obfuscation: coarsened location; privacy exposure -0.14; Encryption: encrypted payloads; latency +8 ms; energy +0.045 mJ
EXP_20260513_180105_90f400,1,56,56.0,10,nurse,110.868,38.126,96.687,3.041,Pharmacy-zone,0.705,none,False,0.3889,False,none,0.65,52.23,13.675,65.905,False,0.22475,0.66667,0.35,0.65,0.51,0.48,0.18,False,0.075,False,0.055,True,0.52,8.0,Data obfuscation: coarsened location; privacy exposure -0.14; Encryption: encrypted payloads; latency +8 ms; energy +0.045 mJ
EXP_20260513_180105_90f400,1,56,56.0,11,cleaning_staff,110.979,37.137,93.56,1.646,Emergency-zone,0.619,none,False,0.3343,False,none,0.65,45.707,17.326,63.032,False,0.22475,0.66667,0.35,0.65,0.51,0.48,0.18,False,0.075,False,0.055,False,0.52,8.0,Data obfuscation: coarsened location; privacy exposure -0.14; Encryption: encrypted payloads; latency +8 ms; energy +0.045 mJ
EXP_20260513_180105_90f400,1,56,56.0,12,technician,110.644,37.532,95.091,1.506,Radiology-zone,0.644,none,False,0.2579,False,none,0.65,53.697,9.749,63.446,False,0.22475,0.66667,0.35,0.65,0.51,0.48,0.18,False,0.075,False,0.055,False,0.52,8.0,Data obfuscation: coarsened location; privacy exposure -0.14; Encryption: encrypted payloads; latency +8 ms; energy +0.045 mJ
EXP_20260513_180105_90f400,1,56,56.0,13,physician,101.831,37.063,95.178,0.807,ICU-zone,0.375,none,False,0.2257,False,none,0.65,59.831,15.678,75.509,False,0.22475,0.66667,0.35,0.65,0.51,0.48,0.18,False,0.075,False,0.055,False,0.52,8.0,Data obfuscation: coarsened location; privacy exposure -0.14; Encryption: encrypted payloads; latency +8 ms; energy +0.045 mJ
EXP_20260513_180105_90f400,1,56,56.0,14,technician,105.724,37.133,94.835,0.983,ICU-zone,0.483,none,False,0.2611,False,none,0.65,63.959,13.203,77.162,False,0.22475,0.66667,0.35,0.65,0.51,0.48,0.18,False,0.075,False,0.055,False,0.52,8.0,Data obfuscation: coarsened location; privacy exposure -0.14; Encryption: encrypted payloads; latency +8 ms; energy +0.045 mJ
EXP_20260513_180105_90f400,1,56,56.0,15,physician,97.435,37.855,92.355,1.306,ICU-zone,0.125,high_fatigue,True,0.3297,False,none,0.65,70.491,12.264,82.755,False,0.22475,0.66667,0.35,0.65,0.51,0.48,0.18,False,0.075,False,0.055,False,0.52,8.0,Data obfuscation: coarsened location; privacy exposure -0.14; Encryption: encrypted payloads; latency +8 ms; energy +0.045 mJ
EXP_20260513_180105_90f400,1,56,56.0,16,physician,102.19,37.343,93.707,0.682,Radiology-zone,0.489,none,False,0.2268,False,none,0.65,51.47,14.602,66.071,False,0.22475,0.66667,0.35,0.65,0.51,0.48,0.18,False,0.075,False,0.055,False,0.52,8.0,Data obfuscation: coarsened location; privacy exposure -0.14; Encryption: encrypted payloads; latency +8 ms; energy +0.045 mJ
EXP_20260513_180105_90f400,1,56,56.0,17,porter,106.465,37.203,93.455,0.947,Surgery-zone,0.405,none,False,0.297,False,none,0.65,53.835,18.397,72.232,False,0.22475,0.66667,0.35,0.65,0.51,0.48,0.18,False,0.075,False,0.055,False,0.52,8.0,Data obfuscation: coarsened location; privacy exposure -0.14; Encryption: encrypted payloads; latency +8 ms; energy +0.045 mJ
EXP_20260513_180105_90f400,1,56,56.0,18,physician,117.191,37.361,93.745,0.752,Radiology-zone,0.428,none,False,0.2765,False,none,0.65,57.178,14.552,71.729,False,0.22475,0.66667,0.35,0.65,0.51,0.48,0.18,False,0.075,False,0.055,False,0.52,8.0,Data obfuscation: coarsened location; privacy exposure -0.14; Encryption: encrypted payloads; latency +8 ms; energy +0.045 mJ
EXP_20260513_180105_90f400,1,56,56.0,19,nurse,107.3,37.673,93.994,0.907,Surgery-zone,0.511,none,False,0.3361,False,none,0.65,42.633,15.041,57.674,False,0.22475,0.66667,0.35,0.65,0.51,0.48,0.18,False,0.075,False,0.055,False,0.52,8.0,Data obfuscation: coarsened location; privacy exposure -0.14; Encryption: encrypted payloads; latency +8 ms; energy +0.045 mJ
EXP_20260513_180105_90f400,1,56,56.0,20,technician,108.36,37.288,93.197,1.404,Surgery-zone,0.308,none,False,0.3111,False,none,0.65,78.105,14.793,92.898,False,0.22475,0.66667,0.35,0.65,0.51,0.48,0.18,False,0.075,False,0.055,False,0.52,8.0,Data obfuscation: coarsened location; privacy exposure -0.14; Encryption: encrypted payloads; latency +8 ms; energy +0.045 mJ
EXP_20260513_180105_90f400,1,57,57.0,1,nurse,83.658,37.209,96.569,0.411,Pharmacy-zone,0.073,none,False,0.0722,False,none,0.65,71.475,13.263,84.738,False,0.22475,0.66667,0.35,0.65,0.51,0.48,0.18,False,0.075,False,0.055,False,0.52,8.0,Data obfuscation: coarsened location; privacy exposure -0.14; Encryption: encrypted payloads; latency +8 ms; energy +0.045 mJ
EXP_20260513_180105_90f400,1,57,57.0,2,porter,112.251,37.21,95.697,1.671,Pharmacy-zone,0.709,none,False,0.2355,False,none,0.65,54.73,16.182,70.912,False,0.22475,0.66667,0.35,0.65,0.51,0.48,0.18,False,0.075,False,0.055,False,0.52,8.0,Data obfuscation: coarsened location; privacy exposure -0.14; Encryption: encrypted payloads; latency +8 ms; energy +0.045 mJ
EXP_20260513_180105_90f400,1,57,57.0,3,technician,104.837,37.53,93.859,1.516,Ward-A-zone,0.7,none,False,0.2705,False,none,0.65,61.019,14.531,75.55,False,0.22475,0.66667,0.35,0.65,0.51,0.48,0.18,False,0.075,False,0.055,False,0.52,8.0,Data obfuscation: coarsened location; privacy exposure -0.14; Encryption: encrypted payloads; latency +8 ms; energy +0.045 mJ
EXP_20260513_180105_90f400,1,57,57.0,4,porter,114.221,37.311,94.601,1.246,Surgery-zone,0.378,none,False,0.3054,False,none,0.65,54.315,18.51,72.825,False,0.22475,0.66667,0.35,0.65,0.51,0.48,0.18,False,0.075,False,0.055,False,0.52,8.0,Data obfuscation: coarsened location; privacy exposure -0.14; Encryption: encrypted payloads; latency +8 ms; energy +0.045 mJ
EXP_20260513_180105_90f400,1,57,57.0,5,technician,109.258,37.891,94.536,1.67,Ward-B-zone,0.509,none,False,0.2989,False,none,0.65,64.43,14.032,78.462,False,0.22475,0.66667,0.35,0.65,0.51,0.48,0.18,False,0.075,True,0.055,False,0.52,8.0,Data obfuscation: coarsened location; privacy exposure -0.14; Encryption: encrypted payloads; latency +8 ms; energy +0.045 mJ
EXP_20260513_180105_90f400,1,57,57.0,6,porter,111.335,37.26,93.846,1.052,Emergency-zone,0.611,none,False,0.324,False,none,0.65,38.273,14.591,52.863,False,0.22475,0.66667,0.35,0.65,0.51,0.48,0.18,False,0.075,False,0.055,False,0.52,8.0,Data obfuscation: coarsened location; privacy exposure -0.14; Encryption: encrypted payloads; latency +8 ms; energy +0.045 mJ
EXP_20260513_180105_90f400,1,57,57.0,7,porter,119.187,37.301,94.776,1.331,Radiology-zone,0.783,none,False,0.2779,False,none,0.65,58.362,14.605,72.967,False,0.22475,0.66667,0.35,0.65,0.51,0.48,0.18,False,0.075,False,0.055,False,0.52,8.0,Data obfuscation: coarsened location; privacy exposure -0.14; Encryption: encrypted payloads; latency +8 ms; energy +0.045 mJ
EXP_20260513_180105_90f400,1,57,57.0,8,porter,110.787,37.281,95.572,1.766,Emergency-zone,0.691,none,False,0.3114,False,none,0.65,42.334,13.158,55.493,False,0.22475,0.66667,0.35,0.65,0.51,0.48,0.18,False,0.075,False,0.055,False,0.52,8.0,Data obfuscation: coarsened location; privacy exposure -0.14; Encryption: encrypted payloads; latency +8 ms; energy +0.045 mJ
EXP_20260513_180105_90f400,1,57,57.0,9,technician,95.485,37.243,96.288,0.651,Ward-A-zone,0.13,none,False,0.1162,False,none,0.65,52.914,12.194,65.108,False,0.22475,0.66667,0.35,0.65,0.51,0.48,0.18,False,0.075,False,0.055,False,0.52,8.0,Data obfuscation: coarsened location; privacy exposure -0.14; Encryption: encrypted payloads; latency +8 ms; energy +0.045 mJ
EXP_20260513_180105_90f400,1,57,57.0,10,nurse,112.496,37.553,95.343,1.618,Pharmacy-zone,0.642,none,False,0.2673,False,none,0.65,55.947,13.84,69.788,False,0.22475,0.66667,0.35,0.65,0.51,0.48,0.18,False,0.075,False,0.055,False,0.52,8.0,Data obfuscation: coarsened location; privacy exposure -0.14; Encryption: encrypted payloads; latency +8 ms; energy +0.045 mJ
EXP_20260513_180105_90f400,1,57,57.0,11,cleaning_staff,104.972,37.103,93.464,0.994,Emergency-zone,0.419,none,False,0.2836,False,none,0.65,68.589,15.532,84.121,False,0.22475,0.66667,0.35,0.65,0.51,0.48,0.18,False,0.075,False,0.055,False,0.52,8.0,Data obfuscation: coarsened location; privacy exposure -0.14; Encryption: encrypted payloads; latency +8 ms; energy +0.045 mJ
EXP_20260513_180105_90f400,1,57,57.0,12,technician,105.839,37.442,95.39,1.179,Radiology-zone,0.493,none,False,0.2093,False,none,0.65,42.501,14.773,57.274,False,0.22475,0.66667,0.35,0.65,0.51,0.48,0.18,False,0.075,False,0.055,False,0.52,8.0,Data obfuscation: coarsened location; privacy exposure -0.14; Encryption: encrypted payloads; latency +8 ms; energy +0.045 mJ
EXP_20260513_180105_90f400,1,57,57.0,13,physician,104.56,37.074,95.144,0.898,ICU-zone,0.419,none,False,0.2402,False,none,0.65,53.76,14.049,67.809,False,0.22475,0.66667,0.35,0.65,0.51,0.48,0.18,False,0.075,False,0.055,False,0.52,8.0,Data obfuscation: coarsened location; privacy exposure -0.14; Encryption: encrypted payloads; latency +8 ms; energy +0.045 mJ
EXP_20260513_180105_90f400,1,57,57.0,14,technician,102.285,37.13,94.925,1.383,Radiology-zone,0.344,none,False,0.1699,False,none,0.65,59.257,17.264,76.521,False,0.22475,0.66667,0.35,0.65,0.51,0.48,0.18,False,0.075,False,0.055,False,0.52,8.0,Data obfuscation: coarsened location; privacy exposure -0.14; Encryption: encrypted payloads; latency +8 ms; energy +0.045 mJ
EXP_20260513_180105_90f400,1,57,57.0,15,physician,102.261,37.49,93.568,1.33,ICU-zone,0.516,none,False,0.3124,False,none,0.65,66.998,13.846,80.844,False,0.22475,0.66667,0.35,0.65,0.51,0.48,0.18,False,0.075,False,0.055,False,0.52,8.0,Data obfuscation: coarsened location; privacy exposure -0.14; Encryption: encrypted payloads; latency +8 ms; energy +0.045 mJ
EXP_20260513_180105_90f400,1,57,57.0,16,physician,104.496,37.426,93.423,1.887,Radiology-zone,0.586,none,False,0.2856,False,none,0.65,39.401,16.227,55.627,False,0.22475,0.66667,0.35,0.65,0.51,0.48,0.18,False,0.075,False,0.055,False,0.52,8.0,Data obfuscation: coarsened location; privacy exposure -0.14; Encryption: encrypted payloads; latency +8 ms; energy +0.045 mJ
EXP_20260513_180105_90f400,1,57,57.0,17,porter,113.354,37.289,93.489,1.646,Surgery-zone,0.691,none,False,0.3626,False,none,0.65,73.746,16.261,90.006,False,0.22475,0.66667,0.35,0.65,0.51,0.48,0.18,False,0.075,False,0.055,False,0.52,8.0,Data obfuscation: coarsened location; privacy exposure -0.14; Encryption: encrypted payloads; latency +8 ms; energy +0.045 mJ
EXP_20260513_180105_90f400,1,57,57.0,18,physician,115.477,37.291,93.692,1.148,Radiology-zone,0.32,none,False,0.2583,False,none,0.65,59.397,14.24,73.637,False,0.22475,0.66667,0.35,0.65,0.51,0.48,0.18,False,0.075,False,0.055,False,0.52,8.0,Data obfuscation: coarsened location; privacy exposure -0.14; Encryption: encrypted payloads; latency +8 ms; energy +0.045 mJ
EXP_20260513_180105_90f400,1,57,57.0,19,nurse,108.071,37.656,93.73,0.874,Ward-B-zone,0.561,none,False,0.2796,False,none,0.65,57.966,14.267,72.233,False,0.22475,0.66667,0.35,0.65,0.51,0.48,0.18,False,0.075,False,0.055,False,0.52,8.0,Data obfuscation: coarsened location; privacy exposure -0.14; Encryption: encrypted payloads; latency +8 ms; energy +0.045 mJ
EXP_20260513_180105_90f400,1,57,57.0,20,technician,110.289,37.264,93.02,0.944,Surgery-zone,0.349,none,False,0.3225,False,none,0.65,44.204,17.225,61.429,False,0.22475,0.66667,0.35,0.65,0.51,0.48,0.18,False,0.075,False,0.055,False,0.52,8.0,Data obfuscation: coarsened location; privacy exposure -0.14; Encryption: encrypted payloads; latency +8 ms; energy +0.045 mJ
EXP_20260513_180105_90f400,1,58,58.0,1,nurse,82.209,37.27,96.559,0.194,Emergency-zone,0.05,none,False,0.1433,False,none,0.65,46.731,15.949,62.679,False,0.22475,0.66667,0.35,0.65,0.51,0.48,0.18,False,0.075,False,0.055,False,0.52,8.0,Data obfuscation: coarsened location; privacy exposure -0.14; Encryption: encrypted payloads; latency +8 ms; energy +0.045 mJ
EXP_20260513_180105_90f400,1,58,58.0,2,porter,113.221,37.243,95.469,1.569,Pharmacy-zone,0.717,none,False,0.2415,False,none,0.65,63.987,14.56,78.547,False,0.22475,0.66667,0.35,0.65,0.51,0.48,0.18,False,0.075,False,0.055,False,0.52,8.0,Data obfuscation: coarsened location; privacy exposure -0.14; Encryption: encrypted payloads; latency +8 ms; energy +0.045 mJ
EXP_20260513_180105_90f400,1,58,58.0,3,technician,110.92,37.545,93.67,1.759,Ward-A-zone,0.882,none,False,0.3251,False,none,0.65,50.366,13.748,64.114,False,0.22475,0.66667,0.35,0.65,0.51,0.48,0.18,False,0.075,False,0.055,False,0.52,8.0,Data obfuscation: coarsened location; privacy exposure -0.14; Encryption: encrypted payloads; latency +8 ms; energy +0.045 mJ
EXP_20260513_180105_90f400,1,58,58.0,4,porter,117.25,37.408,94.297,0.521,Surgery-zone,0.497,none,False,0.3399,False,none,0.65,55.345,16.499,71.843,False,0.22475,0.66667,0.35,0.65,0.51,0.48,0.18,False,0.075,False,0.055,False,0.52,8.0,Data obfuscation: coarsened location; privacy exposure -0.14; Encryption: encrypted payloads; latency +8 ms; energy +0.045 mJ
EXP_20260513_180105_90f400,1,58,58.0,5,technician,107.011,37.818,94.807,0.658,Emergency-zone,0.413,none,False,0.3222,False,none,0.65,66.256,13.885,80.141,False,0.22475,0.66667,0.35,0.65,0.51,0.48,0.18,False,0.075,False,0.055,False,0.52,8.0,Data obfuscation: coarsened location; privacy exposure -0.14; Encryption: encrypted payloads; latency +8 ms; energy +0.045 mJ
EXP_20260513_180105_90f400,1,58,58.0,6,porter,108.326,37.22,94.005,1.12,Emergency-zone,0.511,none,False,0.0,False,no_assessment_packet_loss,0.65,52.235,0.0,52.235,True,0.22475,0.66667,0.35,0.65,0.51,0.48,0.18,False,0.075,False,0.055,False,0.52,8.0,Data obfuscation: coarsened location; privacy exposure -0.14; Encryption: encrypted payloads; latency +8 ms; energy +0.045 mJ
EXP_20260513_180105_90f400,1,58,58.0,7,porter,117.038,37.319,94.905,1.705,Radiology-zone,0.681,none,False,0.2809,False,none,0.65,46.81,12.376,59.187,False,0.22475,0.66667,0.35,0.65,0.51,0.48,0.18,False,0.075,False,0.055,False,0.52,8.0,Data obfuscation: coarsened location; privacy exposure -0.14; Encryption: encrypted payloads; latency +8 ms; energy +0.045 mJ
EXP_20260513_180105_90f400,1,58,58.0,8,porter,112.967,37.316,95.576,2.512,Emergency-zone,0.781,none,False,0.3742,False,none,0.65,53.791,12.608,66.399,False,0.22475,0.66667,0.35,0.65,0.51,0.48,0.18,False,0.075,False,0.055,False,0.52,8.0,Data obfuscation: coarsened location; privacy exposure -0.14; Encryption: encrypted payloads; latency +8 ms; energy +0.045 mJ
EXP_20260513_180105_90f400,1,58,58.0,9,technician,105.275,37.373,96.279,1.74,Ward-A-zone,0.532,none,False,0.2105,False,none,0.65,71.843,16.843,88.686,False,0.22475,0.66667,0.35,0.65,0.51,0.48,0.18,False,0.075,False,0.055,False,0.52,8.0,Data obfuscation: coarsened location; privacy exposure -0.14; Encryption: encrypted payloads; latency +8 ms; energy +0.045 mJ
EXP_20260513_180105_90f400,1,58,58.0,10,nurse,114.042,37.619,95.333,1.469,Pharmacy-zone,0.714,none,False,0.2744,False,none,0.65,44.062,16.519,60.58,False,0.22475,0.66667,0.35,0.65,0.51,0.48,0.18,False,0.075,False,0.055,False,0.52,8.0,Data obfuscation: coarsened location; privacy exposure -0.14; Encryption: encrypted payloads; latency +8 ms; energy +0.045 mJ
EXP_20260513_180105_90f400,1,58,58.0,11,cleaning_staff,104.292,37.079,93.642,0.751,Emergency-zone,0.376,none,False,0.272,False,none,0.65,50.301,16.433,66.734,False,0.22475,0.66667,0.35,0.65,0.51,0.48,0.18,False,0.075,False,0.055,False,0.52,8.0,Data obfuscation: coarsened location; privacy exposure -0.14; Encryption: encrypted payloads; latency +8 ms; energy +0.045 mJ
EXP_20260513_180105_90f400,1,58,58.0,12,technician,108.827,37.461,95.166,0.904,Radiology-zone,0.613,none,False,0.2349,False,none,0.65,63.819,15.331,79.15,False,0.22475,0.66667,0.35,0.65,0.51,0.48,0.18,False,0.075,False,0.055,False,0.52,8.0,Data obfuscation: coarsened location; privacy exposure -0.14; Encryption: encrypted payloads; latency +8 ms; energy +0.045 mJ
EXP_20260513_180105_90f400,1,58,58.0,13,physician,106.642,37.131,95.383,1.221,ICU-zone,0.515,none,False,0.2534,False,none,0.65,56.578,13.112,69.69,False,0.22475,0.66667,0.35,0.65,0.51,0.48,0.18,False,0.075,False,0.055,False,0.52,8.0,Data obfuscation: coarsened location; privacy exposure -0.14; Encryption: encrypted payloads; latency +8 ms; energy +0.045 mJ
EXP_20260513_180105_90f400,1,58,58.0,14,technician,108.203,37.215,94.931,1.766,Radiology-zone,0.538,none,False,0.234,False,none,0.65,53.45,17.013,70.463,False,0.22475,0.66667,0.35,0.65,0.51,0.48,0.18,False,0.075,False,0.055,False,0.52,8.0,Data obfuscation: coarsened location; privacy exposure -0.14; Encryption: encrypted payloads; latency +8 ms; energy +0.045 mJ
EXP_20260513_180105_90f400,1,58,58.0,15,physician,100.919,37.481,93.587,1.646,ICU-zone,0.469,none,False,0.3184,False,none,0.65,50.159,13.128,63.288,False,0.22475,0.66667,0.35,0.65,0.51,0.48,0.18,False,0.075,False,0.055,False,0.52,8.0,Data obfuscation: coarsened location; privacy exposure -0.14; Encryption: encrypted payloads; latency +8 ms; energy +0.045 mJ
EXP_20260513_180105_90f400,1,58,58.0,16,physician,98.599,37.367,93.804,0.955,Radiology-zone,0.346,none,False,0.2043,False,none,0.65,51.079,15.903,66.981,False,0.22475,0.66667,0.35,0.65,0.51,0.48,0.18,False,0.075,False,0.055,False,0.52,8.0,Data obfuscation: coarsened location; privacy exposure -0.14; Encryption: encrypted payloads; latency +8 ms; energy +0.045 mJ
EXP_20260513_180105_90f400,1,58,58.0,17,porter,115.594,37.314,93.374,1.433,Surgery-zone,0.746,none,False,0.366,False,none,0.65,61.557,16.265,77.822,False,0.22475,0.66667,0.35,0.65,0.51,0.48,0.18,False,0.075,True,0.055,False,0.52,8.0,Data obfuscation: coarsened location; privacy exposure -0.14; Encryption: encrypted payloads; latency +8 ms; energy +0.045 mJ
EXP_20260513_180105_90f400,1,58,58.0,18,physician,136.126,37.461,91.967,3.076,Radiology-zone,0.762,fall,True,0.5202,False,none,0.65,47.381,17.137,64.518,False,0.22475,0.66667,0.35,0.65,0.51,0.48,0.18,False,0.075,False,0.055,False,0.52,8.0,Data obfuscation: coarsened location; privacy exposure -0.14; Encryption: encrypted payloads; latency +8 ms; energy +0.045 mJ
EXP_20260513_180105_90f400,1,58,58.0,19,nurse,107.097,37.661,93.993,0.86,Surgery-zone,0.531,none,False,0.3357,False,none,0.65,48.774,16.314,65.088,False,0.22475,0.66667,0.35,0.65,0.51,0.48,0.18,False,0.075,False,0.055,False,0.52,8.0,Data obfuscation: coarsened location; privacy exposure -0.14; Encryption: encrypted payloads; latency +8 ms; energy +0.045 mJ
EXP_20260513_180105_90f400,1,58,58.0,20,technician,109.527,37.302,93.224,1.056,Surgery-zone,0.339,none,False,0.0,False,no_assessment_packet_loss,0.65,52.12,0.0,52.12,True,0.22475,0.66667,0.35,0.65,0.51,0.48,0.18,False,0.075,False,0.055,False,0.52,8.0,Data obfuscation: coarsened location; privacy exposure -0.14; Encryption: encrypted payloads; latency +8 ms; energy +0.045 mJ
EXP_20260513_180105_90f400,1,59,59.0,1,nurse,103.266,38.815,96.39,0.557,Pharmacy-zone,0.177,heat_stress,True,0.2863,False,none,0.65,49.678,13.649,63.327,False,0.22475,0.66667,0.35,0.65,0.51,0.48,0.18,False,0.075,False,0.055,False,0.52,8.0,Data obfuscation: coarsened location; privacy exposure -0.14; Encryption: encrypted payloads; latency +8 ms; energy +0.045 mJ
EXP_20260513_180105_90f400,1,59,59.0,2,porter,113.802,37.241,95.438,1.685,Pharmacy-zone,0.74,none,False,0.2528,False,none,0.65,62.076,11.315,73.392,False,0.22475,0.66667,0.35,0.65,0.51,0.48,0.18,False,0.075,False,0.055,False,0.52,8.0,Data obfuscation: coarsened location; privacy exposure -0.14; Encryption: encrypted payloads; latency +8 ms; energy +0.045 mJ
EXP_20260513_180105_90f400,1,59,59.0,3,technician,105.038,37.519,93.655,1.147,Ward-A-zone,0.663,none,False,0.2654,False,none,0.65,42.878,14.405,57.283,False,0.22475,0.66667,0.35,0.65,0.51,0.48,0.18,False,0.075,False,0.055,False,0.52,8.0,Data obfuscation: coarsened location; privacy exposure -0.14; Encryption: encrypted payloads; latency +8 ms; energy +0.045 mJ
EXP_20260513_180105_90f400,1,59,59.0,4,porter,119.337,37.429,94.021,1.845,Laboratory-zone,0.555,none,False,0.3197,False,none,0.65,69.727,14.993,84.719,False,0.22475,0.66667,0.35,0.65,0.51,0.48,0.18,False,0.075,True,0.055,False,0.52,8.0,Data obfuscation: coarsened location; privacy exposure -0.14; Encryption: encrypted payloads; latency +8 ms; energy +0.045 mJ
EXP_20260513_180105_90f400,1,59,59.0,5,technician,108.198,37.817,94.503,0.948,Emergency-zone,0.479,none,False,0.3379,False,none,0.65,47.991,11.565,59.556,False,0.22475,0.66667,0.35,0.65,0.51,0.48,0.18,False,0.075,False,0.055,False,0.52,8.0,Data obfuscation: coarsened location; privacy exposure -0.14; Encryption: encrypted payloads; latency +8 ms; energy +0.045 mJ
EXP_20260513_180105_90f400,1,59,59.0,6,porter,115.866,37.323,93.499,1.767,Emergency-zone,0.793,none,False,0.3887,False,none,0.65,64.394,12.857,77.25,False,0.22475,0.66667,0.35,0.65,0.51,0.48,0.18,False,0.075,False,0.055,False,0.52,8.0,Data obfuscation: coarsened location; privacy exposure -0.14; Encryption: encrypted payloads; latency +8 ms; energy +0.045 mJ
EXP_20260513_180105_90f400,1,59,59.0,7,porter,115.717,37.269,94.915,1.4,Surgery-zone,0.64,none,False,0.3172,False,none,0.65,57.818,19.139,76.957,False,0.22475,0.66667,0.35,0.65,0.51,0.48,0.18,False,0.075,False,0.055,False,0.52,8.0,Data obfuscation: coarsened location; privacy exposure -0.14; Encryption: encrypted payloads; latency +8 ms; energy +0.045 mJ
EXP_20260513_180105_90f400,1,59,59.0,8,porter,112.372,37.31,95.495,1.578,Emergency-zone,0.742,none,False,0.3132,False,none,0.65,62.109,17.837,79.945,False,0.22475,0.66667,0.35,0.65,0.51,0.48,0.18,False,0.075,False,0.055,False,0.52,8.0,Data obfuscation: coarsened location; privacy exposure -0.14; Encryption: encrypted payloads; latency +8 ms; energy +0.045 mJ
EXP_20260513_180105_90f400,1,59,59.0,9,technician,96.892,37.229,96.158,0.622,Ward-A-zone,0.23,none,False,0.1267,False,none,0.65,55.951,13.025,68.976,False,0.22475,0.66667,0.35,0.65,0.51,0.48,0.18,False,0.075,False,0.055,False,0.52,8.0,Data obfuscation: coarsened location; privacy exposure -0.14; Encryption: encrypted payloads; latency +8 ms; energy +0.045 mJ
EXP_20260513_180105_90f400,1,59,59.0,10,nurse,115.549,37.637,95.561,1.65,Pharmacy-zone,0.737,none,False,0.2887,False,none,0.65,62.413,9.792,72.204,False,0.22475,0.66667,0.35,0.65,0.51,0.48,0.18,False,0.075,False,0.055,False,0.52,8.0,Data obfuscation: coarsened location; privacy exposure -0.14; Encryption: encrypted payloads; latency +8 ms; energy +0.045 mJ
EXP_20260513_180105_90f400,1,59,59.0,11,cleaning_staff,105.423,37.079,93.527,1.11,Laboratory-zone,0.417,none,False,0.2143,False,none,0.65,53.684,13.462,67.146,False,0.22475,0.66667,0.35,0.65,0.51,0.48,0.18,False,0.075,False,0.055,False,0.52,8.0,Data obfuscation: coarsened location; privacy exposure -0.14; Encryption: encrypted payloads; latency +8 ms; energy +0.045 mJ
EXP_20260513_180105_90f400,1,59,59.0,12,technician,107.739,37.477,95.445,1.543,Radiology-zone,0.582,none,False,0.2326,False,none,0.65,48.143,13.375,61.518,False,0.22475,0.66667,0.35,0.65,0.51,0.48,0.18,False,0.075,False,0.055,False,0.52,8.0,Data obfuscation: coarsened location; privacy exposure -0.14; Encryption: encrypted payloads; latency +8 ms; energy +0.045 mJ
EXP_20260513_180105_90f400,1,59,59.0,13,physician,106.256,37.13,94.987,1.36,ICU-zone,0.514,none,False,0.2612,False,none,0.65,57.873,15.958,73.832,False,0.22475,0.66667,0.35,0.65,0.51,0.48,0.18,False,0.075,False,0.055,False,0.52,8.0,Data obfuscation: coarsened location; privacy exposure -0.14; Encryption: encrypted payloads; latency +8 ms; energy +0.045 mJ
EXP_20260513_180105_90f400,1,59,59.0,14,technician,106.833,37.197,94.984,1.133,Radiology-zone,0.51,none,False,0.2018,False,none,0.65,58.391,10.241,68.632,False,0.22475,0.66667,0.35,0.65,0.51,0.48,0.18,False,0.075,False,0.055,False,0.52,8.0,Data obfuscation: coarsened location; privacy exposure -0.14; Encryption: encrypted payloads; latency +8 ms; energy +0.045 mJ
EXP_20260513_180105_90f400,1,59,59.0,15,physician,100.865,37.546,93.821,1.334,ICU-zone,0.463,none,False,0.3029,False,none,0.65,59.8,14.715,74.516,False,0.22475,0.66667,0.35,0.65,0.51,0.48,0.18,False,0.075,False,0.055,False,0.52,8.0,Data obfuscation: coarsened location; privacy exposure -0.14; Encryption: encrypted payloads; latency +8 ms; energy +0.045 mJ
EXP_20260513_180105_90f400,1,59,59.0,16,physician,100.358,37.328,93.662,1.319,Pharmacy-zone,0.449,none,False,0.2173,False,none,0.65,50.051,14.179,64.23,False,0.22475,0.66667,0.35,0.65,0.51,0.48,0.18,False,0.075,False,0.055,False,0.52,8.0,Data obfuscation: coarsened location; privacy exposure -0.14; Encryption: encrypted payloads; latency +8 ms; energy +0.045 mJ
EXP_20260513_180105_90f400,1,59,59.0,17,porter,111.677,37.231,93.466,1.707,Surgery-zone,0.613,none,False,0.3506,False,none,0.65,57.922,16.919,74.841,False,0.22475,0.66667,0.35,0.65,0.51,0.48,0.18,False,0.075,False,0.055,False,0.52,8.0,Data obfuscation: coarsened location; privacy exposure -0.14; Encryption: encrypted payloads; latency +8 ms; energy +0.045 mJ
EXP_20260513_180105_90f400,1,59,59.0,18,physician,122.376,37.429,93.619,1.268,Radiology-zone,0.578,none,False,0.314,False,none,0.65,59.81,12.826,72.636,False,0.22475,0.66667,0.35,0.65,0.51,0.48,0.18,False,0.075,False,0.055,False,0.52,8.0,Data obfuscation: coarsened location; privacy exposure -0.14; Encryption: encrypted payloads; latency +8 ms; energy +0.045 mJ
EXP_20260513_180105_90f400,1,59,59.0,19,nurse,101.105,37.504,93.977,0.863,Surgery-zone,0.294,none,False,0.285,False,none,0.65,55.714,15.791,71.505,False,0.22475,0.66667,0.35,0.65,0.51,0.48,0.18,False,0.075,False,0.055,False,0.52,8.0,Data obfuscation: coarsened location; privacy exposure -0.14; Encryption: encrypted payloads; latency +8 ms; energy +0.045 mJ
EXP_20260513_180105_90f400,1,59,59.0,20,technician,111.695,37.287,93.479,1.329,Surgery-zone,0.422,none,False,0.3236,False,none,0.65,65.383,19.253,84.636,False,0.22475,0.66667,0.35,0.65,0.51,0.48,0.18,False,0.075,False,0.055,False,0.52,8.0,Data obfuscation: coarsened location; privacy exposure -0.14; Encryption: encrypted payloads; latency +8 ms; energy +0.045 mJ
